<?xml version="1.0" encoding="UTF-8"?>
<kml xmlns="http://www.opengis.net/kml/2.2">
  <Document>
    <name>RIS26 - SD Monte Baranta</name>
    <description/>
    <Style id="icon-1899-DB4436-normal">
      <IconStyle>
        <color>ff3644db</color>
        <scale>1</scale>
        <Icon>
          <href>https://www.gstatic.com/mapspro/images/stock/503-wht-blank_maps.png</href>
        </Icon>
        <hotSpot x="32" xunits="pixels" y="64" yunits="insetPixels"/>
      </IconStyle>
      <LabelStyle>
        <scale>0</scale>
      </LabelStyle>
    </Style>
    <Style id="icon-1899-DB4436-highlight">
      <IconStyle>
        <color>ff3644db</color>
        <scale>1</scale>
        <Icon>
          <href>https://www.gstatic.com/mapspro/images/stock/503-wht-blank_maps.png</href>
        </Icon>
        <hotSpot x="32" xunits="pixels" y="64" yunits="insetPixels"/>
      </IconStyle>
      <LabelStyle>
        <scale>1</scale>
      </LabelStyle>
    </Style>
    <StyleMap id="icon-1899-DB4436">
      <Pair>
        <key>normal</key>
        <styleUrl>#icon-1899-DB4436-normal</styleUrl>
      </Pair>
      <Pair>
        <key>highlight</key>
        <styleUrl>#icon-1899-DB4436-highlight</styleUrl>
      </Pair>
    </StyleMap>
    <Style id="icon-1899-DB4436-nodesc-normal">
      <IconStyle>
        <color>ff3644db</color>
        <scale>1</scale>
        <Icon>
          <href>https://www.gstatic.com/mapspro/images/stock/503-wht-blank_maps.png</href>
        </Icon>
        <hotSpot x="32" xunits="pixels" y="64" yunits="insetPixels"/>
      </IconStyle>
      <LabelStyle>
        <scale>0</scale>
      </LabelStyle>
      <BalloonStyle>
        <text><![CDATA[<h3>$[name]</h3>]]></text>
      </BalloonStyle>
    </Style>
    <Style id="icon-1899-DB4436-nodesc-highlight">
      <IconStyle>
        <color>ff3644db</color>
        <scale>1</scale>
        <Icon>
          <href>https://www.gstatic.com/mapspro/images/stock/503-wht-blank_maps.png</href>
        </Icon>
        <hotSpot x="32" xunits="pixels" y="64" yunits="insetPixels"/>
      </IconStyle>
      <LabelStyle>
        <scale>1</scale>
      </LabelStyle>
      <BalloonStyle>
        <text><![CDATA[<h3>$[name]</h3>]]></text>
      </BalloonStyle>
    </Style>
    <StyleMap id="icon-1899-DB4436-nodesc">
      <Pair>
        <key>normal</key>
        <styleUrl>#icon-1899-DB4436-nodesc-normal</styleUrl>
      </Pair>
      <Pair>
        <key>highlight</key>
        <styleUrl>#icon-1899-DB4436-nodesc-highlight</styleUrl>
      </Pair>
    </StyleMap>
    <Style id="line-ACA83A-8000-nodesc-normal">
      <LineStyle>
        <color>ff3aa8ac</color>
        <width>8</width>
      </LineStyle>
      <BalloonStyle>
        <text><![CDATA[<h3>$[name]</h3>]]></text>
      </BalloonStyle>
    </Style>
    <Style id="line-ACA83A-8000-nodesc-highlight">
      <LineStyle>
        <color>ff3aa8ac</color>
        <width>12</width>
      </LineStyle>
      <BalloonStyle>
        <text><![CDATA[<h3>$[name]</h3>]]></text>
      </BalloonStyle>
    </Style>
    <StyleMap id="line-ACA83A-8000-nodesc">
      <Pair>
        <key>normal</key>
        <styleUrl>#line-ACA83A-8000-nodesc-normal</styleUrl>
      </Pair>
      <Pair>
        <key>highlight</key>
        <styleUrl>#line-ACA83A-8000-nodesc-highlight</styleUrl>
      </Pair>
    </StyleMap>
    <Style id="line-FF0000-5000-normal">
      <LineStyle>
        <color>ff0000ff</color>
        <width>5</width>
      </LineStyle>
    </Style>
    <Style id="line-FF0000-5000-highlight">
      <LineStyle>
        <color>ff0000ff</color>
        <width>7.5</width>
      </LineStyle>
    </Style>
    <StyleMap id="line-FF0000-5000">
      <Pair>
        <key>normal</key>
        <styleUrl>#line-FF0000-5000-normal</styleUrl>
      </Pair>
      <Pair>
        <key>highlight</key>
        <styleUrl>#line-FF0000-5000-highlight</styleUrl>
      </Pair>
    </StyleMap>
    <Style id="poly-000066-1000-191-nodesc-normal">
      <LineStyle>
        <color>ff660000</color>
        <width>1</width>
      </LineStyle>
      <PolyStyle>
        <color>bf660000</color>
        <fill>1</fill>
        <outline>1</outline>
      </PolyStyle>
      <BalloonStyle>
        <text><![CDATA[<h3>$[name]</h3>]]></text>
      </BalloonStyle>
    </Style>
    <Style id="poly-000066-1000-191-nodesc-highlight">
      <LineStyle>
        <color>ff660000</color>
        <width>1.5</width>
      </LineStyle>
      <PolyStyle>
        <color>bf660000</color>
        <fill>1</fill>
        <outline>1</outline>
      </PolyStyle>
      <BalloonStyle>
        <text><![CDATA[<h3>$[name]</h3>]]></text>
      </BalloonStyle>
    </Style>
    <StyleMap id="poly-000066-1000-191-nodesc">
      <Pair>
        <key>normal</key>
        <styleUrl>#poly-000066-1000-191-nodesc-normal</styleUrl>
      </Pair>
      <Pair>
        <key>highlight</key>
        <styleUrl>#poly-000066-1000-191-nodesc-highlight</styleUrl>
      </Pair>
    </StyleMap>
    <Style id="poly-0000FF-1-128-nodesc-normal">
      <LineStyle>
        <color>ffff0000</color>
        <width>0.001</width>
      </LineStyle>
      <PolyStyle>
        <color>80ff0000</color>
        <fill>1</fill>
        <outline>1</outline>
      </PolyStyle>
      <BalloonStyle>
        <text><![CDATA[<h3>$[name]</h3>]]></text>
      </BalloonStyle>
    </Style>
    <Style id="poly-0000FF-1-128-nodesc-highlight">
      <LineStyle>
        <color>ffff0000</color>
        <width>0.0015</width>
      </LineStyle>
      <PolyStyle>
        <color>80ff0000</color>
        <fill>1</fill>
        <outline>1</outline>
      </PolyStyle>
      <BalloonStyle>
        <text><![CDATA[<h3>$[name]</h3>]]></text>
      </BalloonStyle>
    </Style>
    <StyleMap id="poly-0000FF-1-128-nodesc">
      <Pair>
        <key>normal</key>
        <styleUrl>#poly-0000FF-1-128-nodesc-normal</styleUrl>
      </Pair>
      <Pair>
        <key>highlight</key>
        <styleUrl>#poly-0000FF-1-128-nodesc-highlight</styleUrl>
      </Pair>
    </StyleMap>
    <Style id="poly-F9F9F9-1200-255-nodesc-normal">
      <LineStyle>
        <color>fff9f9f9</color>
        <width>1.2</width>
      </LineStyle>
      <PolyStyle>
        <color>fff9f9f9</color>
        <fill>1</fill>
        <outline>1</outline>
      </PolyStyle>
      <BalloonStyle>
        <text><![CDATA[<h3>$[name]</h3>]]></text>
      </BalloonStyle>
    </Style>
    <Style id="poly-F9F9F9-1200-255-nodesc-highlight">
      <LineStyle>
        <color>fff9f9f9</color>
        <width>1.8</width>
      </LineStyle>
      <PolyStyle>
        <color>fff9f9f9</color>
        <fill>1</fill>
        <outline>1</outline>
      </PolyStyle>
      <BalloonStyle>
        <text><![CDATA[<h3>$[name]</h3>]]></text>
      </BalloonStyle>
    </Style>
    <StyleMap id="poly-F9F9F9-1200-255-nodesc">
      <Pair>
        <key>normal</key>
        <styleUrl>#poly-F9F9F9-1200-255-nodesc-normal</styleUrl>
      </Pair>
      <Pair>
        <key>highlight</key>
        <styleUrl>#poly-F9F9F9-1200-255-nodesc-highlight</styleUrl>
      </Pair>
    </StyleMap>
    <Style id="poly-FFDE23-1-128-nodesc-normal">
      <LineStyle>
        <color>ff23deff</color>
        <width>0.001</width>
      </LineStyle>
      <PolyStyle>
        <color>8023deff</color>
        <fill>1</fill>
        <outline>1</outline>
      </PolyStyle>
      <BalloonStyle>
        <text><![CDATA[<h3>$[name]</h3>]]></text>
      </BalloonStyle>
    </Style>
    <Style id="poly-FFDE23-1-128-nodesc-highlight">
      <LineStyle>
        <color>ff23deff</color>
        <width>0.0015</width>
      </LineStyle>
      <PolyStyle>
        <color>8023deff</color>
        <fill>1</fill>
        <outline>1</outline>
      </PolyStyle>
      <BalloonStyle>
        <text><![CDATA[<h3>$[name]</h3>]]></text>
      </BalloonStyle>
    </Style>
    <StyleMap id="poly-FFDE23-1-128-nodesc">
      <Pair>
        <key>normal</key>
        <styleUrl>#poly-FFDE23-1-128-nodesc-normal</styleUrl>
      </Pair>
      <Pair>
        <key>highlight</key>
        <styleUrl>#poly-FFDE23-1-128-nodesc-highlight</styleUrl>
      </Pair>
    </StyleMap>
    <Folder>
      <name>Access</name>
      <Placemark>
        <name>01</name>
        <styleUrl>#icon-1899-DB4436-nodesc</styleUrl>
        <Point>
          <coordinates>
            8.384496,40.661783,0
          </coordinates>
        </Point>
      </Placemark>
      <Placemark>
        <name>01</name>
        <styleUrl>#icon-1899-DB4436-nodesc</styleUrl>
        <Point>
          <coordinates>
            8.387404,40.664838,0
          </coordinates>
        </Point>
      </Placemark>
      <Placemark>
        <name>01 bifacciale</name>
        <styleUrl>#icon-1899-DB4436-nodesc</styleUrl>
        <Point>
          <coordinates>
            8.376444,40.651632,0
          </coordinates>
        </Point>
      </Placemark>
      <Placemark>
        <name>01 bifacciale</name>
        <styleUrl>#icon-1899-DB4436-nodesc</styleUrl>
        <Point>
          <coordinates>
            8.381054,40.662954,0
          </coordinates>
        </Point>
      </Placemark>
      <Placemark>
        <name>01 Access</name>
        <styleUrl>#line-ACA83A-8000-nodesc</styleUrl>
        <LineString>
          <tessellate>1</tessellate>
          <coordinates>
            8.376528,40.651781,54
            8.376506,40.651857,54
            8.37649,40.651951,54
            8.376502,40.652075,54
            8.376686,40.652616,53
            8.376827,40.653001,53
            8.376865,40.653142,53
            8.376996,40.653541,55
            8.377053,40.6537,55
            8.377239,40.654261,54
            8.377414,40.654794,54
            8.377629,40.655442,54
            8.378028,40.656597,53
            8.378536,40.658108,50
            8.378954,40.659356,55
            8.379306,40.660385,53
            8.379464,40.660878,55.6
            8.379613,40.661264,55.8
            8.379747,40.661521,55.7
            8.38007,40.661977,56.2
            8.380291,40.662256,57
            8.380549,40.662515,56.2
            8.380799,40.662751,56.1
            8.380858,40.662798,56.2
            8.380985,40.662859,56.2
            8.38106,40.662874,56.2
            8.381237,40.662875,56
            8.381397,40.662859,56
            8.381882,40.662781,56
            8.382717,40.662615,57
            8.382899,40.662582,57.5
            8.383041,40.662515,57.7
            8.383913,40.661918,57.9
            8.384222,40.661833,58.2
            8.38451,40.661834,59
            8.385242,40.662553,59.5
            8.387329,40.664762,59
            8.387613,40.664844,60.7
            8.387919,40.66482,61
            8.390421,40.66409,67
            8.39213,40.663482,79.3
            8.392826,40.663165,79.3
            8.393668,40.662555,85
            8.394996,40.662182,89
            8.396091,40.66113,96
            8.396266,40.66099,96
            8.396333,40.660946,96
          </coordinates>
        </LineString>
      </Placemark>
    </Folder>
    <Folder>
      <name>Areas</name>
      <Placemark>
        <name>01</name>
        <styleUrl>#icon-1899-DB4436-nodesc</styleUrl>
        <Point>
          <coordinates>
            8.397633,40.658683,0
          </coordinates>
        </Point>
      </Placemark>
      <Placemark>
        <name>01 - Spectator</name>
        <styleUrl>#poly-FFDE23-1-128-nodesc</styleUrl>
        <Polygon>
          <outerBoundaryIs>
            <LinearRing>
              <tessellate>1</tessellate>
              <coordinates>
                8.395904,40.659839,0
                8.395685,40.659801,0
                8.395662,40.659797,0
                8.39564,40.659792,0
                8.395618,40.659786,0
                8.395597,40.659779,0
                8.395576,40.659771,0
                8.395556,40.659763,0
                8.395536,40.659754,0
                8.395516,40.659744,0
                8.395498,40.659733,0
                8.39548,40.659722,0
                8.395463,40.65971,0
                8.395446,40.659698,0
                8.395431,40.659684,0
                8.395416,40.659671,0
                8.395402,40.659656,0
                8.39539,40.659642,0
                8.395378,40.659626,0
                8.395367,40.659611,0
                8.395357,40.659595,0
                8.395348,40.659578,0
                8.39534,40.659562,0
                8.395334,40.659545,0
                8.395328,40.659528,0
                8.395324,40.65951,0
                8.39532,40.659493,0
                8.395318,40.659475,0
                8.395317,40.659458,0
                8.395317,40.65944,0
                8.395318,40.659422,0
                8.395321,40.659405,0
                8.395324,40.659387,0
                8.395329,40.65937,0
                8.395334,40.659353,0
                8.395341,40.659336,0
                8.395349,40.659319,0
                8.395358,40.659303,0
                8.395368,40.659287,0
                8.395379,40.659271,0
                8.395391,40.659256,0
                8.395404,40.659241,0
                8.395418,40.659227,0
                8.395433,40.659214,0
                8.395448,40.659201,0
                8.395465,40.659188,0
                8.395482,40.659176,0
                8.3955,40.659165,0
                8.395519,40.659155,0
                8.395538,40.659145,0
                8.395558,40.659136,0
                8.395579,40.659128,0
                8.3956,40.65912,0
                8.395621,40.659113,0
                8.395643,40.659107,0
                8.395665,40.659102,0
                8.395688,40.659098,0
                8.395711,40.659095,0
                8.395734,40.659092,0
                8.395757,40.65909,0
                8.39578,40.65909,0
                8.395803,40.65909,0
                8.395826,40.659091,0
                8.39585,40.659092,0
                8.395872,40.659095,0
                8.395895,40.659099,0
                8.396089,40.659132,0
                8.396285,40.659149,0
                8.39629,40.65915,0
                8.3965,40.65917,0
                8.396507,40.65917,0
                8.396666,40.659187,0
                8.396774,40.659181,0
                8.396912,40.659152,0
                8.397106,40.659101,0
                8.39712,40.659098,0
                8.397347,40.659044,0
                8.397374,40.659038,0
                8.397402,40.659033,0
                8.39763,40.659002,0
                8.397644,40.659,0
                8.397863,40.658975,0
                8.397978,40.658958,0
                8.398023,40.658951,0
                8.398046,40.658948,0
                8.398093,40.658942,0
                8.398116,40.65894,0
                8.398139,40.658939,0
                8.398162,40.658939,0
                8.398185,40.658939,0
                8.398208,40.65894,0
                8.398231,40.658942,0
                8.398278,40.658948,0
                8.3983,40.658951,0
                8.398322,40.658954,0
                8.398344,40.658959,0
                8.398366,40.658964,0
                8.398387,40.65897,0
                8.398408,40.658977,0
                8.398429,40.658985,0
                8.39847,40.659002,0
                8.398491,40.65901,0
                8.39851,40.65902,0
                8.398512,40.65902,0
                8.398547,40.658993,0
                8.398557,40.658986,0
                8.398605,40.658951,0
                8.39862,40.658941,0
                8.398669,40.658908,0
                8.398687,40.658897,0
                8.398706,40.658887,0
                8.398744,40.658866,0
                8.398764,40.658856,0
                8.398784,40.658847,0
                8.398805,40.658838,0
                8.398847,40.658822,0
                8.39887,40.658814,0
                8.398913,40.6588,0
                8.398933,40.658793,0
                8.398953,40.658788,0
                8.398974,40.658783,0
                8.399019,40.658773,0
                8.399043,40.658768,0
                8.399067,40.658765,0
                8.399091,40.658762,0
                8.399116,40.65876,0
                8.39914,40.658759,0
                8.399164,40.658759,0
                8.399189,40.658761,0
                8.399213,40.658763,0
                8.399237,40.658766,0
                8.399283,40.658772,0
                8.399305,40.658776,0
                8.399327,40.65878,0
                8.399349,40.658786,0
                8.399371,40.658792,0
                8.399392,40.658799,0
                8.399412,40.658806,0
                8.399433,40.658815,0
                8.399452,40.658824,0
                8.399471,40.658834,0
                8.399489,40.658844,0
                8.399507,40.658856,0
                8.399524,40.658867,0
                8.39954,40.65888,0
                8.399555,40.658893,0
                8.399557,40.658895,0
                8.399572,40.658877,0
                8.399583,40.658862,0
                8.399596,40.658848,0
                8.39961,40.658835,0
                8.399624,40.658822,0
                8.399639,40.65881,0
                8.399655,40.658798,0
                8.399671,40.658787,0
                8.399688,40.658776,0
                8.399706,40.658766,0
                8.399745,40.658745,0
                8.399768,40.658733,0
                8.399793,40.658723,0
                8.399834,40.658706,0
                8.399842,40.658702,0
                8.399884,40.658686,0
                8.399926,40.65867,0
                8.399931,40.658668,0
                8.399973,40.658652,0
                8.399984,40.658648,0
                8.400026,40.658632,0
                8.400034,40.65863,0
                8.400249,40.658556,0
                8.400581,40.658441,0
                8.4006,40.658435,0
                8.400619,40.658429,0
                8.400638,40.658424,0
                8.400658,40.65842,0
                8.400771,40.658398,0
                8.400793,40.658394,0
                8.400816,40.658391,0
                8.400839,40.658388,0
                8.400862,40.658387,0
                8.400885,40.658386,0
                8.400909,40.658387,0
                8.400932,40.658388,0
                8.400955,40.65839,0
                8.400978,40.658393,0
                8.401001,40.658396,0
                8.401023,40.658401,0
                8.401045,40.658406,0
                8.401067,40.658413,0
                8.401088,40.65842,0
                8.401109,40.658427,0
                8.401129,40.658436,0
                8.401149,40.658445,0
                8.401168,40.658455,0
                8.401186,40.658466,0
                8.401204,40.658478,0
                8.401221,40.65849,0
                8.401237,40.658502,0
                8.401253,40.658516,0
                8.401267,40.65853,0
                8.401281,40.658544,0
                8.401293,40.658559,0
                8.401305,40.658574,0
                8.401315,40.65859,0
                8.401325,40.658606,0
                8.401334,40.658622,0
                8.401341,40.658639,0
                8.401347,40.658656,0
                8.401353,40.658673,0
                8.401357,40.658691,0
                8.40136,40.658708,0
                8.401362,40.658726,0
                8.401362,40.658744,0
                8.401362,40.658761,0
                8.401361,40.658779,0
                8.401358,40.658797,0
                8.401354,40.658814,0
                8.401349,40.658831,0
                8.401343,40.658848,0
                8.401336,40.658865,0
                8.401328,40.658882,0
                8.401319,40.658898,0
                8.401308,40.658914,0
                8.401297,40.658929,0
                8.401285,40.658944,0
                8.401272,40.658959,0
                8.401258,40.658973,0
                8.401242,40.658986,0
                8.401227,40.658999,0
                8.40121,40.659012,0
                8.401192,40.659023,0
                8.401174,40.659034,0
                8.401155,40.659045,0
                8.401136,40.659054,0
                8.401116,40.659063,0
                8.401095,40.659071,0
                8.401074,40.659078,0
                8.401052,40.659085,0
                8.40103,40.659091,0
                8.401008,40.659095,0
                8.400935,40.65911,0
                8.40064,40.659212,0
                8.400639,40.659213,0
                8.400426,40.659286,0
                8.400392,40.659298,0
                8.400366,40.659308,0
                8.40036,40.659321,0
                8.400353,40.659334,0
                8.400335,40.659367,0
                8.400325,40.659383,0
                8.400315,40.659398,0
                8.400304,40.659414,0
                8.400291,40.659428,0
                8.400278,40.659443,0
                8.400264,40.659456,0
                8.400249,40.65947,0
                8.400233,40.659482,0
                8.4002,40.659507,0
                8.400185,40.659518,0
                8.400169,40.659529,0
                8.400152,40.659539,0
                8.400135,40.659549,0
                8.400117,40.659558,0
                8.400099,40.659566,0
                8.400058,40.659584,0
                8.400039,40.659591,0
                8.400021,40.659598,0
                8.400002,40.659604,0
                8.399982,40.65961,0
                8.399938,40.659622,0
                8.399924,40.659625,0
                8.399879,40.659636,0
                8.399874,40.659638,0
                8.399829,40.659648,0
                8.399809,40.659652,0
                8.399789,40.659656,0
                8.399768,40.659659,0
                8.399722,40.659665,0
                8.399703,40.659667,0
                8.399656,40.659672,0
                8.399633,40.659674,0
                8.399609,40.659674,0
                8.399562,40.659676,0
                8.399552,40.659676,0
                8.399505,40.659676,0
                8.399491,40.659676,0
                8.399443,40.659675,0
                8.399438,40.659675,0
                8.399391,40.659674,0
                8.399389,40.659674,0
                8.399342,40.659672,0
                8.399321,40.659672,0
                8.399301,40.65967,0
                8.39928,40.659668,0
                8.399233,40.659662,0
                8.399212,40.659659,0
                8.399192,40.659655,0
                8.399171,40.65965,0
                8.399151,40.659645,0
                8.399131,40.659639,0
                8.399111,40.659633,0
                8.399069,40.659617,0
                8.399067,40.659617,0
                8.399053,40.659627,0
                8.398892,40.659755,0
                8.398728,40.659885,0
                8.398725,40.659887,0
                8.398559,40.660016,0
                8.398552,40.660022,0
                8.398382,40.660148,0
                8.398347,40.660174,0
                8.398312,40.660199,0
                8.398279,40.660224,0
                8.398245,40.660249,0
                8.398226,40.660263,0
                8.398191,40.660286,0
                8.398175,40.660296,0
                8.398159,40.660306,0
                8.398142,40.660315,0
                8.398125,40.660323,0
                8.398085,40.660342,0
                8.398062,40.660351,0
                8.398039,40.66036,0
                8.398015,40.660368,0
                8.397971,40.660382,0
                8.397945,40.660389,0
                8.39792,40.660395,0
                8.397874,40.660404,0
                8.397851,40.660408,0
                8.397829,40.660412,0
                8.397806,40.660414,0
                8.397783,40.660416,0
                8.39776,40.660417,0
                8.397713,40.660418,0
                8.397692,40.660418,0
                8.39767,40.660417,0
                8.39765,40.660416,0
                8.397602,40.660412,0
                8.397583,40.66041,0
                8.397563,40.660407,0
                8.397544,40.660404,0
                8.397497,40.660395,0
                8.397474,40.66039,0
                8.397451,40.660385,0
                8.397428,40.660378,0
                8.397406,40.660371,0
                8.397364,40.660355,0
                8.397342,40.660347,0
                8.397322,40.660338,0
                8.397301,40.660328,0
                8.397282,40.660318,0
                8.397263,40.660306,0
                8.397245,40.660294,0
                8.397228,40.660282,0
                8.397212,40.660268,0
                8.397197,40.660255,0
                8.397168,40.660227,0
                8.397153,40.660213,0
                8.39714,40.660198,0
                8.39714,40.660197,0
                8.39712,40.660205,0
                8.397099,40.660213,0
                8.397078,40.660219,0
                8.397057,40.660225,0
                8.397035,40.66023,0
                8.397013,40.660234,0
                8.396991,40.660238,0
                8.396968,40.66024,0
                8.396946,40.660242,0
                8.396923,40.660243,0
                8.3969,40.660243,0
                8.396856,40.660243,0
                8.396832,40.660242,0
                8.396808,40.66024,0
                8.396783,40.660237,0
                8.39676,40.660234,0
                8.396736,40.660229,0
                8.396713,40.660223,0
                8.39669,40.660217,0
                8.396667,40.66021,0
                8.396645,40.660201,0
                8.396604,40.660185,0
                8.396582,40.660176,0
                8.396561,40.660165,0
                8.39654,40.660154,0
                8.396521,40.660143,0
                8.396484,40.66012,0
                8.396464,40.660106,0
                8.396444,40.660091,0
                8.396412,40.660065,0
                8.396395,40.660051,0
                8.396379,40.660036,0
                8.396365,40.660021,0
                8.396338,40.659992,0
                8.396326,40.659977,0
                8.396315,40.659963,0
                8.396304,40.659948,0
                8.396295,40.659932,0
                8.396286,40.659917,0
                8.396279,40.659901,0
                8.396267,40.659874,0
                8.396176,40.659865,0
                8.395956,40.659846,0
                8.39593,40.659843,0
                8.395904,40.659839,0
              </coordinates>
            </LinearRing>
          </outerBoundaryIs>
        </Polygon>
      </Placemark>
      <Placemark>
        <name>01</name>
        <styleUrl>#icon-1899-DB4436-nodesc</styleUrl>
        <Point>
          <coordinates>
            8.397047,40.659268,0
          </coordinates>
        </Point>
      </Placemark>
      <Placemark>
        <name>01 - Experience</name>
        <styleUrl>#poly-0000FF-1-128-nodesc</styleUrl>
        <Polygon>
          <outerBoundaryIs>
            <LinearRing>
              <tessellate>1</tessellate>
              <coordinates>
                8.39712,40.659387,0
                8.396732,40.659469,0
                8.396729,40.65947,0
                8.396725,40.65947,0
                8.396722,40.659471,0
                8.396718,40.659471,0
                8.396715,40.659471,0
                8.396711,40.659471,0
                8.396708,40.659471,0
                8.396704,40.659471,0
                8.396701,40.65947,0
                8.396698,40.65947,0
                8.396694,40.659469,0
                8.396691,40.659468,0
                8.396688,40.659468,0
                8.396684,40.659467,0
                8.396681,40.659465,0
                8.396678,40.659464,0
                8.396675,40.659463,0
                8.396672,40.659461,0
                8.396669,40.65946,0
                8.396667,40.659458,0
                8.396664,40.659456,0
                8.396662,40.659454,0
                8.396659,40.659453,0
                8.396657,40.65945,0
                8.396655,40.659448,0
                8.396653,40.659446,0
                8.396651,40.659444,0
                8.39665,40.659442,0
                8.396648,40.659439,0
                8.396647,40.659437,0
                8.396646,40.659434,0
                8.396645,40.659432,0
                8.396644,40.659429,0
                8.396643,40.659426,0
                8.396643,40.659424,0
                8.396642,40.659421,0
                8.396642,40.659419,0
                8.396642,40.659416,0
                8.396642,40.659413,0
                8.396643,40.659411,0
                8.396643,40.659408,0
                8.396644,40.659405,0
                8.396645,40.659403,0
                8.396646,40.6594,0
                8.396647,40.659398,0
                8.396648,40.659395,0
                8.39665,40.659393,0
                8.396651,40.659391,0
                8.396653,40.659388,0
                8.396655,40.659386,0
                8.396657,40.659384,0
                8.396659,40.659382,0
                8.396661,40.65938,0
                8.396664,40.659378,0
                8.396667,40.659376,0
                8.396669,40.659375,0
                8.396672,40.659373,0
                8.396675,40.659372,0
                8.396678,40.65937,0
                8.396681,40.659369,0
                8.396684,40.659368,0
                8.396687,40.659367,0
                8.396691,40.659366,0
                8.396694,40.659365,0
                8.397079,40.659283,0
                8.397398,40.659194,0
                8.397401,40.659193,0
                8.397405,40.659193,0
                8.397408,40.659192,0
                8.397411,40.659192,0
                8.397415,40.659191,0
                8.397418,40.659191,0
                8.397422,40.659191,0
                8.397425,40.659191,0
                8.397429,40.659191,0
                8.397432,40.659192,0
                8.397436,40.659192,0
                8.397439,40.659193,0
                8.397442,40.659193,0
                8.397446,40.659194,0
                8.397449,40.659195,0
                8.397452,40.659196,0
                8.397455,40.659197,0
                8.397458,40.659199,0
                8.397461,40.6592,0
                8.397464,40.659201,0
                8.397467,40.659203,0
                8.39747,40.659205,0
                8.397472,40.659207,0
                8.397475,40.659209,0
                8.397477,40.659211,0
                8.397479,40.659213,0
                8.397481,40.659215,0
                8.397483,40.659217,0
                8.397485,40.659219,0
                8.397486,40.659222,0
                8.397488,40.659224,0
                8.397489,40.659227,0
                8.39749,40.659229,0
                8.397491,40.659232,0
                8.397492,40.659234,0
                8.397493,40.659237,0
                8.397493,40.659239,0
                8.397493,40.659242,0
                8.397493,40.659245,0
                8.397493,40.659247,0
                8.397493,40.65925,0
                8.397493,40.659253,0
                8.397492,40.659255,0
                8.397491,40.659258,0
                8.39749,40.65926,0
                8.397489,40.659263,0
                8.397488,40.659265,0
                8.397487,40.659268,0
                8.397485,40.65927,0
                8.397484,40.659273,0
                8.397482,40.659275,0
                8.39748,40.659277,0
                8.397478,40.659279,0
                8.397475,40.659281,0
                8.397473,40.659283,0
                8.39747,40.659285,0
                8.397468,40.659287,0
                8.397465,40.659288,0
                8.397462,40.65929,0
                8.397459,40.659291,0
                8.397456,40.659293,0
                8.397453,40.659294,0
                8.39745,40.659295,0
                8.397447,40.659296,0
                8.397125,40.659385,0
                8.397122,40.659386,0
                8.39712,40.659387,0
              </coordinates>
            </LinearRing>
          </outerBoundaryIs>
        </Polygon>
      </Placemark>
      <Placemark>
        <name>02</name>
        <styleUrl>#icon-1899-DB4436-nodesc</styleUrl>
        <Point>
          <coordinates>
            8.398926,40.659738,0
          </coordinates>
        </Point>
      </Placemark>
      <Placemark>
        <name>02 - Experience</name>
        <styleUrl>#poly-0000FF-1-128-nodesc</styleUrl>
        <Polygon>
          <outerBoundaryIs>
            <LinearRing>
              <tessellate>1</tessellate>
              <coordinates>
                8.398888,40.65971,0
                8.398686,40.659865,0
                8.398683,40.659867,0
                8.39868,40.659869,0
                8.398678,40.65987,0
                8.398675,40.659872,0
                8.398672,40.659873,0
                8.398669,40.659874,0
                8.398666,40.659876,0
                8.398663,40.659877,0
                8.398659,40.659878,0
                8.398656,40.659879,0
                8.398653,40.659879,0
                8.398649,40.65988,0
                8.398646,40.65988,0
                8.398642,40.659881,0
                8.398639,40.659881,0
                8.398635,40.659881,0
                8.398632,40.659881,0
                8.398628,40.659881,0
                8.398625,40.65988,0
                8.398622,40.65988,0
                8.398618,40.659879,0
                8.398615,40.659879,0
                8.398612,40.659878,0
                8.398608,40.659877,0
                8.398605,40.659876,0
                8.398602,40.659875,0
                8.398599,40.659873,0
                8.398596,40.659872,0
                8.398593,40.65987,0
                8.39859,40.659869,0
                8.398588,40.659867,0
                8.398585,40.659865,0
                8.398583,40.659863,0
                8.39858,40.659861,0
                8.398578,40.659859,0
                8.398576,40.659857,0
                8.398574,40.659855,0
                8.398573,40.659853,0
                8.398571,40.65985,0
                8.39857,40.659848,0
                8.398568,40.659845,0
                8.398567,40.659843,0
                8.398566,40.65984,0
                8.398566,40.659838,0
                8.398565,40.659835,0
                8.398565,40.659832,0
                8.398564,40.65983,0
                8.398564,40.659827,0
                8.398564,40.659824,0
                8.398565,40.659822,0
                8.398565,40.659819,0
                8.398566,40.659817,0
                8.398566,40.659814,0
                8.398567,40.659811,0
                8.398568,40.659809,0
                8.39857,40.659806,0
                8.398571,40.659804,0
                8.398572,40.659802,0
                8.398574,40.659799,0
                8.398576,40.659797,0
                8.398578,40.659795,0
                8.39858,40.659793,0
                8.398582,40.659791,0
                8.398585,40.659789,0
                8.398794,40.659628,0
                8.398796,40.659626,0
                8.398799,40.659625,0
                8.398802,40.659623,0
                8.398804,40.659622,0
                8.398807,40.65962,0
                8.39881,40.659619,0
                8.399073,40.659508,0
                8.399076,40.659507,0
                8.399079,40.659505,0
                8.399082,40.659504,0
                8.399086,40.659504,0
                8.399089,40.659503,0
                8.399092,40.659502,0
                8.399096,40.659502,0
                8.399099,40.659501,0
                8.399103,40.659501,0
                8.399106,40.659501,0
                8.39911,40.659501,0
                8.399113,40.659501,0
                8.399116,40.659501,0
                8.39912,40.659502,0
                8.399123,40.659502,0
                8.399127,40.659503,0
                8.39913,40.659504,0
                8.399133,40.659505,0
                8.399137,40.659506,0
                8.39914,40.659507,0
                8.399143,40.659508,0
                8.399146,40.65951,0
                8.399149,40.659511,0
                8.399151,40.659513,0
                8.399154,40.659514,0
                8.399157,40.659516,0
                8.399159,40.659518,0
                8.399161,40.65952,0
                8.399164,40.659522,0
                8.399166,40.659524,0
                8.399168,40.659527,0
                8.399169,40.659529,0
                8.399171,40.659531,0
                8.399172,40.659534,0
                8.399174,40.659536,0
                8.399175,40.659539,0
                8.399176,40.659541,0
                8.399177,40.659544,0
                8.399177,40.659546,0
                8.399178,40.659549,0
                8.399178,40.659552,0
                8.399178,40.659554,0
                8.399178,40.659557,0
                8.399178,40.65956,0
                8.399178,40.659562,0
                8.399177,40.659565,0
                8.399176,40.659567,0
                8.399175,40.65957,0
                8.399174,40.659572,0
                8.399173,40.659575,0
                8.399172,40.659577,0
                8.39917,40.65958,0
                8.399169,40.659582,0
                8.399167,40.659584,0
                8.399165,40.659587,0
                8.399163,40.659589,0
                8.399161,40.659591,0
                8.399158,40.659593,0
                8.399156,40.659595,0
                8.399153,40.659596,0
                8.39915,40.659598,0
                8.399148,40.6596,0
                8.399145,40.659601,0
                8.399142,40.659602,0
                8.398888,40.65971,0
              </coordinates>
            </LinearRing>
          </outerBoundaryIs>
        </Polygon>
      </Placemark>
    </Folder>
    <Folder>
      <name>Parking</name>
      <Placemark>
        <name>Parking Spectator</name>
        <styleUrl>#icon-1899-DB4436-nodesc</styleUrl>
        <Point>
          <coordinates>
            8.39582,40.660558,0
          </coordinates>
        </Point>
      </Placemark>
      <Placemark>
        <name>Parking Spectator</name>
        <styleUrl>#icon-1899-DB4436-nodesc</styleUrl>
        <Point>
          <coordinates>
            8.395366,40.661316,0
          </coordinates>
        </Point>
      </Placemark>
      <Placemark>
        <name>Parking Spectator</name>
        <styleUrl>#icon-1899-DB4436-nodesc</styleUrl>
        <Point>
          <coordinates>
            8.394821,40.661742,0
          </coordinates>
        </Point>
      </Placemark>
      <Placemark>
        <name>Parking Spectator</name>
        <styleUrl>#icon-1899-DB4436-nodesc</styleUrl>
        <Point>
          <coordinates>
            8.391167,40.663157,0
          </coordinates>
        </Point>
      </Placemark>
      <Placemark>
        <name>Parking Area</name>
        <styleUrl>#poly-000066-1000-191-nodesc</styleUrl>
        <Polygon>
          <outerBoundaryIs>
            <LinearRing>
              <tessellate>1</tessellate>
              <coordinates>
                8.396396,40.660659,0
                8.396124,40.660368,0
                8.39601,40.660183,0
                8.395956,40.660081,0
                8.395694,40.6597,0
                8.395818,40.659686,0
                8.395899,40.659713,0
                8.395974,40.659685,0
                8.396184,40.659661,0
                8.396259,40.65979,0
                8.396337,40.659911,0
                8.39645,40.660052,0
                8.396531,40.66014,0
                8.396644,40.660204,0
                8.396776,40.660247,0
                8.396779,40.660247,0
                8.396926,40.660433,0
                8.396639,40.660579,0
                8.396494,40.660652,0
                8.396396,40.660659,0
              </coordinates>
            </LinearRing>
          </outerBoundaryIs>
        </Polygon>
      </Placemark>
      <Placemark>
        <name>Parking Area</name>
        <styleUrl>#poly-000066-1000-191-nodesc</styleUrl>
        <Polygon>
          <outerBoundaryIs>
            <LinearRing>
              <tessellate>1</tessellate>
              <coordinates>
                8.395273,40.660666,0
                8.395263,40.660616,0
                8.395284,40.660571,0
                8.395326,40.660541,0
                8.395477,40.660593,0
                8.395529,40.660604,0
                8.395572,40.660595,0
                8.395553,40.660554,0
                8.395519,40.660512,0
                8.395307,40.660459,0
                8.395251,40.660527,0
                8.395106,40.660434,0
                8.395007,40.660396,0
                8.394898,40.660497,0
                8.394779,40.660414,0
                8.394726,40.660203,0
                8.394856,40.660102,0
                8.395305,40.660311,0
                8.395568,40.660305,0
                8.395707,40.66029,0
                8.395912,40.660276,0
                8.396136,40.660544,0
                8.396357,40.660868,0
                8.396163,40.660986,0
                8.396096,40.660927,0
                8.39608,40.660937,0
                8.395842,40.660682,0
                8.395748,40.660737,0
                8.39596,40.660959,0
                8.395815,40.661016,0
                8.395758,40.660974,0
                8.395585,40.661015,0
                8.39545,40.660876,0
                8.395415,40.660789,0
                8.395451,40.660754,0
                8.395415,40.660729,0
                8.395354,40.660741,0
                8.395273,40.660666,0
              </coordinates>
            </LinearRing>
          </outerBoundaryIs>
        </Polygon>
      </Placemark>
      <Placemark>
        <name>Parking Area</name>
        <styleUrl>#poly-000066-1000-191-nodesc</styleUrl>
        <Polygon>
          <outerBoundaryIs>
            <LinearRing>
              <tessellate>1</tessellate>
              <coordinates>
                8.395873,40.661069,0
                8.39557,40.661229,0
                8.395632,40.66135,0
                8.39536,40.661686,0
                8.395151,40.661541,0
                8.395181,40.661492,0
                8.395217,40.661455,0
                8.395199,40.661427,0
                8.395051,40.661535,0
                8.395042,40.661546,0
                8.395323,40.661746,0
                8.395097,40.661964,0
                8.394928,40.662085,0
                8.394867,40.662102,0
                8.394547,40.661955,0
                8.394486,40.662009,0
                8.39427,40.661814,0
                8.394399,40.661731,0
                8.394304,40.661636,0
                8.394471,40.661545,0
                8.394812,40.661381,0
                8.39499,40.661499,0
                8.39515,40.661404,0
                8.395,40.661284,0
                8.395167,40.661216,0
                8.395164,40.661154,0
                8.395211,40.661,0
                8.395473,40.661017,0
                8.395471,40.661084,0
                8.395567,40.661122,0
                8.395832,40.661027,0
                8.395873,40.661069,0
              </coordinates>
            </LinearRing>
          </outerBoundaryIs>
        </Polygon>
      </Placemark>
      <Placemark>
        <name>Parking Area</name>
        <styleUrl>#poly-000066-1000-191-nodesc</styleUrl>
        <Polygon>
          <outerBoundaryIs>
            <LinearRing>
              <tessellate>1</tessellate>
              <coordinates>
                8.390961,40.663868,0
                8.390249,40.662727,0
                8.391179,40.662365,0
                8.392047,40.663428,0
                8.390961,40.663868,0
              </coordinates>
            </LinearRing>
          </outerBoundaryIs>
        </Polygon>
      </Placemark>
    </Folder>
    <Folder>
      <name>SD Track</name>
      <Placemark>
        <name>Finish</name>
        <description>FINISH</description>
        <styleUrl>#icon-1899-DB4436</styleUrl>
        <Point>
          <coordinates>
            8.394732,40.645758,0
          </coordinates>
        </Point>
      </Placemark>
      <Placemark>
        <name>SD Monte Baranta - km 3.27</name>
        <description>Km: 3.27</description>
        <styleUrl>#line-FF0000-5000</styleUrl>
        <LineString>
          <tessellate>1</tessellate>
          <coordinates>
            8.39579,40.65945,111
            8.396009,40.659488,111
            8.396232,40.659507,118
            8.396441,40.659527,161.64
            8.396651,40.65955,161.64
            8.396855,40.659538,161.64
            8.397053,40.659496,161.64
            8.397261,40.659442,161.64
            8.397487,40.659388,161.64
            8.397715,40.659356,161.64
            8.397944,40.65933,161.64
            8.398069,40.659311,161.64
            8.398116,40.659304,161.64
            8.398162,40.659299,161.64
            8.398209,40.659304,161.64
            8.39825,40.659321,161.64
            8.398278,40.659349,161.64
            8.39829,40.659384,161.64
            8.398285,40.659419,161.64
            8.398263,40.65945,161.64
            8.398228,40.659473,161.64
            8.398182,40.659482,161.64
            8.398135,40.659488,161.64
            8.398088,40.659493,161.64
            8.398041,40.659497,161.64
            8.397994,40.659501,161.64
            8.397851,40.659513,161.64
            8.397615,40.659533,161.64
            8.39738,40.659556,161.64
            8.397149,40.659596,161.64
            8.396918,40.659637,161.64
            8.396872,40.659645,161.64
            8.396826,40.659654,161.64
            8.396782,40.659667,161.64
            8.396746,40.659689,161.64
            8.39672,40.659719,161.64
            8.396713,40.659753,161.64
            8.396728,40.659787,161.64
            8.396754,40.659817,161.64
            8.396787,40.659843,161.64
            8.396823,40.659866,161.64
            8.396865,40.659882,161.64
            8.396909,40.659883,161.64
            8.396948,40.659864,161.64
            8.396986,40.659842,161.64
            8.397026,40.659822,161.64
            8.397068,40.659807,161.64
            8.397114,40.659797,161.64
            8.397172,40.659791,161.64
            8.39723,40.659784,161.64
            8.397277,40.659779,161.64
            8.397324,40.659774,161.64
            8.397371,40.659768,161.64
            8.397418,40.659763,161.64
            8.397465,40.659762,161.64
            8.397511,40.659769,161.64
            8.397552,40.659788,161.64
            8.397587,40.659812,161.64
            8.397614,40.659841,161.64
            8.397615,40.659877,161.64
            8.397599,40.659911,161.64
            8.397566,40.659936,161.64
            8.397541,40.659966,161.64
            8.397537,40.660002,161.64
            8.397566,40.66003,161.64
            8.397609,40.660045,161.64
            8.397655,40.660053,161.64
            8.397702,40.660057,161.64
            8.397749,40.660057,161.64
            8.397795,40.660047,161.64
            8.397839,40.660034,161.64
            8.397879,40.660015,161.64
            8.397915,40.659991,161.64
            8.397949,40.659966,161.64
            8.397983,40.659941,161.64
            8.398017,40.659915,161.64
            8.398052,40.65989,161.64
            8.398222,40.659764,161.64
            8.398387,40.659635,161.64
            8.398551,40.659505,161.64
            8.398715,40.659375,161.64
            8.398882,40.659248,161.64
            8.39893,40.659214,161.64
            8.398979,40.659181,161.64
            8.399018,40.65916,161.64
            8.39906,40.659144,161.64
            8.399103,40.65913,161.64
            8.399149,40.65912,161.64
            8.399194,40.659126,161.64
            8.399215,40.659158,161.64
            8.399218,40.659194,161.64
            8.399224,40.65923,161.64
            8.399241,40.659263,161.64
            8.39927,40.659291,161.64
            8.399312,40.659306,161.64
            8.399359,40.659312,161.64
            8.399406,40.659314,161.64
            8.399454,40.659315,161.64
            8.399501,40.659316,161.64
            8.399548,40.659315,161.64
            8.399596,40.659314,161.64
            8.399643,40.65931,161.64
            8.39969,40.659304,161.64
            8.399735,40.659293,161.64
            8.39978,40.659282,161.64
            8.399825,40.65927,161.64
            8.399866,40.659252,161.64
            8.399898,40.659228,161.64
            8.399917,40.659194,161.64
            8.399933,40.659161,161.64
            8.399943,40.659126,161.64
            8.399955,40.659091,161.64
            8.399978,40.659061,161.64
            8.400017,40.65904,161.64
            8.400059,40.659023,161.64
            8.400101,40.659006,161.64
            8.400143,40.65899,161.64
            8.400185,40.658974,161.64
            8.400228,40.658958,161.64
            8.400444,40.658884,161.64
            8.400661,40.658811,161.64
            8.400853,40.658758,161.64
            8.401052,40.658726,161.64
            8.401234,40.6587,161.64
            8.401279,40.658687,161.64
            8.401323,40.658673,161.64
            8.401362,40.658653,161.64
            8.40139,40.658625,161.64
            8.401398,40.65859,161.64
            8.40138,40.658558,161.64
            8.40134,40.658538,161.64
            8.4013,40.658518,161.64
            8.40126,40.6585,161.64
            8.401217,40.658484,161.64
            8.401175,40.658467,161.64
            8.401132,40.658451,161.64
            8.400921,40.65837,161.64
            8.400706,40.658294,161.64
            8.400486,40.658228,161.64
            8.400265,40.658162,161.64
            8.400043,40.6581,161.64
            8.399819,40.658041,161.64
            8.399594,40.657982,161.64
            8.39937,40.657924,161.64
            8.399142,40.657874,161.64
            8.398946,40.657831,161.64
            8.398901,40.65782,161.64
            8.398857,40.657807,161.64
            8.398814,40.657791,161.64
            8.39878,40.657768,161.64
            8.398769,40.657736,161.64
            8.398793,40.657708,161.64
            8.398836,40.657692,161.64
            8.398881,40.657682,161.64
            8.398928,40.657677,161.64
            8.398975,40.657672,161.64
            8.399022,40.657667,161.64
            8.399151,40.657664,161.64
            8.399386,40.657668,161.64
            8.399617,40.657661,161.64
            8.399846,40.657637,161.64
            8.40008,40.657604,161.64
            8.400296,40.657566,161.64
            8.400504,40.657507,161.64
            8.400706,40.657436,161.64
            8.400924,40.657365,161.64
            8.401148,40.657314,161.64
            8.401363,40.657269,161.64
            8.401571,40.657209,161.64
            8.401787,40.657134,161.64
            8.40193,40.657093,161.64
            8.40208,40.657073,161.64
            8.402157,40.657066,161.64
            8.402232,40.657056,161.64
            8.402278,40.657048,161.64
            8.402324,40.657038,161.64
            8.402368,40.657025,161.64
            8.402402,40.657,161.64
            8.402427,40.65697,161.64
            8.40243,40.656935,161.64
            8.402397,40.656912,161.64
            8.40235,40.656908,161.64
            8.402303,40.656903,161.64
            8.402256,40.656898,161.64
            8.402209,40.656894,161.64
            8.402162,40.656889,161.64
            8.401926,40.656865,161.64
            8.40188,40.65686,161.64
            8.401833,40.656853,161.64
            8.401787,40.656846,161.64
            8.401742,40.656834,161.64
            8.401702,40.656815,161.64
            8.401664,40.656794,161.64
            8.401634,40.656766,161.64
            8.401608,40.656736,164.43
            8.401586,40.656704,175.86
            8.401565,40.656672,188.08
            8.401542,40.656627,191.35
            8.40152,40.656583,190.64
            8.40145,40.65644,188.4
            8.401364,40.656273,185.8
            8.401286,40.656103,182.85
            8.401224,40.655929,179.15
            8.401174,40.655754,174.96
            8.401152,40.655593,172.17
            8.401163,40.655432,171.42
            8.401189,40.655253,171.52
            8.401208,40.655074,170.91
            8.401226,40.654895,169.05
            8.401244,40.654715,166.4
            8.401254,40.654536,165.24
            8.401265,40.654356,164.49
            8.401276,40.654176,163.74
            8.401285,40.653997,163.34
            8.401311,40.653832,163.8
            8.401355,40.65367,164.7
            8.4014,40.653493,163.98
            8.401447,40.653317,162.81
            8.40149,40.65314,161.55
            8.401516,40.652961,160.03
            8.401539,40.652782,158.01
            8.401551,40.652603,155.65
            8.401585,40.652425,153.6
            8.401593,40.652389,153.27
            8.401597,40.652354,152.92
            8.401596,40.652318,152.52
            8.401591,40.652282,152.1
            8.401579,40.652247,151.63
            8.401561,40.652215,151.12
            8.401531,40.652187,150.52
            8.401497,40.652162,149.91
            8.40146,40.65214,149.33
            8.401421,40.65212,148.77
            8.401381,40.6521,148.24
            8.401341,40.652081,147.79
            8.4013,40.652062,147.37
            8.401109,40.651988,145.78
            8.400891,40.651927,144.51
            8.400663,40.651878,142.96
            8.40043,40.651846,140.58
            8.400383,40.651842,140.03
            8.400338,40.651831,139.42
            8.400295,40.651815,138.79
            8.400263,40.651789,138.09
            8.400239,40.651759,137.43
            8.40022,40.651726,136.81
            8.400207,40.651691,136.23
            8.400199,40.651656,135.7
            8.4002,40.65162,135.24
            8.400204,40.651584,134.83
            8.400211,40.65154,134.32
            8.40022,40.651496,133.83
            8.400279,40.651384,133.05
            8.400355,40.651276,132.61
            8.400434,40.65117,132.28
            8.400553,40.651022,131.31
            8.400573,40.65099,130.9
            8.400593,40.650957,130.48
            8.40061,40.650924,130.02
            8.400625,40.650889,129.51
            8.400634,40.650854,128.94
            8.400633,40.650819,128.26
            8.400632,40.650783,127.58
            8.400628,40.650747,126.88
            8.40062,40.650711,126.17
            8.400612,40.650676,125.47
            8.400561,40.650517,122.54
            8.400486,40.650346,119.74
            8.40039,40.650182,118.28
            8.40029,40.650019,116.97
            8.400175,40.649862,115.64
            8.40006,40.649704,114.32
            8.399943,40.649548,112.6
            8.399825,40.649392,110.84
            8.399707,40.649236,109.08
            8.399588,40.64908,107.47
            8.39956,40.649052,107.46
            8.399529,40.649024,107.46
            8.399503,40.648994,0
            8.399491,40.648959,0
            8.399487,40.648924,0
            8.399508,40.648892,0
            8.399534,40.648862,0
            8.399555,40.648829,108.77
            8.39957,40.648795,108.77
            8.399582,40.64876,108.77
            8.399598,40.648727,108.77
            8.399657,40.648617,108.77
            8.39977,40.648471,108.77
            8.399892,40.648317,108.77
            8.399992,40.648154,108.77
            8.400041,40.648059,108.77
            8.400061,40.647985,108.77
            8.400062,40.647949,108.77
            8.400062,40.647913,108.77
            8.400054,40.647878,108.77
            8.400034,40.647845,108.77
            8.400005,40.647817,108.77
            8.399974,40.64779,108.77
            8.39994,40.647765,108.77
            8.399905,40.64774,108.77
            8.399871,40.647716,108.77
            8.399725,40.647619,108.77
            8.399541,40.647505,108.77
            8.399392,40.647381,108.77
            8.399246,40.647274,108.77
            8.399088,40.647176,108.77
            8.398943,40.647055,108.77
            8.398816,40.646923,108.77
            8.398679,40.646814,0
            8.398527,40.646716,0
            8.39834,40.646607,82.99
            8.398144,40.646506,82.31
            8.397983,40.646424,81.48
            8.397806,40.646364,80.1
            8.39762,40.646303,78.18
            8.397475,40.64623,76.91
            8.397362,40.646133,76.5
            8.39728,40.64602,76.21
            8.397211,40.645901,75.92
            8.397106,40.64574,75.16
            8.397029,40.645592,74.66
            8.396951,40.645444,74.42
            8.396859,40.645278,74.23
            8.396843,40.645245,74.13
            8.396826,40.645211,74
            8.396808,40.645178,73.84
            8.396785,40.645146,73.65
            8.396754,40.64512,73.45
            8.396714,40.6451,73.24
            8.396669,40.645091,73
            8.396622,40.645095,72.68
            8.396579,40.645109,72.37
            8.396537,40.645126,72.06
            8.396495,40.645143,71.77
            8.396455,40.645162,71.48
            8.396417,40.645183,71.2
            8.396378,40.645204,70.92
            8.396213,40.645312,69.88
            8.39603,40.645427,68.95
            8.39585,40.645544,68.02
            8.395663,40.645654,66.77
            8.395538,40.645699,65.95
            8.395403,40.645719,65.45
            8.395265,40.645724,64.88
            8.395062,40.64573,63.73
            8.395015,40.645733,63.42
            8.394968,40.645736,63.12
            8.394921,40.64574,62.84
            8.394874,40.645744,62.56
            8.394826,40.645749,62.29
            8.39478,40.645754,62.01
            8.394732,40.645758,61.74
          </coordinates>
        </LineString>
      </Placemark>
      <Placemark>
        <name>Start</name>
        <description>START</description>
        <styleUrl>#icon-1899-DB4436</styleUrl>
        <Point>
          <coordinates>
            8.39579,40.65945,0
          </coordinates>
        </Point>
      </Placemark>
    </Folder>
    <Folder>
      <name>TXT</name>
      <Placemark>
        <name>Ex Miniera</name>
        <styleUrl>#poly-F9F9F9-1200-255-nodesc</styleUrl>
        <MultiGeometry>
          <Polygon>
            <outerBoundaryIs>
              <LinearRing>
                <tessellate>1</tessellate>
                <coordinates>
                  8.405752,40.662383,0
                  8.405253,40.662383,0
                  8.404948,40.661989,0
                  8.404898,40.661923,0
                  8.404853,40.661864,0
                  8.404812,40.66181,0
                  8.404775,40.661761,0
                  8.404743,40.661718,0
                  8.404716,40.66168,0
                  8.404692,40.661647,0
                  8.404674,40.661621,0
                  8.404659,40.661599,0
                  8.404649,40.661583,0
                  8.404648,40.661581,0
                  8.404646,40.661578,0
                  8.404644,40.661576,0
                  8.404641,40.661574,0
                  8.404639,40.661573,0
                  8.404636,40.661572,0
                  8.404633,40.661571,0
                  8.404629,40.66157,0
                  8.404626,40.66157,0
                  8.404622,40.661569,0
                  8.404618,40.66157,0
                  8.404614,40.66157,0
                  8.404611,40.661571,0
                  8.404608,40.661572,0
                  8.404606,40.661573,0
                  8.404604,40.661574,0
                  8.404603,40.661576,0
                  8.404602,40.661578,0
                  8.404601,40.661581,0
                  8.404601,40.661583,0
                  8.404593,40.661633,0
                  8.404586,40.66168,0
                  8.404578,40.661726,0
                  8.404571,40.661769,0
                  8.404564,40.661811,0
                  8.404556,40.66185,0
                  8.404549,40.661888,0
                  8.404542,40.661924,0
                  8.404535,40.661957,0
                  8.404528,40.661989,0
                  8.404444,40.662383,0
                  8.403947,40.662383,0
                  8.403406,40.660848,0
                  8.403834,40.660848,0
                  8.403938,40.661166,0
                  8.403939,40.661172,0
                  8.403943,40.661184,0
                  8.403949,40.661201,0
                  8.403957,40.661224,0
                  8.403966,40.661253,0
                  8.403978,40.661288,0
                  8.403991,40.661329,0
                  8.404007,40.661375,0
                  8.404025,40.661428,0
                  8.404044,40.661486,0
                  8.404058,40.661526,0
                  8.40407,40.661563,0
                  8.404081,40.661597,0
                  8.404091,40.661628,0
                  8.4041,40.661656,0
                  8.404108,40.661681,0
                  8.404115,40.661704,0
                  8.40412,40.661723,0
                  8.404125,40.66174,0
                  8.404128,40.661753,0
                  8.404129,40.661757,0
                  8.40413,40.66176,0
                  8.404132,40.661763,0
                  8.404134,40.661765,0
                  8.404136,40.661767,0
                  8.404139,40.661769,0
                  8.404143,40.66177,0
                  8.404147,40.661771,0
                  8.404152,40.661772,0
                  8.404157,40.661772,0
                  8.404161,40.661772,0
                  8.404164,40.661771,0
                  8.404168,40.661771,0
                  8.40417,40.66177,0
                  8.404172,40.661769,0
                  8.404174,40.661767,0
                  8.404176,40.661766,0
                  8.404177,40.661764,0
                  8.404178,40.661761,0
                  8.404178,40.661759,0
                  8.404277,40.661226,0
                  8.404284,40.661195,0
                  8.404294,40.661168,0
                  8.404307,40.661144,0
                  8.404323,40.661122,0
                  8.404342,40.661105,0
                  8.404364,40.66109,0
                  8.404389,40.661079,0
                  8.404416,40.661071,0
                  8.404446,40.661066,0
                  8.40448,40.661064,0
                  8.404514,40.661066,0
                  8.404547,40.661071,0
                  8.404579,40.661079,0
                  8.404609,40.66109,0
                  8.404639,40.661105,0
                  8.404668,40.661122,0
                  8.404696,40.661144,0
                  8.404723,40.661168,0
                  8.404748,40.661195,0
                  8.404773,40.661226,0
                  8.405171,40.661759,0
                  8.405173,40.661761,0
                  8.405175,40.661764,0
                  8.405177,40.661766,0
                  8.405179,40.661767,0
                  8.405182,40.661769,0
                  8.405185,40.66177,0
                  8.405188,40.661771,0
                  8.405191,40.661771,0
                  8.405195,40.661772,0
                  8.405198,40.661772,0
                  8.405203,40.661772,0
                  8.405207,40.661771,0
                  8.40521,40.66177,0
                  8.405213,40.661769,0
                  8.405215,40.661767,0
                  8.405216,40.661765,0
                  8.405217,40.661763,0
                  8.405218,40.66176,0
                  8.405217,40.661757,0
                  8.405217,40.661753,0
                  8.405212,40.661737,0
                  8.405206,40.661712,0
                  8.405198,40.661677,0
                  8.405187,40.661633,0
                  8.405175,40.661579,0
                  8.40516,40.661515,0
                  8.405143,40.661442,0
                  8.405124,40.66136,0
                  8.405103,40.661268,0
                  8.40508,40.661166,0
                  8.405006,40.660848,0
                  8.405446,40.660848,0
                  8.405752,40.662383,0
                </coordinates>
              </LinearRing>
            </outerBoundaryIs>
          </Polygon>
          <Polygon>
            <outerBoundaryIs>
              <LinearRing>
                <tessellate>1</tessellate>
                <coordinates>
                  8.400893,40.66115,0
                  8.400241,40.66115,0
                  8.400206,40.661152,0
                  8.400175,40.661156,0
                  8.400149,40.661163,0
                  8.400127,40.661173,0
                  8.40011,40.661187,0
                  8.400098,40.661203,0
                  8.40009,40.661222,0
                  8.400087,40.661243,0
                  8.400088,40.661268,0
                  8.400094,40.661296,0
                  8.400148,40.661488,0
                  8.400829,40.661488,0
                  8.400915,40.66179,0
                  8.400233,40.66179,0
                  8.400315,40.66208,0
                  8.401107,40.66208,0
                  8.401191,40.662383,0
                  8.39994,40.662383,0
                  8.399641,40.661318,0
                  8.399631,40.661276,0
                  8.399624,40.661235,0
                  8.39962,40.661197,0
                  8.399619,40.66116,0
                  8.399622,40.661125,0
                  8.399628,40.661092,0
                  8.399637,40.66106,0
                  8.39965,40.661031,0
                  8.399665,40.661003,0
                  8.399685,40.660977,0
                  8.399707,40.660953,0
                  8.399733,40.660931,0
                  8.399761,40.660911,0
                  8.399793,40.660894,0
                  8.399828,40.66088,0
                  8.399865,40.660868,0
                  8.399906,40.660859,0
                  8.39995,40.660853,0
                  8.399997,40.660849,0
                  8.400046,40.660848,0
                  8.400808,40.660848,0
                  8.400893,40.66115,0
                </coordinates>
              </LinearRing>
            </outerBoundaryIs>
          </Polygon>
          <Polygon>
            <outerBoundaryIs>
              <LinearRing>
                <tessellate>1</tessellate>
                <coordinates>
                  8.402477,40.660848,0
                  8.402431,40.66092,0
                  8.402387,40.660988,0
                  8.402347,40.661053,0
                  8.402309,40.661114,0
                  8.402274,40.661172,0
                  8.402243,40.661226,0
                  8.402214,40.661276,0
                  8.402188,40.661323,0
                  8.402165,40.661366,0
                  8.402145,40.661406,0
                  8.402142,40.661414,0
                  8.40214,40.661422,0
                  8.402139,40.66143,0
                  8.402139,40.661438,0
                  8.402141,40.661446,0
                  8.402144,40.661454,0
                  8.402148,40.661462,0
                  8.402153,40.66147,0
                  8.40216,40.661478,0
                  8.402168,40.661486,0
                  8.402212,40.661527,0
                  8.40226,40.661571,0
                  8.40231,40.661616,0
                  8.402364,40.661664,0
                  8.402421,40.661713,0
                  8.402481,40.661764,0
                  8.402543,40.661818,0
                  8.402609,40.661873,0
                  8.402679,40.66193,0
                  8.402751,40.661989,0
                  8.402268,40.661989,0
                  8.402239,40.661964,0
                  8.40221,40.661939,0
                  8.40218,40.661912,0
                  8.402151,40.661885,0
                  8.402121,40.661857,0
                  8.40209,40.661828,0
                  8.40206,40.661798,0
                  8.402029,40.661767,0
                  8.401998,40.661735,0
                  8.401966,40.661702,0
                  8.401965,40.661701,0
                  8.401963,40.661699,0
                  8.401961,40.661698,0
                  8.40196,40.661697,0
                  8.401958,40.661696,0
                  8.401956,40.661695,0
                  8.401954,40.661695,0
                  8.401952,40.661694,0
                  8.40195,40.661694,0
                  8.401948,40.661694,0
                  8.401946,40.661694,0
                  8.401945,40.661694,0
                  8.401943,40.661695,0
                  8.401942,40.661695,0
                  8.401941,40.661696,0
                  8.401939,40.661696,0
                  8.401938,40.661697,0
                  8.401937,40.661698,0
                  8.401936,40.661699,0
                  8.401935,40.6617,0
                  8.401924,40.661728,0
                  8.401913,40.661757,0
                  8.401901,40.661785,0
                  8.401889,40.661814,0
                  8.401875,40.661843,0
                  8.401861,40.661872,0
                  8.401846,40.661901,0
                  8.40183,40.66193,0
                  8.401814,40.661959,0
                  8.401797,40.661989,0
                  8.401314,40.661989,0
                  8.401354,40.661928,0
                  8.401393,40.661869,0
                  8.401428,40.661813,0
                  8.401462,40.661759,0
                  8.401493,40.661708,0
                  8.401522,40.661659,0
                  8.401548,40.661612,0
                  8.401572,40.661568,0
                  8.401593,40.661527,0
                  8.401612,40.661488,0
                  8.401616,40.66148,0
                  8.401618,40.661472,0
                  8.401619,40.661464,0
                  8.401618,40.661456,0
                  8.401617,40.661448,0
                  8.401614,40.66144,0
                  8.40161,40.661432,0
                  8.401604,40.661424,0
                  8.401598,40.661416,0
                  8.40159,40.661408,0
                  8.401567,40.661385,0
                  8.401542,40.661361,0
                  8.401516,40.661337,0
                  8.401488,40.661311,0
                  8.401459,40.661285,0
                  8.401428,40.661257,0
                  8.401395,40.661229,0
                  8.401361,40.661199,0
                  8.401326,40.661169,0
                  8.401289,40.661137,0
                  8.401273,40.661124,0
                  8.401254,40.661108,0
                  8.40123,40.661088,0
                  8.401201,40.661064,0
                  8.401169,40.661037,0
                  8.401132,40.661006,0
                  8.40109,40.660972,0
                  8.401044,40.660934,0
                  8.400994,40.660893,0
                  8.40094,40.660848,0
                  8.401433,40.660848,0
                  8.401465,40.660875,0
                  8.401498,40.660904,0
                  8.401531,40.660934,0
                  8.401566,40.660966,0
                  8.401602,40.661,0
                  8.401638,40.661035,0
                  8.401676,40.661072,0
                  8.401715,40.661111,0
                  8.401755,40.661151,0
                  8.401795,40.661193,0
                  8.401796,40.661194,0
                  8.401797,40.661195,0
                  8.401798,40.661196,0
                  8.4018,40.661197,0
                  8.401801,40.661198,0
                  8.401802,40.661198,0
                  8.401804,40.661199,0
                  8.401806,40.661199,0
                  8.401808,40.661199,0
                  8.40181,40.661199,0
                  8.401811,40.661199,0
                  8.401813,40.661199,0
                  8.401814,40.661199,0
                  8.401816,40.661198,0
                  8.401817,40.661198,0
                  8.401819,40.661197,0
                  8.40182,40.661196,0
                  8.401822,40.661195,0
                  8.401823,40.661194,0
                  8.401824,40.661193,0
                  8.401841,40.661152,0
                  8.401858,40.661112,0
                  8.401874,40.661074,0
                  8.401891,40.661038,0
                  8.401907,40.661002,0
                  8.401924,40.660969,0
                  8.40194,40.660936,0
                  8.401956,40.660905,0
                  8.401973,40.660876,0
                  8.401989,40.660848,0
                  8.402477,40.660848,0
                </coordinates>
              </LinearRing>
            </outerBoundaryIs>
          </Polygon>
          <Polygon>
            <outerBoundaryIs>
              <LinearRing>
                <tessellate>1</tessellate>
                <coordinates>
                  8.408005,40.661632,0
                  8.408013,40.661665,0
                  8.408017,40.661698,0
                  8.408018,40.661729,0
                  8.408016,40.661759,0
                  8.40801,40.661788,0
                  8.408,40.661816,0
                  8.407988,40.661843,0
                  8.407971,40.661869,0
                  8.407952,40.661893,0
                  8.407929,40.661917,0
                  8.407903,40.661939,0
                  8.407875,40.661959,0
                  8.407845,40.661977,0
                  8.407814,40.661992,0
                  8.40778,40.662004,0
                  8.407744,40.662015,0
                  8.407706,40.662023,0
                  8.407666,40.662029,0
                  8.407624,40.662032,0
                  8.40758,40.662034,0
                  8.407456,40.662034,0
                  8.407412,40.662032,0
                  8.407368,40.662029,0
                  8.407325,40.662023,0
                  8.407283,40.662015,0
                  8.407241,40.662004,0
                  8.4072,40.661992,0
                  8.40716,40.661977,0
                  8.40712,40.661959,0
                  8.407081,40.661939,0
                  8.407043,40.661917,0
                  8.407007,40.661893,0
                  8.406973,40.661869,0
                  8.406942,40.661843,0
                  8.406914,40.661816,0
                  8.406889,40.661788,0
                  8.406867,40.661759,0
                  8.406847,40.661729,0
                  8.406831,40.661698,0
                  8.406817,40.661665,0
                  8.406806,40.661632,0
                  8.406586,40.660848,0
                  8.407026,40.660848,0
                  8.40725,40.661647,0
                  8.407253,40.661656,0
                  8.407256,40.661664,0
                  8.407261,40.661673,0
                  8.407266,40.661681,0
                  8.407272,40.661688,0
                  8.407279,40.661696,0
                  8.407286,40.661703,0
                  8.407294,40.66171,0
                  8.407303,40.661717,0
                  8.407312,40.661724,0
                  8.407322,40.66173,0
                  8.407332,40.661736,0
                  8.407342,40.661741,0
                  8.407353,40.661745,0
                  8.407363,40.661749,0
                  8.407374,40.661752,0
                  8.407385,40.661754,0
                  8.407396,40.661756,0
                  8.407407,40.661757,0
                  8.407418,40.661757,0
                  8.407464,40.661757,0
                  8.407475,40.661757,0
                  8.407486,40.661756,0
                  8.407496,40.661754,0
                  8.407505,40.661752,0
                  8.407514,40.661749,0
                  8.407523,40.661745,0
                  8.407531,40.661741,0
                  8.407538,40.661736,0
                  8.407545,40.66173,0
                  8.407552,40.661724,0
                  8.407557,40.661717,0
                  8.407562,40.66171,0
                  8.407566,40.661703,0
                  8.40757,40.661695,0
                  8.407572,40.661688,0
                  8.407573,40.66168,0
                  8.407574,40.661672,0
                  8.407574,40.661664,0
                  8.407573,40.661656,0
                  8.407571,40.661647,0
                  8.407347,40.660848,0
                  8.407785,40.660848,0
                  8.408005,40.661632,0
                </coordinates>
              </LinearRing>
            </outerBoundaryIs>
          </Polygon>
          <Polygon>
            <outerBoundaryIs>
              <LinearRing>
                <tessellate>1</tessellate>
                <coordinates>
                  8.412928,40.661641,0
                  8.412936,40.661675,0
                  8.412941,40.661708,0
                  8.412944,40.66174,0
                  8.412943,40.66177,0
                  8.412939,40.661799,0
                  8.412933,40.661826,0
                  8.412923,40.661852,0
                  8.41291,40.661877,0
                  8.412895,40.6619,0
                  8.412876,40.661922,0
                  8.412854,40.661943,0
                  8.412828,40.661962,0
                  8.4128,40.661979,0
                  8.412768,40.661993,0
                  8.412734,40.662006,0
                  8.412697,40.662016,0
                  8.412657,40.662023,0
                  8.412614,40.662029,0
                  8.412568,40.662032,0
                  8.41252,40.662034,0
                  8.412358,40.662034,0
                  8.412307,40.662033,0
                  8.412257,40.662031,0
                  8.412209,40.662027,0
                  8.412162,40.662023,0
                  8.412117,40.662017,0
                  8.412074,40.662009,0
                  8.412032,40.662,0
                  8.411992,40.66199,0
                  8.411953,40.661979,0
                  8.411916,40.661966,0
                  8.411961,40.661729,0
                  8.411989,40.661739,0
                  8.412019,40.661747,0
                  8.41205,40.661755,0
                  8.412081,40.661762,0
                  8.412113,40.661767,0
                  8.412146,40.661772,0
                  8.41218,40.661775,0
                  8.412215,40.661778,0
                  8.41225,40.661779,0
                  8.412287,40.66178,0
                  8.412371,40.66178,0
                  8.412401,40.661779,0
                  8.412426,40.661775,0
                  8.412448,40.661769,0
                  8.412466,40.66176,0
                  8.41248,40.661749,0
                  8.41249,40.661735,0
                  8.412496,40.661719,0
                  8.412499,40.6617,0
                  8.412497,40.661679,0
                  8.412492,40.661655,0
                  8.412472,40.661583,0
                  8.412467,40.661584,0
                  8.412459,40.661586,0
                  8.41245,40.661586,0
                  8.412439,40.661587,0
                  8.412426,40.661588,0
                  8.412412,40.661588,0
                  8.412395,40.661589,0
                  8.412377,40.661589,0
                  8.412357,40.661589,0
                  8.412336,40.661589,0
                  8.412222,40.661589,0
                  8.412172,40.661588,0
                  8.412124,40.661585,0
                  8.412077,40.66158,0
                  8.412032,40.661572,0
                  8.411989,40.661562,0
                  8.411948,40.661551,0
                  8.411909,40.661537,0
                  8.411872,40.66152,0
                  8.411836,40.661502,0
                  8.411803,40.661482,0
                  8.411774,40.661462,0
                  8.411748,40.661441,0
                  8.411724,40.661418,0
                  8.411702,40.661394,0
                  8.411682,40.661369,0
                  8.411663,40.661343,0
                  8.411647,40.661315,0
                  8.411633,40.661286,0
                  8.411621,40.661256,0
                  8.411611,40.661224,0
                  8.411601,40.661186,0
                  8.411595,40.661149,0
                  8.411593,40.661115,0
                  8.411594,40.661082,0
                  8.411599,40.661051,0
                  8.411607,40.661022,0
                  8.411619,40.660995,0
                  8.411634,40.660969,0
                  8.411653,40.660945,0
                  8.411675,40.660924,0
                  8.411699,40.660904,0
                  8.411726,40.660887,0
                  8.411756,40.660872,0
                  8.411788,40.660859,0
                  8.411822,40.660848,0
                  8.41186,40.660839,0
                  8.4119,40.660832,0
                  8.411942,40.660827,0
                  8.411988,40.660824,0
                  8.412036,40.660823,0
                  8.412188,40.660823,0
                  8.412233,40.660824,0
                  8.412277,40.660827,0
                  8.41232,40.660832,0
                  8.412361,40.660839,0
                  8.412402,40.660849,0
                  8.412441,40.66086,0
                  8.412479,40.660874,0
                  8.412516,40.66089,0
                  8.412552,40.660908,0
                  8.412586,40.660928,0
                  8.412619,40.660949,0
                  8.41265,40.660972,0
                  8.412677,40.660996,0
                  8.412703,40.661022,0
                  8.412726,40.661048,0
                  8.412746,40.661076,0
                  8.412765,40.661106,0
                  8.41278,40.661136,0
                  8.412793,40.661168,0
                  8.412804,40.661201,0
                  8.412928,40.661641,0
                </coordinates>
              </LinearRing>
            </outerBoundaryIs>
            <innerBoundaryIs>
              <LinearRing>
                <tessellate>1</tessellate>
                <coordinates>
                  8.412398,40.661333,0
                  8.412392,40.661334,0
                  8.412384,40.661335,0
                  8.412374,40.661336,0
                  8.412362,40.661337,0
                  8.412347,40.661338,0
                  8.41233,40.661338,0
                  8.412311,40.661339,0
                  8.412289,40.661339,0
                  8.412266,40.661339,0
                  8.41222,40.661339,0
                  8.412193,40.661338,0
                  8.412169,40.661334,0
                  8.412147,40.661329,0
                  8.412127,40.661321,0
                  8.412109,40.661311,0
                  8.412093,40.661299,0
                  8.41208,40.661284,0
                  8.412068,40.661268,0
                  8.412059,40.661249,0
                  8.412051,40.661228,0
                  8.412042,40.661197,0
                  8.41204,40.661188,0
                  8.412039,40.66118,0
                  8.412039,40.661171,0
                  8.41204,40.661163,0
                  8.412041,40.661155,0
                  8.412043,40.661147,0
                  8.412047,40.66114,0
                  8.412051,40.661133,0
                  8.412055,40.661125,0
                  8.412061,40.661119,0
                  8.412068,40.661112,0
                  8.412075,40.661107,0
                  8.412082,40.661102,0
                  8.41209,40.661097,0
                  8.412099,40.661094,0
                  8.412108,40.661091,0
                  8.412117,40.661088,0
                  8.412127,40.661087,0
                  8.412138,40.661086,0
                  8.412149,40.661085,0
                  8.412195,40.661085,0
                  8.412221,40.661086,0
                  8.412246,40.66109,0
                  8.412268,40.661095,0
                  8.412288,40.661102,0
                  8.412306,40.661112,0
                  8.412322,40.661124,0
                  8.412335,40.661138,0
                  8.412347,40.661154,0
                  8.412356,40.661173,0
                  8.412363,40.661193,0
                  8.412401,40.661332,0
                  8.412398,40.661333,0
                </coordinates>
              </LinearRing>
            </innerBoundaryIs>
          </Polygon>
          <Polygon>
            <outerBoundaryIs>
              <LinearRing>
                <tessellate>1</tessellate>
                <coordinates>
                  8.410364,40.661632,0
                  8.410378,40.661705,0
                  8.410379,40.661771,0
                  8.410365,40.661831,0
                  8.410337,40.661884,0
                  8.410295,40.661931,0
                  8.410271,40.66195,0
                  8.410216,40.661983,0
                  8.410151,40.662008,0
                  8.410078,40.662024,0
                  8.409995,40.662033,0
                  8.409824,40.662034,0
                  8.409779,40.662032,0
                  8.409692,40.662023,0
                  8.409608,40.662005,0
                  8.409527,40.661978,0
                  8.409448,40.661941,0
                  8.409374,40.661896,0
                  8.40931,40.661846,0
                  8.409257,40.661792,0
                  8.409216,40.661733,0
                  8.409186,40.66167,0
                  8.409058,40.66122,0
                  8.409049,40.661185,0
                  8.409042,40.66112,0
                  8.409046,40.661061,0
                  8.409062,40.661007,0
                  8.409089,40.660959,0
                  8.409108,40.660938,0
                  8.409157,40.660896,0
                  8.409217,40.660864,0
                  8.409288,40.660841,0
                  8.40937,40.660827,0
                  8.409464,40.660823,0
                  8.409626,40.660823,0
                  8.409727,40.660825,0
                  8.409822,40.660834,0
                  8.40991,40.660847,0
                  8.409993,40.660866,0
                  8.410068,40.660891,0
                  8.410025,40.661128,0
                  8.409969,40.661109,0
                  8.409909,40.661095,0
                  8.409843,40.661085,0
                  8.409773,40.661078,0
                  8.409697,40.661076,0
                  8.409614,40.661076,0
                  8.409559,40.661081,0
                  8.40952,40.661096,0
                  8.409495,40.661121,0
                  8.409486,40.661156,0
                  8.409492,40.661201,0
                  8.409513,40.661273,0
                  8.409525,40.661271,0
                  8.409545,40.661269,0
                  8.409571,40.661268,0
                  8.409606,40.661267,0
                  8.409647,40.661267,0
                  8.409718,40.661267,0
                  8.409819,40.661271,0
                  8.409913,40.661284,0
                  8.41,40.661306,0
                  8.410081,40.661336,0
                  8.410155,40.661375,0
                  8.410187,40.661395,0
                  8.410243,40.66144,0
                  8.41029,40.661489,0
                  8.410327,40.661543,0
                  8.410354,40.661601,0
                  8.410364,40.661632,0
                </coordinates>
              </LinearRing>
            </outerBoundaryIs>
            <innerBoundaryIs>
              <LinearRing>
                <tessellate>1</tessellate>
                <coordinates>
                  8.409945,40.661676,0
                  8.409945,40.661693,0
                  8.409941,40.661709,0
                  8.409934,40.661723,0
                  8.409923,40.661738,0
                  8.40991,40.66175,0
                  8.409894,40.66176,0
                  8.409877,40.661766,0
                  8.409857,40.661771,0
                  8.409835,40.661772,0
                  8.409789,40.661772,0
                  8.409739,40.661768,0
                  8.409697,40.661755,0
                  8.409664,40.661733,0
                  8.409639,40.661702,0
                  8.409622,40.661663,0
                  8.409583,40.661522,0
                  8.409594,40.66152,0
                  8.409612,40.661519,0
                  8.409639,40.661517,0
                  8.409674,40.661517,0
                  8.409717,40.661516,0
                  8.409739,40.661516,0
                  8.409766,40.661518,0
                  8.409792,40.661521,0
                  8.409817,40.661527,0
                  8.40984,40.661536,0
                  8.409863,40.661546,0
                  8.409884,40.661559,0
                  8.409901,40.661574,0
                  8.409915,40.66159,0
                  8.409925,40.661608,0
                  8.409933,40.661628,0
                  8.409942,40.661659,0
                  8.409945,40.661676,0
                </coordinates>
              </LinearRing>
            </innerBoundaryIs>
          </Polygon>
          <Polygon>
            <outerBoundaryIs>
              <LinearRing>
                <tessellate>1</tessellate>
                <coordinates>
                  8.411782,40.661962,0
                  8.411751,40.661975,0
                  8.411718,40.661988,0
                  8.411682,40.661998,0
                  8.411645,40.662008,0
                  8.411606,40.662016,0
                  8.411565,40.662022,0
                  8.411522,40.662027,0
                  8.411477,40.662031,0
                  8.41143,40.662033,0
                  8.41138,40.662034,0
                  8.411313,40.662034,0
                  8.411263,40.662032,0
                  8.411215,40.662029,0
                  8.411168,40.662023,0
                  8.411123,40.662016,0
                  8.411079,40.662006,0
                  8.411037,40.661993,0
                  8.410996,40.661979,0
                  8.410957,40.661962,0
                  8.41092,40.661943,0
                  8.410884,40.661922,0
                  8.410851,40.661899,0
                  8.410821,40.661876,0
                  8.410793,40.66185,0
                  8.410767,40.661824,0
                  8.410744,40.661795,0
                  8.410723,40.661766,0
                  8.410705,40.661735,0
                  8.410688,40.661702,0
                  8.410675,40.661668,0
                  8.410663,40.661632,0
                  8.410443,40.660848,0
                  8.410883,40.660848,0
                  8.411109,40.661657,0
                  8.411117,40.66168,0
                  8.411127,40.6617,0
                  8.411139,40.661718,0
                  8.411153,40.661733,0
                  8.411169,40.661746,0
                  8.411187,40.661757,0
                  8.411207,40.661765,0
                  8.41123,40.661771,0
                  8.411254,40.661775,0
                  8.41128,40.661776,0
                  8.411308,40.661776,0
                  8.411345,40.661775,0
                  8.411381,40.661774,0
                  8.411415,40.661771,0
                  8.411447,40.661768,0
                  8.411478,40.661763,0
                  8.411507,40.661758,0
                  8.411534,40.661751,0
                  8.411559,40.661743,0
                  8.411583,40.661735,0
                  8.411605,40.661725,0
                  8.411782,40.661962,0
                </coordinates>
              </LinearRing>
            </outerBoundaryIs>
          </Polygon>
          <Polygon>
            <outerBoundaryIs>
              <LinearRing>
                <tessellate>1</tessellate>
                <coordinates>
                  8.406542,40.661989,0
                  8.406102,40.661989,0
                  8.405782,40.660848,0
                  8.406222,40.660848,0
                  8.406542,40.661989,0
                </coordinates>
              </LinearRing>
            </outerBoundaryIs>
          </Polygon>
          <Polygon>
            <outerBoundaryIs>
              <LinearRing>
                <tessellate>1</tessellate>
                <coordinates>
                  8.408909,40.661989,0
                  8.40847,40.661989,0
                  8.40815,40.660848,0
                  8.408589,40.660848,0
                  8.408909,40.661989,0
                </coordinates>
              </LinearRing>
            </outerBoundaryIs>
          </Polygon>
          <Polygon>
            <outerBoundaryIs>
              <LinearRing>
                <tessellate>1</tessellate>
                <coordinates>
                  8.406652,40.662383,0
                  8.406213,40.662383,0
                  8.406138,40.662115,0
                  8.406577,40.662115,0
                  8.406652,40.662383,0
                </coordinates>
              </LinearRing>
            </outerBoundaryIs>
          </Polygon>
          <Polygon>
            <outerBoundaryIs>
              <LinearRing>
                <tessellate>1</tessellate>
                <coordinates>
                  8.40902,40.662383,0
                  8.40858,40.662383,0
                  8.408505,40.662115,0
                  8.408945,40.662115,0
                  8.40902,40.662383,0
                </coordinates>
              </LinearRing>
            </outerBoundaryIs>
          </Polygon>
        </MultiGeometry>
      </Placemark>
      <Placemark>
        <name>SVG 1</name>
        <styleUrl>#poly-F9F9F9-1200-255-nodesc</styleUrl>
        <MultiGeometry>
          <Polygon>
            <outerBoundaryIs>
              <LinearRing>
                <tessellate>1</tessellate>
                <coordinates>
                  8.408861,40.647252,0
                  8.408861,40.647623,0
                  8.408342,40.647655,0
                  8.407839,40.647727,0
                  8.407356,40.647837,0
                  8.406895,40.647982,0
                  8.406459,40.648161,0
                  8.406052,40.648371,0
                  8.405674,40.648611,0
                  8.405331,40.648877,0
                  8.405024,40.649169,0
                  8.404756,40.649483,0
                  8.40453,40.649819,0
                  8.404348,40.650172,0
                  8.404215,40.650542,0
                  8.404131,40.650927,0
                  8.404101,40.651324,0
                  8.403613,40.651324,0
                  8.403646,40.650887,0
                  8.403737,40.650463,0
                  8.403884,40.650055,0
                  8.404084,40.649665,0
                  8.404333,40.649296,0
                  8.404629,40.64895,0
                  8.404968,40.648629,0
                  8.405347,40.648335,0
                  8.405763,40.648072,0
                  8.406212,40.64784,0
                  8.406693,40.647644,0
                  8.407201,40.647484,0
                  8.407734,40.647364,0
                  8.408289,40.647286,0
                  8.408861,40.647252,0
                </coordinates>
              </LinearRing>
            </outerBoundaryIs>
          </Polygon>
          <Polygon>
            <outerBoundaryIs>
              <LinearRing>
                <tessellate>1</tessellate>
                <coordinates>
                  8.4143949,40.651323,0
                  8.413907,40.651323,0
                  8.413877,40.650927,0
                  8.413794,40.650544,0
                  8.413661,40.650175,0
                  8.413481,40.649822,0
                  8.413256,40.649488,0
                  8.412989,40.649174,0
                  8.412684,40.648883,0
                  8.412342,40.648616,0
                  8.411967,40.648377,0
                  8.411561,40.648166,0
                  8.411127,40.647987,0
                  8.410668,40.647841,0
                  8.410187,40.64773,0
                  8.409687,40.647657,0
                  8.409169,40.647623,0
                  8.409169,40.647252,0
                  8.40974,40.647288,0
                  8.410292,40.647368,0
                  8.410823,40.647489,0
                  8.411329,40.64765,0
                  8.411807,40.647847,0
                  8.412255,40.648078,0
                  8.412669,40.648342,0
                  8.413046,40.648635,0
                  8.413384,40.648955,0
                  8.413678,40.649301,0
                  8.413926,40.64967,0
                  8.414125,40.650058,0
                  8.414271,40.650465,0
                  8.414363,40.650888,0
                  8.4143949,40.651323,0
                </coordinates>
              </LinearRing>
            </outerBoundaryIs>
          </Polygon>
          <Polygon>
            <outerBoundaryIs>
              <LinearRing>
                <tessellate>1</tessellate>
                <coordinates>
                  8.40362,40.651557,0
                  8.40411,40.651557,0
                  8.404164,40.651935,0
                  8.404266,40.652301,0
                  8.404415,40.652652,0
                  8.404607,40.652988,0
                  8.40484,40.653305,0
                  8.405111,40.653602,0
                  8.405418,40.653877,0
                  8.405759,40.654129,0
                  8.40613,40.654355,0
                  8.40653,40.654552,0
                  8.406955,40.654721,0
                  8.407403,40.654857,0
                  8.407872,40.654961,0
                  8.408359,40.655028,0
                  8.408861,40.655059,0
                  8.408861,40.65543,0
                  8.408306,40.655398,0
                  8.407767,40.655323,0
                  8.407249,40.65521,0
                  8.406753,40.655059,0
                  8.406283,40.654873,0
                  8.405842,40.654654,0
                  8.405431,40.654405,0
                  8.405056,40.654127,0
                  8.404717,40.653822,0
                  8.404418,40.653493,0
                  8.404161,40.653141,0
                  8.403951,40.65277,0
                  8.403788,40.652381,0
                  8.403677,40.651976,0
                  8.40362,40.651557,0
                </coordinates>
              </LinearRing>
            </outerBoundaryIs>
          </Polygon>
          <Polygon>
            <outerBoundaryIs>
              <LinearRing>
                <tessellate>1</tessellate>
                <coordinates>
                  8.409169,40.655429,0
                  8.409169,40.655059,0
                  8.40967,40.655027,0
                  8.410155,40.654958,0
                  8.410621,40.654854,0
                  8.411068,40.654716,0
                  8.411491,40.654548,0
                  8.411888,40.654349,0
                  8.412258,40.654124,0
                  8.412596,40.653873,0
                  8.412902,40.653598,0
                  8.413172,40.653301,0
                  8.413404,40.652984,0
                  8.413595,40.65265,0
                  8.413743,40.652299,0
                  8.413845,40.651934,0
                  8.413899,40.651557,0
                  8.414388,40.651557,0
                  8.414331,40.651975,0
                  8.414221,40.652378,0
                  8.414059,40.652767,0
                  8.413849,40.653137,0
                  8.413594,40.653488,0
                  8.413297,40.653816,0
                  8.412959,40.654121,0
                  8.412585,40.654399,0
                  8.412177,40.654648,0
                  8.411737,40.654867,0
                  8.41127,40.655054,0
                  8.410776,40.655205,0
                  8.410259,40.65532,0
                  8.409723,40.655395,0
                  8.409169,40.655429,0
                </coordinates>
              </LinearRing>
            </outerBoundaryIs>
          </Polygon>
          <Polygon>
            <outerBoundaryIs>
              <LinearRing>
                <tessellate>1</tessellate>
                <coordinates>
                  8.408528,40.650336,0
                  8.408527,40.650338,0
                  8.408527,40.650378,0
                  8.408526,40.650417,0
                  8.408524,40.650455,0
                  8.408521,40.650493,0
                  8.408518,40.65053,0
                  8.408513,40.650567,0
                  8.408508,40.650602,0
                  8.408502,40.650637,0
                  8.408496,40.650672,0
                  8.408488,40.650705,0
                  8.40848,40.650738,0
                  8.408471,40.65077,0
                  8.408462,40.650802,0
                  8.408451,40.650832,0
                  8.40844,40.650862,0
                  8.408428,40.650892,0
                  8.408415,40.650921,0
                  8.408402,40.65095,0
                  8.408389,40.650978,0
                  8.408375,40.651005,0
                  8.40836,40.651032,0
                  8.408345,40.651059,0
                  8.40833,40.651084,0
                  8.408314,40.65111,0
                  8.408298,40.651135,0
                  8.408281,40.651159,0
                  8.408263,40.651183,0
                  8.408245,40.651206,0
                  8.408227,40.651229,0
                  8.408208,40.651251,0
                  8.408189,40.651273,0
                  8.408169,40.651294,0
                  8.408149,40.651315,0
                  8.408129,40.651336,0
                  8.408108,40.651356,0
                  8.408087,40.651376,0
                  8.408065,40.651395,0
                  8.408043,40.651414,0
                  8.408021,40.651432,0
                  8.407999,40.65145,0
                  8.407976,40.651468,0
                  8.407953,40.651485,0
                  8.407929,40.651502,0
                  8.407905,40.651519,0
                  8.407881,40.651535,0
                  8.407856,40.65155,0
                  8.407832,40.651566,0
                  8.407808,40.651581,0
                  8.407783,40.651596,0
                  8.407758,40.651611,0
                  8.407733,40.651626,0
                  8.407709,40.65164,0
                  8.407684,40.651654,0
                  8.407659,40.651668,0
                  8.407633,40.651682,0
                  8.407608,40.651695,0
                  8.407583,40.651709,0
                  8.407558,40.651722,0
                  8.407532,40.651734,0
                  8.407507,40.651747,0
                  8.407481,40.651759,0
                  8.407456,40.651771,0
                  8.407431,40.651783,0
                  8.407405,40.651795,0
                  8.40738,40.651807,0
                  8.407355,40.651819,0
                  8.40733,40.651831,0
                  8.407305,40.651843,0
                  8.40728,40.651855,0
                  8.407255,40.651866,0
                  8.407231,40.651878,0
                  8.407206,40.651889,0
                  8.407182,40.651901,0
                  8.407157,40.651912,0
                  8.407133,40.651923,0
                  8.407109,40.651934,0
                  8.407085,40.651945,0
                  8.407061,40.651957,0
                  8.407038,40.651968,0
                  8.407015,40.65198,0
                  8.406992,40.651992,0
                  8.40697,40.652003,0
                  8.406948,40.652015,0
                  8.406926,40.652027,0
                  8.406905,40.652039,0
                  8.406884,40.652051,0
                  8.406864,40.652063,0
                  8.406844,40.652076,0
                  8.406824,40.652088,0
                  8.406804,40.652101,0
                  8.406785,40.652113,0
                  8.406767,40.652126,0
                  8.406749,40.65214,0
                  8.406732,40.652153,0
                  8.406715,40.652167,0
                  8.406698,40.652181,0
                  8.406682,40.652196,0
                  8.406667,40.65221,0
                  8.406652,40.652225,0
                  8.406637,40.65224,0
                  8.406623,40.652255,0
                  8.40661,40.652271,0
                  8.406597,40.652287,0
                  8.406585,40.652303,0
                  8.406573,40.652319,0
                  8.406562,40.652335,0
                  8.406551,40.652352,0
                  8.406542,40.652369,0
                  8.406533,40.652387,0
                  8.406525,40.652405,0
                  8.406518,40.652424,0
                  8.406511,40.652442,0
                  8.406505,40.652462,0
                  8.4065,40.652481,0
                  8.406496,40.652502,0
                  8.406493,40.652522,0
                  8.40649,40.652543,0
                  8.406488,40.652564,0
                  8.406487,40.652586,0
                  8.406486,40.652608,0
                  8.406487,40.652623,0
                  8.406487,40.652638,0
                  8.406488,40.652653,0
                  8.406489,40.652667,0
                  8.406491,40.652682,0
                  8.406492,40.652696,0
                  8.406495,40.652711,0
                  8.406497,40.652725,0
                  8.4065,40.652739,0
                  8.406503,40.652753,0
                  8.406507,40.652767,0
                  8.406511,40.652781,0
                  8.406515,40.652795,0
                  8.40652,40.652808,0
                  8.406525,40.652822,0
                  8.40653,40.652835,0
                  8.406536,40.652848,0
                  8.406542,40.652861,0
                  8.406548,40.652874,0
                  8.406555,40.652886,0
                  8.406562,40.652898,0
                  8.40657,40.652909,0
                  8.406578,40.652921,0
                  8.406586,40.652932,0
                  8.406594,40.652943,0
                  8.406603,40.652954,0
                  8.406613,40.652964,0
                  8.406622,40.652974,0
                  8.406632,40.652984,0
                  8.406643,40.652994,0
                  8.406653,40.653003,0
                  8.406664,40.653012,0
                  8.406676,40.653021,0
                  8.406687,40.65303,0
                  8.406699,40.653038,0
                  8.406712,40.653046,0
                  8.406724,40.653054,0
                  8.406737,40.653062,0
                  8.406751,40.653069,0
                  8.406764,40.653076,0
                  8.406778,40.653082,0
                  8.406793,40.653089,0
                  8.406807,40.653095,0
                  8.406822,40.653101,0
                  8.406838,40.653106,0
                  8.406854,40.653112,0
                  8.40687,40.653117,0
                  8.406887,40.653121,0
                  8.406904,40.653126,0
                  8.406921,40.653129,0
                  8.406939,40.653133,0
                  8.406957,40.653136,0
                  8.406975,40.653139,0
                  8.406994,40.653141,0
                  8.407013,40.653143,0
                  8.407032,40.653145,0
                  8.407052,40.653146,0
                  8.407072,40.653147,0
                  8.407092,40.653147,0
                  8.407113,40.653147,0
                  8.40714,40.653147,0
                  8.407167,40.653146,0
                  8.407193,40.653145,0
                  8.407219,40.653144,0
                  8.407244,40.653142,0
                  8.407269,40.653139,0
                  8.407294,40.653136,0
                  8.407319,40.653133,0
                  8.407343,40.653129,0
                  8.407367,40.653124,0
                  8.407391,40.653119,0
                  8.407414,40.653114,0
                  8.407438,40.653108,0
                  8.407461,40.653102,0
                  8.407483,40.653095,0
                  8.407506,40.653088,0
                  8.407528,40.653081,0
                  8.407549,40.653074,0
                  8.407571,40.653066,0
                  8.407591,40.653059,0
                  8.407612,40.653052,0
                  8.407632,40.653044,0
                  8.407652,40.653036,0
                  8.407671,40.653029,0
                  8.407691,40.653021,0
                  8.407709,40.653013,0
                  8.407728,40.653005,0
                  8.407746,40.652996,0
                  8.407764,40.652988,0
                  8.407781,40.65298,0
                  8.407798,40.652971,0
                  8.407815,40.652962,0
                  8.407831,40.652954,0
                  8.407847,40.652945,0
                  8.407862,40.652937,0
                  8.407877,40.652929,0
                  8.407892,40.652921,0
                  8.407906,40.652913,0
                  8.40792,40.652905,0
                  8.407934,40.652897,0
                  8.407947,40.65289,0
                  8.40796,40.652882,0
                  8.407973,40.652875,0
                  8.407985,40.652868,0
                  8.407997,40.65286,0
                  8.408009,40.652853,0
                  8.40802,40.652847,0
                  8.40803,40.652841,0
                  8.408041,40.652836,0
                  8.40805,40.65283,0
                  8.40806,40.652826,0
                  8.408069,40.652822,0
                  8.408077,40.652818,0
                  8.408085,40.652815,0
                  8.408093,40.652812,0
                  8.4081,40.65281,0
                  8.408107,40.652808,0
                  8.408113,40.652807,0
                  8.408119,40.652806,0
                  8.408124,40.652806,0
                  8.40813,40.652806,0
                  8.408135,40.652807,0
                  8.40814,40.652807,0
                  8.408145,40.652808,0
                  8.40815,40.652809,0
                  8.408154,40.65281,0
                  8.408159,40.652812,0
                  8.408163,40.652813,0
                  8.408167,40.652815,0
                  8.408171,40.652817,0
                  8.408175,40.652819,0
                  8.408179,40.652822,0
                  8.408183,40.652824,0
                  8.408186,40.652827,0
                  8.40819,40.65283,0
                  8.408192,40.652833,0
                  8.408195,40.652837,0
                  8.408198,40.65284,0
                  8.408201,40.652844,0
                  8.408203,40.652848,0
                  8.408206,40.652852,0
                  8.408208,40.652857,0
                  8.408211,40.652862,0
                  8.408213,40.652867,0
                  8.408215,40.652873,0
                  8.408218,40.652878,0
                  8.40822,40.652884,0
                  8.408222,40.65289,0
                  8.408224,40.652896,0
                  8.408226,40.652903,0
                  8.408227,40.65291,0
                  8.408229,40.652917,0
                  8.408231,40.652925,0
                  8.408232,40.652932,0
                  8.408234,40.65294,0
                  8.408235,40.652948,0
                  8.408237,40.652957,0
                  8.408238,40.652965,0
                  8.408239,40.652974,0
                  8.40824,40.652983,0
                  8.408241,40.652992,0
                  8.408242,40.653002,0
                  8.408243,40.653012,0
                  8.408244,40.653021,0
                  8.408245,40.653032,0
                  8.408245,40.653042,0
                  8.408246,40.653053,0
                  8.408247,40.653064,0
                  8.408247,40.653076,0
                  8.408248,40.653088,0
                  8.408248,40.6531,0
                  8.408249,40.653112,0
                  8.408249,40.653125,0
                  8.408249,40.653138,0
                  8.40825,40.653151,0
                  8.40825,40.653164,0
                  8.40825,40.653178,0
                  8.40825,40.653192,0
                  8.40825,40.653207,0
                  8.40825,40.653221,0
                  8.40825,40.653235,0
                  8.40825,40.653248,0
                  8.40825,40.653261,0
                  8.40825,40.653273,0
                  8.40825,40.653285,0
                  8.40825,40.653297,0
                  8.408249,40.653309,0
                  8.408249,40.65332,0
                  8.408249,40.653331,0
                  8.408249,40.653341,0
                  8.408248,40.653352,0
                  8.408248,40.653362,0
                  8.408247,40.653371,0
                  8.408247,40.653381,0
                  8.408246,40.65339,0
                  8.408246,40.653399,0
                  8.408245,40.653408,0
                  8.408245,40.653416,0
                  8.408244,40.653425,0
                  8.408243,40.653433,0
                  8.408243,40.653441,0
                  8.408242,40.653449,0
                  8.408241,40.653456,0
                  8.40824,40.653463,0
                  8.408239,40.65347,0
                  8.408238,40.653477,0
                  8.408237,40.653484,0
                  8.408236,40.65349,0
                  8.408235,40.653496,0
                  8.408234,40.653502,0
                  8.408232,40.653508,0
                  8.408231,40.653514,0
                  8.40823,40.65352,0
                  8.408229,40.653525,0
                  8.408227,40.65353,0
                  8.408226,40.653536,0
                  8.408224,40.653541,0
                  8.408223,40.653545,0
                  8.408221,40.65355,0
                  8.40822,40.653555,0
                  8.408218,40.653559,0
                  8.408216,40.653563,0
                  8.408215,40.653567,0
                  8.408213,40.653571,0
                  8.408211,40.653575,0
                  8.408209,40.653578,0
                  8.408207,40.653582,0
                  8.408205,40.653586,0
                  8.408202,40.65359,0
                  8.4082,40.653594,0
                  8.408197,40.653598,0
                  8.408194,40.653602,0
                  8.408191,40.653607,0
                  8.408187,40.653611,0
                  8.408183,40.653616,0
                  8.40818,40.65362,0
                  8.408176,40.653625,0
                  8.408171,40.65363,0
                  8.408167,40.653635,0
                  8.408162,40.65364,0
                  8.408157,40.653645,0
                  8.408151,40.653651,0
                  8.408145,40.653656,0
                  8.408137,40.653662,0
                  8.408129,40.653668,0
                  8.408121,40.653674,0
                  8.408111,40.653681,0
                  8.408101,40.653687,0
                  8.408091,40.653694,0
                  8.408079,40.653701,0
                  8.408067,40.653708,0
                  8.408055,40.653715,0
                  8.408041,40.653722,0
                  8.408027,40.65373,0
                  8.408013,40.653738,0
                  8.407997,40.653746,0
                  8.407982,40.653753,0
                  8.407966,40.653761,0
                  8.40795,40.653768,0
                  8.407933,40.653775,0
                  8.407916,40.653782,0
                  8.407899,40.653789,0
                  8.407882,40.653796,0
                  8.407864,40.653803,0
                  8.407846,40.65381,0
                  8.407828,40.653817,0
                  8.40781,40.653823,0
                  8.407791,40.65383,0
                  8.407772,40.653836,0
                  8.407752,40.653843,0
                  8.407733,40.653849,0
                  8.407713,40.653855,0
                  8.407693,40.65386,0
                  8.407673,40.653866,0
                  8.407652,40.653871,0
                  8.407632,40.653876,0
                  8.407611,40.653882,0
                  8.40759,40.653886,0
                  8.407569,40.653891,0
                  8.407547,40.653896,0
                  8.407526,40.6539,0
                  8.407504,40.653904,0
                  8.407482,40.653908,0
                  8.40746,40.653912,0
                  8.407437,40.653915,0
                  8.407415,40.653919,0
                  8.407392,40.653922,0
                  8.40737,40.653925,0
                  8.407348,40.653928,0
                  8.407325,40.653931,0
                  8.407303,40.653933,0
                  8.40728,40.653935,0
                  8.407258,40.653937,0
                  8.407235,40.653939,0
                  8.407213,40.65394,0
                  8.407191,40.653941,0
                  8.407168,40.653942,0
                  8.407146,40.653943,0
                  8.407124,40.653943,0
                  8.407101,40.653944,0
                  8.407058,40.653943,0
                  8.407015,40.653942,0
                  8.406972,40.65394,0
                  8.40693,40.653937,0
                  8.406888,40.653934,0
                  8.406846,40.653929,0
                  8.406804,40.653924,0
                  8.406763,40.653918,0
                  8.406722,40.653912,0
                  8.406682,40.653904,0
                  8.406641,40.653896,0
                  8.406602,40.653887,0
                  8.406562,40.653877,0
                  8.406523,40.653866,0
                  8.406484,40.653854,0
                  8.406445,40.653842,0
                  8.406408,40.653829,0
                  8.406371,40.653815,0
                  8.406334,40.6538,0
                  8.406299,40.653785,0
                  8.406264,40.653768,0
                  8.40623,40.653751,0
                  8.406196,40.653733,0
                  8.406163,40.653714,0
                  8.406131,40.653694,0
                  8.406099,40.653674,0
                  8.406068,40.653653,0
                  8.406038,40.65363,0
                  8.406008,40.653608,0
                  8.405979,40.653584,0
                  8.405951,40.653559,0
                  8.405923,40.653534,0
                  8.405897,40.653508,0
                  8.405871,40.653481,0
                  8.405846,40.653453,0
                  8.405822,40.653424,0
                  8.405798,40.653395,0
                  8.405775,40.653365,0
                  8.405753,40.653334,0
                  8.405732,40.653302,0
                  8.405712,40.653269,0
                  8.405692,40.653236,0
                  8.405674,40.653201,0
                  8.405656,40.653166,0
                  8.405638,40.65313,0
                  8.405622,40.653093,0
                  8.405607,40.653056,0
                  8.405593,40.653017,0
                  8.40558,40.652978,0
                  8.405568,40.652938,0
                  8.405558,40.652897,0
                  8.405548,40.652855,0
                  8.40554,40.652813,0
                  8.405532,40.65277,0
                  8.405526,40.652726,0
                  8.405521,40.652681,0
                  8.405517,40.652636,0
                  8.405514,40.65259,0
                  8.405513,40.652543,0
                  8.405512,40.652495,0
                  8.405512,40.652454,0
                  8.405514,40.652413,0
                  8.405515,40.652373,0
                  8.405518,40.652334,0
                  8.405522,40.652296,0
                  8.405526,40.652258,0
                  8.405531,40.652222,0
                  8.405537,40.652186,0
                  8.405543,40.65215,0
                  8.405551,40.652116,0
                  8.405559,40.652082,0
                  8.405568,40.65205,0
                  8.405578,40.652018,0
                  8.405588,40.651986,0
                  8.4056,40.651956,0
                  8.405612,40.651926,0
                  8.405624,40.651897,0
                  8.405637,40.651868,0
                  8.40565,40.651839,0
                  8.405664,40.651812,0
                  8.405679,40.651785,0
                  8.405694,40.651758,0
                  8.405709,40.651732,0
                  8.405725,40.651707,0
                  8.405741,40.651682,0
                  8.405758,40.651657,0
                  8.405775,40.651633,0
                  8.405793,40.65161,0
                  8.405811,40.651587,0
                  8.40583,40.651565,0
                  8.405849,40.651543,0
                  8.405868,40.651522,0
                  8.405888,40.651501,0
                  8.405908,40.65148,0
                  8.405928,40.65146,0
                  8.405949,40.65144,0
                  8.40597,40.651421,0
                  8.405992,40.651402,0
                  8.406013,40.651384,0
                  8.406035,40.651366,0
                  8.406058,40.651348,0
                  8.406081,40.651331,0
                  8.406104,40.651315,0
                  8.406127,40.651298,0
                  8.406151,40.651282,0
                  8.406175,40.651267,0
                  8.406199,40.651251,0
                  8.406223,40.651236,0
                  8.406248,40.65122,0
                  8.406272,40.651206,0
                  8.406296,40.651191,0
                  8.406321,40.651177,0
                  8.406346,40.651163,0
                  8.406371,40.651149,0
                  8.406395,40.651135,0
                  8.40642,40.651122,0
                  8.406446,40.651108,0
                  8.406471,40.651095,0
                  8.406496,40.651083,0
                  8.406522,40.65107,0
                  8.406547,40.651058,0
                  8.406572,40.651045,0
                  8.406598,40.651033,0
                  8.406623,40.651021,0
                  8.406648,40.651009,0
                  8.406673,40.650997,0
                  8.406697,40.650985,0
                  8.406722,40.650974,0
                  8.406747,40.650962,0
                  8.406771,40.65095,0
                  8.406796,40.650939,0
                  8.40682,40.650928,0
                  8.406844,40.650916,0
                  8.406868,40.650905,0
                  8.406892,40.650894,0
                  8.406916,40.650883,0
                  8.406939,40.650872,0
                  8.406962,40.65086,0
                  8.406985,40.650849,0
                  8.407008,40.650837,0
                  8.40703,40.650825,0
                  8.407052,40.650814,0
                  8.407073,40.650802,0
                  8.407094,40.65079,0
                  8.407115,40.650778,0
                  8.407135,40.650765,0
                  8.407155,40.650753,0
                  8.407175,40.65074,0
                  8.407194,40.650728,0
                  8.407213,40.650715,0
                  8.407232,40.650702,0
                  8.407251,40.650689,0
                  8.407268,40.650676,0
                  8.407286,40.650663,0
                  8.407303,40.650649,0
                  8.407319,40.650635,0
                  8.407335,40.650621,0
                  8.40735,40.650606,0
                  8.407365,40.650592,0
                  8.407379,40.650577,0
                  8.407393,40.650561,0
                  8.407406,40.650546,0
                  8.407419,40.65053,0
                  8.407432,40.650514,0
                  8.407444,40.650498,0
                  8.407455,40.650482,0
                  8.407465,40.650465,0
                  8.407475,40.650447,0
                  8.407484,40.65043,0
                  8.407492,40.650411,0
                  8.4075,40.650393,0
                  8.407506,40.650373,0
                  8.407512,40.650354,0
                  8.407517,40.650334,0
                  8.407522,40.650313,0
                  8.407525,40.650292,0
                  8.407528,40.650271,0
                  8.40753,40.650249,0
                  8.407531,40.650227,0
                  8.407531,40.650205,0
                  8.407531,40.650185,0
                  8.40753,40.650166,0
                  8.407529,40.650147,0
                  8.407527,40.650128,0
                  8.407525,40.65011,0
                  8.407523,40.650091,0
                  8.40752,40.650073,0
                  8.407516,40.650056,0
                  8.407512,40.650038,0
                  8.407508,40.650021,0
                  8.407503,40.650004,0
                  8.407498,40.649987,0
                  8.407492,40.649971,0
                  8.407486,40.649954,0
                  8.40748,40.649938,0
                  8.407472,40.649923,0
                  8.407465,40.649907,0
                  8.407457,40.649892,0
                  8.407449,40.649877,0
                  8.40744,40.649863,0
                  8.407431,40.649849,0
                  8.407421,40.649835,0
                  8.407411,40.649822,0
                  8.407401,40.649809,0
                  8.40739,40.649796,0
                  8.407379,40.649784,0
                  8.407368,40.649772,0
                  8.407356,40.64976,0
                  8.407344,40.649749,0
                  8.407331,40.649738,0
                  8.407318,40.649727,0
                  8.407304,40.649717,0
                  8.40729,40.649707,0
                  8.407276,40.649697,0
                  8.407261,40.649688,0
                  8.407246,40.649679,0
                  8.407231,40.64967,0
                  8.407215,40.649662,0
                  8.407199,40.649654,0
                  8.407182,40.649646,0
                  8.407165,40.649639,0
                  8.407148,40.649632,0
                  8.40713,40.649625,0
                  8.407112,40.649618,0
                  8.407093,40.649612,0
                  8.407075,40.649606,0
                  8.407056,40.649601,0
                  8.407036,40.649596,0
                  8.407017,40.649592,0
                  8.406997,40.649588,0
                  8.406976,40.649584,0
                  8.406956,40.649581,0
                  8.406935,40.649578,0
                  8.406913,40.649575,0
                  8.406891,40.649573,0
                  8.406869,40.649571,0
                  8.406847,40.64957,0
                  8.406824,40.649569,0
                  8.406801,40.649568,0
                  8.406778,40.649568,0
                  8.406743,40.649569,0
                  8.406708,40.649569,0
                  8.406673,40.649571,0
                  8.40664,40.649573,0
                  8.406606,40.649575,0
                  8.406574,40.649579,0
                  8.406542,40.649582,0
                  8.40651,40.649587,0
                  8.40648,40.649591,0
                  8.406449,40.649597,0
                  8.40642,40.649603,0
                  8.406391,40.64961,0
                  8.406362,40.649617,0
                  8.406334,40.649625,0
                  8.406307,40.649633,0
                  8.40628,40.649642,0
                  8.406253,40.649651,0
                  8.406227,40.649659,0
                  8.406202,40.649668,0
                  8.406177,40.649678,0
                  8.406152,40.649687,0
                  8.406128,40.649696,0
                  8.406105,40.649706,0
                  8.406082,40.649715,0
                  8.406059,40.649725,0
                  8.406038,40.649735,0
                  8.406016,40.649745,0
                  8.405995,40.649755,0
                  8.405975,40.649765,0
                  8.405955,40.649775,0
                  8.405936,40.649785,0
                  8.405917,40.649796,0
                  8.405899,40.649806,0
                  8.405881,40.649815,0
                  8.405864,40.649825,0
                  8.405847,40.649835,0
                  8.40583,40.649845,0
                  8.405814,40.649854,0
                  8.405799,40.649864,0
                  8.405783,40.649873,0
                  8.405769,40.649882,0
                  8.405755,40.649891,0
                  8.405741,40.6499,0
                  8.405728,40.649908,0
                  8.405715,40.649917,0
                  8.405703,40.649925,0
                  8.405691,40.649933,0
                  8.405679,40.649941,0
                  8.405668,40.649947,0
                  8.405657,40.649953,0
                  8.405646,40.649959,0
                  8.405636,40.649964,0
                  8.405626,40.649968,0
                  8.405617,40.649972,0
                  8.405608,40.649975,0
                  8.4056,40.649978,0
                  8.405592,40.64998,0
                  8.405584,40.649981,0
                  8.405577,40.649982,0
                  8.40557,40.649982,0
                  8.405565,40.649982,0
                  8.40556,40.649982,0
                  8.405555,40.649981,0
                  8.40555,40.649981,0
                  8.405546,40.64998,0
                  8.405541,40.649979,0
                  8.405537,40.649978,0
                  8.405533,40.649976,0
                  8.405529,40.649975,0
                  8.405524,40.649973,0
                  8.40552,40.649971,0
                  8.405516,40.649969,0
                  8.405512,40.649966,0
                  8.405509,40.649964,0
                  8.405505,40.649961,0
                  8.405501,40.649958,0
                  8.405498,40.649955,0
                  8.405495,40.649951,0
                  8.405491,40.649947,0
                  8.405488,40.649943,0
                  8.405485,40.649939,0
                  8.405482,40.649934,0
                  8.405479,40.64993,0
                  8.405476,40.649925,0
                  8.405474,40.649919,0
                  8.405471,40.649914,0
                  8.405468,40.649908,0
                  8.405466,40.649902,0
                  8.405464,40.649896,0
                  8.405461,40.64989,0
                  8.405459,40.649882,0
                  8.405457,40.649875,0
                  8.405455,40.649868,0
                  8.405453,40.64986,0
                  8.405452,40.649852,0
                  8.40545,40.649843,0
                  8.405448,40.649835,0
                  8.405447,40.649826,0
                  8.405445,40.649817,0
                  8.405444,40.649807,0
                  8.405443,40.649798,0
                  8.405441,40.649788,0
                  8.40544,40.649778,0
                  8.405439,40.649767,0
                  8.405438,40.649757,0
                  8.405437,40.649746,0
                  8.405436,40.649734,0
                  8.405435,40.649723,0
                  8.405435,40.649711,0
                  8.405434,40.649698,0
                  8.405433,40.649686,0
                  8.405433,40.649673,0
                  8.405432,40.649659,0
                  8.405432,40.649645,0
                  8.405432,40.649631,0
                  8.405431,40.649617,0
                  8.405431,40.649602,0
                  8.405431,40.649587,0
                  8.405431,40.649571,0
                  8.405431,40.649555,0
                  8.405431,40.649532,0
                  8.405431,40.649509,0
                  8.405431,40.649487,0
                  8.405432,40.649466,0
                  8.405433,40.649445,0
                  8.405434,40.649426,0
                  8.405435,40.649407,0
                  8.405436,40.649388,0
                  8.405438,40.649371,0
                  8.405439,40.649354,0
                  8.405441,40.649338,0
                  8.405443,40.649323,0
                  8.405446,40.649309,0
                  8.405448,40.649295,0
                  8.405451,40.649282,0
                  8.405453,40.649269,0
                  8.405456,40.649257,0
                  8.40546,40.649245,0
                  8.405463,40.649234,0
                  8.405467,40.649223,0
                  8.405471,40.649212,0
                  8.405475,40.649202,0
                  8.40548,40.649192,0
                  8.405485,40.649183,0
                  8.40549,40.649174,0
                  8.405495,40.649165,0
                  8.4055,40.649157,0
                  8.405506,40.649149,0
                  8.405512,40.649142,0
                  8.405518,40.649135,0
                  8.405525,40.649128,0
                  8.405532,40.649121,0
                  8.40554,40.649114,0
                  8.405548,40.649107,0
                  8.405557,40.649099,0
                  8.405567,40.649092,0
                  8.405576,40.649084,0
                  8.405587,40.649076,0
                  8.405598,40.649068,0
                  8.405609,40.64906,0
                  8.405621,40.649052,0
                  8.405634,40.649043,0
                  8.405647,40.649034,0
                  8.40566,40.649026,0
                  8.405675,40.649017,0
                  8.405689,40.649008,0
                  8.405704,40.648999,0
                  8.40572,40.64899,0
                  8.405736,40.648981,0
                  8.405753,40.648972,0
                  8.40577,40.648964,0
                  8.405787,40.648955,0
                  8.405805,40.648947,0
                  8.405824,40.648938,0
                  8.405843,40.64893,0
                  8.405862,40.648922,0
                  8.405882,40.648913,0
                  8.405902,40.648905,0
                  8.405923,40.648897,0
                  8.405945,40.648889,0
                  8.405966,40.648881,0
                  8.405988,40.648873,0
                  8.406011,40.648865,0
                  8.406034,40.648858,0
                  8.406057,40.64885,0
                  8.406081,40.648843,0
                  8.406106,40.648836,0
                  8.40613,40.648829,0
                  8.406156,40.648822,0
                  8.406181,40.648816,0
                  8.406207,40.648809,0
                  8.406234,40.648803,0
                  8.406261,40.648796,0
                  8.406288,40.64879,0
                  8.406316,40.648784,0
                  8.406344,40.648779,0
                  8.406373,40.648773,0
                  8.406402,40.648769,0
                  8.406431,40.648764,0
                  8.40646,40.64876,0
                  8.40649,40.648756,0
                  8.40652,40.648753,0
                  8.40655,40.64875,0
                  8.406581,40.648748,0
                  8.406612,40.648745,0
                  8.406643,40.648744,0
                  8.406675,40.648742,0
                  8.406707,40.648741,0
                  8.406739,40.648741,0
                  8.406772,40.648741,0
                  8.40682,40.648741,0
                  8.406868,40.648742,0
                  8.406916,40.648745,0
                  8.406963,40.648748,0
                  8.40701,40.648752,0
                  8.407056,40.648756,0
                  8.407102,40.648762,0
                  8.407147,40.648769,0
                  8.407192,40.648777,0
                  8.407237,40.648785,0
                  8.407281,40.648794,0
                  8.407325,40.648805,0
                  8.407369,40.648816,0
                  8.407412,40.648828,0
                  8.407454,40.648841,0
                  8.407497,40.648855,0
                  8.407538,40.64887,0
                  8.407579,40.648886,0
                  8.407618,40.648903,0
                  8.407658,40.64892,0
                  8.407696,40.648938,0
                  8.407734,40.648958,0
                  8.407771,40.648978,0
                  8.407808,40.648999,0
                  8.407843,40.64902,0
                  8.407878,40.649043,0
                  8.407913,40.649067,0
                  8.407946,40.649091,0
                  8.407979,40.649116,0
                  8.408012,40.649142,0
                  8.408043,40.649169,0
                  8.408073,40.649197,0
                  8.408103,40.649226,0
                  8.408132,40.649256,0
                  8.408159,40.649286,0
                  8.408186,40.649318,0
                  8.408212,40.64935,0
                  8.408237,40.649383,0
                  8.408261,40.649417,0
                  8.408285,40.649452,0
                  8.408307,40.649488,0
                  8.408329,40.649525,0
                  8.40835,40.649562,0
                  8.40837,40.649601,0
                  8.408389,40.64964,0
                  8.408407,40.649681,0
                  8.408424,40.649722,0
                  8.408439,40.649764,0
                  8.408454,40.649807,0
                  8.408466,40.649851,0
                  8.408478,40.649895,0
                  8.408489,40.649941,0
                  8.408498,40.649987,0
                  8.408506,40.650034,0
                  8.408513,40.650082,0
                  8.408518,40.650131,0
                  8.408523,40.650181,0
                  8.408526,40.650232,0
                  8.408528,40.650284,0
                  8.408528,40.650336,0
                </coordinates>
              </LinearRing>
            </outerBoundaryIs>
          </Polygon>
          <Polygon>
            <outerBoundaryIs>
              <LinearRing>
                <tessellate>1</tessellate>
                <coordinates>
                  8.412945,40.651415,0
                  8.412947,40.651416,0
                  8.412946,40.651495,0
                  8.412944,40.651573,0
                  8.412941,40.65165,0
                  8.412936,40.651725,0
                  8.412929,40.651799,0
                  8.412922,40.651871,0
                  8.412913,40.651943,0
                  8.412902,40.652013,0
                  8.41289,40.652082,0
                  8.412877,40.652149,0
                  8.412862,40.652216,0
                  8.412846,40.652281,0
                  8.412829,40.652345,0
                  8.41281,40.652407,0
                  8.41279,40.652468,0
                  8.412768,40.652528,0
                  8.412745,40.652587,0
                  8.412721,40.652644,0
                  8.412695,40.6527,0
                  8.412669,40.652755,0
                  8.412641,40.652808,0
                  8.412611,40.65286,0
                  8.412581,40.652911,0
                  8.412549,40.652961,0
                  8.412515,40.653009,0
                  8.412481,40.653056,0
                  8.412445,40.653102,0
                  8.412408,40.653146,0
                  8.41237,40.65319,0
                  8.41233,40.653232,0
                  8.412289,40.653272,0
                  8.412247,40.653311,0
                  8.412204,40.653349,0
                  8.412159,40.653385,0
                  8.412113,40.65342,0
                  8.412066,40.653454,0
                  8.412018,40.653486,0
                  8.411968,40.653517,0
                  8.411917,40.653547,0
                  8.411865,40.653575,0
                  8.411812,40.653602,0
                  8.411757,40.653628,0
                  8.411701,40.653652,0
                  8.411644,40.653675,0
                  8.411586,40.653697,0
                  8.411526,40.653717,0
                  8.411465,40.653736,0
                  8.411402,40.653754,0
                  8.411337,40.65377,0
                  8.41127,40.653784,0
                  8.411202,40.653798,0
                  8.411132,40.65381,0
                  8.41106,40.65382,0
                  8.410987,40.653829,0
                  8.410912,40.653837,0
                  8.410835,40.653843,0
                  8.410756,40.653848,0
                  8.410676,40.653852,0
                  8.410594,40.653854,0
                  8.41051,40.653854,0
                  8.410071,40.653854,0
                  8.410071,40.653051,0
                  8.410455,40.653051,0
                  8.410514,40.65305,0
                  8.410571,40.653049,0
                  8.410626,40.653046,0
                  8.41068,40.653042,0
                  8.410732,40.653037,0
                  8.410783,40.65303,0
                  8.410832,40.653023,0
                  8.41088,40.653015,0
                  8.410926,40.653005,0
                  8.41097,40.652995,0
                  8.411014,40.652983,0
                  8.411055,40.65297,0
                  8.411095,40.652956,0
                  8.411134,40.652941,0
                  8.411171,40.652925,0
                  8.411207,40.652908,0
                  8.411242,40.652889,0
                  8.411276,40.65287,0
                  8.411309,40.652851,0
                  8.411341,40.65283,0
                  8.411373,40.652808,0
                  8.411404,40.652786,0
                  8.411433,40.652762,0
                  8.411462,40.652738,0
                  8.41149,40.652713,0
                  8.411517,40.652686,0
                  8.411544,40.652659,0
                  8.411569,40.652632,0
                  8.411594,40.652603,0
                  8.411618,40.652573,0
                  8.41164,40.652543,0
                  8.411662,40.652512,0
                  8.411684,40.65248,0
                  8.411704,40.652448,0
                  8.411723,40.652414,0
                  8.411742,40.652381,0
                  8.411759,40.652346,0
                  8.411776,40.652311,0
                  8.411792,40.652275,0
                  8.411807,40.652238,0
                  8.411822,40.6522,0
                  8.411835,40.652162,0
                  8.411848,40.652123,0
                  8.411859,40.652083,0
                  8.41187,40.652043,0
                  8.411881,40.652002,0
                  8.41189,40.65196,0
                  8.411899,40.651918,0
                  8.411907,40.651875,0
                  8.411914,40.651832,0
                  8.411921,40.651789,0
                  8.411927,40.651745,0
                  8.411932,40.651701,0
                  8.411936,40.651657,0
                  8.41194,40.651611,0
                  8.411943,40.651566,0
                  8.411946,40.65152,0
                  8.411948,40.651473,0
                  8.411949,40.651427,0
                  8.411949,40.651379,0
                  8.411949,40.651322,0
                  8.411947,40.651265,0
                  8.411945,40.65121,0
                  8.411942,40.651155,0
                  8.411939,40.651102,0
                  8.411934,40.651049,0
                  8.411929,40.650998,0
                  8.411923,40.650947,0
                  8.411916,40.650897,0
                  8.411909,40.650849,0
                  8.4119,40.650801,0
                  8.411891,40.650754,0
                  8.411881,40.650708,0
                  8.41187,40.650663,0
                  8.411859,40.650619,0
                  8.411846,40.650576,0
                  8.411833,40.650534,0
                  8.411819,40.650493,0
                  8.411804,40.650453,0
                  8.411789,40.650414,0
                  8.411772,40.650376,0
                  8.411755,40.650338,0
                  8.411737,40.650302,0
                  8.411718,40.650267,0
                  8.411699,40.650232,0
                  8.411678,40.650199,0
                  8.411657,40.650166,0
                  8.411635,40.650135,0
                  8.411612,40.650104,0
                  8.411589,40.650075,0
                  8.411564,40.650046,0
                  8.411539,40.650018,0
                  8.411512,40.649991,0
                  8.411485,40.649966,0
                  8.411457,40.649941,0
                  8.411429,40.649917,0
                  8.411399,40.649894,0
                  8.411369,40.649872,0
                  8.411338,40.649851,0
                  8.411306,40.649832,0
                  8.411274,40.649813,0
                  8.411241,40.649795,0
                  8.411207,40.649778,0
                  8.411172,40.649762,0
                  8.411136,40.649747,0
                  8.4111,40.649733,0
                  8.411062,40.64972,0
                  8.411023,40.649708,0
                  8.410983,40.649696,0
                  8.410942,40.649686,0
                  8.4109,40.649677,0
                  8.410857,40.649669,0
                  8.410812,40.649662,0
                  8.410766,40.649655,0
                  8.41072,40.64965,0
                  8.410672,40.649646,0
                  8.410623,40.649642,0
                  8.410573,40.64964,0
                  8.410522,40.649639,0
                  8.41047,40.649638,0
                  8.410071,40.649638,0
                  8.410071,40.648827,0
                  8.410425,40.648827,0
                  8.410509,40.648828,0
                  8.41059,40.64883,0
                  8.410671,40.648833,0
                  8.410749,40.648837,0
                  8.410826,40.648843,0
                  8.410902,40.64885,0
                  8.410976,40.648859,0
                  8.411048,40.648869,0
                  8.411119,40.64888,0
                  8.411189,40.648892,0
                  8.411256,40.648906,0
                  8.411323,40.648921,0
                  8.411387,40.648937,0
                  8.41145,40.648954,0
                  8.411512,40.648973,0
                  8.411572,40.648993,0
                  8.411631,40.649015,0
                  8.411689,40.649038,0
                  8.411745,40.649062,0
                  8.4118,40.649088,0
                  8.411855,40.649116,0
                  8.411907,40.649145,0
                  8.411959,40.649175,0
                  8.41201,40.649207,0
                  8.412059,40.649241,0
                  8.412107,40.649275,0
                  8.412154,40.649312,0
                  8.412199,40.649349,0
                  8.412244,40.649389,0
                  8.412287,40.649429,0
                  8.412328,40.649472,0
                  8.412369,40.649516,0
                  8.412408,40.649561,0
                  8.412446,40.649608,0
                  8.412482,40.649657,0
                  8.412518,40.649707,0
                  8.412551,40.649759,0
                  8.412584,40.649813,0
                  8.412615,40.649868,0
                  8.412645,40.649924,0
                  8.412674,40.649982,0
                  8.412701,40.650042,0
                  8.412727,40.650104,0
                  8.412752,40.650167,0
                  8.412775,40.650231,0
                  8.412797,40.650298,0
                  8.412818,40.650366,0
                  8.412837,40.650437,0
                  8.412854,40.650508,0
                  8.41287,40.650582,0
                  8.412884,40.650657,0
                  8.412897,40.650735,0
                  8.412908,40.650814,0
                  8.412918,40.650894,0
                  8.412926,40.650977,0
                  8.412933,40.651061,0
                  8.412938,40.651147,0
                  8.412942,40.651235,0
                  8.412944,40.651324,0
                  8.412945,40.651415,0
                </coordinates>
              </LinearRing>
            </outerBoundaryIs>
          </Polygon>
          <Polygon>
            <outerBoundaryIs>
              <LinearRing>
                <tessellate>1</tessellate>
                <coordinates>
                  8.409966,40.648828,0
                  8.409966,40.653854,0
                  8.409292,40.653854,0
                  8.409276,40.653854,0
                  8.40926,40.653853,0
                  8.409245,40.653851,0
                  8.40923,40.653849,0
                  8.409215,40.653846,0
                  8.409201,40.653843,0
                  8.409187,40.653838,0
                  8.409174,40.653833,0
                  8.40916,40.653828,0
                  8.409147,40.653821,0
                  8.409135,40.653814,0
                  8.409123,40.653806,0
                  8.409111,40.653798,0
                  8.409099,40.653789,0
                  8.409088,40.653779,0
                  8.409077,40.653769,0
                  8.409068,40.653757,0
                  8.409058,40.653745,0
                  8.40905,40.653732,0
                  8.409042,40.653718,0
                  8.409035,40.653703,0
                  8.409029,40.653688,0
                  8.409024,40.653671,0
                  8.409019,40.653654,0
                  8.409015,40.653636,0
                  8.409012,40.653617,0
                  8.409009,40.653597,0
                  8.409007,40.653576,0
                  8.409006,40.653555,0
                  8.409006,40.653532,0
                  8.409006,40.64915,0
                  8.409006,40.649127,0
                  8.409007,40.649106,0
                  8.409009,40.649085,0
                  8.409012,40.649065,0
                  8.409015,40.649046,0
                  8.409019,40.649028,0
                  8.409024,40.649011,0
                  8.409029,40.648994,0
                  8.409035,40.648979,0
                  8.409042,40.648964,0
                  8.40905,40.64895,0
                  8.409058,40.648937,0
                  8.409068,40.648925,0
                  8.409077,40.648914,0
                  8.409088,40.648903,0
                  8.409099,40.648893,0
                  8.409111,40.648884,0
                  8.409123,40.648876,0
                  8.409135,40.648868,0
                  8.409147,40.648861,0
                  8.40916,40.648855,0
                  8.409174,40.648849,0
                  8.409187,40.648844,0
                  8.409201,40.64884,0
                  8.409215,40.648836,0
                  8.40923,40.648833,0
                  8.409245,40.648831,0
                  8.40926,40.648829,0
                  8.409276,40.648828,0
                  8.409292,40.648828,0
                  8.409966,40.648828,0
                </coordinates>
              </LinearRing>
            </outerBoundaryIs>
          </Polygon>
        </MultiGeometry>
      </Placemark>
    </Folder>
    <Folder>
      <name>01 Access.kmz</name>
    </Folder>
  </Document>
</kml>
