<?xml version="1.0" encoding="UTF-8"?>
<kml xmlns="http://www.opengis.net/kml/2.2">
  <Document>
    <name>RIS26 - SS10/13 Solorche</name>
    <description/>
    <Style id="icon-1899-DB4436-normal">
      <IconStyle>
        <color>ff3644db</color>
        <scale>1</scale>
        <Icon>
          <href>https://www.gstatic.com/mapspro/images/stock/503-wht-blank_maps.png</href>
        </Icon>
        <hotSpot x="32" xunits="pixels" y="64" yunits="insetPixels"/>
      </IconStyle>
      <LabelStyle>
        <scale>0</scale>
      </LabelStyle>
    </Style>
    <Style id="icon-1899-DB4436-highlight">
      <IconStyle>
        <color>ff3644db</color>
        <scale>1</scale>
        <Icon>
          <href>https://www.gstatic.com/mapspro/images/stock/503-wht-blank_maps.png</href>
        </Icon>
        <hotSpot x="32" xunits="pixels" y="64" yunits="insetPixels"/>
      </IconStyle>
      <LabelStyle>
        <scale>1</scale>
      </LabelStyle>
    </Style>
    <StyleMap id="icon-1899-DB4436">
      <Pair>
        <key>normal</key>
        <styleUrl>#icon-1899-DB4436-normal</styleUrl>
      </Pair>
      <Pair>
        <key>highlight</key>
        <styleUrl>#icon-1899-DB4436-highlight</styleUrl>
      </Pair>
    </StyleMap>
    <Style id="icon-1899-DB4436-nodesc-normal">
      <IconStyle>
        <color>ff3644db</color>
        <scale>1</scale>
        <Icon>
          <href>https://www.gstatic.com/mapspro/images/stock/503-wht-blank_maps.png</href>
        </Icon>
        <hotSpot x="32" xunits="pixels" y="64" yunits="insetPixels"/>
      </IconStyle>
      <LabelStyle>
        <scale>0</scale>
      </LabelStyle>
      <BalloonStyle>
        <text><![CDATA[<h3>$[name]</h3>]]></text>
      </BalloonStyle>
    </Style>
    <Style id="icon-1899-DB4436-nodesc-highlight">
      <IconStyle>
        <color>ff3644db</color>
        <scale>1</scale>
        <Icon>
          <href>https://www.gstatic.com/mapspro/images/stock/503-wht-blank_maps.png</href>
        </Icon>
        <hotSpot x="32" xunits="pixels" y="64" yunits="insetPixels"/>
      </IconStyle>
      <LabelStyle>
        <scale>1</scale>
      </LabelStyle>
      <BalloonStyle>
        <text><![CDATA[<h3>$[name]</h3>]]></text>
      </BalloonStyle>
    </Style>
    <StyleMap id="icon-1899-DB4436-nodesc">
      <Pair>
        <key>normal</key>
        <styleUrl>#icon-1899-DB4436-nodesc-normal</styleUrl>
      </Pair>
      <Pair>
        <key>highlight</key>
        <styleUrl>#icon-1899-DB4436-nodesc-highlight</styleUrl>
      </Pair>
    </StyleMap>
    <Style id="line-ACA83A-8000-nodesc-normal">
      <LineStyle>
        <color>ff3aa8ac</color>
        <width>8</width>
      </LineStyle>
      <BalloonStyle>
        <text><![CDATA[<h3>$[name]</h3>]]></text>
      </BalloonStyle>
    </Style>
    <Style id="line-ACA83A-8000-nodesc-highlight">
      <LineStyle>
        <color>ff3aa8ac</color>
        <width>12</width>
      </LineStyle>
      <BalloonStyle>
        <text><![CDATA[<h3>$[name]</h3>]]></text>
      </BalloonStyle>
    </Style>
    <StyleMap id="line-ACA83A-8000-nodesc">
      <Pair>
        <key>normal</key>
        <styleUrl>#line-ACA83A-8000-nodesc-normal</styleUrl>
      </Pair>
      <Pair>
        <key>highlight</key>
        <styleUrl>#line-ACA83A-8000-nodesc-highlight</styleUrl>
      </Pair>
    </StyleMap>
    <Style id="line-FF0000-5000-nodesc-normal">
      <LineStyle>
        <color>ff0000ff</color>
        <width>5</width>
      </LineStyle>
      <BalloonStyle>
        <text><![CDATA[<h3>$[name]</h3>]]></text>
      </BalloonStyle>
    </Style>
    <Style id="line-FF0000-5000-nodesc-highlight">
      <LineStyle>
        <color>ff0000ff</color>
        <width>7.5</width>
      </LineStyle>
      <BalloonStyle>
        <text><![CDATA[<h3>$[name]</h3>]]></text>
      </BalloonStyle>
    </Style>
    <StyleMap id="line-FF0000-5000-nodesc">
      <Pair>
        <key>normal</key>
        <styleUrl>#line-FF0000-5000-nodesc-normal</styleUrl>
      </Pair>
      <Pair>
        <key>highlight</key>
        <styleUrl>#line-FF0000-5000-nodesc-highlight</styleUrl>
      </Pair>
    </StyleMap>
    <Style id="poly-000000-1000-128-nodesc-normal">
      <LineStyle>
        <color>ff000000</color>
        <width>1</width>
      </LineStyle>
      <PolyStyle>
        <color>80000000</color>
        <fill>1</fill>
        <outline>1</outline>
      </PolyStyle>
      <BalloonStyle>
        <text><![CDATA[<h3>$[name]</h3>]]></text>
      </BalloonStyle>
    </Style>
    <Style id="poly-000000-1000-128-nodesc-highlight">
      <LineStyle>
        <color>ff000000</color>
        <width>1.5</width>
      </LineStyle>
      <PolyStyle>
        <color>80000000</color>
        <fill>1</fill>
        <outline>1</outline>
      </PolyStyle>
      <BalloonStyle>
        <text><![CDATA[<h3>$[name]</h3>]]></text>
      </BalloonStyle>
    </Style>
    <StyleMap id="poly-000000-1000-128-nodesc">
      <Pair>
        <key>normal</key>
        <styleUrl>#poly-000000-1000-128-nodesc-normal</styleUrl>
      </Pair>
      <Pair>
        <key>highlight</key>
        <styleUrl>#poly-000000-1000-128-nodesc-highlight</styleUrl>
      </Pair>
    </StyleMap>
    <Style id="poly-000066-1000-191-nodesc-normal">
      <LineStyle>
        <color>ff660000</color>
        <width>1</width>
      </LineStyle>
      <PolyStyle>
        <color>bf660000</color>
        <fill>1</fill>
        <outline>1</outline>
      </PolyStyle>
      <BalloonStyle>
        <text><![CDATA[<h3>$[name]</h3>]]></text>
      </BalloonStyle>
    </Style>
    <Style id="poly-000066-1000-191-nodesc-highlight">
      <LineStyle>
        <color>ff660000</color>
        <width>1.5</width>
      </LineStyle>
      <PolyStyle>
        <color>bf660000</color>
        <fill>1</fill>
        <outline>1</outline>
      </PolyStyle>
      <BalloonStyle>
        <text><![CDATA[<h3>$[name]</h3>]]></text>
      </BalloonStyle>
    </Style>
    <StyleMap id="poly-000066-1000-191-nodesc">
      <Pair>
        <key>normal</key>
        <styleUrl>#poly-000066-1000-191-nodesc-normal</styleUrl>
      </Pair>
      <Pair>
        <key>highlight</key>
        <styleUrl>#poly-000066-1000-191-nodesc-highlight</styleUrl>
      </Pair>
    </StyleMap>
    <Style id="poly-0000FF-1200-128-nodesc-normal">
      <LineStyle>
        <color>ffff0000</color>
        <width>1.2</width>
      </LineStyle>
      <PolyStyle>
        <color>80ff0000</color>
        <fill>1</fill>
        <outline>1</outline>
      </PolyStyle>
      <BalloonStyle>
        <text><![CDATA[<h3>$[name]</h3>]]></text>
      </BalloonStyle>
    </Style>
    <Style id="poly-0000FF-1200-128-nodesc-highlight">
      <LineStyle>
        <color>ffff0000</color>
        <width>1.8</width>
      </LineStyle>
      <PolyStyle>
        <color>80ff0000</color>
        <fill>1</fill>
        <outline>1</outline>
      </PolyStyle>
      <BalloonStyle>
        <text><![CDATA[<h3>$[name]</h3>]]></text>
      </BalloonStyle>
    </Style>
    <StyleMap id="poly-0000FF-1200-128-nodesc">
      <Pair>
        <key>normal</key>
        <styleUrl>#poly-0000FF-1200-128-nodesc-normal</styleUrl>
      </Pair>
      <Pair>
        <key>highlight</key>
        <styleUrl>#poly-0000FF-1200-128-nodesc-highlight</styleUrl>
      </Pair>
    </StyleMap>
    <Style id="poly-F9F9F9-1200-255-nodesc-normal">
      <LineStyle>
        <color>fff9f9f9</color>
        <width>1.2</width>
      </LineStyle>
      <PolyStyle>
        <color>fff9f9f9</color>
        <fill>1</fill>
        <outline>1</outline>
      </PolyStyle>
      <BalloonStyle>
        <text><![CDATA[<h3>$[name]</h3>]]></text>
      </BalloonStyle>
    </Style>
    <Style id="poly-F9F9F9-1200-255-nodesc-highlight">
      <LineStyle>
        <color>fff9f9f9</color>
        <width>1.8</width>
      </LineStyle>
      <PolyStyle>
        <color>fff9f9f9</color>
        <fill>1</fill>
        <outline>1</outline>
      </PolyStyle>
      <BalloonStyle>
        <text><![CDATA[<h3>$[name]</h3>]]></text>
      </BalloonStyle>
    </Style>
    <StyleMap id="poly-F9F9F9-1200-255-nodesc">
      <Pair>
        <key>normal</key>
        <styleUrl>#poly-F9F9F9-1200-255-nodesc-normal</styleUrl>
      </Pair>
      <Pair>
        <key>highlight</key>
        <styleUrl>#poly-F9F9F9-1200-255-nodesc-highlight</styleUrl>
      </Pair>
    </StyleMap>
    <Style id="poly-FFDE23-1200-128-nodesc-normal">
      <LineStyle>
        <color>ff23deff</color>
        <width>1.2</width>
      </LineStyle>
      <PolyStyle>
        <color>8023deff</color>
        <fill>1</fill>
        <outline>1</outline>
      </PolyStyle>
      <BalloonStyle>
        <text><![CDATA[<h3>$[name]</h3>]]></text>
      </BalloonStyle>
    </Style>
    <Style id="poly-FFDE23-1200-128-nodesc-highlight">
      <LineStyle>
        <color>ff23deff</color>
        <width>1.8</width>
      </LineStyle>
      <PolyStyle>
        <color>8023deff</color>
        <fill>1</fill>
        <outline>1</outline>
      </PolyStyle>
      <BalloonStyle>
        <text><![CDATA[<h3>$[name]</h3>]]></text>
      </BalloonStyle>
    </Style>
    <StyleMap id="poly-FFDE23-1200-128-nodesc">
      <Pair>
        <key>normal</key>
        <styleUrl>#poly-FFDE23-1200-128-nodesc-normal</styleUrl>
      </Pair>
      <Pair>
        <key>highlight</key>
        <styleUrl>#poly-FFDE23-1200-128-nodesc-highlight</styleUrl>
      </Pair>
    </StyleMap>
    <Folder>
      <name>Access</name>
      <Placemark>
        <name>16</name>
        <styleUrl>#icon-1899-DB4436-nodesc</styleUrl>
        <Point>
          <coordinates>
            9.047515,40.473992,0
          </coordinates>
        </Point>
      </Placemark>
      <Placemark>
        <name>17 - 18</name>
        <styleUrl>#icon-1899-DB4436-nodesc</styleUrl>
        <Point>
          <coordinates>
            9.084535,40.547353,0
          </coordinates>
        </Point>
      </Placemark>
      <Placemark>
        <name>17 - 18 bifacciale</name>
        <styleUrl>#icon-1899-DB4436-nodesc</styleUrl>
        <Point>
          <coordinates>
            9.084002,40.561794,0
          </coordinates>
        </Point>
      </Placemark>
      <Placemark>
        <name>16 Access</name>
        <styleUrl>#line-ACA83A-8000-nodesc</styleUrl>
        <LineString>
          <tessellate>1</tessellate>
          <coordinates>
            9.047576,40.473961,0
            9.04763,40.47409,0
            9.047634,40.474185,0
            9.047642,40.474249,0
            9.047629,40.4744,0
            9.04761,40.474606,0
            9.0476,40.474699,0
            9.04759,40.474785,0
            9.047545,40.475144,0
            9.047523,40.475323,0
            9.0475,40.475502,0
            9.047482,40.475646,0
            9.047482,40.475681,0
            9.047483,40.477006,0
            9.047496,40.477186,0
            9.047538,40.477321,0
            9.047605,40.477467,0
            9.047614,40.477485,0
            9.047678,40.477561,0
            9.047737,40.477615,0
            9.047827,40.477697,0
            9.0479,40.477744,0
            9.047993,40.477804,0
            9.048392,40.478013,0
            9.048648,40.478136,0
            9.048839,40.478225,0
            9.048938,40.478266,0
            9.049064,40.478308,0
            9.049218,40.478349,0
            9.049304,40.478359,0
            9.049404,40.47836,0
            9.049476,40.478359,0
            9.049578,40.478352,0
            9.049618,40.478347,0
            9.049667,40.478344,0
            9.049814,40.47832,0
            9.050042,40.478264,0
            9.051431,40.477941,0
            9.051767,40.477863,0
            9.051888,40.477872,0
            9.052173,40.477893,0
            9.052421,40.47796,0
            9.052553,40.478029,0
            9.052619,40.478062,0
            9.052742,40.478137,0
            9.052831,40.478192,0
            9.052963,40.478292,0
            9.053061,40.478367,0
            9.053165,40.478469,0
            9.053252,40.478575,0
            9.053306,40.478642,0
            9.053384,40.478771,0
            9.053446,40.478902,0
            9.053448,40.478906,0
            9.053487,40.479079,0
            9.05349,40.479092,0
            9.053509,40.479258,0
            9.053511,40.479282,0
            9.053484,40.479437,0
            9.053476,40.479482,0
            9.053431,40.479683,0
            9.053248,40.480132,0
            9.053177,40.480304,0
            9.053175,40.480309,0
            9.05311,40.480476,0
            9.053044,40.480648,0
            9.052977,40.480821,0
            9.05291,40.480994,0
            9.052843,40.481166,0
            9.0528,40.481279,0
            9.052787,40.48134,0
            9.052764,40.481448,0
            9.052766,40.481519,0
            9.05277,40.481656,0
            9.052886,40.482049,0
            9.053045,40.482586,0
            9.053244,40.483092,0
            9.053295,40.483223,0
            9.053624,40.483944,0
            9.053779,40.484284,0
            9.053856,40.484454,0
            9.053864,40.484472,0
            9.053977,40.484608,0
            9.054104,40.48476,0
            9.054356,40.485064,0
            9.054482,40.485216,0
            9.054609,40.485368,0
            9.054735,40.48552,0
            9.054861,40.485672,0
            9.054988,40.485824,0
            9.055114,40.485976,0
            9.055872,40.486888,0
            9.055998,40.48704,0
            9.056251,40.487345,0
            9.056323,40.487431,0
            9.056377,40.487497,0
            9.056503,40.487649,0
            9.056549,40.487704,0
            9.056633,40.487799,0
            9.056896,40.488098,0
            9.05691,40.488113,0
            9.057067,40.488222,0
            9.057243,40.488342,0
            9.057418,40.488463,0
            9.057523,40.488535,0
            9.057594,40.488583,0
            9.057772,40.488702,0
            9.058127,40.48894,0
            9.058304,40.489058,0
            9.058482,40.489177,0
            9.058659,40.489296,0
            9.060676,40.490648,0
            9.061498,40.491199,0
            9.061675,40.491318,0
            9.061852,40.491438,0
            9.062029,40.491557,0
            9.062206,40.491676,0
            9.062384,40.491795,0
            9.062561,40.491914,0
            9.062924,40.492158,0
            9.063525,40.492556,0
            9.063733,40.492738,0
            9.063885,40.492929,0
            9.064007,40.493083,0
            9.064024,40.493106,0
            9.06411,40.493245,0
            9.064209,40.493408,0
            9.064409,40.493734,0
            9.064423,40.493758,0
            9.064509,40.493897,0
            9.064609,40.49406,0
            9.06491,40.494549,0
            9.065211,40.495037,0
            9.065312,40.4952,0
            9.065377,40.495306,0
            9.065421,40.495359,0
            9.065548,40.495511,0
            9.065626,40.495605,0
            9.065681,40.49566,0
            9.066283,40.496259,0
            9.066703,40.49665,0
            9.066852,40.49679,0
            9.066874,40.49681,0
            9.067002,40.496929,0
            9.067453,40.497345,0
            9.067603,40.497484,0
            9.067754,40.497623,0
            9.06782,40.497684,0
            9.068736,40.498576,0
            9.069218,40.499035,0
            9.069513,40.499316,0
            9.069661,40.499457,0
            9.069808,40.499598,0
            9.070361,40.500124,0
            9.070549,40.500299,0
            9.070699,40.500438,0
            9.071148,40.500856,0
            9.071298,40.500995,0
            9.071448,40.501134,0
            9.071897,40.501552,0
            9.072047,40.501691,0
            9.072196,40.50183,0
            9.072398,40.502018,0
            9.072644,40.502249,0
            9.072792,40.502389,0
            9.072941,40.502529,0
            9.07309,40.502669,0
            9.073536,40.503089,0
            9.073973,40.5035,0
            9.075022,40.504486,0
            9.075778,40.505195,0
            9.076226,40.50568,0
            9.076361,40.505828,0
            9.076799,40.506303,0
            9.077062,40.506552,0
            9.07721,40.506692,0
            9.077358,40.506832,0
            9.077951,40.507393,0
            9.078099,40.507533,0
            9.078247,40.507674,0
            9.078395,40.507814,0
            9.078988,40.508375,0
            9.079446,40.508787,0
            9.079878,40.509174,0
            9.080053,40.509339,0
            9.080202,40.509479,0
            9.080499,40.509759,0
            9.080576,40.509831,0
            9.080944,40.510179,0
            9.081389,40.510599,0
            9.082217,40.511381,0
            9.082813,40.51194,0
            9.082962,40.512079,0
            9.08326,40.512359,0
            9.083274,40.512372,0
            9.083555,40.51264,0
            9.084293,40.513343,0
            9.08444,40.513484,0
            9.084883,40.513905,0
            9.085031,40.514046,0
            9.085178,40.514187,0
            9.085473,40.514468,0
            9.085621,40.514608,0
            9.085664,40.51465,0
            9.085755,40.514756,0
            9.085865,40.514884,0
            9.085883,40.514907,0
            9.086004,40.515062,0
            9.086367,40.515526,0
            9.086851,40.516144,0
            9.086972,40.516299,0
            9.087195,40.516585,0
            9.087446,40.516921,0
            9.087716,40.517284,0
            9.088325,40.518059,0
            9.088683,40.518524,0
            9.088756,40.51862,0
            9.088803,40.51868,0
            9.088923,40.518835,0
            9.089042,40.51899,0
            9.089191,40.519182,0
            9.089982,40.520204,0
            9.090379,40.520712,0
            9.090703,40.521134,0
            9.090744,40.521188,0
            9.091471,40.522131,0
            9.09166,40.522375,0
            9.09178,40.52253,0
            9.092141,40.522995,0
            9.092261,40.52315,0
            9.092501,40.52346,0
            9.092622,40.523614,0
            9.092742,40.523769,0
            9.092862,40.523924,0
            9.092929,40.52401,0
            9.09358,40.524855,0
            9.0937,40.52501,0
            9.09382,40.525166,0
            9.093939,40.525321,0
            9.094059,40.525476,0
            9.095844,40.527789,0
            9.096095,40.528116,0
            9.096331,40.528418,0
            9.096409,40.528527,0
            9.096482,40.528629,0
            9.096725,40.529105,0
            9.096948,40.529676,0
            9.09718,40.53025,0
            9.0974,40.530871,0
          </coordinates>
        </LineString>
      </Placemark>
      <Placemark>
        <name>17 - 18 Access</name>
        <styleUrl>#line-ACA83A-8000-nodesc</styleUrl>
        <LineString>
          <tessellate>1</tessellate>
          <coordinates>
            9.083933,40.561837,0
            9.083955,40.56184,0
            9.084097,40.561881,0
            9.084126,40.561777,0
            9.084157,40.561725,0
            9.08419,40.561689,0
            9.084199,40.561678,0
            9.084253,40.561637,0
            9.084305,40.561593,0
            9.084724,40.561359,0
            9.084904,40.561263,0
            9.085098,40.56116,0
            9.085292,40.561057,0
            9.085486,40.560954,0
            9.08568,40.560851,0
            9.086084,40.560636,0
            9.086363,40.560477,0
            9.086742,40.560261,0
            9.08733,40.559919,0
            9.087518,40.55981,0
            9.087706,40.559701,0
            9.087894,40.559591,0
            9.088082,40.559482,0
            9.08827,40.559373,0
            9.088458,40.559263,0
            9.08847,40.559257,0
            9.088652,40.55916,0
            9.088847,40.559058,0
            9.089028,40.558962,0
            9.089237,40.558854,0
            9.089644,40.558645,0
            9.089828,40.558555,0
            9.090027,40.558458,0
            9.090068,40.558438,0
            9.090227,40.55836,0
            9.090369,40.558291,0
            9.090431,40.558271,0
            9.090681,40.558189,0
            9.090901,40.558152,0
            9.091133,40.558154,0
            9.091412,40.558168,0
            9.091667,40.558216,0
            9.0918,40.558266,0
            9.092013,40.558344,0
            9.092024,40.558348,0
            9.092214,40.55844,0
            9.092284,40.558475,0
            9.092408,40.558543,0
            9.0926,40.558648,0
            9.09268,40.558692,0
            9.092839,40.558736,0
            9.092969,40.558736,0
            9.093042,40.558721,0
            9.093075,40.558714,0
            9.093175,40.558671,0
            9.09326,40.55861,0
            9.093331,40.558537,0
            9.093356,40.558473,0
            9.09337,40.55844,0
            9.093351,40.558348,0
            9.093316,40.558247,0
            9.093267,40.558145,0
            9.093201,40.558037,0
            9.093139,40.557972,0
            9.093094,40.557925,0
            9.093004,40.557824,0
            9.09297,40.557786,0
            9.092904,40.557676,0
            9.092901,40.557664,0
            9.092869,40.557486,0
            9.092805,40.557129,0
            9.092773,40.556951,0
            9.092676,40.556416,0
            9.092672,40.556392,0
            9.092594,40.556201,0
            9.092528,40.556076,0
            9.092397,40.555925,0
            9.092366,40.55589,0
            9.091926,40.555665,0
            9.091047,40.5552,0
            9.09027,40.55479,0
            9.090076,40.554687,0
            9.089958,40.554624,0
            9.089883,40.554582,0
            9.089694,40.554474,0
            9.089128,40.554148,0
            9.089064,40.554111,0
            9.08878,40.553904,0
            9.088097,40.553406,0
            9.088027,40.553355,0
            9.087522,40.552866,0
            9.087504,40.552846,0
            9.087233,40.552552,0
            9.087031,40.552333,0
            9.086851,40.552097,0
            9.086772,40.551994,0
            9.086084,40.550981,0
            9.085806,40.550572,0
            9.08566,40.550338,0
            9.085355,40.549851,0
            9.085254,40.549688,0
            9.085152,40.549526,0
            9.085051,40.549363,0
            9.084848,40.549038,0
            9.084799,40.54896,0
            9.084751,40.548874,0
            9.084659,40.548708,0
            9.084613,40.548626,0
            9.084583,40.548538,0
            9.084547,40.548433,0
            9.084538,40.548362,0
            9.084524,40.548238,0
            9.084524,40.548183,0
            9.084525,40.548056,0
            9.084539,40.548004,0
            9.084584,40.547828,0
            9.084588,40.547809,0
            9.084648,40.547655,0
            9.084695,40.547534,0
            9.084728,40.547486,0
            9.084837,40.547326,0
            9.084877,40.547267,0
            9.084973,40.54718,0
            9.08508,40.547084,0
            9.085138,40.547053,0
            9.085332,40.54695,0
            9.085346,40.546942,0
            9.085584,40.546826,0
            9.085742,40.546773,0
            9.085807,40.546752,0
            9.086124,40.54667,0
            9.086456,40.546648,0
            9.086574,40.54664,0
            9.086929,40.546646,0
            9.086945,40.546647,0
            9.087338,40.546731,0
            9.087592,40.546831,0
            9.087692,40.54687,0
            9.089106,40.547693,0
            9.089167,40.547728,0
            9.089479,40.547914,0
            9.089901,40.548165,0
            9.090285,40.548433,0
            9.090752,40.548704,0
            9.09095,40.548804,0
            9.090973,40.548813,0
            9.091211,40.548902,0
            9.091404,40.54896,0
            9.091527,40.548996,0
            9.091626,40.549023,0
            9.091849,40.549083,0
            9.091948,40.54911,0
            9.092074,40.549137,0
            9.092302,40.549187,0
            9.092399,40.549208,0
            9.092766,40.549255,0
            9.092941,40.549277,0
            9.093,40.549283,0
            9.09323,40.549306,0
            9.093235,40.549306,0
            9.093539,40.549308,0
            9.093767,40.549279,0
            9.093936,40.549245,0
            9.09403,40.549226,0
            9.094159,40.549185,0
            9.094318,40.549134,0
            9.09437,40.549106,0
            9.094553,40.549006,0
            9.094562,40.549,0
            9.094742,40.548884,0
            9.094767,40.548867,0
            9.094911,40.548758,0
            9.094918,40.548753,0
            9.095056,40.548616,0
            9.095068,40.548604,0
            9.09518,40.548463,0
            9.095245,40.54838,0
            9.095352,40.548191,0
            9.095372,40.548135,0
            9.095427,40.547983,0
            9.095429,40.547961,0
            9.095441,40.547836,0
          </coordinates>
        </LineString>
      </Placemark>
    </Folder>
    <Folder>
      <name>Areas</name>
      <Placemark>
        <name>12 - Experience</name>
        <styleUrl>#poly-0000FF-1200-128-nodesc</styleUrl>
        <Polygon>
          <outerBoundaryIs>
            <LinearRing>
              <tessellate>1</tessellate>
              <coordinates>
                9.092368,40.545734,0
                9.09211,40.546024,0
                9.092108,40.546026,0
                9.092106,40.546028,0
                9.092104,40.54603,0
                9.092102,40.546032,0
                9.092099,40.546034,0
                9.092096,40.546035,0
                9.092094,40.546037,0
                9.092091,40.546039,0
                9.092088,40.54604,0
                9.092085,40.546041,0
                9.092082,40.546042,0
                9.092079,40.546043,0
                9.092075,40.546044,0
                9.092072,40.546045,0
                9.092069,40.546046,0
                9.092065,40.546046,0
                9.092062,40.546047,0
                9.092058,40.546047,0
                9.092055,40.546047,0
                9.092051,40.546047,0
                9.092048,40.546047,0
                9.092044,40.546047,0
                9.092041,40.546047,0
                9.092038,40.546046,0
                9.092034,40.546046,0
                9.092031,40.546045,0
                9.092028,40.546044,0
                9.092024,40.546043,0
                9.092021,40.546042,0
                9.092018,40.546041,0
                9.092015,40.54604,0
                9.092012,40.546038,0
                9.092009,40.546037,0
                9.092007,40.546035,0
                9.092004,40.546033,0
                9.092001,40.546031,0
                9.091999,40.546029,0
                9.091997,40.546027,0
                9.091995,40.546025,0
                9.091993,40.546023,0
                9.091991,40.546021,0
                9.091989,40.546019,0
                9.091988,40.546016,0
                9.091986,40.546014,0
                9.091985,40.546011,0
                9.091984,40.546009,0
                9.091983,40.546006,0
                9.091982,40.546004,0
                9.091982,40.546001,0
                9.091981,40.545998,0
                9.091981,40.545996,0
                9.091981,40.545993,0
                9.091981,40.54599,0
                9.091981,40.545988,0
                9.091982,40.545985,0
                9.091982,40.545983,0
                9.091983,40.54598,0
                9.091984,40.545977,0
                9.091985,40.545975,0
                9.091987,40.545972,0
                9.091988,40.54597,0
                9.09199,40.545968,0
                9.091991,40.545965,0
                9.091993,40.545963,0
                9.092251,40.545673,0
                9.092253,40.545671,0
                9.092255,40.545669,0
                9.092257,40.545667,0
                9.092259,40.545665,0
                9.092262,40.545663,0
                9.092265,40.545661,0
                9.092267,40.54566,0
                9.09227,40.545658,0
                9.092273,40.545657,0
                9.092276,40.545656,0
                9.092279,40.545654,0
                9.092283,40.545653,0
                9.092286,40.545652,0
                9.092289,40.545652,0
                9.092292,40.545651,0
                9.092296,40.54565,0
                9.092299,40.54565,0
                9.092303,40.54565,0
                9.092306,40.545649,0
                9.09231,40.545649,0
                9.092313,40.545649,0
                9.092317,40.54565,0
                9.09232,40.54565,0
                9.092323,40.54565,0
                9.092327,40.545651,0
                9.09233,40.545652,0
                9.092334,40.545653,0
                9.092337,40.545654,0
                9.09234,40.545655,0
                9.092343,40.545656,0
                9.092346,40.545657,0
                9.092349,40.545659,0
                9.092352,40.54566,0
                9.092355,40.545662,0
                9.092357,40.545664,0
                9.09236,40.545665,0
                9.092362,40.545667,0
                9.092364,40.545669,0
                9.092366,40.545672,0
                9.092368,40.545674,0
                9.09237,40.545676,0
                9.092372,40.545678,0
                9.092373,40.545681,0
                9.092375,40.545683,0
                9.092376,40.545686,0
                9.092377,40.545688,0
                9.092378,40.545691,0
                9.092379,40.545693,0
                9.092379,40.545696,0
                9.09238,40.545698,0
                9.09238,40.545701,0
                9.09238,40.545704,0
                9.09238,40.545706,0
                9.09238,40.545709,0
                9.092379,40.545712,0
                9.092379,40.545714,0
                9.092378,40.545717,0
                9.092377,40.545719,0
                9.092376,40.545722,0
                9.092375,40.545724,0
                9.092373,40.545727,0
                9.092372,40.545729,0
                9.09237,40.545732,0
                9.092368,40.545734,0
              </coordinates>
            </LinearRing>
          </outerBoundaryIs>
        </Polygon>
      </Placemark>
      <Placemark>
        <name>13 - Experience</name>
        <styleUrl>#poly-0000FF-1200-128-nodesc</styleUrl>
        <Polygon>
          <outerBoundaryIs>
            <LinearRing>
              <tessellate>1</tessellate>
              <coordinates>
                9.092605,40.547148,0
                9.092383,40.546814,0
                9.092503,40.546769,0
                9.092726,40.547101,0
                9.092605,40.547148,0
              </coordinates>
            </LinearRing>
          </outerBoundaryIs>
        </Polygon>
      </Placemark>
      <Placemark>
        <name>16 - Spectator</name>
        <styleUrl>#poly-FFDE23-1200-128-nodesc</styleUrl>
        <Polygon>
          <outerBoundaryIs>
            <LinearRing>
              <tessellate>1</tessellate>
              <coordinates>
                9.097024,40.531309,0
                9.096911,40.531006,0
                9.096905,40.530989,0
                9.0969,40.530972,0
                9.096897,40.530954,0
                9.096894,40.530937,0
                9.096893,40.530919,0
                9.096893,40.530901,0
                9.096894,40.530884,0
                9.096896,40.530866,0
                9.096899,40.530848,0
                9.096903,40.530831,0
                9.096909,40.530814,0
                9.096915,40.530797,0
                9.096923,40.53078,0
                9.096932,40.530764,0
                9.096942,40.530748,0
                9.096952,40.530732,0
                9.096964,40.530717,0
                9.096977,40.530702,0
                9.096991,40.530688,0
                9.097005,40.530674,0
                9.097021,40.530661,0
                9.097037,40.530648,0
                9.097054,40.530636,0
                9.097072,40.530625,0
                9.09709,40.530614,0
                9.097109,40.530604,0
                9.097129,40.530595,0
                9.09715,40.530587,0
                9.09717,40.530579,0
                9.097192,40.530572,0
                9.097214,40.530566,0
                9.097236,40.530561,0
                9.097258,40.530556,0
                9.097281,40.530553,0
                9.097304,40.53055,0
                9.097327,40.530548,0
                9.09735,40.530547,0
                9.097373,40.530547,0
                9.097396,40.530548,0
                9.097419,40.530549,0
                9.097442,40.530552,0
                9.097465,40.530555,0
                9.097488,40.530559,0
                9.09751,40.530564,0
                9.097532,40.53057,0
                9.097553,40.530577,0
                9.097574,40.530584,0
                9.097595,40.530593,0
                9.097615,40.530602,0
                9.097634,40.530611,0
                9.097653,40.530622,0
                9.097671,40.530633,0
                9.097688,40.530645,0
                9.097705,40.530657,0
                9.09772,40.53067,0
                9.097735,40.530684,0
                9.097749,40.530698,0
                9.097762,40.530712,0
                9.097774,40.530728,0
                9.097785,40.530743,0
                9.097795,40.530759,0
                9.097804,40.530775,0
                9.097812,40.530792,0
                9.097819,40.530809,0
                9.09795,40.531161,0
                9.097956,40.531177,0
                9.09796,40.531193,0
                9.097964,40.53121,0
                9.097966,40.531226,0
                9.097968,40.531243,0
                9.097968,40.53126,0
                9.097968,40.531487,0
                9.097968,40.5315,0
                9.09796,40.531668,0
                9.097958,40.531686,0
                9.097955,40.531705,0
                9.097951,40.531723,0
                9.097946,40.531741,0
                9.09794,40.531759,0
                9.097932,40.531776,0
                9.097923,40.531794,0
                9.097913,40.53181,0
                9.097902,40.531827,0
                9.097735,40.53206,0
                9.097723,40.532076,0
                9.09771,40.532091,0
                9.097696,40.532106,0
                9.097681,40.53212,0
                9.097665,40.532134,0
                9.097371,40.532373,0
                9.097356,40.532385,0
                9.09734,40.532397,0
                9.097323,40.532408,0
                9.097306,40.532418,0
                9.097288,40.532427,0
                9.097027,40.532559,0
                9.097,40.532572,0
                9.096732,40.532689,0
                9.096496,40.5328,0
                9.096492,40.532802,0
                9.09634,40.532871,0
                9.096208,40.532968,0
                9.096114,40.533061,0
                9.096062,40.533163,0
                9.096017,40.53329,0
                9.096004,40.533419,0
                9.096002,40.533436,0
                9.095998,40.533454,0
                9.095994,40.533471,0
                9.095988,40.533488,0
                9.095981,40.533505,0
                9.095974,40.533522,0
                9.095965,40.533538,0
                9.095955,40.533554,0
                9.095944,40.53357,0
                9.095932,40.533585,0
                9.095919,40.533599,0
                9.095905,40.533614,0
                9.09589,40.533627,0
                9.095875,40.53364,0
                9.095858,40.533653,0
                9.095841,40.533665,0
                9.095823,40.533676,0
                9.095805,40.533686,0
                9.095785,40.533696,0
                9.095765,40.533705,0
                9.095745,40.533714,0
                9.095724,40.533721,0
                9.095702,40.533728,0
                9.095681,40.533734,0
                9.095658,40.533739,0
                9.095636,40.533743,0
                9.095613,40.533747,0
                9.09559,40.533749,0
                9.095567,40.533751,0
                9.095544,40.533752,0
                9.095521,40.533752,0
                9.095498,40.533751,0
                9.095475,40.533749,0
                9.095452,40.533746,0
                9.095429,40.533743,0
                9.095406,40.533739,0
                9.095384,40.533733,0
                9.095363,40.533727,0
                9.095341,40.533721,0
                9.09532,40.533713,0
                9.0953,40.533705,0
                9.09528,40.533696,0
                9.095261,40.533686,0
                9.095242,40.533675,0
                9.095224,40.533664,0
                9.095207,40.533652,0
                9.095191,40.533639,0
                9.095175,40.533626,0
                9.09516,40.533613,0
                9.095147,40.533598,0
                9.095134,40.533584,0
                9.095122,40.533569,0
                9.095111,40.533553,0
                9.095101,40.533537,0
                9.095092,40.533521,0
                9.095085,40.533504,0
                9.095078,40.533487,0
                9.095072,40.53347,0
                9.095068,40.533452,0
                9.095064,40.533435,0
                9.095062,40.533417,0
                9.095061,40.5334,0
                9.095061,40.533382,0
                9.095062,40.533364,0
                9.095078,40.533203,0
                9.09508,40.533186,0
                9.095084,40.533169,0
                9.095088,40.533153,0
                9.095093,40.533136,0
                9.095156,40.532957,0
                9.095164,40.532937,0
                9.095173,40.532918,0
                9.095259,40.53275,0
                9.095268,40.532735,0
                9.095277,40.53272,0
                9.095288,40.532705,0
                9.095299,40.532691,0
                9.095311,40.532677,0
                9.095324,40.532663,0
                9.09548,40.532507,0
                9.095496,40.532493,0
                9.095512,40.532479,0
                9.095529,40.532466,0
                9.095726,40.532322,0
                9.095741,40.532312,0
                9.095757,40.532301,0
                9.095774,40.532292,0
                9.095791,40.532282,0
                9.095809,40.532274,0
                9.096003,40.532185,0
                9.096243,40.532072,0
                9.096256,40.532066,0
                9.096518,40.531952,0
                9.096719,40.53185,0
                9.096935,40.531675,0
                9.09702,40.531556,0
                9.097023,40.53148,0
                9.097024,40.531309,0
              </coordinates>
            </LinearRing>
          </outerBoundaryIs>
        </Polygon>
      </Placemark>
      <Placemark>
        <name>17 - Spectator</name>
        <styleUrl>#poly-FFDE23-1200-128-nodesc</styleUrl>
        <Polygon>
          <outerBoundaryIs>
            <LinearRing>
              <tessellate>1</tessellate>
              <coordinates>
                9.094939,40.535541,0
                9.094983,40.535224,0
                9.094986,40.535206,0
                9.09499,40.535189,0
                9.094995,40.535172,0
                9.095001,40.535155,0
                9.095009,40.535138,0
                9.095017,40.535121,0
                9.095027,40.535105,0
                9.095037,40.535089,0
                9.095049,40.535074,0
                9.095061,40.535059,0
                9.095075,40.535045,0
                9.095089,40.535031,0
                9.095104,40.535018,0
                9.09512,40.535005,0
                9.095137,40.534993,0
                9.095155,40.534981,0
                9.095173,40.534971,0
                9.095192,40.53496,0
                9.095212,40.534951,0
                9.095232,40.534942,0
                9.095253,40.534935,0
                9.095274,40.534928,0
                9.095296,40.534921,0
                9.095318,40.534916,0
                9.09534,40.534911,0
                9.095363,40.534907,0
                9.095386,40.534905,0
                9.095409,40.534902,0
                9.095432,40.534901,0
                9.095455,40.534901,0
                9.095478,40.534901,0
                9.095502,40.534903,0
                9.095524,40.534905,0
                9.095547,40.534908,0
                9.09557,40.534912,0
                9.095592,40.534917,0
                9.095614,40.534923,0
                9.095636,40.534929,0
                9.095657,40.534937,0
                9.095678,40.534945,0
                9.095698,40.534953,0
                9.095717,40.534963,0
                9.095736,40.534973,0
                9.095754,40.534984,0
                9.095772,40.534996,0
                9.095788,40.535008,0
                9.095804,40.535021,0
                9.095819,40.535034,0
                9.095833,40.535048,0
                9.095847,40.535063,0
                9.095859,40.535078,0
                9.09587,40.535093,0
                9.09588,40.535109,0
                9.09589,40.535125,0
                9.095898,40.535142,0
                9.095905,40.535159,0
                9.095911,40.535176,0
                9.095916,40.535193,0
                9.09592,40.535211,0
                9.095923,40.535228,0
                9.095924,40.535246,0
                9.095925,40.535264,0
                9.095924,40.535281,0
                9.095922,40.535299,0
                9.095865,40.535713,0
                9.095862,40.53573,0
                9.095858,40.535746,0
                9.095854,40.535763,0
                9.095848,40.535779,0
                9.095841,40.535795,0
                9.095833,40.535811,0
                9.095824,40.535827,0
                9.095814,40.535842,0
                9.095804,40.535857,0
                9.095792,40.535871,0
                9.09578,40.535885,0
                9.095692,40.535979,0
                9.095676,40.535994,0
                9.09566,40.536009,0
                9.095646,40.53602,0
                9.095644,40.536024,0
                9.095597,40.536201,0
                9.095567,40.536354,0
                9.095563,40.536371,0
                9.095558,40.536388,0
                9.095552,40.536405,0
                9.095545,40.536422,0
                9.095537,40.536439,0
                9.095528,40.536455,0
                9.095517,40.536471,0
                9.095506,40.536486,0
                9.095494,40.536501,0
                9.09548,40.536516,0
                9.095466,40.53653,0
                9.095451,40.536543,0
                9.095435,40.536556,0
                9.095418,40.536568,0
                9.095401,40.53658,0
                9.095383,40.536591,0
                9.095364,40.536601,0
                9.095344,40.53661,0
                9.095324,40.536619,0
                9.095303,40.536627,0
                9.095282,40.536634,0
                9.09526,40.536641,0
                9.095238,40.536646,0
                9.095216,40.536651,0
                9.095194,40.536655,0
                9.095171,40.536658,0
                9.095148,40.53666,0
                9.095125,40.536662,0
                9.095101,40.536662,0
                9.095078,40.536662,0
                9.095055,40.536661,0
                9.095032,40.536658,0
                9.095009,40.536656,0
                9.094987,40.536652,0
                9.094964,40.536647,0
                9.094942,40.536642,0
                9.094921,40.536635,0
                9.094899,40.536628,0
                9.094879,40.53662,0
                9.094858,40.536612,0
                9.094839,40.536602,0
                9.09482,40.536592,0
                9.094801,40.536581,0
                9.094784,40.53657,0
                9.094767,40.536557,0
                9.094751,40.536545,0
                9.094736,40.536531,0
                9.094721,40.536517,0
                9.094708,40.536503,0
                9.094696,40.536488,0
                9.094684,40.536473,0
                9.094674,40.536457,0
                9.094664,40.536441,0
                9.094656,40.536424,0
                9.094648,40.536408,0
                9.094642,40.536391,0
                9.094637,40.536373,0
                9.094633,40.536356,0
                9.09463,40.536338,0
                9.094628,40.536321,0
                9.094628,40.536303,0
                9.094628,40.536285,0
                9.09463,40.536268,0
                9.094633,40.53625,0
                9.094664,40.536086,0
                9.094669,40.536065,0
                9.094725,40.535858,0
                9.094731,40.535838,0
                9.094738,40.535819,0
                9.094783,40.535715,0
                9.094792,40.535697,0
                9.094801,40.53568,0
                9.094811,40.535663,0
                9.094823,40.535647,0
                9.094836,40.535631,0
                9.09485,40.535615,0
                9.094865,40.535601,0
                9.09488,40.535586,0
                9.094897,40.535573,0
                9.094939,40.535541,0
              </coordinates>
            </LinearRing>
          </outerBoundaryIs>
        </Polygon>
      </Placemark>
      <Placemark>
        <name>18 - Spectator</name>
        <styleUrl>#poly-FFDE23-1200-128-nodesc</styleUrl>
        <Polygon>
          <outerBoundaryIs>
            <LinearRing>
              <tessellate>1</tessellate>
              <coordinates>
                9.091792,40.547151,0
                9.09179,40.547151,0
                9.091768,40.547156,0
                9.091745,40.547161,0
                9.091722,40.547164,0
                9.0917,40.547167,0
                9.091676,40.547168,0
                9.091653,40.547169,0
                9.09163,40.547169,0
                9.091607,40.547168,0
                9.091584,40.547167,0
                9.091561,40.547164,0
                9.091538,40.54716,0
                9.091516,40.547156,0
                9.091494,40.547151,0
                9.091472,40.547145,0
                9.09145,40.547138,0
                9.091429,40.547131,0
                9.091409,40.547122,0
                9.091389,40.547113,0
                9.09137,40.547103,0
                9.091351,40.547093,0
                9.091333,40.547081,0
                9.091316,40.547069,0
                9.0913,40.547057,0
                9.091284,40.547044,0
                9.09127,40.54703,0
                9.091256,40.547016,0
                9.091243,40.547001,0
                9.091231,40.546986,0
                9.09122,40.54697,0
                9.09121,40.546954,0
                9.091202,40.546938,0
                9.091194,40.546921,0
                9.091187,40.546904,0
                9.091182,40.546887,0
                9.091177,40.54687,0
                9.091174,40.546852,0
                9.091171,40.546835,0
                9.09117,40.546817,0
                9.09117,40.546799,0
                9.091172,40.546782,0
                9.091174,40.546764,0
                9.091177,40.546747,0
                9.091182,40.546729,0
                9.091188,40.546712,0
                9.091194,40.546695,0
                9.091202,40.546679,0
                9.091211,40.546662,0
                9.091221,40.546646,0
                9.091232,40.546631,0
                9.091431,40.546364,0
                9.09158,40.546138,0
                9.091591,40.546122,0
                9.091604,40.546106,0
                9.091617,40.546091,0
                9.091632,40.546076,0
                9.091647,40.546062,0
                9.091663,40.546048,0
                9.091681,40.546036,0
                9.091699,40.546023,0
                9.091844,40.545931,0
                9.091848,40.545928,0
                9.091861,40.545883,0
                9.091866,40.545866,0
                9.091872,40.545849,0
                9.09188,40.545832,0
                9.091888,40.545815,0
                9.091898,40.545799,0
                9.091908,40.545784,0
                9.09192,40.545768,0
                9.092232,40.545379,0
                9.092245,40.545364,0
                9.092258,40.54535,0
                9.092273,40.545336,0
                9.092288,40.545323,0
                9.092304,40.54531,0
                9.092321,40.545298,0
                9.092339,40.545287,0
                9.092357,40.545276,0
                9.092376,40.545266,0
                9.092396,40.545257,0
                9.092416,40.545248,0
                9.092437,40.54524,0
                9.092458,40.545233,0
                9.09248,40.545227,0
                9.092502,40.545222,0
                9.092525,40.545217,0
                9.092547,40.545213,0
                9.09257,40.54521,0
                9.092593,40.545208,0
                9.092616,40.545207,0
                9.092639,40.545207,0
                9.092663,40.545208,0
                9.092686,40.545209,0
                9.092709,40.545211,0
                9.092731,40.545215,0
                9.092754,40.545219,0
                9.092776,40.545224,0
                9.092798,40.545229,0
                9.09282,40.545236,0
                9.092841,40.545243,0
                9.092862,40.545251,0
                9.092882,40.54526,0
                9.092901,40.54527,0
                9.09292,40.54528,0
                9.092938,40.545291,0
                9.092956,40.545303,0
                9.092972,40.545315,0
                9.092988,40.545328,0
                9.093003,40.545341,0
                9.093017,40.545355,0
                9.09303,40.54537,0
                9.093042,40.545385,0
                9.093054,40.5454,0
                9.093064,40.545416,0
                9.093073,40.545433,0
                9.093081,40.545449,0
                9.093088,40.545466,0
                9.093094,40.545483,0
                9.093099,40.5455,0
                9.093103,40.545518,0
                9.093106,40.545535,0
                9.093107,40.545553,0
                9.093107,40.545571,0
                9.093107,40.545588,0
                9.093105,40.545606,0
                9.093102,40.545624,0
                9.093098,40.545641,0
                9.093097,40.545642,0
                9.093103,40.545646,0
                9.093119,40.545658,0
                9.093135,40.54567,0
                9.093455,40.545934,0
                9.093473,40.545949,0
                9.093489,40.545966,0
                9.093505,40.545983,0
                9.093944,40.546499,0
                9.093957,40.546516,0
                9.094342,40.547027,0
                9.09435,40.547038,0
                9.094358,40.54705,0
                9.094663,40.547536,0
                9.094673,40.547553,0
                9.094682,40.547569,0
                9.094841,40.547904,0
                9.094848,40.547922,0
                9.094855,40.54794,0
                9.09486,40.547958,0
                9.094864,40.547976,0
                9.094867,40.547995,0
                9.094868,40.548013,0
                9.094869,40.548032,0
                9.094868,40.54805,0
                9.094865,40.548069,0
                9.094862,40.548087,0
                9.094823,40.548263,0
                9.094818,40.548281,0
                9.094812,40.548299,0
                9.094805,40.548316,0
                9.094797,40.548333,0
                9.094788,40.54835,0
                9.094778,40.548367,0
                9.094766,40.548383,0
                9.094753,40.548399,0
                9.094572,40.548612,0
                9.094559,40.548626,0
                9.094545,40.548641,0
                9.09453,40.548654,0
                9.094514,40.548667,0
                9.094497,40.54868,0
                9.09448,40.548692,0
                9.094461,40.548703,0
                9.094442,40.548713,0
                9.094423,40.548723,0
                9.094403,40.548732,0
                9.094382,40.54874,0
                9.094182,40.548813,0
                9.094162,40.54882,0
                9.094141,40.548827,0
                9.09412,40.548832,0
                9.094099,40.548837,0
                9.094077,40.548841,0
                9.094055,40.548844,0
                9.094033,40.548847,0
                9.094011,40.548848,0
                9.093988,40.548849,0
                9.093966,40.548849,0
                9.093703,40.548845,0
                9.093676,40.548844,0
                9.09365,40.548842,0
                9.093238,40.548799,0
                9.093215,40.548796,0
                9.093192,40.548792,0
                9.09317,40.548788,0
                9.093148,40.548783,0
                9.093126,40.548776,0
                9.093105,40.548769,0
                9.093084,40.548762,0
                9.093064,40.548753,0
                9.093044,40.548744,0
                9.093025,40.548734,0
                9.093006,40.548723,0
                9.092989,40.548712,0
                9.09274,40.548544,0
                9.092723,40.548533,0
                9.092707,40.54852,0
                9.092692,40.548507,0
                9.092678,40.548493,0
                9.092664,40.548479,0
                9.092652,40.548465,0
                9.09264,40.54845,0
                9.092629,40.548434,0
                9.09262,40.548418,0
                9.092417,40.548065,0
                9.091922,40.547393,0
                9.091912,40.547379,0
                9.091903,40.547364,0
                9.091894,40.547349,0
                9.091792,40.547151,0
              </coordinates>
            </LinearRing>
          </outerBoundaryIs>
        </Polygon>
      </Placemark>
      <Placemark>
        <name>Esclusive Stand</name>
        <styleUrl>#poly-000000-1000-128-nodesc</styleUrl>
        <MultiGeometry>
          <Polygon>
            <outerBoundaryIs>
              <LinearRing>
                <tessellate>1</tessellate>
                <coordinates>
                  9.092577,40.546727,0
                  9.092465,40.546574,0
                  9.09267,40.546482,0
                  9.092788,40.546637,0
                  9.092577,40.546727,0
                </coordinates>
              </LinearRing>
            </outerBoundaryIs>
          </Polygon>
          <Polygon>
            <outerBoundaryIs>
              <LinearRing>
                <tessellate>1</tessellate>
                <coordinates>
                  9.092377,40.546807,0
                  9.092277,40.546632,0
                  9.092302,40.546468,0
                  9.092423,40.546231,0
                  9.092649,40.546369,0
                  9.092721,40.546454,0
                  9.092456,40.54657,0
                  9.092563,40.546733,0
                  9.092377,40.546807,0
                </coordinates>
              </LinearRing>
            </outerBoundaryIs>
          </Polygon>
        </MultiGeometry>
      </Placemark>
    </Folder>
    <Folder>
      <name>NR</name>
      <Placemark>
        <name>Disability Point</name>
        <styleUrl>#icon-1899-DB4436-nodesc</styleUrl>
        <Point>
          <coordinates>
            9.097124,40.532105,0
          </coordinates>
        </Point>
      </Placemark>
      <Placemark>
        <name>13</name>
        <styleUrl>#icon-1899-DB4436-nodesc</styleUrl>
        <Point>
          <coordinates>
            9.092699,40.54695,0
          </coordinates>
        </Point>
      </Placemark>
      <Placemark>
        <name>12</name>
        <styleUrl>#icon-1899-DB4436-nodesc</styleUrl>
        <Point>
          <coordinates>
            9.092092,40.545812,0
          </coordinates>
        </Point>
      </Placemark>
      <Placemark>
        <name>16</name>
        <styleUrl>#icon-1899-DB4436-nodesc</styleUrl>
        <Point>
          <coordinates>
            9.096433,40.531807,0
          </coordinates>
        </Point>
      </Placemark>
      <Placemark>
        <name>17</name>
        <styleUrl>#icon-1899-DB4436-nodesc</styleUrl>
        <Point>
          <coordinates>
            9.095845,40.53587,0
          </coordinates>
        </Point>
      </Placemark>
      <Placemark>
        <name>18</name>
        <styleUrl>#icon-1899-DB4436-nodesc</styleUrl>
        <Point>
          <coordinates>
            9.090691,40.545995,0
          </coordinates>
        </Point>
      </Placemark>
    </Folder>
    <Folder>
      <name>Parking</name>
      <Placemark>
        <name>Parking Spectator</name>
        <styleUrl>#icon-1899-DB4436-nodesc</styleUrl>
        <Point>
          <coordinates>
            9.09484,40.545519,0
          </coordinates>
        </Point>
      </Placemark>
      <Placemark>
        <name>Parking Spectator</name>
        <styleUrl>#icon-1899-DB4436-nodesc</styleUrl>
        <Point>
          <coordinates>
            9.083399,40.546873,0
          </coordinates>
        </Point>
      </Placemark>
      <Placemark>
        <name>Parking Area</name>
        <styleUrl>#poly-000066-1000-191-nodesc</styleUrl>
        <Polygon>
          <outerBoundaryIs>
            <LinearRing>
              <tessellate>1</tessellate>
              <coordinates>
                9.095365,40.546884,0
                9.095125,40.546912,0
                9.094989,40.546889,0
                9.094908,40.546879,0
                9.094792,40.546909,0
                9.094589,40.546931,0
                9.093873,40.546139,0
                9.093938,40.545996,0
                9.094088,40.545919,0
                9.094277,40.545951,0
                9.094318,40.545862,0
                9.094234,40.545724,0
                9.094202,40.545533,0
                9.09429,40.545345,0
                9.09429,40.544952,0
                9.094345,40.5447,0
                9.094343,40.544613,0
                9.095283,40.544599,0
                9.095365,40.546884,0
              </coordinates>
            </LinearRing>
          </outerBoundaryIs>
        </Polygon>
      </Placemark>
      <Placemark>
        <name>Parking Area</name>
        <styleUrl>#poly-000066-1000-191-nodesc</styleUrl>
        <Polygon>
          <outerBoundaryIs>
            <LinearRing>
              <tessellate>1</tessellate>
              <coordinates>
                9.082967,40.546575,0
                9.084477,40.547419,0
                9.084421,40.547477,0
                9.082902,40.546628,0
                9.08277,40.546512,0
                9.082553,40.546202,0
                9.082237,40.54555,0
                9.081891,40.544906,0
                9.08149,40.543706,0
                9.081345,40.543448,0
                9.080898,40.542824,0
                9.080661,40.542254,0
                9.080073,40.540564,0
                9.079989,40.540166,0
                9.080105,40.539865,0
                9.080459,40.539534,0
                9.081394,40.538886,0
                9.081811,40.5385,0
                9.08291,40.537291,0
                9.082987,40.537332,0
                9.081886,40.538544,0
                9.081463,40.538935,0
                9.080528,40.539584,0
                9.08019,40.539899,0
                9.080086,40.540171,0
                9.080166,40.540549,0
                9.080751,40.542234,0
                9.080985,40.542795,0
                9.08143,40.543417,0
                9.081579,40.543683,0
                9.08198,40.544884,0
                9.082325,40.545523,0
                9.08264,40.546172,0
                9.082848,40.546471,0
                9.082967,40.546575,0
              </coordinates>
            </LinearRing>
          </outerBoundaryIs>
        </Polygon>
      </Placemark>
      <Placemark>
        <name>Parking Area</name>
        <styleUrl>#poly-000066-1000-191-nodesc</styleUrl>
        <Polygon>
          <outerBoundaryIs>
            <LinearRing>
              <tessellate>1</tessellate>
              <coordinates>
                9.09062,40.548633,0
                9.089816,40.548144,0
                9.089846,40.548116,0
                9.090649,40.548604,0
                9.090907,40.548738,0
                9.09117,40.54884,0
                9.091529,40.548948,0
                9.091969,40.54906,0
                9.092587,40.549176,0
                9.093257,40.549237,0
                9.093661,40.549225,0
                9.09402,40.549132,0
                9.094389,40.548998,0
                9.094695,40.548832,0
                9.09497,40.548619,0
                9.095173,40.548375,0
                9.095296,40.548146,0
                9.095348,40.547994,0
                9.095394,40.548003,0
                9.095341,40.548157,0
                9.095215,40.548392,0
                9.095008,40.548642,0
                9.094726,40.54886,0
                9.094413,40.549029,0
                9.094038,40.549165,0
                9.09367,40.549261,0
                9.093255,40.549273,0
                9.092578,40.549211,0
                9.091956,40.549095,0
                9.091513,40.548981,0
                9.091151,40.548873,0
                9.090883,40.548769,0
                9.09062,40.548633,0
              </coordinates>
            </LinearRing>
          </outerBoundaryIs>
        </Polygon>
      </Placemark>
      <Placemark>
        <name>Parking Area</name>
        <styleUrl>#poly-000066-1000-191-nodesc</styleUrl>
        <Polygon>
          <outerBoundaryIs>
            <LinearRing>
              <tessellate>1</tessellate>
              <coordinates>
                9.095373,40.544644,0
                9.095415,40.546632,0
                9.095367,40.546632,0
                9.095326,40.544645,0
                9.095373,40.544644,0
              </coordinates>
            </LinearRing>
          </outerBoundaryIs>
        </Polygon>
      </Placemark>
    </Folder>
    <Folder>
      <name>Track</name>
      <Placemark>
        <name>START</name>
        <description>Km: 0.00</description>
        <styleUrl>#icon-1899-DB4436</styleUrl>
        <Point>
          <coordinates>
            9.158468,40.552875,0
          </coordinates>
        </Point>
      </Placemark>
      <Placemark>
        <name>SS10/13 Solorchè - km. 12.86</name>
        <styleUrl>#line-FF0000-5000-nodesc</styleUrl>
        <LineString>
          <tessellate>1</tessellate>
          <coordinates>
            9.15847,40.552875,530
            9.158207,40.552873,530
            9.157971,40.552868,530
            9.157735,40.55285,530
            9.157501,40.552817,530
            9.157313,40.552793,530
            9.157134,40.552737,530
            9.156982,40.552672,530
            9.156846,40.55259,530
            9.156708,40.552476,530
            9.156653,40.552423,530
            9.156627,40.552394,530
            9.156604,40.552362,530
            9.156591,40.552328,530
            9.156591,40.552292,530
            9.15661,40.552261,530
            9.156648,40.552241,530
            9.156694,40.552235,530
            9.156741,40.552237,530
            9.156787,40.552242,530
            9.156834,40.552249,530
            9.156881,40.552255,530
            9.157032,40.552271,530
            9.157167,40.552276,530
            9.1573,40.552258,530
            9.157426,40.552219,530
            9.15755,40.552178,530
            9.157757,40.552105,530
            9.15797,40.552026,530
            9.158181,40.551945,530
            9.158387,40.551857,530
            9.158585,40.551759,530
            9.158776,40.551652,530
            9.158952,40.551531,530
            9.15912,40.551414,530
            9.159175,40.551365,530
            9.159201,40.551331,530
            9.15922,40.551297,530
            9.159236,40.551265,530
            9.159247,40.551229,530
            9.159253,40.551196,530
            9.159256,40.551157,530
            9.159253,40.55112,530
            9.15925,40.551082,530
            9.159247,40.551044,530
            9.159244,40.550889,530
            9.159265,40.55076,530
            9.159318,40.550637,530
            9.159397,40.550523,530
            9.159514,40.550408,530
            9.159649,40.550305,530
            9.159825,40.550184,530
            9.160002,40.550065,530
            9.160182,40.549948,530
            9.160361,40.549832,530
            9.160548,40.549726,530
            9.160732,40.549613,530
            9.160912,40.549501,530
            9.161069,40.549394,530
            9.161168,40.549292,530
            9.16123,40.549182,530
            9.161297,40.549065,530
            9.161342,40.5489,530
            9.161367,40.54874,530
            9.161365,40.548569,529.26
            9.161358,40.548387,523.75
            9.161348,40.548215,509.7
            9.161312,40.548032,488.06
            9.161285,40.547855,462.22
            9.161277,40.547685,435.99
            9.161247,40.5475,413.41
            9.161202,40.547323,397.78
            9.161187,40.547134,390.53
            9.161195,40.546965,390
            9.1612,40.54681,390
            9.161158,40.546684,390
            9.16108,40.546568,390
            9.160982,40.546461,390
            9.160846,40.546318,390
            9.160703,40.546175,390
            9.160559,40.546032,390
            9.160417,40.545888,390
            9.160295,40.545751,390
            9.160197,40.545604,390
            9.160095,40.545459,390
            9.159966,40.545308,390
            9.159829,40.545161,390
            9.159701,40.545038,390
            9.159548,40.544933,390
            9.159362,40.544822,390
            9.159174,40.544712,390
            9.159008,40.544621,390
            9.158825,40.544551,390
            9.158635,40.544491,390
            9.158416,40.544423,390
            9.158196,40.544356,390
            9.157977,40.544288,390
            9.157758,40.54422,390
            9.157541,40.544148,390
            9.157326,40.544073,390
            9.157111,40.543998,390
            9.156897,40.54392,390
            9.156708,40.543835,390
            9.156534,40.543733,390
            9.15635,40.543619,390
            9.156167,40.543505,390
            9.155984,40.543391,390
            9.155802,40.543276,390
            9.155625,40.543157,390
            9.155454,40.543033,390
            9.155284,40.542907,390
            9.155118,40.54278,390
            9.154959,40.542646,390
            9.154805,40.54251,390
            9.15465,40.542374,390
            9.15456,40.542299,390
            9.15445,40.542242,390
            9.154328,40.542203,390
            9.1542,40.542175,390
            9.153991,40.542145,390
            9.153755,40.542133,390
            9.153655,40.542137,390
            9.153562,40.542163,390
            9.153476,40.542202,390
            9.153392,40.542244,390
            9.153298,40.542294,390
            9.153112,40.542405,390
            9.152936,40.542526,390
            9.152766,40.542638,390
            9.15258,40.542733,390
            9.152381,40.542814,390
            9.152172,40.542898,390
            9.151962,40.542981,390
            9.151749,40.54306,390
            9.151705,40.543073,390
            9.151659,40.543081,390
            9.151612,40.543082,390
            9.151565,40.543077,390
            9.151519,40.54307,390
            9.151474,40.543058,390
            9.151432,40.543042,390
            9.15137,40.543012,390
            9.15131,40.542982,390
            9.151213,40.542931,390
            9.151019,40.542827,390
            9.15083,40.54272,390
            9.150643,40.542609,390
            9.150458,40.5425,390
            9.150376,40.542464,390
            9.150294,40.542428,390
            9.150228,40.542377,390
            9.150182,40.542314,390
            9.150137,40.542251,390
            9.150088,40.542181,390
            9.149978,40.542022,390
            9.149876,40.541863,390
            9.149806,40.541714,390
            9.149761,40.541559,390
            9.149723,40.541403,390
            9.14968,40.541227,390
            9.149636,40.54105,390
            9.149622,40.540992,390
            9.149598,40.540936,390
            9.149559,40.540885,390
            9.149509,40.54084,390
            9.149455,40.540798,390
            9.149399,40.540757,390
            9.149265,40.540665,390
            9.149083,40.540551,390
            9.148891,40.540446,390
            9.148688,40.540353,390
            9.148502,40.540289,390
            9.148306,40.540245,390
            9.148097,40.540227,390
            9.147877,40.540235,390
            9.147654,40.54027,390
            9.147438,40.540326,390
            9.147219,40.540384,390
            9.146992,40.540422,390
            9.146761,40.540436,390
            9.146574,40.540427,390
            9.146391,40.540395,390
            9.146187,40.540336,390
            9.145996,40.540256,390
            9.145896,40.540188,390
            9.14582,40.540103,390
            9.145753,40.540014,390
            9.145621,40.539894,390
            9.145467,40.539788,390
            9.145314,40.539666,390
            9.14521,40.539539,390
            9.145133,40.539402,390
            9.145055,40.539233,390
            9.144981,40.539095,390
            9.144873,40.538972,390
            9.144731,40.538852,390
            9.144607,40.53877,390
            9.144467,40.538704,390
            9.144325,40.538641,390
            9.144114,40.538559,390
            9.143899,40.538485,390
            9.143681,40.538415,390
            9.14346,40.538351,390
            9.143232,40.538301,390
            9.142998,40.538275,390
            9.142762,40.538263,390
            9.142526,40.538264,390
            9.14229,40.538279,390
            9.142057,40.538311,390
            9.141828,40.538356,390
            9.1416,40.538404,390
            9.141371,40.538451,390
            9.141141,40.538494,390
            9.140911,40.538534,390
            9.140681,40.538576,390
            9.140451,40.538621,390
            9.140293,40.538644,390
            9.140154,40.538642,390
            9.140019,40.538617,390
            9.139891,40.538576,390
            9.139849,40.53856,390
            9.139807,40.538543,390
            9.139768,40.538522,390
            9.139738,40.538494,390
            9.139719,40.538462,390
            9.139705,40.538427,390
            9.139689,40.538393,390
            9.139667,40.538362,390
            9.139641,40.538332,390
            9.139605,40.538308,390
            9.139561,40.538296,390
            9.139515,40.53829,390
            9.139468,40.538287,390
            9.139359,40.53827,390
            9.139226,40.53825,390
            9.139079,40.53821,390
            9.138942,40.538151,390
            9.138776,40.538062,390
            9.13858,40.537986,390
            9.138399,40.537935,390
            9.138228,40.537907,390
            9.138041,40.537885,390
            9.137897,40.537849,390
            9.13776,40.537799,390
            9.137612,40.537755,390
            9.137485,40.537705,390
            9.137381,40.53763,390
            9.137285,40.537548,390
            9.137146,40.537441,390
            9.136984,40.537355,390
            9.136811,40.537283,390
            9.136607,40.537192,390
            9.136509,40.537138,390
            9.136402,40.537099,390
            9.136285,40.537078,390
            9.13617,40.537051,390
            9.136043,40.536992,390
            9.135926,40.536921,390
            9.13589,40.536897,390
            9.135853,40.536875,390
            9.135813,40.536856,390
            9.135769,40.536844,390
            9.135722,40.536842,390
            9.135677,40.536854,390
            9.135639,40.536876,390
            9.135606,40.536901,390
            9.135577,40.53693,390
            9.135552,40.53696,390
            9.135526,40.53699,390
            9.135495,40.537017,390
            9.13546,40.537042,390
            9.13542,40.537061,390
            9.135374,40.53707,390
            9.135327,40.537068,390
            9.135281,40.537061,390
            9.135234,40.537053,390
            9.135189,40.537043,390
            9.135145,40.53703,390
            9.135102,40.537015,390
            9.135061,40.536997,390
            9.135024,40.536975,390
            9.134992,40.536948,390
            9.134967,40.536917,390
            9.134948,40.536885,390
            9.13493,40.536851,390
            9.134913,40.536818,390
            9.134895,40.536784,390
            9.134853,40.536723,390
            9.134797,40.536669,390
            9.134726,40.536626,390
            9.134647,40.536593,390
            9.134563,40.536565,390
            9.134387,40.536525,390
            9.134167,40.536495,390
            9.133941,40.536443,390
            9.13376,40.536376,390
            9.133603,40.536286,390
            9.133468,40.536178,390
            9.133309,40.536062,390
            9.133137,40.535967,390
            9.132976,40.535906,390
            9.132806,40.535862,390
            9.132592,40.535805,390
            9.132428,40.535732,390
            9.132273,40.535646,390
            9.13208,40.535542,390
            9.131879,40.535447,390
            9.131668,40.53537,390
            9.131451,40.535303,390
            9.131231,40.535237,390
            9.131116,40.535203,390
            9.131005,40.535162,390
            9.130912,40.535099,390
            9.13083,40.535028,390
            9.13072,40.534928,390
            9.130645,40.534846,390
            9.130621,40.534815,390
            9.130599,40.534783,390
            9.13058,40.53475,390
            9.130568,40.534716,390
            9.130569,40.53468,390
            9.130585,40.534647,390
            9.130613,40.534618,390
            9.130649,40.534595,390
            9.13069,40.534577,390
            9.130733,40.534563,390
            9.130779,40.534552,390
            9.130825,40.534545,390
            9.130872,40.534539,390
            9.13095,40.534532,390
            9.131154,40.534512,390
            9.131388,40.534488,390
            9.131622,40.534461,390
            9.131857,40.53444,390
            9.132093,40.53442,390
            9.132327,40.534395,390
            9.132561,40.534369,390
            9.132796,40.534349,390
            9.133031,40.534328,390
            9.133265,40.534301,390
            9.133498,40.534268,390
            9.133729,40.534229,390
            9.133959,40.534189,390
            9.134187,40.534141,390
            9.134369,40.534079,390
            9.13454,40.53401,390
            9.134694,40.533919,390
            9.13485,40.533831,390
            9.134974,40.533753,390
            9.135086,40.533662,390
            9.135224,40.533565,390
            9.135387,40.533479,390
            9.13552,40.533418,390
            9.135629,40.533343,390
            9.135745,40.53323,390
            9.1358,40.533161,390
            9.135833,40.533121,390
            9.135848,40.533084,390
            9.135857,40.533045,390
            9.135857,40.533006,390
            9.135849,40.532967,390
            9.135837,40.532929,390
            9.135829,40.532891,390
            9.13583,40.532852,390
            9.135839,40.532811,390
            9.135855,40.532771,390
            9.135878,40.532734,390
            9.135902,40.532697,390
            9.135925,40.532659,390
            9.135944,40.532626,390
            9.135965,40.532594,390
            9.13599,40.532564,390
            9.136021,40.532537,390
            9.136058,40.532515,390
            9.136099,40.532496,390
            9.136141,40.532479,390
            9.136183,40.532463,390
            9.136224,40.532445,390
            9.136263,40.532425,390
            9.136427,40.532352,390
            9.136595,40.532303,390
            9.136779,40.532274,390
            9.136988,40.532254,390
            9.137193,40.532221,390
            9.137384,40.532179,390
            9.137475,40.53216,390
            9.137519,40.532147,390
            9.137561,40.532131,390
            9.137601,40.532112,390
            9.137636,40.532087,390
            9.13766,40.532057,390
            9.137675,40.532023,390
            9.137685,40.531988,390
            9.137694,40.531953,390
            9.137703,40.531917,390
            9.13771,40.531882,390
            9.137727,40.531714,390
            9.137744,40.531569,390
            9.137776,40.531431,390
            9.13779,40.531384,390
            9.137818,40.531309,390
            9.137829,40.531261,390
            9.13783,40.531213,390
            9.137821,40.531151,390
            9.137806,40.531089,390
            9.137761,40.530939,390
            9.137693,40.530793,390
            9.137597,40.530665,390
            9.137492,40.530498,390
            9.137393,40.530333,390
            9.13731,40.530165,390
            9.137248,40.530035,390
            9.1372,40.529896,390
            9.137173,40.529756,390
            9.137138,40.529574,390
            9.137132,40.529444,390
            9.137133,40.529408,390
            9.137136,40.529372,390
            9.137145,40.529337,390
            9.13716,40.529303,390
            9.137182,40.529272,390
            9.137213,40.529244,390
            9.137249,40.529221,390
            9.13729,40.529204,390
            9.137336,40.529197,390
            9.137383,40.5292,390
            9.137428,40.52921,390
            9.137472,40.529222,390
            9.137516,40.529236,390
            9.137559,40.529251,390
            9.137663,40.52929,390
            9.137844,40.529357,390
            9.137952,40.529387,390
            9.137998,40.529395,390
            9.138045,40.5294,390
            9.138092,40.529396,390
            9.138138,40.529388,390
            9.138182,40.529376,390
            9.138226,40.529361,390
            9.138271,40.52935,390
            9.138317,40.529343,390
            9.138409,40.529342,390
            9.138501,40.529348,390
            9.138592,40.529358,390
            9.138797,40.52939,390
            9.139006,40.52943,390
            9.139203,40.529499,390
            9.139398,40.529549,390
            9.139583,40.529616,390
            9.139775,40.529691,390
            9.139964,40.529756,390
            9.140152,40.529793,390
            9.1403,40.529805,390
            9.140454,40.529804,390
            9.1405,40.529797,390
            9.140547,40.52979,390
            9.140592,40.529781,390
            9.140635,40.529766,390
            9.140664,40.529739,390
            9.140663,40.529705,390
            9.140638,40.529676,390
            9.1406,40.529655,390
            9.140559,40.529638,390
            9.14052,40.529617,390
            9.140486,40.529592,390
            9.140457,40.529564,392.34
            9.140427,40.529536,398.88
            9.140353,40.529466,629.57
            9.140202,40.529329,815.11
            9.140167,40.529291,815.73
            9.140143,40.529249,815.82
            9.140128,40.529205,815.37
            9.140114,40.52916,815.42
            9.140098,40.529115,816.03
            9.140079,40.529072,816.65
            9.140005,40.528923,818.29
            9.139915,40.52878,817.94
            9.139849,40.528654,819.73
            9.139823,40.528624,820.69
            9.139792,40.528598,821.44
            9.139755,40.528575,821.88
            9.139716,40.528555,822
            9.139676,40.528535,822
            9.139638,40.528514,821.98
            9.139598,40.528495,821.8
            9.139428,40.528404,820.96
            9.139284,40.528289,821.24
            9.139128,40.528184,822.49
            9.13895,40.528076,823.06
            9.138771,40.527958,823.01
            9.138585,40.527836,823.85
            9.138409,40.527729,825.5
            9.138298,40.527685,825.35
            9.138183,40.527626,825.71
            9.138104,40.527557,827.36
            9.138031,40.527478,827
            9.137932,40.527398,826.02
            9.137798,40.5273,825.24
            9.137618,40.52718,825.98
            9.137497,40.527122,825.98
            9.137366,40.527078,825.52
            9.137164,40.527004,825.23
            9.136949,40.52693,827.1
            9.136902,40.526926,827.82
            9.136855,40.526929,828.4
            9.136808,40.526935,828.51
            9.136762,40.526944,828.75
            9.136718,40.526956,828.78
            9.136675,40.526972,828.49
            9.136611,40.527009,829.21
            9.136549,40.527053,829.7
            9.136484,40.527096,829.48
            9.136405,40.527151,829.38
            9.136287,40.527238,829.94
            9.136247,40.527262,830.11
            9.136204,40.527282,830.87
            9.136165,40.527296,832.49
            9.136115,40.527309,834.83
            9.13606,40.527312,835.66
            9.136014,40.527312,835.84
            9.135966,40.527302,835.75
            9.135926,40.527282,835.93
            9.135891,40.527257,836.24
            9.135864,40.527227,836.46
            9.135837,40.527198,836.8
            9.135808,40.527169,837.72
            9.135765,40.52712,838.66
            9.135724,40.527069,840
            9.135675,40.527024,840.67
            9.135618,40.526988,840.16
            9.135549,40.526956,840
            9.135479,40.526931,840.9
            9.135362,40.526905,841.18
            9.135244,40.52688,843.2
            9.135197,40.526877,844.42
            9.13515,40.526876,845.69
            9.135103,40.526878,846.34
            9.135056,40.526883,846.14
            9.135008,40.526893,845.99
            9.134967,40.526905,846.25
            9.134923,40.526919,846.68
            9.134882,40.526937,847.23
            9.134841,40.526949,847.63
            9.134797,40.526945,847.51
            9.134756,40.52693,847.17
            9.13473,40.526911,846.92
            9.134714,40.526885,847
            9.134707,40.52685,847.41
            9.134703,40.526814,847.39
            9.134694,40.526779,847.25
            9.134685,40.526744,847.5
            9.13467,40.52671,847.96
            9.134647,40.526678,848.37
            9.134616,40.526651,848.43
            9.134581,40.526627,848.17
            9.134542,40.526607,848.02
            9.1345,40.52659,848.19
            9.134456,40.526576,848.76
            9.134411,40.526566,849.06
            9.13431,40.526556,848.83
            9.134208,40.526557,849.27
            9.134091,40.526556,850.16
            9.133898,40.526566,850.55
            9.133851,40.526569,850.55
            9.133804,40.526574,850.1
            9.133759,40.526583,849.65
            9.133715,40.526597,849.8
            9.133676,40.526617,849.98
            9.133641,40.526641,850.1
            9.133611,40.526669,850.42
            9.133583,40.526698,850.61
            9.133557,40.526728,850.39
            9.133533,40.526759,850.32
            9.133516,40.526792,850.95
            9.133506,40.526827,851.79
            9.133502,40.526863,852.47
            9.133502,40.526899,853.17
            9.133502,40.526935,854.53
            9.133503,40.526971,855.02
            9.133503,40.527007,855.05
            9.133471,40.527168,858.97
            9.133428,40.527282,859.14
            9.133416,40.527399,858.48
            9.133441,40.527516,858.26
            9.133496,40.527645,857.09
            9.133582,40.527807,857.5
            9.133601,40.52784,857.63
            9.13362,40.527873,857.77
            9.133637,40.527906,857.9
            9.133649,40.527941,857.98
            9.13365,40.527976,858
            9.133642,40.528012,858.03
            9.13363,40.528047,858.17
            9.133617,40.528081,858.44
            9.133604,40.528116,858.74
            9.13356,40.528234,860.22
            9.133501,40.528401,863.53
            9.133445,40.528568,863.67
            9.133396,40.528701,863.49
            9.13339,40.528813,862.67
            9.133386,40.528844,863.22
            9.133382,40.528888,863.69
            9.133376,40.528921,863.93
            9.133368,40.528967,863.99
            9.133351,40.528992,864.21
            9.133312,40.529015,864.64
            9.133245,40.529033,865.79
            9.133181,40.529041,867.24
            9.133127,40.529055,867.95
            9.133058,40.529069,868.53
            9.132863,40.52913,868.77
            9.132745,40.529156,868.94
            9.132639,40.529178,869
            9.132566,40.529183,869.54
            9.132495,40.529184,870.09
            9.132446,40.529191,870.63
            9.132399,40.529205,871.17
            9.132355,40.529218,870.93
            9.132315,40.529237,870.48
            9.132277,40.529259,870.17
            9.132242,40.529283,870.03
            9.13221,40.529309,870
            9.132143,40.52936,869.68
            9.132055,40.52939,869.81
            9.131937,40.529422,869.4
            9.131851,40.52944,869.05
            9.131762,40.529443,869.34
            9.131673,40.529436,872.14
            9.131582,40.529427,873.98
            9.13149,40.529426,874.62
            9.13137,40.529438,873.74
            9.13125,40.529447,874.71
            9.131029,40.529477,877.26
            9.130983,40.529484,878.3
            9.130938,40.529484,879.44
            9.130897,40.529473,879.99
            9.13086,40.529451,880.82
            9.130826,40.529428,881.64
            9.130792,40.529405,882.81
            9.130756,40.529382,883.61
            9.130687,40.529332,885.11
            9.13052,40.529207,886.76
            9.130357,40.529114,887.34
            9.130187,40.529033,889.32
            9.130036,40.528934,889
            9.12992,40.528811,887.88
            9.129791,40.528668,887.99
            9.129658,40.528519,889.3
            9.129537,40.528365,890.54
            9.129446,40.528247,890.91
            9.129361,40.528171,890.08
            9.129257,40.528111,890.57
            9.129136,40.528071,889.74
            9.129012,40.528037,889.01
            9.128808,40.528004,888.9
            9.128601,40.527981,887.74
            9.128365,40.527971,885.92
            9.128241,40.527968,885.63
            9.128195,40.527965,885.4
            9.128149,40.527956,885.15
            9.128104,40.527945,885.56
            9.128061,40.52793,886.18
            9.128023,40.527909,887.08
            9.127991,40.527883,887.93
            9.12796,40.527855,888
            9.127929,40.527828,888
            9.127899,40.5278,888
            9.127779,40.527716,888.71
            9.127641,40.527652,889.35
            9.127489,40.527607,889.46
            9.127282,40.527573,889.27
            9.127092,40.527576,890.5
            9.126945,40.527587,890.11
            9.126799,40.527571,889.49
            9.126657,40.527542,890.21
            9.126489,40.527525,892.33
            9.126312,40.527532,892.03
            9.126135,40.527545,892.5
            9.125899,40.527562,892.94
            9.125664,40.527583,892.98
            9.12546,40.527623,893.76
            9.125326,40.527661,893.65
            9.125219,40.527677,892.99
            9.125109,40.527669,892.48
            9.124999,40.527666,892
            9.12489,40.527681,892
            9.124699,40.527702,891.68
            9.124585,40.527712,891.62
            9.124501,40.527726,891.4
            9.124422,40.527751,891.78
            9.124352,40.527789,891.22
            9.124293,40.527836,890.33
            9.124232,40.527882,889.74
            9.124162,40.527921,891.33
            9.124007,40.527991,894.93
            9.123835,40.528033,895.38
            9.12366,40.528068,896.02
            9.123448,40.528136,897.24
            9.123246,40.52822,898.22
            9.12305,40.528321,898
            9.122871,40.528425,897.2
            9.122727,40.528492,897.72
            9.122575,40.528545,898.3
            9.122413,40.52858,899.22
            9.122182,40.528619,900.88
            9.121955,40.528669,902.06
            9.121783,40.528732,902.13
            9.121688,40.528772,902.06
            9.121584,40.528794,902.94
            9.121476,40.5288,904.09
            9.121368,40.528806,905.41
            9.121189,40.528826,906.71
            9.120958,40.528863,908.38
            9.12073,40.528912,908.33
            9.120502,40.52896,911.71
            9.120276,40.529013,913.93
            9.120091,40.529064,916.29
            9.119988,40.529105,916.55
            9.11992,40.52913,916.29
            9.119854,40.529153,917.15
            9.11978,40.529162,918
            9.119706,40.52916,917.83
            9.119627,40.529154,917.31
            9.119555,40.529143,917.21
            9.119438,40.529114,917.59
            9.119308,40.529083,918.85
            9.119139,40.529025,920.09
            9.118976,40.528946,921.02
            9.118776,40.528854,922.14
            9.118608,40.528767,923.19
            9.118448,40.528669,924.76
            9.118269,40.528571,925
            9.118078,40.528485,925
            9.117871,40.528398,925.28
            9.11766,40.528317,926
            9.117583,40.5283,926.31
            9.117506,40.528294,927.03
            9.117427,40.528297,928.5
            9.117328,40.528306,928.22
            9.117146,40.528325,926.74
            9.116977,40.528342,927.51
            9.116833,40.528374,929.8
            9.116676,40.528394,931.12
            9.116516,40.528391,933.55
            9.116322,40.528411,932.41
            9.116117,40.52845,933.62
            9.11589,40.528502,934.08
            9.115659,40.528535,937.35
            9.115427,40.528563,940.96
            9.115194,40.528592,941.76
            9.115071,40.52862,942.93
            9.114975,40.52867,942.72
            9.114887,40.528736,942
            9.11485,40.528764,942.03
            9.114808,40.52879,942.46
            9.114771,40.528811,943.84
            9.114727,40.528824,944.51
            9.11468,40.528832,944.75
            9.114633,40.528836,945.17
            9.114586,40.528836,945.56
            9.11454,40.528834,945.72
            9.114433,40.528821,947.05
            9.114385,40.528813,947.5
            9.114336,40.528808,947.81
            9.114289,40.528801,948.01
            9.114242,40.528798,948.32
            9.114195,40.5288,948.81
            9.11415,40.528809,949.48
            9.114107,40.528824,950.29
            9.114062,40.528841,950.86
            9.114028,40.528858,951.11
            9.113987,40.528881,951.23
            9.113951,40.528903,951.47
            9.113914,40.528922,951.86
            9.113875,40.528944,952
            9.113838,40.528962,952
            9.113796,40.528977,952
            9.113753,40.52899,952.06
            9.113707,40.528991,952.36
            9.113664,40.528991,952.78
            9.113621,40.528989,952.97
            9.113567,40.528984,953.03
            9.113491,40.528976,953.41
            9.113413,40.528965,953.96
            9.113341,40.528945,954.65
            9.113279,40.528919,954.99
            9.11322,40.528885,954.47
            9.113185,40.528868,953.68
            9.113151,40.528851,953.17
            9.113114,40.528836,953.42
            9.113074,40.528823,953.87
            9.113026,40.528812,954
            9.112981,40.528808,954
            9.112935,40.528805,954
            9.112887,40.528806,953.97
            9.112843,40.528808,953.68
            9.112788,40.528813,953.25
            9.112636,40.528848,952.2
            9.112499,40.528916,950.29
            9.112368,40.52899,950.06
            9.112222,40.529056,950.72
            9.112089,40.529088,950.61
            9.111949,40.529099,950.49
            9.111809,40.529109,950.92
            9.11158,40.52914,950.86
            9.111365,40.529143,951.64
            9.11115,40.529147,955.08
            9.110928,40.529172,956.07
            9.110694,40.529201,957.39
            9.11053,40.529213,957.64
            9.110367,40.529199,958.9
            9.110272,40.529184,960.17
            9.110225,40.529184,960.58
            9.110178,40.529187,960.34
            9.110131,40.529194,960.3
            9.110089,40.52921,960.15
            9.110054,40.529234,960.05
            9.11002,40.529259,960.26
            9.109982,40.52928,960.96
            9.109942,40.529299,961.68
            9.109901,40.529317,961.88
            9.109744,40.529385,962.12
            9.1096,40.529422,962.71
            9.109449,40.529433,962.27
            9.109298,40.529428,962.23
            9.109137,40.529395,965.74
            9.109054,40.529387,966.9
            9.108972,40.529394,966.17
            9.108891,40.529408,965.08
            9.108844,40.529412,965.02
            9.108797,40.529414,965.24
            9.108749,40.529412,965.91
            9.108703,40.529404,966.05
            9.108658,40.529393,966.36
            9.108616,40.529376,966.93
            9.10858,40.529353,967
            9.10855,40.529326,966.95
            9.108523,40.529296,966.65
            9.108495,40.529267,965.95
            9.108465,40.529239,965.31
            9.108431,40.529214,965.02
            9.108389,40.529197,964.83
            9.108344,40.529187,964.28
            9.108297,40.529182,964.23
            9.10825,40.529183,964.92
            9.108203,40.529186,965.55
            9.108156,40.52919,965.96
            9.10811,40.529198,965.87
            9.108064,40.529208,965.43
            9.107952,40.529252,965.61
            9.107844,40.529302,965.29
            9.107661,40.529377,964.27
            9.107462,40.529424,964
            9.107244,40.529476,963.26
            9.10702,40.529503,964.98
            9.106794,40.529515,965
            9.106558,40.529516,965
            9.106347,40.529503,965.37
            9.106139,40.529471,966.05
            9.105989,40.529451,966.5
            9.105835,40.529453,967.99
            9.105684,40.52947,968.91
            9.105461,40.5295,969.91
            9.10523,40.529541,970.79
            9.104999,40.529579,971
            9.104771,40.529627,972.77
            9.104546,40.529683,974.2
            9.104323,40.529722,976.14
            9.104104,40.529771,978.38
            9.103877,40.529824,980.5
            9.10365,40.529875,981.39
            9.103481,40.529933,981.91
            9.103387,40.529987,983.23
            9.103312,40.530056,984
            9.103247,40.530132,984
            9.10314,40.530244,983.57
            9.103,40.530396,982.95
            9.102864,40.53053,982.28
            9.102709,40.530665,981.13
            9.102544,40.530791,980.88
            9.102375,40.530921,981.37
            9.102216,40.531048,981.75
            9.102053,40.531171,981.64
            9.101898,40.531311,981.3
            9.101718,40.531449,980.94
            9.101581,40.531564,980.19
            9.101458,40.531648,979.53
            9.101285,40.53174,978.52
            9.101084,40.531816,977.32
            9.100877,40.531886,977
            9.1007,40.531961,976.33
            9.10055,40.532001,975.84
            9.100392,40.532009,975.97
            9.10023,40.532016,976.08
            9.099996,40.532034,976.5
            9.099766,40.532063,977
            9.099533,40.532093,977
            9.099291,40.532118,977.29
            9.099055,40.532149,978.02
            9.09882,40.53219,978.72
            9.098588,40.532239,979.07
            9.0984,40.53227,979.51
            9.098183,40.532285,979.98
            9.097928,40.532302,979.33
            9.09772,40.532302,977.75
            9.097479,40.532285,976.51
            9.097287,40.532289,976.07
            9.09714,40.532308,975.38
            9.096997,40.532338,976.43
            9.096852,40.532363,978.09
            9.096684,40.532381,980.87
            9.096617,40.532381,980.99
            9.096548,40.532392,980.86
            9.096496,40.5324,980.44
            9.096448,40.532417,980.07
            9.096401,40.532436,980
            9.096354,40.532455,980
            9.096307,40.532474,980
            9.096261,40.532494,979.95
            9.096075,40.532588,979.24
            9.095932,40.532679,979.04
            9.095811,40.532787,979.54
            9.09571,40.532906,979.34
            9.095623,40.533055,979.71
            9.09557,40.53321,980
            9.095545,40.533368,980.63
            9.095537,40.533538,981
            9.095531,40.533718,981
            9.095525,40.533898,981
            9.095519,40.534077,981.33
            9.095512,40.534257,981.82
            9.095504,40.534437,982
            9.095496,40.534617,982
            9.09549,40.534796,982.51
            9.095479,40.534976,983.22
            9.095462,40.535155,983.8
            9.095438,40.535334,984.22
            9.095411,40.535513,984.56
            9.095392,40.535641,984.8
            9.095387,40.535677,984.87
            9.09538,40.535713,984.97
            9.095357,40.53574,985.27
            9.095332,40.535754,986.01
            9.09529,40.535774,986.94
            9.095259,40.535803,987.62
            9.095244,40.535835,988.13
            9.095223,40.535886,988.26
            9.09521,40.535921,987.95
            9.095198,40.535957,988.09
            9.095188,40.535991,988.98
            9.095176,40.536027,990.05
            9.095145,40.536158,992.14
            9.095114,40.536293,994.37
            9.095064,40.536461,995.55
            9.095022,40.53661,995.93
            9.095011,40.536761,996
            9.094987,40.536881,995.99
            9.094929,40.536994,994.26
            9.094886,40.537111,993.85
            9.094813,40.537273,992.49
            9.094782,40.537307,992.06
            9.094753,40.537327,991.7
            9.094717,40.537347,991.28
            9.094675,40.537368,990.86
            9.094636,40.537382,990.47
            9.094593,40.537399,990.05
            9.09451,40.537437,989.2
            9.094418,40.537479,988.49
            9.094222,40.53757,986.5
            9.094035,40.537669,983.3
            9.093928,40.537722,982.04
            9.093841,40.537793,981.22
            9.093775,40.537875,980.88
            9.093709,40.537959,979.98
            9.093629,40.538093,978.48
            9.093535,40.538251,976.58
            9.09344,40.538416,975.71
            9.093347,40.538581,975.22
            9.093254,40.538747,974.71
            9.09316,40.538912,974.2
            9.09307,40.539078,973.94
            9.092971,40.539242,973.6
            9.092868,40.539403,973.18
            9.092754,40.539561,973.59
            9.09263,40.539714,973.8
            9.092502,40.539866,973.28
            9.092382,40.540021,973.58
            9.092265,40.540177,974.27
            9.092148,40.540333,974.85
            9.092035,40.540491,975
            9.092004,40.54056,974.97
            9.092002,40.54063,974.43
            9.092027,40.540696,974.91
            9.092065,40.540762,974.28
            9.092109,40.540826,973.98
            9.092247,40.541014,973.18
            9.092365,40.541167,972.46
            9.092482,40.541322,971.75
            9.092601,40.541474,971.2
            9.09273,40.541636,971.27
            9.092859,40.541789,971.56
            9.092985,40.541942,971.84
            9.093106,40.542095,972.14
            9.093228,40.542248,972.84
            9.093348,40.542403,973.68
            9.093465,40.542555,973.25
            9.093584,40.542711,972.49
            9.093697,40.54287,971.44
            9.093785,40.543036,971.01
            9.093848,40.543209,969.5
            9.09386,40.543348,969.05
            9.093874,40.543486,969.05
            9.093873,40.543589,968.83
            9.09385,40.543692,966.87
            9.093844,40.543795,967.38
            9.093829,40.543975,968.58
            9.093796,40.544153,970.01
            9.09374,40.544324,972.95
            9.093666,40.544461,975.13
            9.093562,40.544586,975.51
            9.093432,40.544726,975.32
            9.093295,40.544873,974.27
            9.093177,40.545029,974.35
            9.093039,40.545175,975.15
            9.092899,40.54532,975.84
            9.092751,40.54546,975.99
            9.092621,40.545609,976.12
            9.092505,40.545765,977.4
            9.092378,40.545916,974.66
            9.092353,40.545947,974.07
            9.092328,40.545977,973.63
            9.092303,40.546008,973.34
            9.09228,40.546039,972.83
            9.092278,40.546073,972.11
            9.092308,40.546097,972.3
            9.092353,40.546104,972.84
            9.092395,40.54609,972.99
            9.09243,40.546066,972.77
            9.092462,40.546039,972.44
            9.092495,40.546014,972.5
            9.092531,40.54599,972.82
            9.092568,40.545968,973.06
            9.092609,40.54595,973.39
            9.092653,40.545936,973.52
            9.092699,40.54593,973.74
            9.092745,40.545934,973.98
            9.092791,40.545944,974.4
            9.092835,40.545956,974.82
            9.092877,40.545973,974.98
            9.092917,40.545992,975
            9.092986,40.546037,975
            9.093047,40.546087,975
            9.093123,40.546159,975
            9.093241,40.546291,975
            9.093369,40.546442,974.62
            9.093495,40.546595,974.09
            9.093615,40.54675,974.27
            9.093736,40.546904,974.72
            9.093853,40.54706,975.45
            9.093967,40.547218,976.42
            9.094081,40.547376,977.62
            9.094173,40.547541,978.22
            9.094251,40.547711,977.88
            9.09432,40.547883,977.31
            9.094376,40.548058,977
            9.094387,40.548129,977
            9.094378,40.548201,977
            9.094347,40.548269,976.85
            9.094302,40.548332,976.18
            9.094242,40.548387,975.24
            9.094153,40.548439,975
            9.094052,40.548476,975
            9.093937,40.548498,975
            9.093818,40.548504,975
            9.093699,40.548499,975
            9.093497,40.548466,975
            9.093322,40.548414,975.05
            9.093171,40.548329,975.43
            9.093081,40.548251,975.44
            9.093008,40.548162,975
            9.092943,40.54807,974.99
            9.092841,40.547908,974.46
            9.092739,40.547745,974.03
            9.092631,40.547585,973.73
            9.092522,40.547425,972.98
            9.092413,40.547266,972.2
            9.09231,40.547104,972.01
            9.092209,40.546941,972
            9.092116,40.546776,972
            9.092087,40.546659,972.28
            9.092093,40.546541,972.88
            9.09213,40.546426,973
            9.092178,40.546275,971.53
            9.092189,40.546241,971.11
            9.092176,40.546213,970.68
            9.092133,40.546223,969.38
            9.0921,40.546248,968.31
            9.092072,40.546278,967.94
            9.092046,40.546307,967.67
            9.092019,40.546337,967.31
            9.091993,40.546367,966.92
            9.091966,40.546397,966.52
            9.091833,40.546545,964.55
            9.091721,40.546676,962.86
            9.091638,40.546819,961.6
            9.091571,40.546966,959.8
            9.091488,40.547134,958.02
            9.091407,40.547303,955.34
            9.091317,40.54747,954.16
            9.091258,40.547545,953.55
            9.091223,40.547577,953.17
            9.091193,40.547602,953
            9.091155,40.547626,952.99
            9.091117,40.547645,952.85
            9.091078,40.547658,952.26
            9.091037,40.547668,951.39
            9.090996,40.547675,950.92
            9.09095,40.547677,950.62
            9.090906,40.547673,950.07
            9.090859,40.54766,949.36
            9.090818,40.547648,948.49
            9.090773,40.547632,947.72
            9.090707,40.547611,946.88
            9.090627,40.547584,946.13
            9.09053,40.547549,943.87
          </coordinates>
        </LineString>
      </Placemark>
      <Placemark>
        <name>FINISH</name>
        <description>Km: 24.83</description>
        <styleUrl>#icon-1899-DB4436</styleUrl>
        <Point>
          <coordinates>
            9.090532,40.54755,0
          </coordinates>
        </Point>
      </Placemark>
    </Folder>
    <Folder>
      <name>TXT</name>
      <Placemark>
        <name>10/13</name>
        <styleUrl>#poly-F9F9F9-1200-255-nodesc</styleUrl>
        <MultiGeometry>
          <Polygon>
            <outerBoundaryIs>
              <LinearRing>
                <tessellate>1</tessellate>
                <coordinates>
                  9.114852,40.539716,0
                  9.114852,40.540212,0
                  9.11416,40.540255,0
                  9.113489,40.540351,0
                  9.112845,40.540497,0
                  9.11223,40.540691,0
                  9.111649,40.54093,0
                  9.111105,40.541211,0
                  9.110603,40.541531,0
                  9.110144,40.541887,0
                  9.109735,40.542276,0
                  9.109377,40.542696,0
                  9.109076,40.543144,0
                  9.108834,40.543616,0
                  9.108656,40.544111,0
                  9.108545,40.544624,0
                  9.108505,40.545154,0
                  9.107854,40.545154,0
                  9.107898,40.54457,0
                  9.10802,40.544004,0
                  9.108216,40.54346,0
                  9.108483,40.542939,0
                  9.108815,40.542446,0
                  9.109209,40.541984,0
                  9.109661,40.541555,0
                  9.110166,40.541163,0
                  9.110721,40.540811,0
                  9.11132,40.540503,0
                  9.111961,40.54024,0
                  9.112639,40.540027,0
                  9.113349,40.539867,0
                  9.114089,40.539762,0
                  9.114852,40.539716,0
                </coordinates>
              </LinearRing>
            </outerBoundaryIs>
          </Polygon>
          <Polygon>
            <outerBoundaryIs>
              <LinearRing>
                <tessellate>1</tessellate>
                <coordinates>
                  9.122231,40.545154,0
                  9.121579,40.545154,0
                  9.12154,40.544626,0
                  9.121429,40.544114,0
                  9.121252,40.54362,0
                  9.121012,40.543149,0
                  9.120712,40.542703,0
                  9.120356,40.542283,0
                  9.119949,40.541895,0
                  9.119493,40.541539,0
                  9.118993,40.541219,0
                  9.118451,40.540938,0
                  9.117873,40.540698,0
                  9.117261,40.540503,0
                  9.11662,40.540355,0
                  9.115953,40.540258,0
                  9.115263,40.540213,0
                  9.115263,40.539717,0
                  9.116024,40.539765,0
                  9.11676,40.539872,0
                  9.117467,40.540033,0
                  9.118142,40.540247,0
                  9.11878,40.54051,0
                  9.119377,40.540819,0
                  9.119929,40.541171,0
                  9.120432,40.541563,0
                  9.120882,40.541991,0
                  9.121274,40.542453,0
                  9.121605,40.542945,0
                  9.12187,40.543464,0
                  9.122065,40.544007,0
                  9.122187,40.544572,0
                  9.122231,40.545154,0
                </coordinates>
              </LinearRing>
            </outerBoundaryIs>
          </Polygon>
          <Polygon>
            <outerBoundaryIs>
              <LinearRing>
                <tessellate>1</tessellate>
                <coordinates>
                  9.130882,40.550638,0
                  9.130882,40.550143,0
                  9.131562,40.5501,0
                  9.13222,40.550006,0
                  9.132854,40.549863,0
                  9.133459,40.549674,0
                  9.134031,40.549442,0
                  9.134568,40.549169,0
                  9.135066,40.548859,0
                  9.135521,40.548513,0
                  9.13593,40.548135,0
                  9.136289,40.547727,0
                  9.136594,40.547291,0
                  9.136843,40.546832,0
                  9.137031,40.546351,0
                  9.137154,40.54585,0
                  9.137211,40.545334,0
                  9.137863,40.545334,0
                  9.137802,40.545904,0
                  9.137667,40.546457,0
                  9.137461,40.546988,0
                  9.137188,40.547496,0
                  9.136851,40.547977,0
                  9.136456,40.548427,0
                  9.136005,40.548845,0
                  9.135503,40.549226,0
                  9.134953,40.549569,0
                  9.13436,40.54987,0
                  9.133728,40.550125,0
                  9.13306,40.550333,0
                  9.13236,40.550489,0
                  9.131633,40.550592,0
                  9.130882,40.550638,0
                </coordinates>
              </LinearRing>
            </outerBoundaryIs>
          </Polygon>
          <Polygon>
            <outerBoundaryIs>
              <LinearRing>
                <tessellate>1</tessellate>
                <coordinates>
                  9.137863,40.545021,0
                  9.137211,40.545021,0
                  9.137154,40.544505,0
                  9.13703,40.544004,0
                  9.136842,40.543523,0
                  9.136594,40.543063,0
                  9.136289,40.542628,0
                  9.13593,40.54222,0
                  9.135521,40.541842,0
                  9.135066,40.541496,0
                  9.134568,40.541185,0
                  9.134031,40.540913,0
                  9.133458,40.540681,0
                  9.132854,40.540492,0
                  9.13222,40.540349,0
                  9.131562,40.540255,0
                  9.130882,40.540212,0
                  9.130882,40.539717,0
                  9.131633,40.539762,0
                  9.13236,40.539865,0
                  9.13306,40.540022,0
                  9.133728,40.540229,0
                  9.13436,40.540485,0
                  9.134953,40.540786,0
                  9.135502,40.541128,0
                  9.136005,40.54151,0
                  9.136455,40.541928,0
                  9.136851,40.542378,0
                  9.137188,40.542859,0
                  9.137461,40.543367,0
                  9.137667,40.543898,0
                  9.137802,40.544451,0
                  9.137863,40.545021,0
                </coordinates>
              </LinearRing>
            </outerBoundaryIs>
          </Polygon>
          <Polygon>
            <outerBoundaryIs>
              <LinearRing>
                <tessellate>1</tessellate>
                <coordinates>
                  9.130471,40.539717,0
                  9.130471,40.540212,0
                  9.129791,40.540255,0
                  9.129133,40.540349,0
                  9.128499,40.540492,0
                  9.127895,40.540681,0
                  9.127322,40.540913,0
                  9.126785,40.541186,0
                  9.126287,40.541496,0
                  9.125832,40.541842,0
                  9.125423,40.54222,0
                  9.125065,40.542628,0
                  9.124759,40.543064,0
                  9.124511,40.543523,0
                  9.124323,40.544004,0
                  9.124199,40.544505,0
                  9.124142,40.545021,0
                  9.123491,40.545021,0
                  9.123551,40.544451,0
                  9.123686,40.543898,0
                  9.123892,40.543367,0
                  9.124166,40.542859,0
                  9.124502,40.542378,0
                  9.124898,40.541928,0
                  9.125348,40.54151,0
                  9.125851,40.541128,0
                  9.1264,40.540786,0
                  9.126993,40.540485,0
                  9.127626,40.540229,0
                  9.128294,40.540022,0
                  9.128993,40.539865,0
                  9.12972,40.539762,0
                  9.130471,40.539717,0
                </coordinates>
              </LinearRing>
            </outerBoundaryIs>
          </Polygon>
          <Polygon>
            <outerBoundaryIs>
              <LinearRing>
                <tessellate>1</tessellate>
                <coordinates>
                  9.123491,40.545334,0
                  9.124142,40.545334,0
                  9.124199,40.54585,0
                  9.124323,40.546351,0
                  9.124511,40.546832,0
                  9.124759,40.547291,0
                  9.125065,40.547727,0
                  9.125423,40.548135,0
                  9.125832,40.548513,0
                  9.126287,40.548859,0
                  9.126785,40.549169,0
                  9.127322,40.549442,0
                  9.127895,40.549674,0
                  9.128499,40.549863,0
                  9.129133,40.550006,0
                  9.129791,40.5501,0
                  9.130471,40.550143,0
                  9.130471,40.550638,0
                  9.12972,40.550592,0
                  9.128993,40.550489,0
                  9.128293,40.550333,0
                  9.127625,40.550125,0
                  9.126993,40.54987,0
                  9.1264,40.549569,0
                  9.12585,40.549226,0
                  9.125348,40.548845,0
                  9.124897,40.548427,0
                  9.124502,40.547977,0
                  9.124165,40.547496,0
                  9.123892,40.546988,0
                  9.123686,40.546457,0
                  9.123551,40.545904,0
                  9.123491,40.545334,0
                </coordinates>
              </LinearRing>
            </outerBoundaryIs>
          </Polygon>
          <Polygon>
            <outerBoundaryIs>
              <LinearRing>
                <tessellate>1</tessellate>
                <coordinates>
                  9.107863,40.545466,0
                  9.108516,40.545466,0
                  9.108588,40.545971,0
                  9.108725,40.546459,0
                  9.108923,40.546929,0
                  9.109179,40.547377,0
                  9.10949,40.547801,0
                  9.109852,40.548198,0
                  9.110261,40.548565,0
                  9.110715,40.548901,0
                  9.11121,40.549203,0
                  9.111743,40.549467,0
                  9.11231,40.549692,0
                  9.112908,40.549874,0
                  9.113533,40.550012,0
                  9.114182,40.550102,0
                  9.114852,40.550143,0
                  9.114852,40.550638,0
                  9.114111,40.550595,0
                  9.113393,40.550496,0
                  9.112702,40.550344,0
                  9.112041,40.550143,0
                  9.111414,40.549894,0
                  9.110826,40.549602,0
                  9.110279,40.549269,0
                  9.109778,40.548897,0
                  9.109326,40.54849,0
                  9.108927,40.548051,0
                  9.108585,40.547581,0
                  9.108304,40.547085,0
                  9.108088,40.546566,0
                  9.10794,40.546025,0
                  9.107863,40.545466,0
                </coordinates>
              </LinearRing>
            </outerBoundaryIs>
          </Polygon>
          <Polygon>
            <outerBoundaryIs>
              <LinearRing>
                <tessellate>1</tessellate>
                <coordinates>
                  9.115263,40.550637,0
                  9.115262,40.550637,0
                  9.115262,40.550142,0
                  9.115929,40.550099,0
                  9.116576,40.550007,0
                  9.117198,40.549868,0
                  9.117793,40.549685,0
                  9.118357,40.549459,0
                  9.118887,40.549195,0
                  9.11938,40.548893,0
                  9.119832,40.548558,0
                  9.120239,40.548191,0
                  9.120599,40.547794,0
                  9.120908,40.547372,0
                  9.121163,40.546925,0
                  9.12136,40.546457,0
                  9.121496,40.545969,0
                  9.121568,40.545466,0
                  9.122221,40.545466,0
                  9.122145,40.546023,0
                  9.121998,40.546563,0
                  9.121782,40.547081,0
                  9.121503,40.547576,0
                  9.121163,40.548044,0
                  9.120766,40.548483,0
                  9.120316,40.54889,0
                  9.119817,40.549261,0
                  9.119273,40.549595,0
                  9.118687,40.549887,0
                  9.118063,40.550136,0
                  9.117405,40.550338,0
                  9.116716,40.550491,0
                  9.116001,40.550592,0
                  9.115263,40.550637,0
                </coordinates>
              </LinearRing>
            </outerBoundaryIs>
          </Polygon>
          <Polygon>
            <outerBoundaryIs>
              <LinearRing>
                <tessellate>1</tessellate>
                <coordinates>
                  9.135002,40.543784,0
                  9.135003,40.543784,0
                  9.135003,40.543824,0
                  9.135001,40.543864,0
                  9.134999,40.543903,0
                  9.134996,40.543942,0
                  9.134992,40.54398,0
                  9.134987,40.544018,0
                  9.134981,40.544056,0
                  9.134975,40.544093,0
                  9.134967,40.544131,0
                  9.134959,40.544167,0
                  9.13495,40.544204,0
                  9.13494,40.54424,0
                  9.134929,40.544275,0
                  9.134917,40.544311,0
                  9.134904,40.544346,0
                  9.134891,40.54438,0
                  9.134877,40.544415,0
                  9.134862,40.544448,0
                  9.134847,40.544482,0
                  9.13483,40.544514,0
                  9.134813,40.544547,0
                  9.134795,40.544578,0
                  9.134776,40.54461,0
                  9.134757,40.54464,0
                  9.134737,40.544671,0
                  9.134716,40.5447,0
                  9.134694,40.54473,0
                  9.134672,40.544758,0
                  9.134649,40.544787,0
                  9.134625,40.544815,0
                  9.1346,40.544842,0
                  9.134574,40.544869,0
                  9.134548,40.544895,0
                  9.134521,40.54492,0
                  9.134493,40.544945,0
                  9.134465,40.544969,0
                  9.134436,40.544993,0
                  9.134406,40.545016,0
                  9.134375,40.545038,0
                  9.134344,40.54506,0
                  9.134312,40.545081,0
                  9.134279,40.545101,0
                  9.134246,40.545121,0
                  9.134212,40.54514,0
                  9.134178,40.545158,0
                  9.134142,40.545176,0
                  9.134106,40.545193,0
                  9.134069,40.545209,0
                  9.134032,40.545225,0
                  9.133994,40.545239,0
                  9.133955,40.545253,0
                  9.133916,40.545265,0
                  9.133876,40.545277,0
                  9.133836,40.545288,0
                  9.133795,40.545298,0
                  9.133753,40.545308,0
                  9.133711,40.545316,0
                  9.133668,40.545324,0
                  9.133625,40.545331,0
                  9.133581,40.545337,0
                  9.133581,40.545353,0
                  9.133618,40.545363,0
                  9.133654,40.545373,0
                  9.13369,40.545385,0
                  9.133725,40.545396,0
                  9.133759,40.545409,0
                  9.133793,40.545422,0
                  9.133826,40.545436,0
                  9.133859,40.545451,0
                  9.133891,40.545466,0
                  9.133922,40.545482,0
                  9.133953,40.545498,0
                  9.133984,40.545515,0
                  9.134013,40.545533,0
                  9.134043,40.545552,0
                  9.134071,40.545571,0
                  9.134099,40.54559,0
                  9.134127,40.545611,0
                  9.134154,40.545631,0
                  9.13418,40.545653,0
                  9.134205,40.545675,0
                  9.13423,40.545697,0
                  9.134254,40.54572,0
                  9.134278,40.545744,0
                  9.134301,40.545768,0
                  9.134323,40.545793,0
                  9.134345,40.545818,0
                  9.134366,40.545844,0
                  9.134386,40.54587,0
                  9.134406,40.545897,0
                  9.134425,40.545925,0
                  9.134444,40.545953,0
                  9.134462,40.545981,0
                  9.134479,40.54601,0
                  9.134496,40.546039,0
                  9.134512,40.546069,0
                  9.134528,40.5461,0
                  9.134543,40.546131,0
                  9.134557,40.546162,0
                  9.134571,40.546194,0
                  9.134584,40.546227,0
                  9.134596,40.54626,0
                  9.134608,40.546294,0
                  9.13462,40.546328,0
                  9.13463,40.546362,0
                  9.13464,40.546397,0
                  9.134649,40.546433,0
                  9.134658,40.546468,0
                  9.134666,40.546504,0
                  9.134674,40.546541,0
                  9.13468,40.546578,0
                  9.134687,40.546615,0
                  9.134692,40.546653,0
                  9.134697,40.546691,0
                  9.134701,40.546729,0
                  9.134705,40.546768,0
                  9.134708,40.546807,0
                  9.13471,40.546847,0
                  9.134712,40.546887,0
                  9.134713,40.546927,0
                  9.134713,40.546967,0
                  9.134713,40.54702,0
                  9.134711,40.547071,0
                  9.134708,40.547122,0
                  9.134705,40.547172,0
                  9.1347,40.547221,0
                  9.134693,40.54727,0
                  9.134686,40.547318,0
                  9.134678,40.547365,0
                  9.134668,40.547412,0
                  9.134658,40.547458,0
                  9.134646,40.547503,0
                  9.134633,40.547547,0
                  9.134619,40.547591,0
                  9.134604,40.547634,0
                  9.134588,40.547677,0
                  9.134571,40.547718,0
                  9.134553,40.547759,0
                  9.134534,40.547798,0
                  9.134514,40.547837,0
                  9.134493,40.547875,0
                  9.13447,40.547912,0
                  9.134447,40.547948,0
                  9.134423,40.547984,0
                  9.134397,40.548018,0
                  9.134371,40.548052,0
                  9.134343,40.548084,0
                  9.134315,40.548116,0
                  9.134285,40.548147,0
                  9.134255,40.548177,0
                  9.134223,40.548206,0
                  9.13419,40.548234,0
                  9.134156,40.548262,0
                  9.134122,40.548288,0
                  9.134086,40.548313,0
                  9.134049,40.548338,0
                  9.134011,40.548362,0
                  9.133973,40.548385,0
                  9.133933,40.548407,0
                  9.133892,40.548428,0
                  9.133851,40.548448,0
                  9.133808,40.548467,0
                  9.133765,40.548485,0
                  9.13372,40.548503,0
                  9.133674,40.54852,0
                  9.133628,40.548535,0
                  9.13358,40.54855,0
                  9.133531,40.548564,0
                  9.133482,40.548576,0
                  9.133431,40.548588,0
                  9.13338,40.548599,0
                  9.133328,40.548608,0
                  9.133275,40.548617,0
                  9.133221,40.548625,0
                  9.133166,40.548631,0
                  9.13311,40.548637,0
                  9.133053,40.548642,0
                  9.132995,40.548645,0
                  9.132936,40.548648,0
                  9.132877,40.54865,0
                  9.132816,40.54865,0
                  9.132769,40.54865,0
                  9.132723,40.548649,0
                  9.132677,40.548648,0
                  9.132632,40.548646,0
                  9.132587,40.548643,0
                  9.132543,40.54864,0
                  9.132499,40.548636,0
                  9.132455,40.548632,0
                  9.132412,40.548627,0
                  9.13237,40.548622,0
                  9.132328,40.548616,0
                  9.132286,40.548609,0
                  9.132245,40.548602,0
                  9.132205,40.548595,0
                  9.132164,40.548586,0
                  9.132125,40.548578,0
                  9.132085,40.548568,0
                  9.132047,40.548559,0
                  9.132009,40.54855,0
                  9.131972,40.54854,0
                  9.131935,40.54853,0
                  9.131899,40.54852,0
                  9.131864,40.548509,0
                  9.131829,40.548498,0
                  9.131795,40.548488,0
                  9.131762,40.548476,0
                  9.131729,40.548465,0
                  9.131697,40.548453,0
                  9.131665,40.548441,0
                  9.131634,40.548429,0
                  9.131604,40.548417,0
                  9.131575,40.548404,0
                  9.131546,40.548392,0
                  9.131518,40.548379,0
                  9.131491,40.548367,0
                  9.131464,40.548354,0
                  9.131438,40.548341,0
                  9.131413,40.548329,0
                  9.131388,40.548316,0
                  9.131364,40.548303,0
                  9.131341,40.54829,0
                  9.131318,40.548277,0
                  9.131296,40.548264,0
                  9.131275,40.548251,0
                  9.131254,40.548238,0
                  9.131234,40.548225,0
                  9.131216,40.548213,0
                  9.131198,40.548201,0
                  9.131181,40.548189,0
                  9.131165,40.548178,0
                  9.13115,40.548168,0
                  9.131136,40.548158,0
                  9.131122,40.548148,0
                  9.13111,40.548139,0
                  9.131098,40.54813,0
                  9.131088,40.548121,0
                  9.131078,40.548113,0
                  9.131069,40.548105,0
                  9.131061,40.548098,0
                  9.131054,40.548091,0
                  9.131048,40.548084,0
                  9.131042,40.548078,0
                  9.131036,40.548071,0
                  9.13103,40.548065,0
                  9.131025,40.548059,0
                  9.13102,40.548053,0
                  9.131015,40.548046,0
                  9.13101,40.54804,0
                  9.131005,40.548034,0
                  9.131001,40.548029,0
                  9.130997,40.548023,0
                  9.130993,40.548017,0
                  9.13099,40.548012,0
                  9.130987,40.548006,0
                  9.130984,40.548001,0
                  9.130981,40.547995,0
                  9.130978,40.547989,0
                  9.130975,40.547983,0
                  9.130972,40.547977,0
                  9.13097,40.547971,0
                  9.130967,40.547964,0
                  9.130965,40.547958,0
                  9.130962,40.547951,0
                  9.13096,40.547945,0
                  9.130958,40.547938,0
                  9.130955,40.547931,0
                  9.130953,40.547924,0
                  9.130951,40.547917,0
                  9.130949,40.547909,0
                  9.130947,40.547902,0
                  9.130945,40.547894,0
                  9.130943,40.547886,0
                  9.130941,40.547877,0
                  9.13094,40.547869,0
                  9.130938,40.54786,0
                  9.130937,40.547851,0
                  9.130935,40.547841,0
                  9.130934,40.547832,0
                  9.130933,40.547822,0
                  9.130931,40.547812,0
                  9.13093,40.547802,0
                  9.130929,40.547791,0
                  9.130928,40.547781,0
                  9.130928,40.54777,0
                  9.130927,40.547758,0
                  9.130926,40.547747,0
                  9.130926,40.547734,0
                  9.130925,40.547722,0
                  9.130925,40.547709,0
                  9.130924,40.547696,0
                  9.130924,40.547682,0
                  9.130923,40.547668,0
                  9.130923,40.547654,0
                  9.130923,40.547639,0
                  9.130922,40.547624,0
                  9.130922,40.547608,0
                  9.130922,40.547593,0
                  9.130922,40.547576,0
                  9.130922,40.54756,0
                  9.130922,40.547542,0
                  9.130922,40.547522,0
                  9.130922,40.547502,0
                  9.130922,40.547482,0
                  9.130922,40.547463,0
                  9.130923,40.547444,0
                  9.130923,40.547426,0
                  9.130924,40.547409,0
                  9.130925,40.547392,0
                  9.130925,40.547375,0
                  9.130926,40.547359,0
                  9.130927,40.547343,0
                  9.130928,40.547328,0
                  9.130929,40.547314,0
                  9.13093,40.5473,0
                  9.130932,40.547286,0
                  9.130933,40.547273,0
                  9.130934,40.547261,0
                  9.130936,40.547249,0
                  9.130938,40.547237,0
                  9.130939,40.547226,0
                  9.130941,40.547215,0
                  9.130943,40.547205,0
                  9.130945,40.547195,0
                  9.130947,40.547185,0
                  9.130949,40.547176,0
                  9.130951,40.547167,0
                  9.130953,40.547159,0
                  9.130955,40.547151,0
                  9.130958,40.547143,0
                  9.13096,40.547136,0
                  9.130963,40.547129,0
                  9.130965,40.547122,0
                  9.130968,40.547116,0
                  9.130971,40.54711,0
                  9.130974,40.547104,0
                  9.130978,40.547099,0
                  9.130981,40.547094,0
                  9.130984,40.547089,0
                  9.130988,40.547085,0
                  9.130991,40.547081,0
                  9.130995,40.547077,0
                  9.130999,40.547073,0
                  9.131002,40.54707,0
                  9.131006,40.547067,0
                  9.13101,40.547065,0
                  9.131014,40.547062,0
                  9.131018,40.54706,0
                  9.131022,40.547058,0
                  9.131026,40.547056,0
                  9.13103,40.547055,0
                  9.131034,40.547053,0
                  9.131039,40.547052,0
                  9.131043,40.547051,0
                  9.131048,40.54705,0
                  9.131053,40.547049,0
                  9.131057,40.547048,0
                  9.131062,40.547048,0
                  9.131067,40.547047,0
                  9.131072,40.547047,0
                  9.131077,40.547047,0
                  9.131085,40.547047,0
                  9.131094,40.547049,0
                  9.131104,40.54705,0
                  9.131113,40.547053,0
                  9.131124,40.547056,0
                  9.131135,40.547061,0
                  9.131147,40.547065,0
                  9.131159,40.547071,0
                  9.131172,40.547077,0
                  9.131185,40.547084,0
                  9.131199,40.547092,0
                  9.131213,40.547101,0
                  9.131228,40.54711,0
                  9.131244,40.54712,0
                  9.13126,40.54713,0
                  9.131277,40.547141,0
                  9.131294,40.547153,0
                  9.131312,40.547164,0
                  9.13133,40.547175,0
                  9.131349,40.547187,0
                  9.131368,40.547199,0
                  9.131388,40.547211,0
                  9.131408,40.547223,0
                  9.131429,40.547235,0
                  9.13145,40.547247,0
                  9.131471,40.54726,0
                  9.131493,40.547272,0
                  9.131516,40.547285,0
                  9.131539,40.547298,0
                  9.131562,40.547311,0
                  9.131586,40.547324,0
                  9.13161,40.547336,0
                  9.131635,40.547349,0
                  9.13166,40.547361,0
                  9.131685,40.547373,0
                  9.131711,40.547385,0
                  9.131738,40.547397,0
                  9.131764,40.547409,0
                  9.131791,40.54742,0
                  9.131819,40.547431,0
                  9.131847,40.547443,0
                  9.131876,40.547454,0
                  9.131904,40.547465,0
                  9.131934,40.547476,0
                  9.131964,40.547486,0
                  9.131994,40.547497,0
                  9.132024,40.547507,0
                  9.132055,40.547516,0
                  9.132085,40.547524,0
                  9.132116,40.547532,0
                  9.132148,40.547539,0
                  9.132179,40.547545,0
                  9.132211,40.54755,0
                  9.132243,40.547555,0
                  9.132275,40.547559,0
                  9.132308,40.547562,0
                  9.132341,40.547565,0
                  9.132374,40.547566,0
                  9.132407,40.547567,0
                  9.132441,40.547568,0
                  9.13247,40.547568,0
                  9.1325,40.547567,0
                  9.132528,40.547565,0
                  9.132556,40.547563,0
                  9.132584,40.547561,0
                  9.132611,40.547558,0
                  9.132637,40.547554,0
                  9.132663,40.54755,0
                  9.132689,40.547545,0
                  9.132714,40.547539,0
                  9.132738,40.547533,0
                  9.132762,40.547526,0
                  9.132785,40.547519,0
                  9.132808,40.547511,0
                  9.132831,40.547502,0
                  9.132852,40.547494,0
                  9.132874,40.547485,0
                  9.132894,40.547475,0
                  9.132914,40.547465,0
                  9.132934,40.547454,0
                  9.132953,40.547443,0
                  9.132972,40.547432,0
                  9.13299,40.54742,0
                  9.133007,40.547407,0
                  9.133024,40.547395,0
                  9.13304,40.547382,0
                  9.133056,40.547368,0
                  9.133072,40.547354,0
                  9.133086,40.54734,0
                  9.133101,40.547325,0
                  9.133114,40.54731,0
                  9.133128,40.547295,0
                  9.133141,40.547279,0
                  9.133153,40.547263,0
                  9.133165,40.547246,0
                  9.133176,40.547229,0
                  9.133187,40.547212,0
                  9.133198,40.547194,0
                  9.133208,40.547176,0
                  9.133217,40.547158,0
                  9.133226,40.547139,0
                  9.133235,40.54712,0
                  9.133244,40.5471,0
                  9.133252,40.54708,0
                  9.133259,40.54706,0
                  9.133266,40.547039,0
                  9.133272,40.547019,0
                  9.133278,40.546998,0
                  9.133284,40.546977,0
                  9.133289,40.546956,0
                  9.133293,40.546935,0
                  9.133297,40.546913,0
                  9.133301,40.546892,0
                  9.133304,40.54687,0
                  9.133307,40.546848,0
                  9.133309,40.546826,0
                  9.133311,40.546803,0
                  9.133312,40.546781,0
                  9.133313,40.546758,0
                  9.133313,40.546736,0
                  9.133312,40.546706,0
                  9.133311,40.546676,0
                  9.13331,40.546647,0
                  9.133307,40.546619,0
                  9.133304,40.54659,0
                  9.1333,40.546562,0
                  9.133296,40.546535,0
                  9.13329,40.546507,0
                  9.133284,40.54648,0
                  9.133278,40.546454,0
                  9.13327,40.546428,0
                  9.133262,40.546402,0
                  9.133254,40.546377,0
                  9.133244,40.546352,0
                  9.133234,40.546327,0
                  9.133224,40.546302,0
                  9.133212,40.546278,0
                  9.1332,40.546255,0
                  9.133188,40.546232,0
                  9.133175,40.546209,0
                  9.133161,40.546187,0
                  9.133147,40.546166,0
                  9.133132,40.546145,0
                  9.133116,40.546124,0
                  9.1331,40.546104,0
                  9.133083,40.546085,0
                  9.133066,40.546066,0
                  9.133048,40.546047,0
                  9.133029,40.546029,0
                  9.133009,40.546012,0
                  9.132989,40.545995,0
                  9.132968,40.545978,0
                  9.132947,40.545962,0
                  9.132924,40.545947,0
                  9.132902,40.545932,0
                  9.132878,40.545917,0
                  9.132855,40.545903,0
                  9.13283,40.54589,0
                  9.132805,40.545877,0
                  9.132779,40.545865,0
                  9.132753,40.545853,0
                  9.132726,40.545842,0
                  9.132698,40.545831,0
                  9.13267,40.545821,0
                  9.132641,40.545812,0
                  9.132611,40.545803,0
                  9.132581,40.545794,0
                  9.132551,40.545786,0
                  9.13252,40.545779,0
                  9.132488,40.545772,0
                  9.132456,40.545766,0
                  9.132423,40.545761,0
                  9.13239,40.545756,0
                  9.132356,40.545752,0
                  9.132322,40.545749,0
                  9.132287,40.545746,0
                  9.132251,40.545744,0
                  9.132215,40.545742,0
                  9.132178,40.545742,0
                  9.132141,40.545741,0
                  9.13159,40.545741,0
                  9.131583,40.545741,0
                  9.131575,40.545741,0
                  9.131568,40.54574,0
                  9.131561,40.54574,0
                  9.131554,40.545739,0
                  9.131547,40.545738,0
                  9.13154,40.545736,0
                  9.131533,40.545735,0
                  9.131527,40.545733,0
                  9.13152,40.545732,0
                  9.131514,40.54573,0
                  9.131508,40.545727,0
                  9.131502,40.545725,0
                  9.131496,40.545722,0
                  9.131491,40.54572,0
                  9.131485,40.545717,0
                  9.13148,40.545714,0
                  9.131475,40.545711,0
                  9.13147,40.545707,0
                  9.131465,40.545703,0
                  9.13146,40.545699,0
                  9.131456,40.545694,0
                  9.131451,40.545689,0
                  9.131447,40.545684,0
                  9.131442,40.545679,0
                  9.131438,40.545673,0
                  9.131434,40.545667,0
                  9.131431,40.545661,0
                  9.131427,40.545654,0
                  9.131424,40.545647,0
                  9.13142,40.54564,0
                  9.131417,40.545633,0
                  9.131413,40.545625,0
                  9.13141,40.545617,0
                  9.131407,40.545608,0
                  9.131404,40.545599,0
                  9.131401,40.54559,0
                  9.131399,40.54558,0
                  9.131396,40.54557,0
                  9.131394,40.545559,0
                  9.131392,40.545548,0
                  9.131389,40.545537,0
                  9.131387,40.545525,0
                  9.131386,40.545513,0
                  9.131384,40.5455,0
                  9.131382,40.545487,0
                  9.131381,40.545474,0
                  9.131379,40.54546,0
                  9.131378,40.545445,0
                  9.131377,40.545431,0
                  9.131376,40.545415,0
                  9.131375,40.545399,0
                  9.131375,40.545383,0
                  9.131374,40.545366,0
                  9.131373,40.545349,0
                  9.131373,40.545331,0
                  9.131373,40.545312,0
                  9.131372,40.545294,0
                  9.131372,40.545274,0
                  9.131372,40.545254,0
                  9.131372,40.545233,0
                  9.131372,40.545213,0
                  9.131373,40.545193,0
                  9.131373,40.545173,0
                  9.131373,40.545154,0
                  9.131374,40.545136,0
                  9.131375,40.545118,0
                  9.131375,40.545101,0
                  9.131376,40.545084,0
                  9.131377,40.545067,0
                  9.131378,40.545052,0
                  9.131379,40.545036,0
                  9.131381,40.545022,0
                  9.131382,40.545008,0
                  9.131384,40.544994,0
                  9.131385,40.544981,0
                  9.131387,40.544968,0
                  9.131389,40.544955,0
                  9.131392,40.544943,0
                  9.131394,40.544931,0
                  9.131397,40.54492,0
                  9.131399,40.544909,0
                  9.131402,40.544898,0
                  9.131405,40.544888,0
                  9.131408,40.544879,0
                  9.131411,40.544869,0
                  9.131415,40.54486,0
                  9.131418,40.544852,0
                  9.131422,40.544844,0
                  9.131425,40.544836,0
                  9.131429,40.544828,0
                  9.131434,40.544821,0
                  9.131438,40.544814,0
                  9.131442,40.544808,0
                  9.131447,40.544802,0
                  9.131452,40.544796,0
                  9.131456,40.54479,0
                  9.131461,40.544785,0
                  9.131466,40.544781,0
                  9.131472,40.544776,0
                  9.131477,40.544772,0
                  9.131482,40.544769,0
                  9.131487,40.544765,0
                  9.131493,40.544762,0
                  9.131499,40.54476,0
                  9.131505,40.544757,0
                  9.131511,40.544755,0
                  9.131517,40.544753,0
                  9.131524,40.544751,0
                  9.13153,40.54475,0
                  9.131537,40.544748,0
                  9.131544,40.544747,0
                  9.131551,40.544746,0
                  9.131559,40.544745,0
                  9.131566,40.544744,0
                  9.131574,40.544743,0
                  9.131582,40.544743,0
                  9.13159,40.544743,0
                  9.131598,40.544742,0
                  9.131607,40.544742,0
                  9.132154,40.544742,0
                  9.1322,40.544742,0
                  9.132245,40.544741,0
                  9.132289,40.544739,0
                  9.132333,40.544737,0
                  9.132376,40.544734,0
                  9.132417,40.54473,0
                  9.132459,40.544726,0
                  9.132499,40.544721,0
                  9.132538,40.544716,0
                  9.132577,40.54471,0
                  9.132615,40.544703,0
                  9.132651,40.544695,0
                  9.132688,40.544687,0
                  9.132723,40.544679,0
                  9.132757,40.544669,0
                  9.132791,40.54466,0
                  9.132824,40.544649,0
                  9.132857,40.544638,0
                  9.132888,40.544627,0
                  9.132919,40.544615,0
                  9.132949,40.544603,0
                  9.132978,40.54459,0
                  9.133006,40.544576,0
                  9.133034,40.544562,0
                  9.133061,40.544548,0
                  9.133087,40.544532,0
                  9.133112,40.544517,0
                  9.133136,40.5445,0
                  9.13316,40.544483,0
                  9.133182,40.544466,0
                  9.133205,40.544448,0
                  9.133226,40.54443,0
                  9.133247,40.544412,0
                  9.133267,40.544393,0
                  9.133286,40.544373,0
                  9.133304,40.544353,0
                  9.133322,40.544332,0
                  9.133339,40.544311,0
                  9.133355,40.544289,0
                  9.133371,40.544267,0
                  9.133385,40.544245,0
                  9.133399,40.544221,0
                  9.133413,40.544198,0
                  9.133425,40.544174,0
                  9.133437,40.544149,0
                  9.133448,40.544124,0
                  9.133459,40.544099,0
                  9.133468,40.544073,0
                  9.133477,40.544047,0
                  9.133485,40.54402,0
                  9.133492,40.543993,0
                  9.133498,40.543966,0
                  9.133504,40.543938,0
                  9.133509,40.54391,0
                  9.133513,40.543881,0
                  9.133516,40.543852,0
                  9.133519,40.543823,0
                  9.133521,40.543793,0
                  9.133522,40.543762,0
                  9.133522,40.543731,0
                  9.133522,40.543704,0
                  9.133521,40.543676,0
                  9.133519,40.543649,0
                  9.133517,40.543622,0
                  9.133514,40.543595,0
                  9.133511,40.543569,0
                  9.133507,40.543543,0
                  9.133502,40.543517,0
                  9.133497,40.543492,0
                  9.133491,40.543467,0
                  9.133485,40.543442,0
                  9.133478,40.543418,0
                  9.13347,40.543394,0
                  9.133461,40.543371,0
                  9.133452,40.543347,0
                  9.133442,40.543325,0
                  9.133432,40.543302,0
                  9.133421,40.543281,0
                  9.133409,40.543259,0
                  9.133396,40.543238,0
                  9.133383,40.543218,0
                  9.133369,40.543198,0
                  9.133355,40.543178,0
                  9.13334,40.543159,0
                  9.133325,40.543141,0
                  9.133308,40.543122,0
                  9.133292,40.543104,0
                  9.133274,40.543087,0
                  9.133256,40.54307,0
                  9.133237,40.543054,0
                  9.133218,40.543038,0
                  9.133197,40.543023,0
                  9.133177,40.543008,0
                  9.133156,40.542993,0
                  9.133134,40.542979,0
                  9.133111,40.542966,0
                  9.133089,40.542953,0
                  9.133065,40.54294,0
                  9.133041,40.542928,0
                  9.133017,40.542917,0
                  9.132992,40.542906,0
                  9.132967,40.542895,0
                  9.132941,40.542885,0
                  9.132914,40.542875,0
                  9.132887,40.542866,0
                  9.132859,40.542857,0
                  9.132831,40.542849,0
                  9.132802,40.542842,0
                  9.132773,40.542835,0
                  9.132743,40.542829,0
                  9.132713,40.542823,0
                  9.132682,40.542818,0
                  9.13265,40.542814,0
                  9.132618,40.54281,0
                  9.132585,40.542807,0
                  9.132552,40.542804,0
                  9.132518,40.542802,0
                  9.132484,40.5428,0
                  9.132449,40.542799,0
                  9.132413,40.542799,0
                  9.132372,40.542799,0
                  9.13233,40.5428,0
                  9.13229,40.542802,0
                  9.132249,40.542804,0
                  9.13221,40.542807,0
                  9.132171,40.54281,0
                  9.132133,40.542814,0
                  9.132095,40.542818,0
                  9.132058,40.542824,0
                  9.132021,40.542829,0
                  9.131985,40.542836,0
                  9.13195,40.542843,0
                  9.131915,40.542851,0
                  9.131881,40.542859,0
                  9.131847,40.542868,0
                  9.131814,40.542877,0
                  9.131781,40.542886,0
                  9.13175,40.542896,0
                  9.131718,40.542905,0
                  9.131688,40.542915,0
                  9.131657,40.542925,0
                  9.131628,40.542935,0
                  9.131599,40.542944,0
                  9.13157,40.542954,0
                  9.131543,40.542965,0
                  9.131515,40.542975,0
                  9.131489,40.542985,0
                  9.131463,40.542995,0
                  9.131437,40.543006,0
                  9.131412,40.543016,0
                  9.131388,40.543027,0
                  9.131364,40.543037,0
                  9.131341,40.543048,0
                  9.131318,40.543058,0
                  9.131296,40.543068,0
                  9.131274,40.543078,0
                  9.131253,40.543088,0
                  9.131233,40.543098,0
                  9.131213,40.543108,0
                  9.131194,40.543118,0
                  9.131176,40.543127,0
                  9.131158,40.543137,0
                  9.13114,40.543146,0
                  9.131123,40.543156,0
                  9.131107,40.543165,0
                  9.131091,40.543174,0
                  9.131076,40.543182,0
                  9.131062,40.54319,0
                  9.131048,40.543197,0
                  9.131035,40.543203,0
                  9.131022,40.543209,0
                  9.13101,40.543214,0
                  9.130999,40.543219,0
                  9.130988,40.543223,0
                  9.130978,40.543226,0
                  9.130969,40.543229,0
                  9.13096,40.543231,0
                  9.130952,40.543233,0
                  9.130945,40.543234,0
                  9.130938,40.543234,0
                  9.130928,40.543233,0
                  9.130919,40.543232,0
                  9.130909,40.54323,0
                  9.1309,40.543227,0
                  9.130891,40.543223,0
                  9.130882,40.543218,0
                  9.130874,40.543213,0
                  9.130866,40.543207,0
                  9.130859,40.543199,0
                  9.130851,40.543191,0
                  9.130844,40.543182,0
                  9.130838,40.543173,0
                  9.130832,40.543162,0
                  9.130826,40.543151,0
                  9.13082,40.543138,0
                  9.130815,40.543125,0
                  9.130811,40.54311,0
                  9.130806,40.543094,0
                  9.130802,40.543076,0
                  9.130799,40.543057,0
                  9.130796,40.543037,0
                  9.130793,40.543016,0
                  9.13079,40.542993,0
                  9.130788,40.542968,0
                  9.130786,40.542943,0
                  9.130784,40.542916,0
                  9.130783,40.542887,0
                  9.130782,40.542858,0
                  9.130782,40.542827,0
                  9.130782,40.542795,0
                  9.130782,40.542775,0
                  9.130782,40.542755,0
                  9.130782,40.542736,0
                  9.130782,40.542718,0
                  9.130782,40.5427,0
                  9.130782,40.542682,0
                  9.130783,40.542664,0
                  9.130783,40.542647,0
                  9.130783,40.542631,0
                  9.130784,40.542614,0
                  9.130785,40.542598,0
                  9.130785,40.542583,0
                  9.130786,40.542568,0
                  9.130787,40.542554,0
                  9.130788,40.542539,0
                  9.130789,40.542525,0
                  9.13079,40.542512,0
                  9.130791,40.542498,0
                  9.130793,40.542485,0
                  9.130794,40.542473,0
                  9.130796,40.54246,0
                  9.130797,40.542448,0
                  9.130799,40.542436,0
                  9.130801,40.542425,0
                  9.130803,40.542414,0
                  9.130805,40.542403,0
                  9.130807,40.542392,0
                  9.130809,40.542382,0
                  9.130811,40.542372,0
                  9.130813,40.542362,0
                  9.130816,40.542353,0
                  9.130818,40.542344,0
                  9.13082,40.542335,0
                  9.130823,40.542326,0
                  9.130825,40.542318,0
                  9.130828,40.54231,0
                  9.13083,40.542301,0
                  9.130833,40.542293,0
                  9.130836,40.542285,0
                  9.130838,40.542278,0
                  9.130841,40.54227,0
                  9.130843,40.542263,0
                  9.130846,40.542256,0
                  9.130849,40.542249,0
                  9.130851,40.542242,0
                  9.130854,40.542235,0
                  9.130858,40.542228,0
                  9.130861,40.542221,0
                  9.130865,40.542215,0
                  9.130869,40.542208,0
                  9.130873,40.542202,0
                  9.130877,40.542195,0
                  9.130881,40.542189,0
                  9.130886,40.542183,0
                  9.130891,40.542177,0
                  9.130896,40.542171,0
                  9.130901,40.542165,0
                  9.130907,40.542159,0
                  9.130912,40.542154,0
                  9.130918,40.542148,0
                  9.130925,40.542143,0
                  9.130932,40.542137,0
                  9.13094,40.54213,0
                  9.130949,40.542124,0
                  9.130959,40.542117,0
                  9.130969,40.54211,0
                  9.130981,40.542102,0
                  9.130993,40.542094,0
                  9.131007,40.542086,0
                  9.131021,40.542077,0
                  9.131035,40.542068,0
                  9.131051,40.542059,0
                  9.131068,40.54205,0
                  9.131085,40.54204,0
                  9.131103,40.54203,0
                  9.131123,40.542019,0
                  9.131143,40.542009,0
                  9.131163,40.541998,0
                  9.131184,40.541988,0
                  9.131206,40.541977,0
                  9.131229,40.541967,0
                  9.131252,40.541957,0
                  9.131276,40.541947,0
                  9.1313,40.541936,0
                  9.131325,40.541926,0
                  9.131351,40.541916,0
                  9.131378,40.541907,0
                  9.131405,40.541897,0
                  9.131433,40.541887,0
                  9.131462,40.541878,0
                  9.131491,40.541868,0
                  9.131521,40.541858,0
                  9.131551,40.541849,0
                  9.131582,40.54184,0
                  9.131614,40.541831,0
                  9.131646,40.541822,0
                  9.131679,40.541814,0
                  9.131712,40.541805,0
                  9.131746,40.541797,0
                  9.13178,40.54179,0
                  9.131816,40.541782,0
                  9.131851,40.541775,0
                  9.131888,40.541767,0
                  9.131924,40.54176,0
                  9.131962,40.541753,0
                  9.132,40.541747,0
                  9.132038,40.541741,0
                  9.132077,40.541735,0
                  9.132116,40.54173,0
                  9.132156,40.541726,0
                  9.132195,40.541721,0
                  9.132235,40.541718,0
                  9.132276,40.541714,0
                  9.132316,40.541712,0
                  9.132357,40.541709,0
                  9.132399,40.541707,0
                  9.13244,40.541706,0
                  9.132482,40.541705,0
                  9.132524,40.541704,0
                  9.132567,40.541704,0
                  9.132638,40.541705,0
                  9.132707,40.541706,0
                  9.132776,40.541709,0
                  9.132845,40.541714,0
                  9.132912,40.541719,0
                  9.132979,40.541726,0
                  9.133046,40.541734,0
                  9.133111,40.541743,0
                  9.133176,40.541753,0
                  9.13324,40.541765,0
                  9.133303,40.541777,0
                  9.133366,40.541791,0
                  9.133427,40.541806,0
                  9.133488,40.541823,0
                  9.133549,40.54184,0
                  9.133608,40.541859,0
                  9.133666,40.541879,0
                  9.133723,40.541901,0
                  9.133778,40.541923,0
                  9.133833,40.541946,0
                  9.133887,40.541971,0
                  9.133939,40.541997,0
                  9.13399,40.542024,0
                  9.134041,40.542051,0
                  9.13409,40.542081,0
                  9.134138,40.542111,0
                  9.134185,40.542142,0
                  9.134231,40.542174,0
                  9.134275,40.542208,0
                  9.134319,40.542242,0
                  9.134361,40.542278,0
                  9.134402,40.542314,0
                  9.134442,40.542352,0
                  9.134481,40.542391,0
                  9.134518,40.542431,0
                  9.134554,40.542473,0
                  9.134589,40.542515,0
                  9.134622,40.542558,0
                  9.134655,40.542603,0
                  9.134686,40.542649,0
                  9.134715,40.542695,0
                  9.134744,40.542743,0
                  9.134771,40.542792,0
                  9.134798,40.542842,0
                  9.134822,40.542894,0
                  9.134846,40.542946,0
                  9.134867,40.542999,0
                  9.134887,40.543053,0
                  9.134906,40.543109,0
                  9.134922,40.543165,0
                  9.134938,40.543222,0
                  9.134951,40.543281,0
                  9.134963,40.54334,0
                  9.134974,40.5434,0
                  9.134982,40.543462,0
                  9.13499,40.543524,0
                  9.134995,40.543588,0
                  9.134999,40.543652,0
                  9.135002,40.543718,0
                  9.135002,40.543784,0
                </coordinates>
              </LinearRing>
            </outerBoundaryIs>
          </Polygon>
          <Polygon>
            <outerBoundaryIs>
              <LinearRing>
                <tessellate>1</tessellate>
                <coordinates>
                  9.130242,40.54234,0
                  9.130243,40.542339,0
                  9.130243,40.542359,0
                  9.130243,40.542378,0
                  9.130242,40.542397,0
                  9.130242,40.542415,0
                  9.130242,40.542433,0
                  9.130241,40.542451,0
                  9.130241,40.542468,0
                  9.13024,40.542484,0
                  9.130239,40.542501,0
                  9.130238,40.542517,0
                  9.130237,40.542532,0
                  9.130236,40.542547,0
                  9.130234,40.542562,0
                  9.130233,40.542576,0
                  9.130231,40.54259,0
                  9.13023,40.542604,0
                  9.130228,40.542617,0
                  9.130226,40.542629,0
                  9.130224,40.542641,0
                  9.130221,40.542653,0
                  9.130219,40.542665,0
                  9.130217,40.542676,0
                  9.130214,40.542687,0
                  9.130211,40.542697,0
                  9.130208,40.542707,0
                  9.130205,40.542717,0
                  9.130202,40.542727,0
                  9.130199,40.542736,0
                  9.130195,40.542745,0
                  9.130191,40.542753,0
                  9.130188,40.542761,0
                  9.130184,40.542769,0
                  9.13018,40.542777,0
                  9.130176,40.542784,0
                  9.130172,40.542791,0
                  9.130168,40.542797,0
                  9.130164,40.542804,0
                  9.13016,40.54281,0
                  9.130156,40.542815,0
                  9.130151,40.542821,0
                  9.130147,40.542826,0
                  9.130142,40.542831,0
                  9.130138,40.542835,0
                  9.130133,40.54284,0
                  9.130128,40.542844,0
                  9.130123,40.542847,0
                  9.130118,40.542851,0
                  9.130113,40.542854,0
                  9.130107,40.542857,0
                  9.130102,40.54286,0
                  9.130097,40.542862,0
                  9.130091,40.542864,0
                  9.130086,40.542866,0
                  9.130081,40.542868,0
                  9.130075,40.542869,0
                  9.130069,40.54287,0
                  9.130064,40.542871,0
                  9.130058,40.542872,0
                  9.130052,40.542872,0
                  9.130046,40.542872,0
                  9.129012,40.542872,0
                  9.129012,40.548415,0
                  9.129012,40.548421,0
                  9.129012,40.548428,0
                  9.129011,40.548433,0
                  9.129011,40.548439,0
                  9.12901,40.548445,0
                  9.129009,40.54845,0
                  9.129008,40.548456,0
                  9.129006,40.548461,0
                  9.129005,40.548466,0
                  9.129003,40.548471,0
                  9.129001,40.548475,0
                  9.128999,40.54848,0
                  9.128997,40.548484,0
                  9.128995,40.548489,0
                  9.128992,40.548493,0
                  9.128989,40.548497,0
                  9.128986,40.548501,0
                  9.128982,40.548505,0
                  9.128979,40.548509,0
                  9.128974,40.548513,0
                  9.12897,40.548516,0
                  9.128965,40.54852,0
                  9.12896,40.548523,0
                  9.128954,40.548526,0
                  9.128949,40.548529,0
                  9.128942,40.548532,0
                  9.128936,40.548535,0
                  9.128929,40.548538,0
                  9.128921,40.54854,0
                  9.128914,40.548543,0
                  9.128906,40.548545,0
                  9.128897,40.548548,0
                  9.128888,40.54855,0
                  9.128879,40.548552,0
                  9.128869,40.548554,0
                  9.128858,40.548556,0
                  9.128847,40.548558,0
                  9.128835,40.54856,0
                  9.128823,40.548561,0
                  9.128811,40.548563,0
                  9.128797,40.548564,0
                  9.128784,40.548566,0
                  9.12877,40.548567,0
                  9.128755,40.548568,0
                  9.12874,40.548569,0
                  9.128724,40.54857,0
                  9.128708,40.548571,0
                  9.128691,40.548572,0
                  9.128674,40.548573,0
                  9.128656,40.548574,0
                  9.128637,40.548574,0
                  9.128617,40.548575,0
                  9.128598,40.548575,0
                  9.128577,40.548575,0
                  9.128556,40.548576,0
                  9.128534,40.548576,0
                  9.128511,40.548576,0
                  9.128488,40.548576,0
                  9.128464,40.548576,0
                  9.12844,40.548576,0
                  9.12842,40.548576,0
                  9.1284,40.548576,0
                  9.128381,40.548576,0
                  9.128363,40.548576,0
                  9.128345,40.548576,0
                  9.128327,40.548576,0
                  9.12831,40.548576,0
                  9.128294,40.548576,0
                  9.128278,40.548576,0
                  9.128263,40.548576,0
                  9.128248,40.548576,0
                  9.128233,40.548576,0
                  9.12822,40.548575,0
                  9.128206,40.548575,0
                  9.128193,40.548575,0
                  9.128181,40.548574,0
                  9.128168,40.548574,0
                  9.128157,40.548573,0
                  9.128145,40.548573,0
                  9.128134,40.548572,0
                  9.128123,40.548572,0
                  9.128112,40.548571,0
                  9.128102,40.54857,0
                  9.128092,40.54857,0
                  9.128082,40.548569,0
                  9.128073,40.548568,0
                  9.128064,40.548567,0
                  9.128056,40.548566,0
                  9.128048,40.548565,0
                  9.12804,40.548564,0
                  9.128032,40.548563,0
                  9.128024,40.548562,0
                  9.128017,40.548561,0
                  9.128009,40.548559,0
                  9.128002,40.548558,0
                  9.127995,40.548557,0
                  9.127989,40.548555,0
                  9.127982,40.548554,0
                  9.127976,40.548552,0
                  9.12797,40.548551,0
                  9.127964,40.548549,0
                  9.127959,40.548548,0
                  9.127953,40.548546,0
                  9.127948,40.548544,0
                  9.127943,40.548543,0
                  9.127938,40.548541,0
                  9.127934,40.548539,0
                  9.127929,40.548537,0
                  9.127925,40.548535,0
                  9.127921,40.548533,0
                  9.127917,40.548531,0
                  9.127912,40.548529,0
                  9.127908,40.548527,0
                  9.127905,40.548524,0
                  9.127901,40.548522,0
                  9.127897,40.548519,0
                  9.127893,40.548517,0
                  9.12789,40.548514,0
                  9.127886,40.548512,0
                  9.127883,40.548509,0
                  9.126526,40.547576,0
                  9.126518,40.54757,0
                  9.126511,40.547565,0
                  9.126504,40.547559,0
                  9.126497,40.547554,0
                  9.12649,40.547549,0
                  9.126483,40.547543,0
                  9.126477,40.547538,0
                  9.126471,40.547533,0
                  9.126465,40.547528,0
                  9.126459,40.547523,0
                  9.126454,40.547518,0
                  9.126448,40.547513,0
                  9.126443,40.547508,0
                  9.126439,40.547503,0
                  9.126434,40.547498,0
                  9.12643,40.547493,0
                  9.126425,40.547488,0
                  9.126421,40.547483,0
                  9.126417,40.547477,0
                  9.126413,40.547472,0
                  9.126409,40.547466,0
                  9.126405,40.54746,0
                  9.126402,40.547453,0
                  9.126398,40.547447,0
                  9.126395,40.547441,0
                  9.126392,40.547434,0
                  9.126389,40.547427,0
                  9.126386,40.547419,0
                  9.126384,40.547412,0
                  9.126381,40.547404,0
                  9.126379,40.547397,0
                  9.126376,40.547389,0
                  9.126374,40.547381,0
                  9.126371,40.547373,0
                  9.126369,40.547364,0
                  9.126367,40.547355,0
                  9.126366,40.547347,0
                  9.126364,40.547337,0
                  9.126362,40.547328,0
                  9.126361,40.547319,0
                  9.12636,40.547309,0
                  9.126359,40.547299,0
                  9.126358,40.547289,0
                  9.126357,40.547278,0
                  9.126356,40.547268,0
                  9.126355,40.547257,0
                  9.126355,40.547246,0
                  9.126354,40.547234,0
                  9.126354,40.547222,0
                  9.126353,40.54721,0
                  9.126353,40.547197,0
                  9.126353,40.547184,0
                  9.126352,40.54717,0
                  9.126352,40.547156,0
                  9.126352,40.547141,0
                  9.126352,40.547126,0
                  9.126351,40.547111,0
                  9.126351,40.547095,0
                  9.126351,40.547079,0
                  9.126351,40.547063,0
                  9.126351,40.547037,0
                  9.126352,40.547012,0
                  9.126352,40.546988,0
                  9.126352,40.546964,0
                  9.126353,40.546941,0
                  9.126354,40.546919,0
                  9.126355,40.546898,0
                  9.126356,40.546878,0
                  9.126357,40.546858,0
                  9.126358,40.546839,0
                  9.126359,40.546821,0
                  9.126361,40.546804,0
                  9.126363,40.546787,0
                  9.126364,40.546771,0
                  9.126366,40.546756,0
                  9.126368,40.546742,0
                  9.126371,40.546729,0
                  9.126373,40.546716,0
                  9.126376,40.546703,0
                  9.126379,40.546692,0
                  9.126382,40.54668,0
                  9.126386,40.54667,0
                  9.126389,40.54666,0
                  9.126393,40.54665,0
                  9.126397,40.546641,0
                  9.126402,40.546633,0
                  9.126406,40.546625,0
                  9.126411,40.546617,0
                  9.126416,40.546611,0
                  9.126421,40.546604,0
                  9.126427,40.546599,0
                  9.126433,40.546593,0
                  9.126439,40.546589,0
                  9.126446,40.546585,0
                  9.126453,40.546581,0
                  9.12646,40.546578,0
                  9.126467,40.546575,0
                  9.126474,40.546573,0
                  9.126482,40.546572,0
                  9.12649,40.546571,0
                  9.126498,40.54657,0
                  9.126507,40.54657,0
                  9.126516,40.54657,0
                  9.126525,40.546571,0
                  9.126535,40.546572,0
                  9.126544,40.546574,0
                  9.126554,40.546577,0
                  9.126565,40.54658,0
                  9.126575,40.546583,0
                  9.126586,40.546587,0
                  9.126598,40.546591,0
                  9.12661,40.546595,0
                  9.126622,40.5466,0
                  9.126634,40.546605,0
                  9.126647,40.54661,0
                  9.12666,40.546616,0
                  9.126674,40.546623,0
                  9.126688,40.546629,0
                  9.126702,40.546636,0
                  9.126716,40.546643,0
                  9.127732,40.547238,0
                  9.127732,40.542873,0
                  9.126551,40.542873,0
                  9.126546,40.542872,0
                  9.12654,40.542872,0
                  9.126535,40.542871,0
                  9.126529,40.542871,0
                  9.126524,40.54287,0
                  9.126519,40.542868,0
                  9.126513,40.542867,0
                  9.126508,40.542865,0
                  9.126503,40.542862,0
                  9.126498,40.54286,0
                  9.126493,40.542857,0
                  9.126488,40.542854,0
                  9.126484,40.542851,0
                  9.126479,40.542848,0
                  9.126475,40.542844,0
                  9.12647,40.54284,0
                  9.126466,40.542836,0
                  9.126461,40.542831,0
                  9.126457,40.542826,0
                  9.126453,40.542821,0
                  9.126448,40.542816,0
                  9.126444,40.54281,0
                  9.12644,40.542804,0
                  9.126436,40.542798,0
                  9.126432,40.542791,0
                  9.126428,40.542784,0
                  9.126424,40.542777,0
                  9.12642,40.54277,0
                  9.126417,40.542762,0
                  9.126413,40.542754,0
                  9.126409,40.542745,0
                  9.126406,40.542736,0
                  9.126403,40.542727,0
                  9.126399,40.542717,0
                  9.126396,40.542708,0
                  9.126393,40.542697,0
                  9.126391,40.542687,0
                  9.126388,40.542676,0
                  9.126386,40.542665,0
                  9.126383,40.542653,0
                  9.126381,40.542642,0
                  9.126379,40.542629,0
                  9.126377,40.542617,0
                  9.126375,40.542604,0
                  9.126373,40.542591,0
                  9.126372,40.542577,0
                  9.12637,40.542562,0
                  9.126369,40.542548,0
                  9.126368,40.542533,0
                  9.126367,40.542517,0
                  9.126366,40.542501,0
                  9.126365,40.542485,0
                  9.126364,40.542468,0
                  9.126363,40.542451,0
                  9.126363,40.542433,0
                  9.126362,40.542415,0
                  9.126362,40.542397,0
                  9.126362,40.542378,0
                  9.126362,40.542359,0
                  9.126362,40.54234,0
                  9.126362,40.54232,0
                  9.126362,40.542301,0
                  9.126362,40.542283,0
                  9.126363,40.542265,0
                  9.126363,40.542247,0
                  9.126364,40.54223,0
                  9.126365,40.542213,0
                  9.126366,40.542197,0
                  9.126367,40.542181,0
                  9.126368,40.542166,0
                  9.12637,40.54215,0
                  9.126371,40.542136,0
                  9.126373,40.542121,0
                  9.126375,40.542107,0
                  9.126377,40.542094,0
                  9.126379,40.54208,0
                  9.126381,40.542067,0
                  9.126383,40.542055,0
                  9.126385,40.542042,0
                  9.126388,40.54203,0
                  9.12639,40.542019,0
                  9.126393,40.542008,0
                  9.126396,40.541997,0
                  9.126398,40.541987,0
                  9.126401,40.541976,0
                  9.126404,40.541967,0
                  9.126408,40.541958,0
                  9.126411,40.541949,0
                  9.126415,40.54194,0
                  9.126418,40.541932,0
                  9.126422,40.541924,0
                  9.126426,40.541917,0
                  9.126429,40.541909,0
                  9.126433,40.541902,0
                  9.126437,40.541896,0
                  9.126441,40.541889,0
                  9.126445,40.541883,0
                  9.126449,40.541878,0
                  9.126453,40.541872,0
                  9.126457,40.541867,0
                  9.126461,40.541863,0
                  9.126465,40.541858,0
                  9.12647,40.541854,0
                  9.126474,40.541851,0
                  9.126478,40.541847,0
                  9.126483,40.541844,0
                  9.126487,40.541841,0
                  9.126492,40.541838,0
                  9.126497,40.541835,0
                  9.126502,40.541833,0
                  9.126507,40.54183,0
                  9.126511,40.541828,0
                  9.126516,40.541827,0
                  9.126521,40.541825,0
                  9.126526,40.541824,0
                  9.126531,40.541823,0
                  9.126536,40.541822,0
                  9.126541,40.541821,0
                  9.126546,40.541821,0
                  9.126551,40.541821,0
                  9.130047,40.541821,0
                  9.130053,40.541821,0
                  9.130058,40.541821,0
                  9.130064,40.541822,0
                  9.13007,40.541823,0
                  9.130075,40.541824,0
                  9.13008,40.541825,0
                  9.130086,40.541827,0
                  9.130091,40.541828,0
                  9.130096,40.54183,0
                  9.130101,40.541833,0
                  9.130106,40.541835,0
                  9.130111,40.541838,0
                  9.130116,40.541841,0
                  9.130121,40.541844,0
                  9.130126,40.541847,0
                  9.13013,40.541851,0
                  9.130134,40.541854,0
                  9.130138,40.541858,0
                  9.130143,40.541863,0
                  9.130147,40.541867,0
                  9.130151,40.541872,0
                  9.130155,40.541878,0
                  9.130159,40.541883,0
                  9.130163,40.541889,0
                  9.130167,40.541896,0
                  9.130171,40.541902,0
                  9.130175,40.541909,0
                  9.130179,40.541917,0
                  9.130182,40.541924,0
                  9.130186,40.541932,0
                  9.130189,40.54194,0
                  9.130193,40.541949,0
                  9.130196,40.541958,0
                  9.130199,40.541967,0
                  9.130202,40.541976,0
                  9.130205,40.541987,0
                  9.130208,40.541997,0
                  9.130211,40.542008,0
                  9.130213,40.542019,0
                  9.130216,40.54203,0
                  9.130218,40.542042,0
                  9.130221,40.542055,0
                  9.130223,40.542067,0
                  9.130225,40.54208,0
                  9.130227,40.542094,0
                  9.130229,40.542107,0
                  9.130231,40.542121,0
                  9.130233,40.542136,0
                  9.130234,40.54215,0
                  9.130235,40.542166,0
                  9.130237,40.542181,0
                  9.130238,40.542197,0
                  9.130239,40.542213,0
                  9.13024,40.54223,0
                  9.13024,40.542247,0
                  9.130241,40.542265,0
                  9.130242,40.542283,0
                  9.130242,40.542301,0
                  9.130242,40.54232,0
                  9.130242,40.54234,0
                </coordinates>
              </LinearRing>
            </outerBoundaryIs>
          </Polygon>
          <Polygon>
            <outerBoundaryIs>
              <LinearRing>
                <tessellate>1</tessellate>
                <coordinates>
                  9.114528,40.54234,0
                  9.114529,40.542339,0
                  9.114528,40.542359,0
                  9.114528,40.542378,0
                  9.114528,40.542397,0
                  9.114528,40.542415,0
                  9.114527,40.542433,0
                  9.114527,40.542451,0
                  9.114526,40.542468,0
                  9.114526,40.542484,0
                  9.114525,40.542501,0
                  9.114524,40.542517,0
                  9.114523,40.542532,0
                  9.114522,40.542547,0
                  9.11452,40.542562,0
                  9.114519,40.542576,0
                  9.114517,40.54259,0
                  9.114515,40.542604,0
                  9.114513,40.542617,0
                  9.114512,40.542629,0
                  9.114509,40.542641,0
                  9.114507,40.542653,0
                  9.114505,40.542665,0
                  9.114502,40.542676,0
                  9.1145,40.542687,0
                  9.114497,40.542697,0
                  9.114494,40.542707,0
                  9.114491,40.542717,0
                  9.114488,40.542727,0
                  9.114484,40.542736,0
                  9.114481,40.542745,0
                  9.114477,40.542753,0
                  9.114473,40.542761,0
                  9.11447,40.542769,0
                  9.114466,40.542777,0
                  9.114462,40.542784,0
                  9.114458,40.542791,0
                  9.114454,40.542797,0
                  9.11445,40.542804,0
                  9.114446,40.54281,0
                  9.114441,40.542815,0
                  9.114437,40.542821,0
                  9.114433,40.542826,0
                  9.114428,40.542831,0
                  9.114423,40.542835,0
                  9.114419,40.54284,0
                  9.114414,40.542844,0
                  9.114409,40.542847,0
                  9.114404,40.542851,0
                  9.114398,40.542854,0
                  9.114393,40.542857,0
                  9.114388,40.54286,0
                  9.114383,40.542862,0
                  9.114377,40.542864,0
                  9.114372,40.542866,0
                  9.114366,40.542868,0
                  9.114361,40.542869,0
                  9.114355,40.54287,0
                  9.114349,40.542871,0
                  9.114344,40.542872,0
                  9.114338,40.542872,0
                  9.114332,40.542872,0
                  9.113298,40.542872,0
                  9.113298,40.548415,0
                  9.113298,40.548421,0
                  9.113298,40.548428,0
                  9.113297,40.548433,0
                  9.113297,40.548439,0
                  9.113296,40.548445,0
                  9.113295,40.54845,0
                  9.113294,40.548456,0
                  9.113292,40.548461,0
                  9.113291,40.548466,0
                  9.113289,40.548471,0
                  9.113287,40.548475,0
                  9.113285,40.54848,0
                  9.113283,40.548484,0
                  9.11328,40.548489,0
                  9.113278,40.548493,0
                  9.113275,40.548497,0
                  9.113272,40.548501,0
                  9.113268,40.548505,0
                  9.113264,40.548509,0
                  9.11326,40.548513,0
                  9.113256,40.548516,0
                  9.113251,40.54852,0
                  9.113246,40.548523,0
                  9.11324,40.548526,0
                  9.113234,40.548529,0
                  9.113228,40.548532,0
                  9.113222,40.548535,0
                  9.113215,40.548538,0
                  9.113207,40.54854,0
                  9.113199,40.548543,0
                  9.113191,40.548545,0
                  9.113183,40.548548,0
                  9.113174,40.54855,0
                  9.113164,40.548552,0
                  9.113154,40.548554,0
                  9.113144,40.548556,0
                  9.113133,40.548558,0
                  9.113121,40.54856,0
                  9.113109,40.548561,0
                  9.113096,40.548563,0
                  9.113083,40.548564,0
                  9.11307,40.548566,0
                  9.113055,40.548567,0
                  9.113041,40.548568,0
                  9.113026,40.548569,0
                  9.11301,40.54857,0
                  9.112994,40.548571,0
                  9.112977,40.548572,0
                  9.112959,40.548573,0
                  9.112941,40.548574,0
                  9.112923,40.548574,0
                  9.112903,40.548575,0
                  9.112883,40.548575,0
                  9.112863,40.548575,0
                  9.112841,40.548576,0
                  9.11282,40.548576,0
                  9.112797,40.548576,0
                  9.112774,40.548576,0
                  9.11275,40.548576,0
                  9.112726,40.548576,0
                  9.112706,40.548576,0
                  9.112686,40.548576,0
                  9.112667,40.548576,0
                  9.112649,40.548576,0
                  9.112631,40.548576,0
                  9.112613,40.548576,0
                  9.112596,40.548576,0
                  9.11258,40.548576,0
                  9.112564,40.548576,0
                  9.112548,40.548576,0
                  9.112534,40.548576,0
                  9.112519,40.548576,0
                  9.112505,40.548575,0
                  9.112492,40.548575,0
                  9.112479,40.548575,0
                  9.112466,40.548574,0
                  9.112454,40.548574,0
                  9.112442,40.548573,0
                  9.112431,40.548573,0
                  9.112419,40.548572,0
                  9.112408,40.548572,0
                  9.112398,40.548571,0
                  9.112388,40.54857,0
                  9.112378,40.54857,0
                  9.112368,40.548569,0
                  9.112359,40.548568,0
                  9.11235,40.548567,0
                  9.112341,40.548566,0
                  9.112333,40.548565,0
                  9.112325,40.548564,0
                  9.112318,40.548563,0
                  9.11231,40.548562,0
                  9.112302,40.548561,0
                  9.112295,40.548559,0
                  9.112288,40.548558,0
                  9.112281,40.548557,0
                  9.112275,40.548555,0
                  9.112268,40.548554,0
                  9.112262,40.548552,0
                  9.112256,40.548551,0
                  9.11225,40.548549,0
                  9.112245,40.548548,0
                  9.112239,40.548546,0
                  9.112234,40.548544,0
                  9.112229,40.548543,0
                  9.112224,40.548541,0
                  9.11222,40.548539,0
                  9.112215,40.548537,0
                  9.112211,40.548535,0
                  9.112206,40.548533,0
                  9.112202,40.548531,0
                  9.112198,40.548529,0
                  9.112194,40.548527,0
                  9.11219,40.548524,0
                  9.112186,40.548522,0
                  9.112183,40.548519,0
                  9.112179,40.548517,0
                  9.112175,40.548514,0
                  9.112172,40.548512,0
                  9.112169,40.548509,0
                  9.110812,40.547576,0
                  9.110804,40.54757,0
                  9.110797,40.547565,0
                  9.110789,40.547559,0
                  9.110782,40.547554,0
                  9.110776,40.547549,0
                  9.110769,40.547543,0
                  9.110763,40.547538,0
                  9.110756,40.547533,0
                  9.11075,40.547528,0
                  9.110745,40.547523,0
                  9.110739,40.547518,0
                  9.110734,40.547513,0
                  9.110729,40.547508,0
                  9.110724,40.547503,0
                  9.11072,40.547498,0
                  9.110716,40.547493,0
                  9.110711,40.547488,0
                  9.110707,40.547483,0
                  9.110703,40.547477,0
                  9.110699,40.547472,0
                  9.110695,40.547466,0
                  9.110691,40.54746,0
                  9.110687,40.547453,0
                  9.110684,40.547447,0
                  9.110681,40.547441,0
                  9.110678,40.547434,0
                  9.110675,40.547427,0
                  9.110672,40.547419,0
                  9.110669,40.547412,0
                  9.110667,40.547404,0
                  9.110664,40.547397,0
                  9.110662,40.547389,0
                  9.110659,40.547381,0
                  9.110657,40.547373,0
                  9.110655,40.547364,0
                  9.110653,40.547355,0
                  9.110651,40.547347,0
                  9.11065,40.547337,0
                  9.110648,40.547328,0
                  9.110647,40.547319,0
                  9.110645,40.547309,0
                  9.110644,40.547299,0
                  9.110643,40.547289,0
                  9.110642,40.547278,0
                  9.110642,40.547268,0
                  9.110641,40.547257,0
                  9.110641,40.547246,0
                  9.11064,40.547234,0
                  9.11064,40.547222,0
                  9.110639,40.54721,0
                  9.110639,40.547197,0
                  9.110638,40.547184,0
                  9.110638,40.54717,0
                  9.110638,40.547156,0
                  9.110638,40.547141,0
                  9.110637,40.547126,0
                  9.110637,40.547111,0
                  9.110637,40.547095,0
                  9.110637,40.547079,0
                  9.110637,40.547063,0
                  9.110637,40.547037,0
                  9.110637,40.547012,0
                  9.110638,40.546988,0
                  9.110638,40.546964,0
                  9.110639,40.546941,0
                  9.110639,40.546919,0
                  9.11064,40.546898,0
                  9.110641,40.546878,0
                  9.110643,40.546858,0
                  9.110644,40.546839,0
                  9.110645,40.546821,0
                  9.110647,40.546804,0
                  9.110648,40.546787,0
                  9.11065,40.546771,0
                  9.110652,40.546756,0
                  9.110654,40.546742,0
                  9.110656,40.546729,0
                  9.110659,40.546716,0
                  9.110662,40.546703,0
                  9.110665,40.546692,0
                  9.110668,40.54668,0
                  9.110671,40.54667,0
                  9.110675,40.54666,0
                  9.110679,40.54665,0
                  9.110683,40.546641,0
                  9.110687,40.546633,0
                  9.110692,40.546625,0
                  9.110697,40.546617,0
                  9.110702,40.546611,0
                  9.110707,40.546604,0
                  9.110713,40.546599,0
                  9.110719,40.546593,0
                  9.110725,40.546589,0
                  9.110732,40.546585,0
                  9.110738,40.546581,0
                  9.110745,40.546578,0
                  9.110753,40.546575,0
                  9.11076,40.546573,0
                  9.110768,40.546572,0
                  9.110776,40.546571,0
                  9.110784,40.54657,0
                  9.110793,40.54657,0
                  9.110802,40.54657,0
                  9.110811,40.546571,0
                  9.11082,40.546572,0
                  9.11083,40.546574,0
                  9.11084,40.546577,0
                  9.11085,40.54658,0
                  9.110861,40.546583,0
                  9.110872,40.546587,0
                  9.110884,40.546591,0
                  9.110895,40.546595,0
                  9.110907,40.5466,0
                  9.11092,40.546605,0
                  9.110933,40.54661,0
                  9.110946,40.546616,0
                  9.11096,40.546623,0
                  9.110973,40.546629,0
                  9.110988,40.546636,0
                  9.111002,40.546643,0
                  9.112017,40.547238,0
                  9.112017,40.542873,0
                  9.110837,40.542873,0
                  9.110832,40.542872,0
                  9.110826,40.542872,0
                  9.11082,40.542871,0
                  9.110815,40.542871,0
                  9.11081,40.54287,0
                  9.110804,40.542868,0
                  9.110799,40.542867,0
                  9.110794,40.542865,0
                  9.110789,40.542862,0
                  9.110784,40.54286,0
                  9.110779,40.542857,0
                  9.110774,40.542854,0
                  9.110769,40.542851,0
                  9.110765,40.542848,0
                  9.11076,40.542844,0
                  9.110756,40.54284,0
                  9.110751,40.542836,0
                  9.110747,40.542831,0
                  9.110743,40.542826,0
                  9.110738,40.542821,0
                  9.110734,40.542816,0
                  9.11073,40.54281,0
                  9.110726,40.542804,0
                  9.110722,40.542798,0
                  9.110718,40.542791,0
                  9.110714,40.542784,0
                  9.11071,40.542777,0
                  9.110706,40.54277,0
                  9.110702,40.542762,0
                  9.110699,40.542754,0
                  9.110695,40.542745,0
                  9.110692,40.542736,0
                  9.110688,40.542727,0
                  9.110685,40.542717,0
                  9.110682,40.542708,0
                  9.110679,40.542697,0
                  9.110676,40.542687,0
                  9.110674,40.542676,0
                  9.110671,40.542665,0
                  9.110669,40.542653,0
                  9.110667,40.542642,0
                  9.110665,40.542629,0
                  9.110663,40.542617,0
                  9.110661,40.542604,0
                  9.110659,40.542591,0
                  9.110657,40.542577,0
                  9.110656,40.542562,0
                  9.110655,40.542548,0
                  9.110653,40.542533,0
                  9.110652,40.542517,0
                  9.110651,40.542501,0
                  9.110651,40.542485,0
                  9.11065,40.542468,0
                  9.110649,40.542451,0
                  9.110649,40.542433,0
                  9.110648,40.542415,0
                  9.110648,40.542397,0
                  9.110648,40.542378,0
                  9.110647,40.542359,0
                  9.110647,40.54234,0
                  9.110647,40.54232,0
                  9.110648,40.542301,0
                  9.110648,40.542283,0
                  9.110648,40.542265,0
                  9.110649,40.542247,0
                  9.11065,40.54223,0
                  9.110651,40.542213,0
                  9.110652,40.542197,0
                  9.110653,40.542181,0
                  9.110654,40.542166,0
                  9.110656,40.54215,0
                  9.110657,40.542136,0
                  9.110659,40.542121,0
                  9.110661,40.542107,0
                  9.110662,40.542094,0
                  9.110664,40.54208,0
                  9.110667,40.542067,0
                  9.110669,40.542055,0
                  9.110671,40.542042,0
                  9.110673,40.54203,0
                  9.110676,40.542019,0
                  9.110679,40.542008,0
                  9.110681,40.541997,0
                  9.110684,40.541987,0
                  9.110687,40.541976,0
                  9.11069,40.541967,0
                  9.110693,40.541958,0
                  9.110697,40.541949,0
                  9.1107,40.54194,0
                  9.110704,40.541932,0
                  9.110708,40.541924,0
                  9.110711,40.541917,0
                  9.110715,40.541909,0
                  9.110719,40.541902,0
                  9.110723,40.541896,0
                  9.110727,40.541889,0
                  9.110731,40.541883,0
                  9.110735,40.541878,0
                  9.110739,40.541872,0
                  9.110743,40.541867,0
                  9.110747,40.541863,0
                  9.110751,40.541858,0
                  9.110755,40.541854,0
                  9.11076,40.541851,0
                  9.110764,40.541847,0
                  9.110769,40.541844,0
                  9.110773,40.541841,0
                  9.110778,40.541838,0
                  9.110783,40.541835,0
                  9.110788,40.541833,0
                  9.110792,40.54183,0
                  9.110797,40.541828,0
                  9.110802,40.541827,0
                  9.110807,40.541825,0
                  9.110812,40.541824,0
                  9.110817,40.541823,0
                  9.110822,40.541822,0
                  9.110827,40.541821,0
                  9.110832,40.541821,0
                  9.110837,40.541821,0
                  9.114333,40.541821,0
                  9.114339,40.541821,0
                  9.114344,40.541821,0
                  9.11435,40.541822,0
                  9.114355,40.541823,0
                  9.114361,40.541824,0
                  9.114366,40.541825,0
                  9.114371,40.541827,0
                  9.114377,40.541828,0
                  9.114382,40.54183,0
                  9.114387,40.541833,0
                  9.114392,40.541835,0
                  9.114397,40.541838,0
                  9.114402,40.541841,0
                  9.114407,40.541844,0
                  9.114411,40.541847,0
                  9.114416,40.541851,0
                  9.11442,40.541854,0
                  9.114424,40.541858,0
                  9.114429,40.541863,0
                  9.114433,40.541867,0
                  9.114437,40.541872,0
                  9.114441,40.541878,0
                  9.114445,40.541883,0
                  9.114449,40.541889,0
                  9.114453,40.541896,0
                  9.114457,40.541902,0
                  9.114461,40.541909,0
                  9.114464,40.541917,0
                  9.114468,40.541924,0
                  9.114471,40.541932,0
                  9.114475,40.54194,0
                  9.114478,40.541949,0
                  9.114482,40.541958,0
                  9.114485,40.541967,0
                  9.114488,40.541976,0
                  9.114491,40.541987,0
                  9.114494,40.541997,0
                  9.114497,40.542008,0
                  9.114499,40.542019,0
                  9.114502,40.54203,0
                  9.114504,40.542042,0
                  9.114507,40.542055,0
                  9.114509,40.542067,0
                  9.114511,40.54208,0
                  9.114513,40.542094,0
                  9.114515,40.542107,0
                  9.114517,40.542121,0
                  9.114518,40.542136,0
                  9.11452,40.54215,0
                  9.114521,40.542166,0
                  9.114522,40.542181,0
                  9.114524,40.542197,0
                  9.114525,40.542213,0
                  9.114525,40.54223,0
                  9.114526,40.542247,0
                  9.114527,40.542265,0
                  9.114527,40.542283,0
                  9.114528,40.542301,0
                  9.114528,40.54232,0
                  9.114528,40.54234,0
                </coordinates>
              </LinearRing>
            </outerBoundaryIs>
          </Polygon>
          <Polygon>
            <outerBoundaryIs>
              <LinearRing>
                <tessellate>1</tessellate>
                <coordinates>
                  9.119448,40.545204,0
                  9.119449,40.545204,0
                  9.119448,40.545311,0
                  9.119447,40.545416,0
                  9.119445,40.54552,0
                  9.119441,40.545623,0
                  9.119437,40.545724,0
                  9.119433,40.545823,0
                  9.119427,40.545921,0
                  9.11942,40.546018,0
                  9.119413,40.546113,0
                  9.119404,40.546207,0
                  9.119395,40.546299,0
                  9.119385,40.546389,0
                  9.119374,40.546478,0
                  9.119363,40.546566,0
                  9.11935,40.546652,0
                  9.119336,40.546737,0
                  9.119321,40.546819,0
                  9.119305,40.5469,0
                  9.119287,40.546979,0
                  9.119268,40.547057,0
                  9.119248,40.547133,0
                  9.119226,40.547206,0
                  9.119203,40.547279,0
                  9.119179,40.547349,0
                  9.119153,40.547418,0
                  9.119126,40.547485,0
                  9.119097,40.54755,0
                  9.119067,40.547614,0
                  9.119036,40.547675,0
                  9.119003,40.547735,0
                  9.118969,40.547793,0
                  9.118934,40.54785,0
                  9.118897,40.547904,0
                  9.118858,40.547957,0
                  9.118818,40.548008,0
                  9.118776,40.548057,0
                  9.118732,40.548104,0
                  9.118687,40.548149,0
                  9.11864,40.548193,0
                  9.118592,40.548234,0
                  9.118542,40.548274,0
                  9.118491,40.548312,0
                  9.118437,40.548348,0
                  9.118383,40.548383,0
                  9.118327,40.548415,0
                  9.118269,40.548446,0
                  9.118209,40.548474,0
                  9.118147,40.5485,0
                  9.118083,40.548524,0
                  9.118017,40.548546,0
                  9.117949,40.548566,0
                  9.117879,40.548584,0
                  9.117808,40.548599,0
                  9.117734,40.548613,0
                  9.117658,40.548624,0
                  9.11758,40.548634,0
                  9.117501,40.548641,0
                  9.117419,40.548646,0
                  9.117335,40.548649,0
                  9.11725,40.54865,0
                  9.117247,40.54865,0
                  9.117247,40.547566,0
                  9.117265,40.547565,0
                  9.117283,40.547564,0
                  9.117301,40.547562,0
                  9.117318,40.54756,0
                  9.117336,40.547558,0
                  9.117353,40.547556,0
                  9.11737,40.547553,0
                  9.117387,40.54755,0
                  9.117403,40.547547,0
                  9.11742,40.547543,0
                  9.117436,40.547539,0
                  9.117452,40.547535,0
                  9.117468,40.547531,0
                  9.117484,40.547526,0
                  9.117499,40.547521,0
                  9.117518,40.547515,0
                  9.117536,40.547508,0
                  9.117553,40.5475,0
                  9.117571,40.547491,0
                  9.117588,40.547483,0
                  9.117605,40.547473,0
                  9.117621,40.547463,0
                  9.117638,40.547452,0
                  9.117654,40.547441,0
                  9.11767,40.547429,0
                  9.117685,40.547417,0
                  9.1177,40.547404,0
                  9.117715,40.547391,0
                  9.11773,40.547377,0
                  9.117745,40.547362,0
                  9.117759,40.547347,0
                  9.117773,40.547332,0
                  9.117787,40.547315,0
                  9.117801,40.547298,0
                  9.117814,40.54728,0
                  9.117827,40.547262,0
                  9.11784,40.547243,0
                  9.117852,40.547223,0
                  9.117864,40.547202,0
                  9.117876,40.547181,0
                  9.117887,40.547159,0
                  9.117898,40.547136,0
                  9.117909,40.547113,0
                  9.117919,40.547089,0
                  9.11793,40.547065,0
                  9.11794,40.547039,0
                  9.117949,40.547013,0
                  9.117959,40.546987,0
                  9.117968,40.546959,0
                  9.117977,40.546931,0
                  9.117986,40.546902,0
                  9.117995,40.546873,0
                  9.118003,40.546842,0
                  9.118012,40.546811,0
                  9.11802,40.546779,0
                  9.118028,40.546747,0
                  9.118036,40.546714,0
                  9.118043,40.54668,0
                  9.118051,40.546645,0
                  9.118058,40.54661,0
                  9.118064,40.546573,0
                  9.118071,40.546536,0
                  9.118077,40.546498,0
                  9.118083,40.546459,0
                  9.118088,40.546419,0
                  9.118094,40.546378,0
                  9.118099,40.546337,0
                  9.118104,40.546294,0
                  9.118109,40.546251,0
                  9.118113,40.546207,0
                  9.118118,40.546162,0
                  9.118122,40.546117,0
                  9.118126,40.54607,0
                  9.118129,40.546022,0
                  9.118133,40.545974,0
                  9.118136,40.545925,0
                  9.118139,40.545875,0
                  9.118142,40.545824,0
                  9.118144,40.545772,0
                  9.118147,40.545719,0
                  9.118149,40.545665,0
                  9.118151,40.54561,0
                  9.118152,40.545554,0
                  9.118154,40.545497,0
                  9.118155,40.545439,0
                  9.118156,40.54538,0
                  9.118157,40.54532,0
                  9.118157,40.545259,0
                  9.118157,40.545196,0
                  9.118158,40.545133,0
                  9.118157,40.545081,0
                  9.118157,40.54503,0
                  9.118157,40.544979,0
                  9.118156,40.544928,0
                  9.118156,40.544878,0
                  9.118155,40.544829,0
                  9.118154,40.544781,0
                  9.118153,40.544733,0
                  9.118152,40.544685,0
                  9.11815,40.544639,0
                  9.118149,40.544592,0
                  9.118147,40.544547,0
                  9.118145,40.544502,0
                  9.118143,40.544458,0
                  9.118141,40.544414,0
                  9.118138,40.544371,0
                  9.118136,40.544328,0
                  9.118133,40.544286,0
                  9.118129,40.544245,0
                  9.118126,40.544204,0
                  9.118122,40.544164,0
                  9.118118,40.544124,0
                  9.118114,40.544085,0
                  9.118109,40.544047,0
                  9.118104,40.544009,0
                  9.118099,40.543972,0
                  9.118093,40.543935,0
                  9.118088,40.543899,0
                  9.118082,40.543863,0
                  9.118076,40.543828,0
                  9.118069,40.543794,0
                  9.118063,40.543761,0
                  9.118056,40.543728,0
                  9.11805,40.543695,0
                  9.118042,40.543663,0
                  9.118035,40.543632,0
                  9.118027,40.543601,0
                  9.118019,40.54357,0
                  9.118011,40.543541,0
                  9.118002,40.543511,0
                  9.117994,40.543483,0
                  9.117985,40.543454,0
                  9.117975,40.543427,0
                  9.117966,40.5434,0
                  9.117956,40.543373,0
                  9.117946,40.543347,0
                  9.117936,40.543321,0
                  9.117925,40.543296,0
                  9.117914,40.543272,0
                  9.117903,40.543249,0
                  9.117891,40.543226,0
                  9.117879,40.543203,0
                  9.117867,40.543181,0
                  9.117854,40.54316,0
                  9.117842,40.54314,0
                  9.117828,40.54312,0
                  9.117815,40.5431,0
                  9.117801,40.543082,0
                  9.117787,40.543063,0
                  9.117772,40.543046,0
                  9.117757,40.543029,0
                  9.117742,40.543013,0
                  9.117726,40.542997,0
                  9.11771,40.542982,0
                  9.117694,40.542967,0
                  9.117677,40.542953,0
                  9.11766,40.54294,0
                  9.117643,40.542927,0
                  9.117626,40.542915,0
                  9.117608,40.542903,0
                  9.11759,40.542892,0
                  9.117571,40.542881,0
                  9.117552,40.542871,0
                  9.117533,40.542862,0
                  9.117514,40.542853,0
                  9.117498,40.542846,0
                  9.117481,40.542839,0
                  9.117465,40.542833,0
                  9.117448,40.542827,0
                  9.117431,40.542822,0
                  9.117414,40.542817,0
                  9.117396,40.542812,0
                  9.117378,40.542808,0
                  9.11736,40.542804,0
                  9.117342,40.542801,0
                  9.117323,40.542798,0
                  9.117304,40.542795,0
                  9.117285,40.542793,0
                  9.117266,40.542791,0
                  9.117246,40.54279,0
                  9.117246,40.541706,0
                  9.11732,40.54171,0
                  9.117393,40.541715,0
                  9.117465,40.541723,0
                  9.117535,40.541732,0
                  9.117603,40.541742,0
                  9.11767,40.541755,0
                  9.117736,40.541769,0
                  9.1178,40.541785,0
                  9.117863,40.541803,0
                  9.117924,40.541823,0
                  9.117984,40.541844,0
                  9.118043,40.541868,0
                  9.1181,40.541893,0
                  9.118155,40.54192,0
                  9.118209,40.541948,0
                  9.118268,40.541981,0
                  9.118324,40.542016,0
                  9.11838,40.542053,0
                  9.118433,40.542092,0
                  9.118486,40.542133,0
                  9.118536,40.542176,0
                  9.118586,40.542221,0
                  9.118633,40.542267,0
                  9.11868,40.542316,0
                  9.118725,40.542366,0
                  9.118768,40.542419,0
                  9.11881,40.542473,0
                  9.118851,40.542529,0
                  9.11889,40.542587,0
                  9.118928,40.542647,0
                  9.118964,40.542709,0
                  9.118998,40.542773,0
                  9.119032,40.542838,0
                  9.119064,40.542905,0
                  9.119094,40.542973,0
                  9.119124,40.543043,0
                  9.119152,40.543115,0
                  9.119178,40.543189,0
                  9.119203,40.543264,0
                  9.119227,40.543341,0
                  9.11925,40.54342,0
                  9.119271,40.5435,0
                  9.119291,40.543583,0
                  9.119309,40.543666,0
                  9.119326,40.543752,0
                  9.119342,40.543839,0
                  9.119357,40.543928,0
                  9.11937,40.544017,0
                  9.119383,40.544109,0
                  9.119394,40.544201,0
                  9.119404,40.544295,0
                  9.119413,40.544391,0
                  9.119422,40.544487,0
                  9.119429,40.544585,0
                  9.119434,40.544685,0
                  9.119439,40.544786,0
                  9.119443,40.544888,0
                  9.119446,40.544992,0
                  9.119447,40.545097,0
                  9.119448,40.545204,0
                </coordinates>
              </LinearRing>
            </outerBoundaryIs>
          </Polygon>
          <Polygon>
            <outerBoundaryIs>
              <LinearRing>
                <tessellate>1</tessellate>
                <coordinates>
                  9.117109,40.541704,0
                  9.117111,40.541704,0
                  9.117111,40.54279,0
                  9.117082,40.542792,0
                  9.117054,40.542795,0
                  9.117027,40.542798,0
                  9.117,40.542802,0
                  9.116974,40.542808,0
                  9.116948,40.542813,0
                  9.116923,40.54282,0
                  9.116898,40.542827,0
                  9.116874,40.542835,0
                  9.11685,40.542844,0
                  9.116827,40.542854,0
                  9.116804,40.542864,0
                  9.116782,40.542875,0
                  9.11676,40.542887,0
                  9.116739,40.542899,0
                  9.116715,40.542915,0
                  9.116692,40.542932,0
                  9.116669,40.54295,0
                  9.116647,40.54297,0
                  9.116625,40.542992,0
                  9.116604,40.543015,0
                  9.116584,40.543039,0
                  9.116564,40.543065,0
                  9.116545,40.543092,0
                  9.116526,40.543121,0
                  9.116508,40.543151,0
                  9.116491,40.543183,0
                  9.116474,40.543216,0
                  9.116458,40.543251,0
                  9.116442,40.543287,0
                  9.116427,40.543325,0
                  9.116412,40.543365,0
                  9.116398,40.543406,0
                  9.116385,40.543449,0
                  9.116372,40.543493,0
                  9.11636,40.54354,0
                  9.116348,40.543588,0
                  9.116336,40.543638,0
                  9.116326,40.543689,0
                  9.116315,40.543742,0
                  9.116306,40.543797,0
                  9.116296,40.543854,0
                  9.116288,40.543912,0
                  9.116279,40.543972,0
                  9.116272,40.544034,0
                  9.116265,40.544097,0
                  9.116259,40.544163,0
                  9.116253,40.544231,0
                  9.116247,40.544301,0
                  9.116242,40.544373,0
                  9.116238,40.544448,0
                  9.116234,40.544524,0
                  9.11623,40.544603,0
                  9.116227,40.544684,0
                  9.116224,40.544768,0
                  9.116222,40.544853,0
                  9.11622,40.544941,0
                  9.116219,40.54503,0
                  9.116218,40.545122,0
                  9.116218,40.545217,0
                  9.116218,40.545294,0
                  9.116219,40.54537,0
                  9.11622,40.545444,0
                  9.116221,40.545518,0
                  9.116223,40.54559,0
                  9.116225,40.545661,0
                  9.116228,40.54573,0
                  9.116231,40.545799,0
                  9.116234,40.545866,0
                  9.116238,40.545932,0
                  9.116242,40.545996,0
                  9.116247,40.546059,0
                  9.116252,40.546121,0
                  9.116257,40.546182,0
                  9.116263,40.546241,0
                  9.116269,40.546299,0
                  9.116276,40.546356,0
                  9.116283,40.546412,0
                  9.116291,40.546466,0
                  9.116299,40.546519,0
                  9.116308,40.54657,0
                  9.116318,40.546621,0
                  9.116328,40.54667,0
                  9.116339,40.546717,0
                  9.116351,40.546764,0
                  9.116363,40.546809,0
                  9.116375,40.546852,0
                  9.116388,40.546895,0
                  9.116402,40.546936,0
                  9.116417,40.546976,0
                  9.116432,40.547015,0
                  9.116448,40.547053,0
                  9.116464,40.547089,0
                  9.116482,40.547124,0
                  9.116499,40.547158,0
                  9.116518,40.54719,0
                  9.116537,40.547221,0
                  9.116557,40.54725,0
                  9.116578,40.547278,0
                  9.116599,40.547305,0
                  9.116621,40.547331,0
                  9.116644,40.547355,0
                  9.116667,40.547378,0
                  9.116692,40.5474,0
                  9.116717,40.547421,0
                  9.116738,40.547437,0
                  9.116761,40.547452,0
                  9.116784,40.547466,0
                  9.116808,40.547479,0
                  9.116832,40.547491,0
                  9.116857,40.547503,0
                  9.116883,40.547513,0
                  9.116909,40.547523,0
                  9.116936,40.547532,0
                  9.116963,40.547539,0
                  9.116991,40.547546,0
                  9.11702,40.547552,0
                  9.117049,40.547557,0
                  9.117079,40.547561,0
                  9.11711,40.547564,0
                  9.11711,40.548647,0
                  9.117038,40.548643,0
                  9.116967,40.548638,0
                  9.116898,40.54863,0
                  9.11683,40.548621,0
                  9.116763,40.54861,0
                  9.116698,40.548597,0
                  9.116634,40.548583,0
                  9.116571,40.548567,0
                  9.11651,40.548549,0
                  9.11645,40.54853,0
                  9.116392,40.548508,0
                  9.116335,40.548485,0
                  9.116279,40.548461,0
                  9.116224,40.548434,0
                  9.116171,40.548406,0
                  9.116113,40.548373,0
                  9.116056,40.548338,0
                  9.116001,40.548301,0
                  9.115947,40.548262,0
                  9.115895,40.548221,0
                  9.115844,40.548178,0
                  9.115795,40.548134,0
                  9.115747,40.548087,0
                  9.115701,40.548039,0
                  9.115656,40.547988,0
                  9.115612,40.547936,0
                  9.11557,40.547881,0
                  9.11553,40.547825,0
                  9.11549,40.547767,0
                  9.115453,40.547707,0
                  9.115417,40.547645,0
                  9.115382,40.547582,0
                  9.115349,40.547517,0
                  9.115317,40.54745,0
                  9.115286,40.547381,0
                  9.115257,40.547311,0
                  9.115229,40.547239,0
                  9.115202,40.547165,0
                  9.115177,40.54709,0
                  9.115153,40.547013,0
                  9.11513,40.546934,0
                  9.115108,40.546853,0
                  9.115088,40.546771,0
                  9.11507,40.546687,0
                  9.115052,40.546601,0
                  9.115036,40.546513,0
                  9.115021,40.546425,0
                  9.115007,40.546335,0
                  9.114994,40.546243,0
                  9.114983,40.54615,0
                  9.114972,40.546056,0
                  9.114963,40.545961,0
                  9.114954,40.545864,0
                  9.114947,40.545766,0
                  9.114941,40.545667,0
                  9.114936,40.545567,0
                  9.114932,40.545465,0
                  9.114929,40.545361,0
                  9.114928,40.545257,0
                  9.114927,40.545151,0
                  9.114928,40.545044,0
                  9.114929,40.544938,0
                  9.114931,40.544834,0
                  9.114934,40.544732,0
                  9.114938,40.544631,0
                  9.114943,40.544531,0
                  9.114949,40.544433,0
                  9.114955,40.544337,0
                  9.114963,40.544241,0
                  9.114971,40.544148,0
                  9.114981,40.544056,0
                  9.114991,40.543965,0
                  9.115002,40.543876,0
                  9.115014,40.543788,0
                  9.115027,40.543702,0
                  9.115041,40.543618,0
                  9.115056,40.543535,0
                  9.115073,40.543454,0
                  9.115091,40.543375,0
                  9.11511,40.543298,0
                  9.115131,40.543222,0
                  9.115153,40.543148,0
                  9.115176,40.543076,0
                  9.115201,40.543005,0
                  9.115227,40.542937,0
                  9.115254,40.54287,0
                  9.115283,40.542804,0
                  9.115313,40.542741,0
                  9.115344,40.542679,0
                  9.115377,40.542619,0
                  9.115411,40.542561,0
                  9.115446,40.542505,0
                  9.115483,40.54245,0
                  9.115522,40.542397,0
                  9.115562,40.542347,0
                  9.115604,40.542298,0
                  9.115647,40.54225,0
                  9.115692,40.542205,0
                  9.115738,40.542162,0
                  9.115787,40.54212,0
                  9.115836,40.54208,0
                  9.115887,40.542042,0
                  9.11594,40.542006,0
                  9.115994,40.541972,0
                  9.11605,40.541939,0
                  9.116107,40.541909,0
                  9.116166,40.541881,0
                  9.116227,40.541855,0
                  9.11629,40.541831,0
                  9.116354,40.54181,0
                  9.116421,40.54179,0
                  9.11649,40.541772,0
                  9.11656,40.541757,0
                  9.116633,40.541743,0
                  9.116707,40.541731,0
                  9.116784,40.541722,0
                  9.116862,40.541714,0
                  9.116942,40.541709,0
                  9.117025,40.541705,0
                  9.117109,40.541704,0
                </coordinates>
              </LinearRing>
            </outerBoundaryIs>
          </Polygon>
        </MultiGeometry>
      </Placemark>
      <Placemark>
        <name>Casa Betania</name>
        <styleUrl>#poly-F9F9F9-1200-255-nodesc</styleUrl>
        <MultiGeometry>
          <Polygon>
            <outerBoundaryIs>
              <LinearRing>
                <tessellate>1</tessellate>
                <coordinates>
                  9.099171,40.533841,0
                  9.099138,40.533829,0
                  9.099104,40.533819,0
                  9.099069,40.53381,0
                  9.099032,40.533803,0
                  9.098994,40.533796,0
                  9.098955,40.533791,0
                  9.098914,40.533787,0
                  9.098871,40.533784,0
                  9.098828,40.533782,0
                  9.098783,40.533782,0
                  9.098634,40.533782,0
                  9.098616,40.533782,0
                  9.0986,40.533783,0
                  9.098584,40.533786,0
                  9.098569,40.533789,0
                  9.098555,40.533793,0
                  9.098541,40.533798,0
                  9.098529,40.533805,0
                  9.098517,40.533812,0
                  9.098506,40.53382,0
                  9.098496,40.533829,0
                  9.098487,40.533838,0
                  9.098479,40.533848,0
                  9.098473,40.533859,0
                  9.098468,40.533869,0
                  9.098464,40.533881,0
                  9.098462,40.533892,0
                  9.098461,40.533904,0
                  9.098462,40.533917,0
                  9.098463,40.533929,0
                  9.098467,40.533943,0
                  9.09865,40.534601,0
                  9.098654,40.534614,0
                  9.09866,40.534627,0
                  9.098666,40.534639,0
                  9.098674,40.534651,0
                  9.098683,40.534663,0
                  9.098693,40.534674,0
                  9.098704,40.534685,0
                  9.098717,40.534695,0
                  9.09873,40.534705,0
                  9.098744,40.534715,0
                  9.098759,40.534724,0
                  9.098775,40.534732,0
                  9.098791,40.534739,0
                  9.098807,40.534746,0
                  9.098823,40.534751,0
                  9.09884,40.534755,0
                  9.098856,40.534758,0
                  9.098874,40.534761,0
                  9.098891,40.534762,0
                  9.098909,40.534763,0
                  9.099058,40.534763,0
                  9.099102,40.534762,0
                  9.099145,40.53476,0
                  9.099186,40.534757,0
                  9.099224,40.534753,0
                  9.099261,40.534748,0
                  9.099295,40.534741,0
                  9.099327,40.534733,0
                  9.099357,40.534724,0
                  9.099385,40.534714,0
                  9.099412,40.534703,0
                  9.099623,40.534986,0
                  9.099587,40.535001,0
                  9.099548,40.535015,0
                  9.099506,40.535027,0
                  9.099462,40.535038,0
                  9.099415,40.535047,0
                  9.099366,40.535055,0
                  9.099314,40.53506,0
                  9.09926,40.535064,0
                  9.099203,40.535067,0
                  9.099143,40.535068,0
                  9.098956,40.535068,0
                  9.098904,40.535066,0
                  9.098853,40.535062,0
                  9.098802,40.535055,0
                  9.098753,40.535045,0
                  9.098703,40.535032,0
                  9.098655,40.535017,0
                  9.098607,40.534998,0
                  9.09856,40.534977,0
                  9.098514,40.534953,0
                  9.098469,40.534926,0
                  9.098425,40.534897,0
                  9.098385,40.534867,0
                  9.098349,40.534835,0
                  9.098315,40.534803,0
                  9.098286,40.534769,0
                  9.098259,40.534734,0
                  9.098236,40.534698,0
                  9.098217,40.534661,0
                  9.0982,40.534623,0
                  9.098188,40.534584,0
                  9.098013,40.53396,0
                  9.098003,40.533918,0
                  9.097997,40.533878,0
                  9.097996,40.533839,0
                  9.097998,40.533802,0
                  9.098005,40.533767,0
                  9.098016,40.533732,0
                  9.098031,40.5337,0
                  9.09805,40.533669,0
                  9.098073,40.533639,0
                  9.098101,40.533612,0
                  9.098131,40.533586,0
                  9.098163,40.533563,0
                  9.098198,40.533543,0
                  9.098235,40.533526,0
                  9.098275,40.533511,0
                  9.098318,40.533499,0
                  9.098362,40.53349,0
                  9.09841,40.533483,0
                  9.098459,40.533479,0
                  9.098511,40.533477,0
                  9.098698,40.533477,0
                  9.098759,40.533478,0
                  9.098818,40.533481,0
                  9.098876,40.533485,0
                  9.098931,40.53349,0
                  9.098985,40.533497,0
                  9.099036,40.533506,0
                  9.099086,40.533517,0
                  9.099134,40.533529,0
                  9.09918,40.533542,0
                  9.099225,40.533557,0
                  9.099171,40.533841,0
                </coordinates>
              </LinearRing>
            </outerBoundaryIs>
          </Polygon>
          <Polygon>
            <outerBoundaryIs>
              <LinearRing>
                <tessellate>1</tessellate>
                <coordinates>
                  9.10607,40.533954,0
                  9.10608,40.534002,0
                  9.106081,40.534089,0
                  9.106055,40.534165,0
                  9.106003,40.53423,0
                  9.105923,40.534283,0
                  9.105874,40.534306,0
                  9.105862,40.534311,0
                  9.105853,40.534317,0
                  9.105847,40.534324,0
                  9.105845,40.534332,0
                  9.105846,40.534341,0
                  9.105848,40.534345,0
                  9.105852,40.534352,0
                  9.10586,40.534359,0
                  9.10587,40.534366,0
                  9.105882,40.534372,0
                  9.10589,40.534375,0
                  9.105996,40.534421,0
                  9.106084,40.534476,0
                  9.106154,40.53454,0
                  9.106205,40.534613,0
                  9.106238,40.534695,0
                  9.106246,40.534727,0
                  9.106251,40.534786,0
                  9.106243,40.53484,0
                  9.106222,40.534887,0
                  9.106187,40.534929,0
                  9.106165,40.534948,0
                  9.106108,40.534981,0
                  9.106037,40.535007,0
                  9.105954,40.535026,0
                  9.105857,40.535037,0
                  9.105748,40.535041,0
                  9.105088,40.535042,0
                  9.104643,40.533907,0
                  9.104636,40.533829,0
                  9.104645,40.533758,0
                  9.104671,40.533692,0
                  9.104713,40.533634,0
                  9.104741,40.533607,0
                  9.104804,40.53356,0
                  9.104879,40.533524,0
                  9.104964,40.533498,0
                  9.105061,40.533483,0
                  9.105169,40.533477,0
                  9.105244,40.533477,0
                  9.105354,40.533482,0
                  9.105461,40.533497,0
                  9.105563,40.533521,0
                  9.105662,40.533554,0
                  9.105757,40.533598,0
                  9.105805,40.533624,0
                  9.105889,40.533682,0
                  9.105958,40.533746,0
                  9.106012,40.533816,0
                  9.10605,40.533892,0
                  9.10607,40.533954,0
                </coordinates>
              </LinearRing>
            </outerBoundaryIs>
            <innerBoundaryIs>
              <LinearRing>
                <tessellate>1</tessellate>
                <coordinates>
                  9.1053596,40.5344013,0
                  9.10533,40.534381,0
                  9.105305,40.534352,0
                  9.105291,40.53432,0
                  9.105288,40.534305,0
                  9.1052917,40.5342789,0
                  9.1053596,40.5344013,0
                </coordinates>
              </LinearRing>
            </innerBoundaryIs>
            <innerBoundaryIs>
              <LinearRing>
                <tessellate>1</tessellate>
                <coordinates>
                  9.105365,40.534405,0
                  9.105411,40.534425,0
                  9.105466,40.534441,0
                  9.105518,40.534453,0
                  9.105607,40.534482,0
                  9.105677,40.534515,0
                  9.105729,40.534553,0
                  9.105761,40.534596,0
                  9.10577,40.534619,0
                  9.105775,40.534645,0
                  9.105775,40.534668,0
                  9.10577,40.534687,0
                  9.10576,40.534704,0
                  9.105745,40.534718,0
                  9.105734,40.534724,0
                  9.105707,40.534734,0
                  9.105673,40.534742,0
                  9.10563,40.534747,0
                  9.105581,40.534749,0
                  9.105553,40.53475,0
                  9.1053596,40.5344013,0
                  9.105365,40.534405,0
                </coordinates>
              </LinearRing>
            </innerBoundaryIs>
            <innerBoundaryIs>
              <LinearRing>
                <tessellate>1</tessellate>
                <coordinates>
                  9.105116,40.533962,0
                  9.10511,40.533932,0
                  9.105109,40.533904,0
                  9.105115,40.533878,0
                  9.105126,40.533855,0
                  9.105143,40.533833,0
                  9.105165,40.533814,0
                  9.105191,40.5338,0
                  9.105222,40.53379,0
                  9.105257,40.533784,0
                  9.105296,40.533782,0
                  9.105333,40.533782,0
                  9.105373,40.533784,0
                  9.105411,40.53379,0
                  9.105447,40.5338,0
                  9.105482,40.533814,0
                  9.105515,40.533832,0
                  9.105529,40.533841,0
                  9.105555,40.533862,0
                  9.105575,40.533884,0
                  9.105592,40.533908,0
                  9.105604,40.533933,0
                  9.105608,40.533947,0
                  9.105617,40.533976,0
                  9.105619,40.534023,0
                  9.105598,40.534069,0
                  9.105554,40.534112,0
                  9.105487,40.534154,0
                  9.105397,40.534195,0
                  9.105373,40.534205,0
                  9.105334,40.534227,0
                  9.105307,40.534251,0
                  9.105292,40.534277,0
                  9.1052917,40.5342789,0
                  9.105116,40.533962,0
                </coordinates>
              </LinearRing>
            </innerBoundaryIs>
          </Polygon>
          <Polygon>
            <outerBoundaryIs>
              <LinearRing>
                <tessellate>1</tessellate>
                <coordinates>
                  9.111674,40.534289,0
                  9.111682,40.534322,0
                  9.111686,40.534354,0
                  9.111687,40.534385,0
                  9.111685,40.534415,0
                  9.111679,40.534444,0
                  9.11167,40.534472,0
                  9.111657,40.534499,0
                  9.111641,40.534525,0
                  9.111621,40.53455,0
                  9.111598,40.534574,0
                  9.111572,40.534596,0
                  9.111544,40.534616,0
                  9.111515,40.534634,0
                  9.111483,40.534649,0
                  9.111449,40.534661,0
                  9.111413,40.534672,0
                  9.111375,40.53468,0
                  9.111335,40.534686,0
                  9.111293,40.534689,0
                  9.111249,40.534691,0
                  9.111126,40.534691,0
                  9.111081,40.534689,0
                  9.111037,40.534686,0
                  9.110994,40.53468,0
                  9.110952,40.534672,0
                  9.11091,40.534661,0
                  9.110869,40.534649,0
                  9.110829,40.534634,0
                  9.11079,40.534616,0
                  9.110751,40.534596,0
                  9.110712,40.534574,0
                  9.110676,40.53455,0
                  9.110642,40.534525,0
                  9.110611,40.534499,0
                  9.110584,40.534472,0
                  9.110558,40.534444,0
                  9.110536,40.534415,0
                  9.110517,40.534385,0
                  9.1105,40.534354,0
                  9.110486,40.534322,0
                  9.110476,40.534289,0
                  9.110256,40.533502,0
                  9.110695,40.533502,0
                  9.110919,40.534304,0
                  9.110922,40.534312,0
                  9.110926,40.534321,0
                  9.11093,40.534329,0
                  9.110935,40.534337,0
                  9.110941,40.534345,0
                  9.110948,40.534352,0
                  9.110955,40.53436,0
                  9.110963,40.534367,0
                  9.110972,40.534374,0
                  9.110981,40.534381,0
                  9.110991,40.534387,0
                  9.111002,40.534392,0
                  9.111012,40.534397,0
                  9.111022,40.534402,0
                  9.111033,40.534405,0
                  9.111043,40.534408,0
                  9.111054,40.534411,0
                  9.111065,40.534412,0
                  9.111076,40.534413,0
                  9.111087,40.534414,0
                  9.111133,40.534414,0
                  9.111145,40.534413,0
                  9.111155,40.534412,0
                  9.111165,40.534411,0
                  9.111175,40.534408,0
                  9.111184,40.534405,0
                  9.111192,40.534402,0
                  9.1112,40.534397,0
                  9.111208,40.534392,0
                  9.111215,40.534386,0
                  9.111221,40.53438,0
                  9.111227,40.534373,0
                  9.111232,40.534366,0
                  9.111236,40.534359,0
                  9.111239,40.534352,0
                  9.111241,40.534344,0
                  9.111243,40.534336,0
                  9.111243,40.534329,0
                  9.111243,40.53432,0
                  9.111242,40.534312,0
                  9.11124,40.534304,0
                  9.111016,40.533502,0
                  9.111455,40.533502,0
                  9.111674,40.534289,0
                </coordinates>
              </LinearRing>
            </outerBoundaryIs>
          </Polygon>
          <Polygon>
            <outerBoundaryIs>
              <LinearRing>
                <tessellate>1</tessellate>
                <coordinates>
                  9.102104,40.53389,0
                  9.102113,40.533941,0
                  9.102112,40.533988,0
                  9.1021,40.534031,0
                  9.102076,40.534071,0
                  9.102042,40.534106,0
                  9.101997,40.534137,0
                  9.101941,40.534165,0
                  9.101873,40.534188,0
                  9.101795,40.534208,0
                  9.101706,40.534224,0
                  9.101659,40.534231,0
                  9.101617,40.534239,0
                  9.10158,40.534248,0
                  9.101549,40.534258,0
                  9.101523,40.534269,0
                  9.101502,40.53428,0
                  9.101487,40.534292,0
                  9.101478,40.534304,0
                  9.101474,40.534318,0
                  9.101475,40.534332,0
                  9.101479,40.534347,0
                  9.101481,40.534353,0
                  9.101484,40.534359,0
                  9.101487,40.534366,0
                  9.101491,40.534372,0
                  9.101496,40.534377,0
                  9.101502,40.534383,0
                  9.101508,40.534389,0
                  9.101515,40.534394,0
                  9.101522,40.534399,0
                  9.10153,40.534404,0
                  9.101539,40.534409,0
                  9.101548,40.534413,0
                  9.101557,40.534417,0
                  9.101567,40.53442,0
                  9.101576,40.534422,0
                  9.101587,40.534425,0
                  9.101597,40.534426,0
                  9.101608,40.534428,0
                  9.10162,40.534428,0
                  9.101631,40.534429,0
                  9.101767,40.534429,0
                  9.101805,40.534428,0
                  9.101841,40.534427,0
                  9.101875,40.534424,0
                  9.101907,40.534421,0
                  9.101938,40.534416,0
                  9.101967,40.534411,0
                  9.101994,40.534405,0
                  9.102019,40.534397,0
                  9.102043,40.534389,0
                  9.102064,40.53438,0
                  9.10225,40.534625,0
                  9.10222,40.534637,0
                  9.102187,40.534648,0
                  9.102152,40.534658,0
                  9.102115,40.534667,0
                  9.102076,40.534674,0
                  9.102034,40.53468,0
                  9.101991,40.534685,0
                  9.101945,40.534688,0
                  9.101896,40.53469,0
                  9.101846,40.534691,0
                  9.101689,40.534691,0
                  9.101646,40.53469,0
                  9.101603,40.534687,0
                  9.101562,40.534682,0
                  9.10152,40.534675,0
                  9.10148,40.534667,0
                  9.10144,40.534656,0
                  9.101402,40.534644,0
                  9.101363,40.53463,0
                  9.101326,40.534614,0
                  9.101289,40.534596,0
                  9.101253,40.534575,0
                  9.10122,40.534554,0
                  9.10119,40.534531,0
                  9.101162,40.534508,0
                  9.101138,40.534483,0
                  9.101116,40.534458,0
                  9.101097,40.534431,0
                  9.101082,40.534403,0
                  9.101069,40.534374,0
                  9.101059,40.534345,0
                  9.101052,40.534322,0
                  9.101042,40.534269,0
                  9.101043,40.53422,0
                  9.101054,40.534176,0
                  9.101075,40.534135,0
                  9.101107,40.534099,0
                  9.101149,40.534067,0
                  9.101202,40.534039,0
                  9.101265,40.534015,0
                  9.101338,40.533995,0
                  9.101422,40.53398,0
                  9.101455,40.533974,0
                  9.101486,40.533969,0
                  9.101515,40.533963,0
                  9.101541,40.533958,0
                  9.101565,40.533952,0
                  9.101586,40.533946,0
                  9.101605,40.53394,0
                  9.101622,40.533933,0
                  9.101637,40.533927,0
                  9.101649,40.533921,0
                  9.101655,40.533916,0
                  9.101661,40.533911,0
                  9.101666,40.533905,0
                  9.10167,40.5339,0
                  9.101674,40.533894,0
                  9.101676,40.533887,0
                  9.101677,40.53388,0
                  9.101677,40.533873,0
                  9.101676,40.533866,0
                  9.101675,40.533859,0
                  9.101671,40.533847,0
                  9.101665,40.533831,0
                  9.101657,40.533817,0
                  9.101647,40.533805,0
                  9.101635,40.533794,0
                  9.10162,40.533785,0
                  9.101603,40.533778,0
                  9.101583,40.533772,0
                  9.101562,40.533768,0
                  9.101538,40.533765,0
                  9.101512,40.533765,0
                  9.100939,40.533765,0
                  9.100866,40.533502,0
                  9.10148,40.533502,0
                  9.101525,40.533503,0
                  9.101568,40.533506,0
                  9.10161,40.53351,0
                  9.101651,40.533516,0
                  9.101691,40.533524,0
                  9.101729,40.533534,0
                  9.101766,40.533545,0
                  9.101802,40.533558,0
                  9.101836,40.533573,0
                  9.10187,40.53359,0
                  9.101904,40.533609,0
                  9.101935,40.53363,0
                  9.101964,40.533652,0
                  9.10199,40.533676,0
                  9.102014,40.533701,0
                  9.102035,40.533727,0
                  9.102053,40.533755,0
                  9.102069,40.533785,0
                  9.102083,40.533816,0
                  9.102093,40.533849,0
                  9.102104,40.53389,0
                </coordinates>
              </LinearRing>
            </outerBoundaryIs>
          </Polygon>
          <Polygon>
            <outerBoundaryIs>
              <LinearRing>
                <tessellate>1</tessellate>
                <coordinates>
                  9.103633,40.534298,0
                  9.103641,40.534332,0
                  9.103646,40.534365,0
                  9.103649,40.534396,0
                  9.103648,40.534427,0
                  9.103644,40.534455,0
                  9.103638,40.534483,0
                  9.103628,40.534509,0
                  9.103616,40.534533,0
                  9.1036,40.534557,0
                  9.103582,40.534579,0
                  9.103559,40.5346,0
                  9.103533,40.534619,0
                  9.103505,40.534636,0
                  9.103473,40.53465,0
                  9.103439,40.534663,0
                  9.103402,40.534673,0
                  9.103362,40.534681,0
                  9.103319,40.534686,0
                  9.103274,40.534689,0
                  9.103225,40.534691,0
                  9.103063,40.534691,0
                  9.103012,40.53469,0
                  9.102962,40.534688,0
                  9.102914,40.534684,0
                  9.102867,40.53468,0
                  9.102822,40.534674,0
                  9.102779,40.534666,0
                  9.102737,40.534657,0
                  9.102697,40.534647,0
                  9.102658,40.534636,0
                  9.102621,40.534623,0
                  9.102666,40.534386,0
                  9.102695,40.534395,0
                  9.102724,40.534404,0
                  9.102755,40.534412,0
                  9.102786,40.534418,0
                  9.102818,40.534424,0
                  9.102851,40.534428,0
                  9.102885,40.534432,0
                  9.10292,40.534435,0
                  9.102956,40.534436,0
                  9.102992,40.534437,0
                  9.103076,40.534437,0
                  9.103106,40.534435,0
                  9.103131,40.534432,0
                  9.103153,40.534425,0
                  9.103171,40.534417,0
                  9.103185,40.534405,0
                  9.103195,40.534392,0
                  9.103201,40.534375,0
                  9.103204,40.534357,0
                  9.103203,40.534335,0
                  9.103197,40.534312,0
                  9.103178,40.53424,0
                  9.103172,40.534241,0
                  9.103165,40.534242,0
                  9.103155,40.534243,0
                  9.103144,40.534243,0
                  9.103132,40.534244,0
                  9.103117,40.534245,0
                  9.103101,40.534245,0
                  9.103082,40.534245,0
                  9.103062,40.534246,0
                  9.103041,40.534246,0
                  9.102928,40.534246,0
                  9.102877,40.534244,0
                  9.102829,40.534241,0
                  9.102782,40.534236,0
                  9.102737,40.534228,0
                  9.102694,40.534219,0
                  9.102653,40.534207,0
                  9.102614,40.534193,0
                  9.102577,40.534176,0
                  9.102541,40.534158,0
                  9.102508,40.534138,0
                  9.10248,40.534118,0
                  9.102453,40.534097,0
                  9.102429,40.534074,0
                  9.102407,40.53405,0
                  9.102387,40.534025,0
                  9.102369,40.533999,0
                  9.102352,40.533971,0
                  9.102338,40.533942,0
                  9.102326,40.533911,0
                  9.102316,40.53388,0
                  9.102306,40.533841,0
                  9.102301,40.533805,0
                  9.102298,40.53377,0
                  9.102299,40.533737,0
                  9.102304,40.533706,0
                  9.102312,40.533677,0
                  9.102324,40.53365,0
                  9.102339,40.533624,0
                  9.102358,40.5336,0
                  9.10238,40.533578,0
                  9.102404,40.533559,0
                  9.102431,40.533542,0
                  9.102461,40.533527,0
                  9.102493,40.533514,0
                  9.102528,40.533503,0
                  9.102565,40.533494,0
                  9.102605,40.533487,0
                  9.102648,40.533482,0
                  9.102693,40.533478,0
                  9.102741,40.533477,0
                  9.102893,40.533477,0
                  9.102938,40.533479,0
                  9.102982,40.533482,0
                  9.103025,40.533487,0
                  9.103066,40.533494,0
                  9.103107,40.533504,0
                  9.103146,40.533515,0
                  9.103184,40.533529,0
                  9.103221,40.533545,0
                  9.103257,40.533563,0
                  9.103291,40.533583,0
                  9.103324,40.533604,0
                  9.103355,40.533627,0
                  9.103383,40.533651,0
                  9.103408,40.533677,0
                  9.103431,40.533704,0
                  9.103452,40.533732,0
                  9.10347,40.533761,0
                  9.103485,40.533791,0
                  9.103498,40.533823,0
                  9.103509,40.533857,0
                  9.103633,40.534298,0
                </coordinates>
              </LinearRing>
            </outerBoundaryIs>
            <innerBoundaryIs>
              <LinearRing>
                <tessellate>1</tessellate>
                <coordinates>
                  9.103103,40.533989,0
                  9.103097,40.53399,0
                  9.103089,40.533991,0
                  9.103079,40.533992,0
                  9.103067,40.533993,0
                  9.103052,40.533993,0
                  9.103035,40.533994,0
                  9.103016,40.533994,0
                  9.102995,40.533994,0
                  9.102971,40.533995,0
                  9.102925,40.533995,0
                  9.102899,40.533993,0
                  9.102874,40.53399,0
                  9.102852,40.533985,0
                  9.102832,40.533977,0
                  9.102814,40.533967,0
                  9.102799,40.533955,0
                  9.102785,40.53394,0
                  9.102773,40.533923,0
                  9.102764,40.533905,0
                  9.102757,40.533884,0
                  9.102747,40.533853,0
                  9.102745,40.533844,0
                  9.102744,40.533835,0
                  9.102744,40.533827,0
                  9.102745,40.533818,0
                  9.102746,40.53381,0
                  9.102748,40.533803,0
                  9.102752,40.533795,0
                  9.102756,40.533788,0
                  9.102761,40.533781,0
                  9.102766,40.533774,0
                  9.102773,40.533768,0
                  9.10278,40.533762,0
                  9.102787,40.533757,0
                  9.102795,40.533753,0
                  9.102804,40.533749,0
                  9.102813,40.533746,0
                  9.102822,40.533744,0
                  9.102832,40.533742,0
                  9.102843,40.533741,0
                  9.102854,40.533741,0
                  9.1029,40.533741,0
                  9.102926,40.533742,0
                  9.102951,40.533745,0
                  9.102973,40.53375,0
                  9.102993,40.533758,0
                  9.103011,40.533768,0
                  9.103027,40.533779,0
                  9.103041,40.533793,0
                  9.103052,40.53381,0
                  9.103061,40.533828,0
                  9.103068,40.533849,0
                  9.103107,40.533988,0
                  9.103103,40.533989,0
                </coordinates>
              </LinearRing>
            </innerBoundaryIs>
          </Polygon>
          <Polygon>
            <outerBoundaryIs>
              <LinearRing>
                <tessellate>1</tessellate>
                <coordinates>
                  9.113992,40.534298,0
                  9.114,40.534332,0
                  9.114005,40.534365,0
                  9.114007,40.534396,0
                  9.114007,40.534427,0
                  9.114003,40.534455,0
                  9.113996,40.534483,0
                  9.113987,40.534509,0
                  9.113974,40.534533,0
                  9.113959,40.534557,0
                  9.11394,40.534579,0
                  9.113918,40.5346,0
                  9.113892,40.534619,0
                  9.113863,40.534636,0
                  9.113832,40.53465,0
                  9.113798,40.534663,0
                  9.113761,40.534673,0
                  9.113721,40.534681,0
                  9.113678,40.534686,0
                  9.113632,40.534689,0
                  9.113584,40.534691,0
                  9.113422,40.534691,0
                  9.11337,40.53469,0
                  9.113321,40.534688,0
                  9.113273,40.534684,0
                  9.113226,40.53468,0
                  9.113181,40.534674,0
                  9.113138,40.534666,0
                  9.113096,40.534657,0
                  9.113055,40.534647,0
                  9.113017,40.534636,0
                  9.11298,40.534623,0
                  9.113024,40.534386,0
                  9.113053,40.534395,0
                  9.113083,40.534404,0
                  9.113113,40.534412,0
                  9.113145,40.534418,0
                  9.113177,40.534424,0
                  9.11321,40.534428,0
                  9.113244,40.534432,0
                  9.113279,40.534435,0
                  9.113314,40.534436,0
                  9.113351,40.534437,0
                  9.113435,40.534437,0
                  9.113464,40.534435,0
                  9.11349,40.534432,0
                  9.113512,40.534425,0
                  9.113529,40.534417,0
                  9.113544,40.534405,0
                  9.113554,40.534392,0
                  9.11356,40.534375,0
                  9.113563,40.534357,0
                  9.113561,40.534335,0
                  9.113556,40.534312,0
                  9.113536,40.53424,0
                  9.113531,40.534241,0
                  9.113523,40.534242,0
                  9.113514,40.534243,0
                  9.113503,40.534243,0
                  9.11349,40.534244,0
                  9.113476,40.534245,0
                  9.113459,40.534245,0
                  9.113441,40.534245,0
                  9.113421,40.534246,0
                  9.113399,40.534246,0
                  9.113286,40.534246,0
                  9.113236,40.534244,0
                  9.113187,40.534241,0
                  9.113141,40.534236,0
                  9.113096,40.534228,0
                  9.113053,40.534219,0
                  9.113012,40.534207,0
                  9.112973,40.534193,0
                  9.112936,40.534176,0
                  9.1129,40.534158,0
                  9.112866,40.534138,0
                  9.112838,40.534118,0
                  9.112812,40.534097,0
                  9.112788,40.534074,0
                  9.112766,40.53405,0
                  9.112745,40.534025,0
                  9.112727,40.533999,0
                  9.112711,40.533971,0
                  9.112697,40.533942,0
                  9.112685,40.533911,0
                  9.112674,40.53388,0
                  9.112665,40.533841,0
                  9.112659,40.533805,0
                  9.112657,40.53377,0
                  9.112658,40.533737,0
                  9.112663,40.533706,0
                  9.112671,40.533677,0
                  9.112683,40.53365,0
                  9.112698,40.533624,0
                  9.112717,40.5336,0
                  9.112739,40.533578,0
                  9.112763,40.533559,0
                  9.11279,40.533542,0
                  9.112819,40.533527,0
                  9.112851,40.533514,0
                  9.112886,40.533503,0
                  9.112924,40.533494,0
                  9.112964,40.533487,0
                  9.113006,40.533482,0
                  9.113052,40.533478,0
                  9.113099,40.533477,0
                  9.113252,40.533477,0
                  9.113297,40.533479,0
                  9.113341,40.533482,0
                  9.113383,40.533487,0
                  9.113425,40.533494,0
                  9.113465,40.533504,0
                  9.113505,40.533515,0
                  9.113543,40.533529,0
                  9.11358,40.533545,0
                  9.113615,40.533563,0
                  9.11365,40.533583,0
                  9.113683,40.533604,0
                  9.113713,40.533627,0
                  9.113741,40.533651,0
                  9.113767,40.533677,0
                  9.11379,40.533704,0
                  9.11381,40.533732,0
                  9.113828,40.533761,0
                  9.113844,40.533791,0
                  9.113857,40.533823,0
                  9.113868,40.533857,0
                  9.113992,40.534298,0
                </coordinates>
              </LinearRing>
            </outerBoundaryIs>
            <innerBoundaryIs>
              <LinearRing>
                <tessellate>1</tessellate>
                <coordinates>
                  9.113462,40.533989,0
                  9.113456,40.53399,0
                  9.113448,40.533991,0
                  9.113438,40.533992,0
                  9.113425,40.533993,0
                  9.113411,40.533993,0
                  9.113394,40.533994,0
                  9.113375,40.533994,0
                  9.113353,40.533994,0
                  9.11333,40.533995,0
                  9.113284,40.533995,0
                  9.113257,40.533993,0
                  9.113233,40.53399,0
                  9.113211,40.533985,0
                  9.113191,40.533977,0
                  9.113173,40.533967,0
                  9.113157,40.533955,0
                  9.113144,40.53394,0
                  9.113132,40.533923,0
                  9.113123,40.533905,0
                  9.113115,40.533884,0
                  9.113106,40.533853,0
                  9.113104,40.533844,0
                  9.113103,40.533835,0
                  9.113103,40.533827,0
                  9.113103,40.533818,0
                  9.113105,40.53381,0
                  9.113107,40.533803,0
                  9.11311,40.533795,0
                  9.113114,40.533788,0
                  9.113119,40.533781,0
                  9.113125,40.533774,0
                  9.113132,40.533768,0
                  9.113138,40.533762,0
                  9.113146,40.533757,0
                  9.113154,40.533753,0
                  9.113162,40.533749,0
                  9.113171,40.533746,0
                  9.113181,40.533744,0
                  9.113191,40.533742,0
                  9.113202,40.533741,0
                  9.113213,40.533741,0
                  9.113259,40.533741,0
                  9.113285,40.533742,0
                  9.11331,40.533745,0
                  9.113332,40.53375,0
                  9.113352,40.533758,0
                  9.11337,40.533768,0
                  9.113386,40.533779,0
                  9.113399,40.533793,0
                  9.113411,40.53381,0
                  9.11342,40.533828,0
                  9.113427,40.533849,0
                  9.113465,40.533988,0
                  9.113462,40.533989,0
                </coordinates>
              </LinearRing>
            </innerBoundaryIs>
          </Polygon>
          <Polygon>
            <outerBoundaryIs>
              <LinearRing>
                <tessellate>1</tessellate>
                <coordinates>
                  9.110128,40.534298,0
                  9.110136,40.534332,0
                  9.110142,40.534365,0
                  9.110144,40.534396,0
                  9.110143,40.534427,0
                  9.11014,40.534455,0
                  9.110133,40.534483,0
                  9.110123,40.534509,0
                  9.110111,40.534533,0
                  9.110095,40.534557,0
                  9.110077,40.534579,0
                  9.110054,40.5346,0
                  9.110028,40.534619,0
                  9.11,40.534636,0
                  9.109969,40.53465,0
                  9.109934,40.534663,0
                  9.109897,40.534673,0
                  9.109857,40.534681,0
                  9.109814,40.534686,0
                  9.109769,40.534689,0
                  9.10972,40.534691,0
                  9.109558,40.534691,0
                  9.109507,40.53469,0
                  9.109457,40.534688,0
                  9.109409,40.534684,0
                  9.109363,40.53468,0
                  9.109318,40.534674,0
                  9.109274,40.534666,0
                  9.109232,40.534657,0
                  9.109192,40.534647,0
                  9.109153,40.534636,0
                  9.109116,40.534623,0
                  9.109161,40.534386,0
                  9.10919,40.534395,0
                  9.109219,40.534404,0
                  9.10925,40.534412,0
                  9.109281,40.534418,0
                  9.109314,40.534424,0
                  9.109347,40.534428,0
                  9.109381,40.534432,0
                  9.109415,40.534435,0
                  9.109451,40.534436,0
                  9.109487,40.534437,0
                  9.109572,40.534437,0
                  9.109601,40.534435,0
                  9.109626,40.534432,0
                  9.109648,40.534425,0
                  9.109666,40.534417,0
                  9.10968,40.534405,0
                  9.10969,40.534392,0
                  9.109697,40.534375,0
                  9.109699,40.534357,0
                  9.109698,40.534335,0
                  9.109693,40.534312,0
                  9.109673,40.53424,0
                  9.109667,40.534241,0
                  9.10966,40.534242,0
                  9.109651,40.534243,0
                  9.10964,40.534243,0
                  9.109627,40.534244,0
                  9.109612,40.534245,0
                  9.109596,40.534245,0
                  9.109578,40.534245,0
                  9.109558,40.534246,0
                  9.109536,40.534246,0
                  9.109423,40.534246,0
                  9.109372,40.534244,0
                  9.109324,40.534241,0
                  9.109277,40.534236,0
                  9.109232,40.534228,0
                  9.10919,40.534219,0
                  9.109149,40.534207,0
                  9.109109,40.534193,0
                  9.109072,40.534176,0
                  9.109037,40.534158,0
                  9.109003,40.534138,0
                  9.108975,40.534118,0
                  9.108949,40.534097,0
                  9.108924,40.534074,0
                  9.108902,40.53405,0
                  9.108882,40.534025,0
                  9.108864,40.533999,0
                  9.108848,40.533971,0
                  9.108833,40.533942,0
                  9.108821,40.533911,0
                  9.108811,40.53388,0
                  9.108802,40.533841,0
                  9.108796,40.533805,0
                  9.108794,40.53377,0
                  9.108795,40.533737,0
                  9.108799,40.533706,0
                  9.108808,40.533677,0
                  9.108819,40.53365,0
                  9.108835,40.533624,0
                  9.108853,40.5336,0
                  9.108875,40.533578,0
                  9.1089,40.533559,0
                  9.108926,40.533542,0
                  9.108956,40.533527,0
                  9.108988,40.533514,0
                  9.109023,40.533503,0
                  9.10906,40.533494,0
                  9.1091,40.533487,0
                  9.109143,40.533482,0
                  9.109188,40.533478,0
                  9.109236,40.533477,0
                  9.109389,40.533477,0
                  9.109434,40.533479,0
                  9.109477,40.533482,0
                  9.10952,40.533487,0
                  9.109562,40.533494,0
                  9.109602,40.533504,0
                  9.109641,40.533515,0
                  9.109679,40.533529,0
                  9.109716,40.533545,0
                  9.109752,40.533563,0
                  9.109787,40.533583,0
                  9.10982,40.533604,0
                  9.10985,40.533627,0
                  9.109878,40.533651,0
                  9.109903,40.533677,0
                  9.109926,40.533704,0
                  9.109947,40.533732,0
                  9.109965,40.533761,0
                  9.109981,40.533791,0
                  9.109994,40.533823,0
                  9.110004,40.533857,0
                  9.110128,40.534298,0
                </coordinates>
              </LinearRing>
            </outerBoundaryIs>
            <innerBoundaryIs>
              <LinearRing>
                <tessellate>1</tessellate>
                <coordinates>
                  9.109598,40.533989,0
                  9.109593,40.53399,0
                  9.109585,40.533991,0
                  9.109574,40.533992,0
                  9.109562,40.533993,0
                  9.109547,40.533993,0
                  9.10953,40.533994,0
                  9.109511,40.533994,0
                  9.10949,40.533994,0
                  9.109466,40.533995,0
                  9.10942,40.533995,0
                  9.109394,40.533993,0
                  9.10937,40.53399,0
                  9.109348,40.533985,0
                  9.109328,40.533977,0
                  9.10931,40.533967,0
                  9.109294,40.533955,0
                  9.10928,40.53394,0
                  9.109269,40.533923,0
                  9.109259,40.533905,0
                  9.109252,40.533884,0
                  9.109243,40.533853,0
                  9.109241,40.533844,0
                  9.10924,40.533835,0
                  9.109239,40.533827,0
                  9.10924,40.533818,0
                  9.109241,40.53381,0
                  9.109244,40.533803,0
                  9.109247,40.533795,0
                  9.109251,40.533788,0
                  9.109256,40.533781,0
                  9.109262,40.533774,0
                  9.109268,40.533768,0
                  9.109275,40.533762,0
                  9.109282,40.533757,0
                  9.10929,40.533753,0
                  9.109299,40.533749,0
                  9.109308,40.533746,0
                  9.109317,40.533744,0
                  9.109328,40.533742,0
                  9.109338,40.533741,0
                  9.109349,40.533741,0
                  9.109395,40.533741,0
                  9.109422,40.533742,0
                  9.109446,40.533745,0
                  9.109468,40.53375,0
                  9.109488,40.533758,0
                  9.109506,40.533768,0
                  9.109522,40.533779,0
                  9.109536,40.533793,0
                  9.109547,40.53381,0
                  9.109556,40.533828,0
                  9.109564,40.533849,0
                  9.109602,40.533988,0
                  9.109598,40.533989,0
                </coordinates>
              </LinearRing>
            </innerBoundaryIs>
          </Polygon>
          <Polygon>
            <outerBoundaryIs>
              <LinearRing>
                <tessellate>1</tessellate>
                <coordinates>
                  9.100776,40.534298,0
                  9.100784,40.534332,0
                  9.10079,40.534365,0
                  9.100792,40.534396,0
                  9.100791,40.534427,0
                  9.100788,40.534455,0
                  9.100781,40.534483,0
                  9.100771,40.534509,0
                  9.100759,40.534533,0
                  9.100743,40.534557,0
                  9.100725,40.534579,0
                  9.100702,40.5346,0
                  9.100676,40.534619,0
                  9.100648,40.534636,0
                  9.100617,40.53465,0
                  9.100582,40.534663,0
                  9.100545,40.534673,0
                  9.100505,40.534681,0
                  9.100462,40.534686,0
                  9.100417,40.534689,0
                  9.100368,40.534691,0
                  9.100206,40.534691,0
                  9.100155,40.53469,0
                  9.100105,40.534688,0
                  9.100057,40.534684,0
                  9.100011,40.53468,0
                  9.099965,40.534674,0
                  9.099922,40.534666,0
                  9.09988,40.534657,0
                  9.09984,40.534647,0
                  9.099801,40.534636,0
                  9.099764,40.534623,0
                  9.099809,40.534386,0
                  9.099838,40.534395,0
                  9.099867,40.534404,0
                  9.099898,40.534412,0
                  9.099929,40.534418,0
                  9.099962,40.534424,0
                  9.099995,40.534428,0
                  9.100029,40.534432,0
                  9.100063,40.534435,0
                  9.100099,40.534436,0
                  9.100135,40.534437,0
                  9.100219,40.534437,0
                  9.100249,40.534435,0
                  9.100274,40.534432,0
                  9.100296,40.534425,0
                  9.100314,40.534417,0
                  9.100328,40.534405,0
                  9.100338,40.534392,0
                  9.100345,40.534375,0
                  9.100347,40.534357,0
                  9.100346,40.534335,0
                  9.100341,40.534312,0
                  9.100321,40.53424,0
                  9.100315,40.534241,0
                  9.100308,40.534242,0
                  9.100299,40.534243,0
                  9.100288,40.534243,0
                  9.100275,40.534244,0
                  9.10026,40.534245,0
                  9.100244,40.534245,0
                  9.100226,40.534245,0
                  9.100206,40.534246,0
                  9.100184,40.534246,0
                  9.100071,40.534246,0
                  9.10002,40.534244,0
                  9.099972,40.534241,0
                  9.099925,40.534236,0
                  9.09988,40.534228,0
                  9.099838,40.534219,0
                  9.099796,40.534207,0
                  9.099757,40.534193,0
                  9.09972,40.534176,0
                  9.099685,40.534158,0
                  9.099651,40.534138,0
                  9.099623,40.534118,0
                  9.099597,40.534097,0
                  9.099572,40.534074,0
                  9.09955,40.53405,0
                  9.09953,40.534025,0
                  9.099512,40.533999,0
                  9.099496,40.533971,0
                  9.099481,40.533942,0
                  9.099469,40.533911,0
                  9.099459,40.53388,0
                  9.09945,40.533841,0
                  9.099444,40.533805,0
                  9.099441,40.53377,0
                  9.099443,40.533737,0
                  9.099447,40.533706,0
                  9.099456,40.533677,0
                  9.099467,40.53365,0
                  9.099482,40.533624,0
                  9.099501,40.5336,0
                  9.099523,40.533578,0
                  9.099548,40.533559,0
                  9.099574,40.533542,0
                  9.099604,40.533527,0
                  9.099636,40.533514,0
                  9.099671,40.533503,0
                  9.099708,40.533494,0
                  9.099748,40.533487,0
                  9.099791,40.533482,0
                  9.099836,40.533478,0
                  9.099884,40.533477,0
                  9.100037,40.533477,0
                  9.100082,40.533479,0
                  9.100125,40.533482,0
                  9.100168,40.533487,0
                  9.10021,40.533494,0
                  9.10025,40.533504,0
                  9.100289,40.533515,0
                  9.100327,40.533529,0
                  9.100364,40.533545,0
                  9.1004,40.533563,0
                  9.100435,40.533583,0
                  9.100467,40.533604,0
                  9.100498,40.533627,0
                  9.100526,40.533651,0
                  9.100551,40.533677,0
                  9.100574,40.533704,0
                  9.100595,40.533732,0
                  9.100613,40.533761,0
                  9.100629,40.533791,0
                  9.100642,40.533823,0
                  9.100652,40.533857,0
                  9.100776,40.534298,0
                </coordinates>
              </LinearRing>
            </outerBoundaryIs>
            <innerBoundaryIs>
              <LinearRing>
                <tessellate>1</tessellate>
                <coordinates>
                  9.100246,40.533989,0
                  9.100241,40.53399,0
                  9.100233,40.533991,0
                  9.100222,40.533992,0
                  9.10021,40.533993,0
                  9.100195,40.533993,0
                  9.100178,40.533994,0
                  9.100159,40.533994,0
                  9.100138,40.533994,0
                  9.100114,40.533995,0
                  9.100068,40.533995,0
                  9.100042,40.533993,0
                  9.100018,40.53399,0
                  9.099996,40.533985,0
                  9.099975,40.533977,0
                  9.099958,40.533967,0
                  9.099942,40.533955,0
                  9.099928,40.53394,0
                  9.099917,40.533923,0
                  9.099907,40.533905,0
                  9.0999,40.533884,0
                  9.09989,40.533853,0
                  9.099889,40.533844,0
                  9.099887,40.533835,0
                  9.099887,40.533827,0
                  9.099888,40.533818,0
                  9.099889,40.53381,0
                  9.099892,40.533803,0
                  9.099895,40.533795,0
                  9.099899,40.533788,0
                  9.099904,40.533781,0
                  9.09991,40.533774,0
                  9.099916,40.533768,0
                  9.099923,40.533762,0
                  9.09993,40.533757,0
                  9.099938,40.533753,0
                  9.099947,40.533749,0
                  9.099956,40.533746,0
                  9.099965,40.533744,0
                  9.099975,40.533742,0
                  9.099986,40.533741,0
                  9.099997,40.533741,0
                  9.100043,40.533741,0
                  9.10007,40.533742,0
                  9.100094,40.533745,0
                  9.100116,40.53375,0
                  9.100136,40.533758,0
                  9.100154,40.533768,0
                  9.10017,40.533779,0
                  9.100184,40.533793,0
                  9.100195,40.53381,0
                  9.100204,40.533828,0
                  9.100212,40.533849,0
                  9.10025,40.533988,0
                  9.100246,40.533989,0
                </coordinates>
              </LinearRing>
            </innerBoundaryIs>
          </Polygon>
          <Polygon>
            <outerBoundaryIs>
              <LinearRing>
                <tessellate>1</tessellate>
                <coordinates>
                  9.107649,40.534289,0
                  9.107663,40.534361,0
                  9.107663,40.534428,0
                  9.107649,40.534487,0
                  9.107621,40.534541,0
                  9.107579,40.534588,0
                  9.107555,40.534607,0
                  9.1075,40.53464,0
                  9.107436,40.534665,0
                  9.107362,40.534681,0
                  9.107279,40.53469,0
                  9.107108,40.534691,0
                  9.107064,40.534689,0
                  9.106976,40.53468,0
                  9.106892,40.534662,0
                  9.106811,40.534635,0
                  9.106733,40.534598,0
                  9.106659,40.534553,0
                  9.106595,40.534503,0
                  9.106542,40.534448,0
                  9.106501,40.53439,0
                  9.10647,40.534327,0
                  9.106342,40.533876,0
                  9.106334,40.533841,0
                  9.106326,40.533776,0
                  9.10633,40.533716,0
                  9.106346,40.533662,0
                  9.106374,40.533614,0
                  9.106392,40.533593,0
                  9.106441,40.533551,0
                  9.106501,40.533519,0
                  9.106572,40.533496,0
                  9.106655,40.533482,0
                  9.106749,40.533477,0
                  9.106911,40.533477,0
                  9.107012,40.53348,0
                  9.107107,40.533488,0
                  9.107195,40.533502,0
                  9.107277,40.533521,0
                  9.107353,40.533545,0
                  9.107309,40.533784,0
                  9.107254,40.533765,0
                  9.107193,40.53375,0
                  9.107128,40.53374,0
                  9.107057,40.533734,0
                  9.106982,40.533732,0
                  9.106899,40.533732,0
                  9.106844,40.533737,0
                  9.106804,40.533752,0
                  9.10678,40.533777,0
                  9.106771,40.533812,0
                  9.106777,40.533857,0
                  9.106798,40.533929,0
                  9.10681,40.533926,0
                  9.106829,40.533925,0
                  9.106856,40.533923,0
                  9.10689,40.533923,0
                  9.106932,40.533923,0
                  9.107003,40.533923,0
                  9.107103,40.533927,0
                  9.107197,40.53394,0
                  9.107285,40.533961,0
                  9.107365,40.533992,0
                  9.10744,40.534031,0
                  9.107471,40.534051,0
                  9.107528,40.534096,0
                  9.107574,40.534145,0
                  9.107611,40.534199,0
                  9.107639,40.534258,0
                  9.107649,40.534289,0
                </coordinates>
              </LinearRing>
            </outerBoundaryIs>
            <innerBoundaryIs>
              <LinearRing>
                <tessellate>1</tessellate>
                <coordinates>
                  9.10723,40.534333,0
                  9.107229,40.534349,0
                  9.107225,40.534365,0
                  9.107218,40.53438,0
                  9.107208,40.534394,0
                  9.107194,40.534407,0
                  9.107179,40.534416,0
                  9.107161,40.534423,0
                  9.107142,40.534427,0
                  9.10712,40.534429,0
                  9.107074,40.534429,0
                  9.107023,40.534424,0
                  9.106982,40.534411,0
                  9.106948,40.534389,0
                  9.106923,40.534359,0
                  9.106907,40.53432,0
                  9.106867,40.534179,0
                  9.106878,40.534176,0
                  9.106897,40.534175,0
                  9.106924,40.534174,0
                  9.106959,40.534173,0
                  9.107002,40.534173,0
                  9.107024,40.534173,0
                  9.107051,40.534174,0
                  9.107077,40.534177,0
                  9.107101,40.534183,0
                  9.107125,40.534192,0
                  9.107148,40.534203,0
                  9.107168,40.534215,0
                  9.107185,40.53423,0
                  9.107199,40.534246,0
                  9.10721,40.534265,0
                  9.107217,40.534285,0
                  9.107227,40.534316,0
                  9.10723,40.534333,0
                </coordinates>
              </LinearRing>
            </innerBoundaryIs>
          </Polygon>
          <Polygon>
            <outerBoundaryIs>
              <LinearRing>
                <tessellate>1</tessellate>
                <coordinates>
                  9.108603,40.533757,0
                  9.108561,40.533757,0
                  9.108522,40.533758,0
                  9.108486,40.533759,0
                  9.108454,40.533762,0
                  9.108424,40.533765,0
                  9.108397,40.533768,0
                  9.108373,40.533772,0
                  9.108352,40.533777,0
                  9.108335,40.533782,0
                  9.10832,40.533789,0
                  9.108306,40.533797,0
                  9.108293,40.533806,0
                  9.108283,40.533817,0
                  9.108275,40.53383,0
                  9.108269,40.533844,0
                  9.108266,40.53386,0
                  9.108264,40.533877,0
                  9.108265,40.533895,0
                  9.108268,40.533915,0
                  9.108273,40.533937,0
                  9.108367,40.534275,0
                  9.108717,40.534275,0
                  9.108796,40.534558,0
                  9.108446,40.534558,0
                  9.108535,40.534871,0
                  9.108095,40.534871,0
                  9.107829,40.533923,0
                  9.107813,40.53384,0
                  9.107813,40.533767,0
                  9.107829,40.533702,0
                  9.107862,40.533646,0
                  9.10791,40.533599,0
                  9.107975,40.53356,0
                  9.108056,40.533529,0
                  9.108153,40.533508,0
                  9.108266,40.533495,0
                  9.108395,40.53349,0
                  9.108528,40.53349,0
                  9.108603,40.533757,0
                </coordinates>
              </LinearRing>
            </outerBoundaryIs>
          </Polygon>
          <Polygon>
            <outerBoundaryIs>
              <LinearRing>
                <tessellate>1</tessellate>
                <coordinates>
                  9.112578,40.534646,0
                  9.112139,40.534646,0
                  9.111819,40.533502,0
                  9.112259,40.533502,0
                  9.112578,40.534646,0
                </coordinates>
              </LinearRing>
            </outerBoundaryIs>
          </Polygon>
          <Polygon>
            <outerBoundaryIs>
              <LinearRing>
                <tessellate>1</tessellate>
                <coordinates>
                  9.112689,40.535041,0
                  9.112249,40.535041,0
                  9.112174,40.534773,0
                  9.112614,40.534773,0
                  9.112689,40.535041,0
                </coordinates>
              </LinearRing>
            </outerBoundaryIs>
          </Polygon>
          <Polygon>
            <outerBoundaryIs>
              <LinearRing>
                <tessellate>1</tessellate>
                <coordinates>
                  9.090941,40.536159,0
                  9.090648,40.536159,0
                  9.090574,40.535897,0
                  9.090566,40.535868,0
                  9.090558,40.535839,0
                  9.090551,40.535809,0
                  9.090543,40.535779,0
                  9.090536,40.535749,0
                  9.090529,40.535718,0
                  9.090521,40.535687,0
                  9.090515,40.535656,0
                  9.090508,40.535624,0
                  9.090501,40.535592,0
                  9.090501,40.53559,0
                  9.090501,40.535588,0
                  9.0905,40.535586,0
                  9.090498,40.535584,0
                  9.090496,40.535582,0
                  9.090494,40.535581,0
                  9.090492,40.53558,0
                  9.090489,40.53558,0
                  9.090486,40.535579,0
                  9.090482,40.535579,0
                  9.090479,40.535579,0
                  9.090477,40.535579,0
                  9.090475,40.53558,0
                  9.090473,40.535581,0
                  9.090472,40.535581,0
                  9.090471,40.535582,0
                  9.09047,40.535584,0
                  9.090469,40.535585,0
                  9.090468,40.535587,0
                  9.090468,40.535588,0
                  9.090466,40.535608,0
                  9.090462,40.535631,0
                  9.090456,40.535657,0
                  9.090449,40.535687,0
                  9.090439,40.535719,0
                  9.090427,40.535755,0
                  9.090413,40.535795,0
                  9.090397,40.535837,0
                  9.09038,40.535883,0
                  9.09036,40.535932,0
                  9.090267,40.536159,0
                  9.089997,40.536159,0
                  9.08971,40.535134,0
                  9.090003,40.535134,0
                  9.090074,40.535386,0
                  9.090082,40.535417,0
                  9.09009,40.535446,0
                  9.090098,40.535475,0
                  9.090105,40.535502,0
                  9.090112,40.535529,0
                  9.090118,40.535554,0
                  9.090123,40.535579,0
                  9.090129,40.535603,0
                  9.090134,40.535625,0
                  9.090138,40.535647,0
                  9.090138,40.53565,0
                  9.090139,40.535652,0
                  9.09014,40.535654,0
                  9.090142,40.535656,0
                  9.090143,40.535658,0
                  9.090145,40.535659,0
                  9.090148,40.53566,0
                  9.090151,40.535661,0
                  9.090154,40.535661,0
                  9.090157,40.535661,0
                  9.09016,40.535661,0
                  9.090162,40.535661,0
                  9.090164,40.53566,0
                  9.090166,40.535659,0
                  9.090167,40.535659,0
                  9.090169,40.535657,0
                  9.09017,40.535656,0
                  9.090171,40.535655,0
                  9.090171,40.535653,0
                  9.090171,40.535651,0
                  9.090172,40.53564,0
                  9.090173,40.535629,0
                  9.090175,40.535617,0
                  9.090177,40.535604,0
                  9.090179,40.535592,0
                  9.090182,40.535579,0
                  9.090185,40.535565,0
                  9.090189,40.535551,0
                  9.090194,40.535537,0
                  9.090199,40.535522,0
                  9.0902,40.535516,0
                  9.090203,40.535509,0
                  9.090206,40.535501,0
                  9.090209,40.535491,0
                  9.090213,40.53548,0
                  9.090218,40.535468,0
                  9.090223,40.535454,0
                  9.090229,40.535439,0
                  9.090235,40.535422,0
                  9.090242,40.535404,0
                  9.090323,40.535194,0
                  9.09033,40.53518,0
                  9.090338,40.535168,0
                  9.090348,40.535157,0
                  9.090359,40.535148,0
                  9.090373,40.53514,0
                  9.090388,40.535133,0
                  9.090405,40.535128,0
                  9.090423,40.535125,0
                  9.090443,40.535122,0
                  9.090465,40.535122,0
                  9.090481,40.535122,0
                  9.090496,40.535123,0
                  9.090511,40.535125,0
                  9.090525,40.535128,0
                  9.09054,40.535132,0
                  9.090554,40.535136,0
                  9.090568,40.535141,0
                  9.090581,40.535148,0
                  9.090595,40.535154,0
                  9.090608,40.535162,0
                  9.09062,40.53517,0
                  9.090632,40.535179,0
                  9.090643,40.535188,0
                  9.090652,40.535198,0
                  9.090661,40.535208,0
                  9.090669,40.535218,0
                  9.090676,40.535229,0
                  9.090681,40.53524,0
                  9.090686,40.535252,0
                  9.09069,40.535264,0
                  9.090941,40.536159,0
                </coordinates>
              </LinearRing>
            </outerBoundaryIs>
          </Polygon>
          <Polygon>
            <outerBoundaryIs>
              <LinearRing>
                <tessellate>1</tessellate>
                <coordinates>
                  9.093759,40.536159,0
                  9.093467,40.536159,0
                  9.093401,40.535923,0
                  9.093397,40.535924,0
                  9.093391,40.535924,0
                  9.093384,40.535924,0
                  9.093377,40.535925,0
                  9.093368,40.535925,0
                  9.093359,40.535925,0
                  9.093348,40.535926,0
                  9.093336,40.535926,0
                  9.093324,40.535926,0
                  9.09331,40.535926,0
                  9.09323,40.535926,0
                  9.093199,40.535925,0
                  9.093169,40.535923,0
                  9.093141,40.535919,0
                  9.093112,40.535913,0
                  9.093085,40.535906,0
                  9.093059,40.535898,0
                  9.093033,40.535888,0
                  9.093008,40.535876,0
                  9.092984,40.535863,0
                  9.092961,40.535848,0
                  9.09294,40.535833,0
                  9.092921,40.535817,0
                  9.092903,40.5358,0
                  9.092886,40.535782,0
                  9.092871,40.535764,0
                  9.092858,40.535744,0
                  9.092846,40.535724,0
                  9.092836,40.535703,0
                  9.092827,40.535681,0
                  9.09282,40.535658,0
                  9.092744,40.535385,0
                  9.092738,40.535362,0
                  9.092735,40.535339,0
                  9.092734,40.535318,0
                  9.092735,40.535297,0
                  9.092738,40.535277,0
                  9.092744,40.535258,0
                  9.092752,40.53524,0
                  9.092762,40.535223,0
                  9.092775,40.535207,0
                  9.092789,40.535192,0
                  9.092806,40.535178,0
                  9.092824,40.535165,0
                  9.092844,40.535154,0
                  9.092865,40.535144,0
                  9.092888,40.535136,0
                  9.092913,40.535129,0
                  9.092939,40.535124,0
                  9.092967,40.53512,0
                  9.092996,40.535118,0
                  9.093027,40.535117,0
                  9.093109,40.535117,0
                  9.093139,40.535118,0
                  9.093169,40.53512,0
                  9.093198,40.535124,0
                  9.093227,40.535129,0
                  9.093254,40.535136,0
                  9.093282,40.535145,0
                  9.093309,40.535155,0
                  9.093335,40.535167,0
                  9.093361,40.53518,0
                  9.093386,40.535195,0
                  9.09341,40.535211,0
                  9.093432,40.535227,0
                  9.093453,40.535244,0
                  9.093471,40.535262,0
                  9.093488,40.535281,0
                  9.093503,40.535301,0
                  9.093515,40.535321,0
                  9.093526,40.535341,0
                  9.093535,40.535363,0
                  9.093543,40.535385,0
                  9.093759,40.536159,0
                </coordinates>
              </LinearRing>
            </outerBoundaryIs>
            <innerBoundaryIs>
              <LinearRing>
                <tessellate>1</tessellate>
                <coordinates>
                  9.093348,40.535742,0
                  9.093344,40.535743,0
                  9.093339,40.535743,0
                  9.093332,40.535744,0
                  9.093323,40.535745,0
                  9.093314,40.535745,0
                  9.093302,40.535745,0
                  9.093289,40.535746,0
                  9.093275,40.535746,0
                  9.093259,40.535746,0
                  9.093232,40.535746,0
                  9.093214,40.535745,0
                  9.093197,40.535743,0
                  9.093182,40.535738,0
                  9.093168,40.535733,0
                  9.093155,40.535726,0
                  9.093144,40.535717,0
                  9.093135,40.535706,0
                  9.093127,40.535694,0
                  9.09312,40.53568,0
                  9.093115,40.535665,0
                  9.093033,40.535371,0
                  9.093032,40.535365,0
                  9.093031,40.53536,0
                  9.09303,40.535354,0
                  9.093031,40.535349,0
                  9.093032,40.535344,0
                  9.093033,40.535338,0
                  9.093035,40.535334,0
                  9.093038,40.535329,0
                  9.093041,40.535324,0
                  9.093045,40.53532,0
                  9.093049,40.535316,0
                  9.093054,40.535312,0
                  9.093059,40.535308,0
                  9.093064,40.535306,0
                  9.09307,40.535303,0
                  9.093076,40.535301,0
                  9.093082,40.5353,0
                  9.093089,40.535299,0
                  9.093096,40.535298,0
                  9.093103,40.535298,0
                  9.093134,40.535298,0
                  9.093141,40.535298,0
                  9.093149,40.535299,0
                  9.093156,40.5353,0
                  9.093163,40.535301,0
                  9.093171,40.535303,0
                  9.093178,40.535306,0
                  9.093185,40.535309,0
                  9.093192,40.535312,0
                  9.093199,40.535316,0
                  9.093205,40.53532,0
                  9.093212,40.535325,0
                  9.093218,40.535329,0
                  9.093223,40.535334,0
                  9.093228,40.535339,0
                  9.093233,40.535344,0
                  9.093237,40.535349,0
                  9.09324,40.535354,0
                  9.093243,40.53536,0
                  9.093245,40.535365,0
                  9.093247,40.535371,0
                  9.093351,40.535741,0
                  9.093348,40.535742,0
                </coordinates>
              </LinearRing>
            </innerBoundaryIs>
          </Polygon>
          <Polygon>
            <outerBoundaryIs>
              <LinearRing>
                <tessellate>1</tessellate>
                <coordinates>
                  9.091842,40.535658,0
                  9.091847,40.53568,0
                  9.09185,40.535701,0
                  9.09185,40.535722,0
                  9.091849,40.535742,0
                  9.091845,40.535762,0
                  9.091839,40.53578,0
                  9.09183,40.535798,0
                  9.091819,40.535816,0
                  9.091806,40.535832,0
                  9.091791,40.535848,0
                  9.091774,40.535863,0
                  9.091755,40.535876,0
                  9.091735,40.535888,0
                  9.091714,40.535898,0
                  9.091691,40.535906,0
                  9.091668,40.535913,0
                  9.091642,40.535919,0
                  9.091616,40.535923,0
                  9.091588,40.535925,0
                  9.091558,40.535926,0
                  9.091476,40.535926,0
                  9.091446,40.535925,0
                  9.091417,40.535923,0
                  9.091388,40.535919,0
                  9.09136,40.535913,0
                  9.091332,40.535906,0
                  9.091305,40.535898,0
                  9.091278,40.535888,0
                  9.091252,40.535876,0
                  9.091226,40.535863,0
                  9.0912,40.535848,0
                  9.091176,40.535832,0
                  9.091154,40.535816,0
                  9.091133,40.535798,0
                  9.091115,40.53578,0
                  9.091098,40.535762,0
                  9.091083,40.535742,0
                  9.09107,40.535722,0
                  9.091059,40.535701,0
                  9.09105,40.53568,0
                  9.091043,40.535658,0
                  9.090966,40.535385,0
                  9.090961,40.535363,0
                  9.090958,40.535341,0
                  9.090958,40.535321,0
                  9.090959,40.535301,0
                  9.090963,40.535281,0
                  9.09097,40.535262,0
                  9.090978,40.535244,0
                  9.090989,40.535227,0
                  9.091002,40.535211,0
                  9.091018,40.535195,0
                  9.091035,40.53518,0
                  9.091053,40.535167,0
                  9.091073,40.535155,0
                  9.091094,40.535145,0
                  9.091117,40.535136,0
                  9.091141,40.535129,0
                  9.091166,40.535124,0
                  9.091193,40.53512,0
                  9.09122,40.535118,0
                  9.09125,40.535117,0
                  9.091332,40.535117,0
                  9.091362,40.535118,0
                  9.091391,40.53512,0
                  9.09142,40.535124,0
                  9.091448,40.535129,0
                  9.091476,40.535136,0
                  9.091503,40.535145,0
                  9.09153,40.535155,0
                  9.091557,40.535167,0
                  9.091583,40.53518,0
                  9.091608,40.535195,0
                  9.091632,40.535211,0
                  9.091655,40.535227,0
                  9.091675,40.535244,0
                  9.091694,40.535262,0
                  9.09171,40.535281,0
                  9.091725,40.535301,0
                  9.091738,40.535321,0
                  9.091749,40.535341,0
                  9.091758,40.535363,0
                  9.091765,40.535385,0
                  9.091842,40.535658,0
                </coordinates>
              </LinearRing>
            </outerBoundaryIs>
            <innerBoundaryIs>
              <LinearRing>
                <tessellate>1</tessellate>
                <coordinates>
                  9.091555,40.535676,0
                  9.091555,40.535682,0
                  9.091556,40.535688,0
                  9.091555,40.535693,0
                  9.091554,40.535699,0
                  9.091553,40.535704,0
                  9.091551,40.535709,0
                  9.091548,40.535714,0
                  9.091545,40.535718,0
                  9.091541,40.535723,0
                  9.091536,40.535727,0
                  9.091532,40.535731,0
                  9.091527,40.535735,0
                  9.091521,40.535738,0
                  9.091516,40.53574,0
                  9.09151,40.535742,0
                  9.091503,40.535744,0
                  9.091496,40.535745,0
                  9.091489,40.535746,0
                  9.091482,40.535746,0
                  9.091451,40.535746,0
                  9.091444,40.535746,0
                  9.091436,40.535745,0
                  9.091429,40.535744,0
                  9.091422,40.535742,0
                  9.091415,40.53574,0
                  9.091408,40.535738,0
                  9.091401,40.535735,0
                  9.091394,40.535731,0
                  9.091387,40.535727,0
                  9.091381,40.535723,0
                  9.091374,40.535718,0
                  9.091369,40.535714,0
                  9.091363,40.535709,0
                  9.091358,40.535704,0
                  9.091354,40.535699,0
                  9.09135,40.535693,0
                  9.091346,40.535688,0
                  9.091344,40.535682,0
                  9.091341,40.535676,0
                  9.091339,40.53567,0
                  9.091256,40.535371,0
                  9.091254,40.535365,0
                  9.091253,40.53536,0
                  9.091253,40.535354,0
                  9.091253,40.535349,0
                  9.091254,40.535344,0
                  9.091256,40.535338,0
                  9.091258,40.535334,0
                  9.09126,40.535329,0
                  9.091264,40.535324,0
                  9.091268,40.53532,0
                  9.091272,40.535316,0
                  9.091276,40.535312,0
                  9.091281,40.535308,0
                  9.091287,40.535306,0
                  9.091292,40.535303,0
                  9.091298,40.535301,0
                  9.091305,40.5353,0
                  9.091311,40.535299,0
                  9.091319,40.535298,0
                  9.091326,40.535298,0
                  9.091357,40.535298,0
                  9.091364,40.535298,0
                  9.091372,40.535299,0
                  9.091379,40.5353,0
                  9.091386,40.535301,0
                  9.091393,40.535303,0
                  9.0914,40.535306,0
                  9.091407,40.535309,0
                  9.091414,40.535312,0
                  9.091421,40.535316,0
                  9.091428,40.53532,0
                  9.091435,40.535325,0
                  9.091441,40.535329,0
                  9.091446,40.535334,0
                  9.091451,40.535339,0
                  9.091455,40.535344,0
                  9.091459,40.535349,0
                  9.091463,40.535354,0
                  9.091466,40.53536,0
                  9.091468,40.535365,0
                  9.09147,40.535371,0
                  9.091553,40.53567,0
                  9.091555,40.535676,0
                </coordinates>
              </LinearRing>
            </innerBoundaryIs>
          </Polygon>
          <Polygon>
            <outerBoundaryIs>
              <LinearRing>
                <tessellate>1</tessellate>
                <coordinates>
                  9.092822,40.535878,0
                  9.092801,40.535887,0
                  9.092779,40.535895,0
                  9.092756,40.535902,0
                  9.092731,40.535908,0
                  9.092705,40.535914,0
                  9.092677,40.535918,0
                  9.092649,40.535921,0
                  9.092618,40.535924,0
                  9.092587,40.535925,0
                  9.092554,40.535926,0
                  9.092509,40.535926,0
                  9.092476,40.535925,0
                  9.092444,40.535923,0
                  9.092412,40.535919,0
                  9.092382,40.535914,0
                  9.092353,40.535907,0
                  9.092325,40.535899,0
                  9.092298,40.535889,0
                  9.092272,40.535878,0
                  9.092247,40.535865,0
                  9.092223,40.535851,0
                  9.092201,40.535836,0
                  9.092181,40.53582,0
                  9.092163,40.535803,0
                  9.092145,40.535786,0
                  9.09213,40.535767,0
                  9.092116,40.535747,0
                  9.092104,40.535726,0
                  9.092093,40.535704,0
                  9.092084,40.535682,0
                  9.092076,40.535658,0
                  9.091929,40.535134,0
                  9.092222,40.535134,0
                  9.092373,40.535674,0
                  9.092379,40.535689,0
                  9.092385,40.535703,0
                  9.092393,40.535715,0
                  9.092403,40.535725,0
                  9.092413,40.535734,0
                  9.092425,40.535741,0
                  9.092439,40.535747,0
                  9.092454,40.535751,0
                  9.09247,40.535753,0
                  9.092487,40.535754,0
                  9.092506,40.535754,0
                  9.092531,40.535753,0
                  9.092554,40.535752,0
                  9.092577,40.535751,0
                  9.092599,40.535748,0
                  9.092619,40.535745,0
                  9.092638,40.535742,0
                  9.092656,40.535737,0
                  9.092673,40.535732,0
                  9.092689,40.535726,0
                  9.092704,40.53572,0
                  9.092822,40.535878,0
                </coordinates>
              </LinearRing>
            </outerBoundaryIs>
          </Polygon>
          <Polygon>
            <outerBoundaryIs>
              <LinearRing>
                <tessellate>1</tessellate>
                <coordinates>
                  9.093426,40.529726,0
                  9.093434,40.529765,0
                  9.093435,40.529801,0
                  9.093428,40.529835,0
                  9.093415,40.529865,0
                  9.093395,40.529893,0
                  9.093367,40.529918,0
                  9.093333,40.529941,0
                  9.093292,40.52996,0
                  9.093244,40.529977,0
                  9.093188,40.529991,0
                  9.093152,40.529999,0
                  9.093118,40.530006,0
                  9.093088,40.530014,0
                  9.09306,40.53002,0
                  9.093035,40.530027,0
                  9.093012,40.530033,0
                  9.092993,40.530038,0
                  9.092976,40.530043,0
                  9.092962,40.530048,0
                  9.092951,40.530052,0
                  9.092938,40.530058,0
                  9.092928,40.530064,0
                  9.092919,40.530071,0
                  9.092911,40.530078,0
                  9.092905,40.530085,0
                  9.092901,40.530093,0
                  9.092898,40.530101,0
                  9.092897,40.53011,0
                  9.092898,40.530119,0
                  9.0929,40.530129,0
                  9.092901,40.530137,0
                  9.092904,40.530144,0
                  9.092907,40.530152,0
                  9.092911,40.530159,0
                  9.092916,40.530166,0
                  9.092921,40.530173,0
                  9.092927,40.530179,0
                  9.092934,40.530186,0
                  9.092941,40.530192,0
                  9.09295,40.530198,0
                  9.092958,40.530204,0
                  9.092968,40.53021,0
                  9.092978,40.530214,0
                  9.092988,40.530219,0
                  9.092998,40.530223,0
                  9.093008,40.530226,0
                  9.093019,40.530228,0
                  9.09303,40.53023,0
                  9.093042,40.530232,0
                  9.093054,40.530233,0
                  9.093065,40.530233,0
                  9.093187,40.530233,0
                  9.093217,40.530233,0
                  9.093245,40.530231,0
                  9.093272,40.530229,0
                  9.093297,40.530227,0
                  9.093322,40.530223,0
                  9.093345,40.530219,0
                  9.093366,40.530213,0
                  9.093386,40.530207,0
                  9.093405,40.530201,0
                  9.093423,40.530193,0
                  9.093564,40.530384,0
                  9.093541,40.530394,0
                  9.093516,40.530403,0
                  9.093489,40.530411,0
                  9.093459,40.530418,0
                  9.093427,40.530423,0
                  9.093393,40.530428,0
                  9.093357,40.530432,0
                  9.093319,40.530434,0
                  9.093278,40.530436,0
                  9.093236,40.530436,0
                  9.093108,40.530436,0
                  9.093074,40.530436,0
                  9.093039,40.530433,0
                  9.093006,40.530429,0
                  9.092973,40.530423,0
                  9.09294,40.530416,0
                  9.092908,40.530407,0
                  9.092877,40.530396,0
                  9.092846,40.530384,0
                  9.092816,40.53037,0
                  9.092787,40.530354,0
                  9.092757,40.530337,0
                  9.09273,40.530318,0
                  9.092705,40.530299,0
                  9.092683,40.530279,0
                  9.092662,40.530258,0
                  9.092645,40.530236,0
                  9.092629,40.530213,0
                  9.092616,40.530189,0
                  9.092605,40.530165,0
                  9.092597,40.53014,0
                  9.092592,40.530121,0
                  9.092584,40.53008,0
                  9.092583,40.530042,0
                  9.092589,40.530006,0
                  9.092603,40.529973,0
                  9.092624,40.529944,0
                  9.092653,40.529917,0
                  9.092689,40.529892,0
                  9.092733,40.529871,0
                  9.092784,40.529853,0
                  9.092842,40.529837,0
                  9.092876,40.529829,0
                  9.092907,40.529821,0
                  9.092936,40.529814,0
                  9.092963,40.529807,0
                  9.092986,40.5298,0
                  9.093007,40.529794,0
                  9.093026,40.529789,0
                  9.093042,40.529783,0
                  9.093055,40.529778,0
                  9.093065,40.529774,0
                  9.093077,40.529768,0
                  9.093087,40.529761,0
                  9.093095,40.529755,0
                  9.093102,40.529747,0
                  9.093108,40.52974,0
                  9.093112,40.529732,0
                  9.093114,40.529724,0
                  9.093115,40.529715,0
                  9.093115,40.529706,0
                  9.093113,40.529696,0
                  9.09311,40.529686,0
                  9.093104,40.529669,0
                  9.093095,40.529653,0
                  9.093084,40.52964,0
                  9.093071,40.529628,0
                  9.093055,40.529618,0
                  9.093037,40.52961,0
                  9.093017,40.529603,0
                  9.092994,40.529599,0
                  9.092969,40.529596,0
                  9.092942,40.529595,0
                  9.092493,40.529595,0
                  9.092437,40.529393,0
                  9.092911,40.529393,0
                  9.092948,40.529394,0
                  9.092983,40.529396,0
                  9.093018,40.5294,0
                  9.093052,40.529405,0
                  9.093085,40.529412,0
                  9.093116,40.52942,0
                  9.093147,40.52943,0
                  9.093177,40.529441,0
                  9.093205,40.529454,0
                  9.093233,40.529468,0
                  9.093261,40.529485,0
                  9.093286,40.529503,0
                  9.09331,40.529522,0
                  9.093331,40.529542,0
                  9.093351,40.529563,0
                  9.093368,40.529586,0
                  9.093383,40.52961,0
                  9.093396,40.529635,0
                  9.093407,40.529661,0
                  9.093416,40.529689,0
                  9.093426,40.529726,0
                </coordinates>
              </LinearRing>
            </outerBoundaryIs>
          </Polygon>
          <Polygon>
            <outerBoundaryIs>
              <LinearRing>
                <tessellate>1</tessellate>
                <coordinates>
                  9.095648,40.530418,0
                  9.095356,40.530418,0
                  9.09529,40.530182,0
                  9.095286,40.530183,0
                  9.09528,40.530183,0
                  9.095273,40.530184,0
                  9.095266,40.530184,0
                  9.095257,40.530184,0
                  9.095247,40.530185,0
                  9.095237,40.530185,0
                  9.095225,40.530185,0
                  9.095213,40.530185,0
                  9.095199,40.530185,0
                  9.095118,40.530185,0
                  9.095088,40.530184,0
                  9.095058,40.530182,0
                  9.095029,40.530178,0
                  9.095001,40.530173,0
                  9.094974,40.530166,0
                  9.094948,40.530157,0
                  9.094922,40.530147,0
                  9.094897,40.530135,0
                  9.094873,40.530122,0
                  9.09485,40.530108,0
                  9.094829,40.530092,0
                  9.094809,40.530076,0
                  9.094791,40.530059,0
                  9.094775,40.530042,0
                  9.09476,40.530023,0
                  9.094747,40.530003,0
                  9.094735,40.529983,0
                  9.094725,40.529962,0
                  9.094716,40.52994,0
                  9.094709,40.529917,0
                  9.094632,40.529644,0
                  9.094627,40.529621,0
                  9.094623,40.529599,0
                  9.094622,40.529577,0
                  9.094624,40.529556,0
                  9.094627,40.529537,0
                  9.094633,40.529518,0
                  9.094641,40.5295,0
                  9.094651,40.529483,0
                  9.094663,40.529466,0
                  9.094678,40.529451,0
                  9.094694,40.529437,0
                  9.094713,40.529424,0
                  9.094732,40.529413,0
                  9.094754,40.529403,0
                  9.094777,40.529395,0
                  9.094801,40.529388,0
                  9.094828,40.529383,0
                  9.094855,40.529379,0
                  9.094885,40.529377,0
                  9.094916,40.529376,0
                  9.094998,40.529376,0
                  9.095028,40.529377,0
                  9.095058,40.529379,0
                  9.095087,40.529383,0
                  9.095115,40.529389,0
                  9.095143,40.529396,0
                  9.095171,40.529404,0
                  9.095197,40.529414,0
                  9.095224,40.529426,0
                  9.09525,40.529439,0
                  9.095275,40.529454,0
                  9.095299,40.52947,0
                  9.095321,40.529486,0
                  9.095341,40.529504,0
                  9.09536,40.529522,0
                  9.095377,40.52954,0
                  9.095391,40.52956,0
                  9.095404,40.52958,0
                  9.095415,40.529601,0
                  9.095424,40.529622,0
                  9.095431,40.529644,0
                  9.095648,40.530418,0
                </coordinates>
              </LinearRing>
            </outerBoundaryIs>
            <innerBoundaryIs>
              <LinearRing>
                <tessellate>1</tessellate>
                <coordinates>
                  9.095237,40.530001,0
                  9.095233,40.530002,0
                  9.095227,40.530003,0
                  9.095221,40.530003,0
                  9.095212,40.530004,0
                  9.095202,40.530004,0
                  9.095191,40.530005,0
                  9.095178,40.530005,0
                  9.095164,40.530005,0
                  9.095148,40.530005,0
                  9.095121,40.530005,0
                  9.095103,40.530004,0
                  9.095086,40.530002,0
                  9.095071,40.529998,0
                  9.095057,40.529992,0
                  9.095044,40.529985,0
                  9.095033,40.529976,0
                  9.095024,40.529965,0
                  9.095015,40.529953,0
                  9.095009,40.52994,0
                  9.095003,40.529924,0
                  9.094922,40.52963,0
                  9.09492,40.529624,0
                  9.094919,40.529619,0
                  9.094919,40.529613,0
                  9.094919,40.529608,0
                  9.09492,40.529603,0
                  9.094922,40.529598,0
                  9.094924,40.529593,0
                  9.094927,40.529588,0
                  9.09493,40.529583,0
                  9.094934,40.529579,0
                  9.094938,40.529575,0
                  9.094943,40.529571,0
                  9.094948,40.529568,0
                  9.094953,40.529565,0
                  9.094959,40.529562,0
                  9.094965,40.52956,0
                  9.094971,40.529559,0
                  9.094978,40.529558,0
                  9.094985,40.529557,0
                  9.094992,40.529557,0
                  9.095023,40.529557,0
                  9.09503,40.529557,0
                  9.095038,40.529558,0
                  9.095045,40.529559,0
                  9.095052,40.52956,0
                  9.095059,40.529562,0
                  9.095067,40.529565,0
                  9.095074,40.529568,0
                  9.09508,40.529571,0
                  9.095087,40.529575,0
                  9.095094,40.529579,0
                  9.095101,40.529584,0
                  9.095107,40.529588,0
                  9.095112,40.529593,0
                  9.095117,40.529598,0
                  9.095121,40.529603,0
                  9.095125,40.529608,0
                  9.095129,40.529614,0
                  9.095132,40.529619,0
                  9.095134,40.529625,0
                  9.095136,40.52963,0
                  9.095239,40.53,0
                  9.095237,40.530001,0
                </coordinates>
              </LinearRing>
            </innerBoundaryIs>
          </Polygon>
          <Polygon>
            <outerBoundaryIs>
              <LinearRing>
                <tessellate>1</tessellate>
                <coordinates>
                  9.094541,40.530155,0
                  9.094249,40.530155,0
                  9.094103,40.529634,0
                  9.094101,40.529629,0
                  9.094099,40.529623,0
                  9.094096,40.529618,0
                  9.094093,40.529612,0
                  9.094089,40.529607,0
                  9.094085,40.529602,0
                  9.09408,40.529597,0
                  9.094074,40.529592,0
                  9.094068,40.529587,0
                  9.094062,40.529583,0
                  9.094055,40.529578,0
                  9.094048,40.529574,0
                  9.094041,40.529571,0
                  9.094034,40.529568,0
                  9.094027,40.529565,0
                  9.09402,40.529563,0
                  9.094012,40.529562,0
                  9.094005,40.52956,0
                  9.093998,40.52956,0
                  9.09399,40.52956,0
                  9.093959,40.52956,0
                  9.093952,40.52956,0
                  9.093945,40.52956,0
                  9.093938,40.529562,0
                  9.093932,40.529563,0
                  9.093926,40.529565,0
                  9.09392,40.529568,0
                  9.093915,40.529571,0
                  9.09391,40.529574,0
                  9.093906,40.529578,0
                  9.093902,40.529582,0
                  9.093898,40.529587,0
                  9.093895,40.529592,0
                  9.093892,40.529596,0
                  9.09389,40.529601,0
                  9.093888,40.529607,0
                  9.093887,40.529612,0
                  9.093887,40.529617,0
                  9.093887,40.529623,0
                  9.093888,40.529628,0
                  9.093889,40.529634,0
                  9.094035,40.530155,0
                  9.093742,40.530155,0
                  9.093599,40.529644,0
                  9.093594,40.529622,0
                  9.093591,40.529601,0
                  9.09359,40.52958,0
                  9.093592,40.52956,0
                  9.093596,40.52954,0
                  9.093602,40.529522,0
                  9.093611,40.529504,0
                  9.093622,40.529486,0
                  9.093635,40.52947,0
                  9.09365,40.529454,0
                  9.093667,40.529439,0
                  9.093686,40.529426,0
                  9.093706,40.529414,0
                  9.093727,40.529404,0
                  9.09375,40.529396,0
                  9.093774,40.529389,0
                  9.093799,40.529383,0
                  9.093825,40.529379,0
                  9.093853,40.529377,0
                  9.093882,40.529376,0
                  9.093965,40.529376,0
                  9.093994,40.529377,0
                  9.094024,40.529379,0
                  9.094053,40.529383,0
                  9.094081,40.529389,0
                  9.094109,40.529396,0
                  9.094136,40.529404,0
                  9.094163,40.529414,0
                  9.094189,40.529426,0
                  9.094215,40.529439,0
                  9.094241,40.529454,0
                  9.094265,40.52947,0
                  9.094287,40.529486,0
                  9.094308,40.529504,0
                  9.094326,40.529522,0
                  9.094343,40.52954,0
                  9.094358,40.52956,0
                  9.094371,40.52958,0
                  9.094382,40.529601,0
                  9.094391,40.529622,0
                  9.094398,40.529644,0
                  9.094541,40.530155,0
                </coordinates>
              </LinearRing>
            </outerBoundaryIs>
          </Polygon>
        </MultiGeometry>
      </Placemark>
      <Placemark>
        <name>Galoppatoio</name>
        <styleUrl>#poly-F9F9F9-1200-255-nodesc</styleUrl>
        <MultiGeometry>
          <Polygon>
            <outerBoundaryIs>
              <LinearRing>
                <tessellate>1</tessellate>
                <coordinates>
                  9.091543,40.550984,0
                  9.090874,40.550984,0
                  9.090797,40.550708,0
                  9.091037,40.550708,0
                  9.091026,40.550665,0
                  9.091011,40.550622,0
                  9.090994,40.550584,0
                  9.090972,40.55055,0
                  9.090948,40.550521,0
                  9.09092,40.550496,0
                  9.090889,40.550476,0
                  9.090854,40.55046,0
                  9.090816,40.550449,0
                  9.090774,40.550442,0
                  9.09073,40.55044,0
                  9.090652,40.55044,0
                  9.090612,40.550442,0
                  9.090577,40.550447,0
                  9.090547,40.550455,0
                  9.090523,40.550466,0
                  9.090504,40.550481,0
                  9.090489,40.550499,0
                  9.090481,40.550521,0
                  9.090477,40.550546,0
                  9.090478,40.550574,0
                  9.090485,40.550605,0
                  9.090667,40.551259,0
                  9.090671,40.551272,0
                  9.090677,40.551285,0
                  9.090684,40.551297,0
                  9.090691,40.551309,0
                  9.0907,40.551321,0
                  9.09071,40.551332,0
                  9.090721,40.551343,0
                  9.090734,40.551354,0
                  9.090747,40.551364,0
                  9.090761,40.551373,0
                  9.090777,40.551383,0
                  9.090792,40.551391,0
                  9.090808,40.551398,0
                  9.090824,40.551404,0
                  9.09084,40.551409,0
                  9.090857,40.551413,0
                  9.090874,40.551417,0
                  9.090891,40.551419,0
                  9.090908,40.551421,0
                  9.090926,40.551421,0
                  9.091075,40.551421,0
                  9.091119,40.55142,0
                  9.091162,40.551419,0
                  9.091203,40.551416,0
                  9.091241,40.551411,0
                  9.091278,40.551406,0
                  9.091312,40.551399,0
                  9.091344,40.551392,0
                  9.091374,40.551383,0
                  9.091403,40.551372,0
                  9.091429,40.551361,0
                  9.09164,40.551644,0
                  9.091604,40.55166,0
                  9.091565,40.551673,0
                  9.091523,40.551686,0
                  9.091479,40.551696,0
                  9.091432,40.551705,0
                  9.091383,40.551713,0
                  9.091331,40.551719,0
                  9.091277,40.551723,0
                  9.09122,40.551725,0
                  9.09116,40.551726,0
                  9.090973,40.551726,0
                  9.090921,40.551725,0
                  9.09087,40.55172,0
                  9.090819,40.551713,0
                  9.09077,40.551703,0
                  9.090721,40.55169,0
                  9.090672,40.551675,0
                  9.090624,40.551656,0
                  9.090578,40.551635,0
                  9.090531,40.551611,0
                  9.090486,40.551584,0
                  9.090442,40.551555,0
                  9.090402,40.551525,0
                  9.090366,40.551494,0
                  9.090333,40.551461,0
                  9.090303,40.551427,0
                  9.090276,40.551393,0
                  9.090253,40.551357,0
                  9.090234,40.55132,0
                  9.090218,40.551281,0
                  9.090205,40.551242,0
                  9.090031,40.550618,0
                  9.090021,40.550576,0
                  9.090015,40.550536,0
                  9.090013,40.550498,0
                  9.090016,40.550461,0
                  9.090022,40.550425,0
                  9.090032,40.550391,0
                  9.090047,40.550359,0
                  9.090065,40.550328,0
                  9.090088,40.550299,0
                  9.090114,40.550271,0
                  9.090144,40.550245,0
                  9.090177,40.550223,0
                  9.090212,40.550202,0
                  9.090249,40.550185,0
                  9.09029,40.55017,0
                  9.090332,40.550158,0
                  9.090378,40.550148,0
                  9.090426,40.550142,0
                  9.090476,40.550137,0
                  9.09053,40.550136,0
                  9.090684,40.550136,0
                  9.090748,40.550138,0
                  9.090811,40.550143,0
                  9.090871,40.550152,0
                  9.090929,40.550164,0
                  9.090984,40.550179,0
                  9.091037,40.550198,0
                  9.091087,40.550221,0
                  9.091135,40.550247,0
                  9.091181,40.550276,0
                  9.091224,40.550309,0
                  9.091257,40.550337,0
                  9.091287,40.550367,0
                  9.091315,40.550398,0
                  9.091341,40.55043,0
                  9.091365,40.550464,0
                  9.091387,40.550499,0
                  9.091406,40.550535,0
                  9.091423,40.550573,0
                  9.091438,40.550612,0
                  9.091451,40.550653,0
                  9.091543,40.550984,0
                </coordinates>
              </LinearRing>
            </outerBoundaryIs>
          </Polygon>
          <Polygon>
            <outerBoundaryIs>
              <LinearRing>
                <tessellate>1</tessellate>
                <coordinates>
                  9.098474,40.550947,0
                  9.098482,40.550982,0
                  9.098487,40.551016,0
                  9.098488,40.551048,0
                  9.098487,40.551079,0
                  9.09848,40.551109,0
                  9.098472,40.551137,0
                  9.09846,40.551164,0
                  9.098445,40.55119,0
                  9.098426,40.551214,0
                  9.098404,40.551237,0
                  9.098379,40.551258,0
                  9.098352,40.551277,0
                  9.098322,40.551294,0
                  9.09829,40.551309,0
                  9.098256,40.551321,0
                  9.098219,40.551331,0
                  9.09818,40.551339,0
                  9.098138,40.551345,0
                  9.098094,40.551348,0
                  9.098048,40.551349,0
                  9.097924,40.551349,0
                  9.097879,40.551348,0
                  9.097835,40.551344,0
                  9.097792,40.551339,0
                  9.097749,40.55133,0
                  9.097707,40.55132,0
                  9.097666,40.551307,0
                  9.097626,40.551292,0
                  9.097586,40.551275,0
                  9.097547,40.551255,0
                  9.097509,40.551233,0
                  9.097473,40.551209,0
                  9.09744,40.551184,0
                  9.097409,40.551159,0
                  9.097381,40.551132,0
                  9.097356,40.551104,0
                  9.097335,40.551074,0
                  9.097316,40.551044,0
                  9.097299,40.551013,0
                  9.097286,40.55098,0
                  9.097275,40.550947,0
                  9.096945,40.549764,0
                  9.097384,40.549764,0
                  9.097489,40.550141,0
                  9.097496,40.55014,0
                  9.097505,40.550139,0
                  9.097515,40.550139,0
                  9.097526,40.550138,0
                  9.097539,40.550137,0
                  9.097553,40.550137,0
                  9.097569,40.550137,0
                  9.097586,40.550136,0
                  9.097605,40.550136,0
                  9.097625,40.550136,0
                  9.097727,40.550136,0
                  9.097774,40.550137,0
                  9.097819,40.550141,0
                  9.097864,40.550147,0
                  9.097907,40.550155,0
                  9.097949,40.550165,0
                  9.097989,40.550178,0
                  9.098029,40.550193,0
                  9.098067,40.550211,0
                  9.098105,40.550231,0
                  9.098141,40.550253,0
                  9.098173,40.550276,0
                  9.098204,40.5503,0
                  9.098232,40.550326,0
                  9.098257,40.550352,0
                  9.09828,40.55038,0
                  9.098301,40.550409,0
                  9.098319,40.55044,0
                  9.098335,40.550471,0
                  9.098348,40.550504,0
                  9.098359,40.550538,0
                  9.098474,40.550947,0
                </coordinates>
              </LinearRing>
            </outerBoundaryIs>
            <innerBoundaryIs>
              <LinearRing>
                <tessellate>1</tessellate>
                <coordinates>
                  9.098043,40.550975,0
                  9.098044,40.550984,0
                  9.098045,40.550992,0
                  9.098044,40.551,0
                  9.098043,40.551008,0
                  9.09804,40.551016,0
                  9.098037,40.551024,0
                  9.098033,40.551031,0
                  9.098028,40.551038,0
                  9.098022,40.551045,0
                  9.098016,40.551051,0
                  9.098009,40.551057,0
                  9.098001,40.551062,0
                  9.097993,40.551067,0
                  9.097984,40.551071,0
                  9.097975,40.551074,0
                  9.097966,40.551076,0
                  9.097956,40.551078,0
                  9.097945,40.551079,0
                  9.097934,40.551079,0
                  9.097888,40.551079,0
                  9.097877,40.551079,0
                  9.097866,40.551078,0
                  9.097855,40.551076,0
                  9.097844,40.551074,0
                  9.097833,40.551071,0
                  9.097823,40.551067,0
                  9.097812,40.551062,0
                  9.097802,40.551057,0
                  9.097792,40.551051,0
                  9.097782,40.551045,0
                  9.097773,40.551038,0
                  9.097764,40.551031,0
                  9.097756,40.551024,0
                  9.097748,40.551016,0
                  9.097742,40.551008,0
                  9.097736,40.551,0
                  9.097731,40.550992,0
                  9.097726,40.550984,0
                  9.097723,40.550975,0
                  9.09772,40.550966,0
                  9.097566,40.550413,0
                  9.097569,40.550412,0
                  9.097574,40.550411,0
                  9.097582,40.55041,0
                  9.097592,40.550409,0
                  9.097604,40.550409,0
                  9.097619,40.550408,0
                  9.097636,40.550408,0
                  9.097655,40.550407,0
                  9.097676,40.550407,0
                  9.0977,40.550407,0
                  9.097746,40.550407,0
                  9.097759,40.550407,0
                  9.097771,40.550408,0
                  9.097783,40.55041,0
                  9.097795,40.550413,0
                  9.097806,40.550416,0
                  9.097818,40.550419,0
                  9.097828,40.550424,0
                  9.097839,40.550429,0
                  9.097849,40.550435,0
                  9.097859,40.550441,0
                  9.097867,40.550447,0
                  9.097875,40.550454,0
                  9.097882,40.550461,0
                  9.097889,40.550468,0
                  9.097895,40.550476,0
                  9.0979,40.550483,0
                  9.097905,40.550491,0
                  9.097909,40.5505,0
                  9.097913,40.550508,0
                  9.097916,40.550517,0
                  9.098041,40.550966,0
                  9.098043,40.550975,0
                </coordinates>
              </LinearRing>
            </innerBoundaryIs>
          </Polygon>
          <Polygon>
            <outerBoundaryIs>
              <LinearRing>
                <tessellate>1</tessellate>
                <coordinates>
                  9.096923,40.550947,0
                  9.096932,40.550982,0
                  9.096937,40.551016,0
                  9.096938,40.551048,0
                  9.096937,40.551079,0
                  9.09693,40.551109,0
                  9.096922,40.551137,0
                  9.09691,40.551164,0
                  9.096895,40.55119,0
                  9.096876,40.551214,0
                  9.096854,40.551237,0
                  9.096829,40.551258,0
                  9.096802,40.551277,0
                  9.096772,40.551294,0
                  9.09674,40.551309,0
                  9.096706,40.551321,0
                  9.096669,40.551331,0
                  9.09663,40.551339,0
                  9.096588,40.551345,0
                  9.096544,40.551348,0
                  9.096497,40.551349,0
                  9.096374,40.551349,0
                  9.096329,40.551348,0
                  9.096285,40.551344,0
                  9.096241,40.551339,0
                  9.096199,40.55133,0
                  9.096157,40.55132,0
                  9.096116,40.551307,0
                  9.096076,40.551292,0
                  9.096036,40.551275,0
                  9.095997,40.551255,0
                  9.095959,40.551233,0
                  9.095923,40.551209,0
                  9.09589,40.551184,0
                  9.095859,40.551159,0
                  9.095831,40.551132,0
                  9.095806,40.551104,0
                  9.095785,40.551074,0
                  9.095766,40.551044,0
                  9.095749,40.551013,0
                  9.095736,40.55098,0
                  9.095725,40.550947,0
                  9.095394,40.549764,0
                  9.095834,40.549764,0
                  9.095939,40.550141,0
                  9.095946,40.55014,0
                  9.095955,40.550139,0
                  9.095965,40.550139,0
                  9.095976,40.550138,0
                  9.095989,40.550137,0
                  9.096003,40.550137,0
                  9.096019,40.550137,0
                  9.096036,40.550136,0
                  9.096055,40.550136,0
                  9.096075,40.550136,0
                  9.096177,40.550136,0
                  9.096224,40.550137,0
                  9.096269,40.550141,0
                  9.096313,40.550147,0
                  9.096357,40.550155,0
                  9.096398,40.550165,0
                  9.096439,40.550178,0
                  9.096479,40.550193,0
                  9.096517,40.550211,0
                  9.096554,40.550231,0
                  9.096591,40.550253,0
                  9.096623,40.550276,0
                  9.096654,40.5503,0
                  9.096682,40.550326,0
                  9.096707,40.550352,0
                  9.09673,40.55038,0
                  9.096751,40.550409,0
                  9.096769,40.55044,0
                  9.096785,40.550471,0
                  9.096798,40.550504,0
                  9.096809,40.550538,0
                  9.096923,40.550947,0
                </coordinates>
              </LinearRing>
            </outerBoundaryIs>
            <innerBoundaryIs>
              <LinearRing>
                <tessellate>1</tessellate>
                <coordinates>
                  9.096493,40.550975,0
                  9.096494,40.550984,0
                  9.096494,40.550992,0
                  9.096494,40.551,0
                  9.096493,40.551008,0
                  9.09649,40.551016,0
                  9.096487,40.551024,0
                  9.096483,40.551031,0
                  9.096478,40.551038,0
                  9.096472,40.551045,0
                  9.096466,40.551051,0
                  9.096458,40.551057,0
                  9.096451,40.551062,0
                  9.096443,40.551067,0
                  9.096434,40.551071,0
                  9.096425,40.551074,0
                  9.096416,40.551076,0
                  9.096406,40.551078,0
                  9.096395,40.551079,0
                  9.096384,40.551079,0
                  9.096338,40.551079,0
                  9.096327,40.551079,0
                  9.096316,40.551078,0
                  9.096305,40.551076,0
                  9.096294,40.551074,0
                  9.096283,40.551071,0
                  9.096273,40.551067,0
                  9.096262,40.551062,0
                  9.096252,40.551057,0
                  9.096242,40.551051,0
                  9.096232,40.551045,0
                  9.096222,40.551038,0
                  9.096214,40.551031,0
                  9.096206,40.551024,0
                  9.096198,40.551016,0
                  9.096192,40.551008,0
                  9.096186,40.551,0
                  9.096181,40.550992,0
                  9.096176,40.550984,0
                  9.096172,40.550975,0
                  9.096169,40.550966,0
                  9.096016,40.550413,0
                  9.096019,40.550412,0
                  9.096024,40.550411,0
                  9.096032,40.55041,0
                  9.096042,40.550409,0
                  9.096054,40.550409,0
                  9.096069,40.550408,0
                  9.096086,40.550408,0
                  9.096105,40.550407,0
                  9.096126,40.550407,0
                  9.09615,40.550407,0
                  9.096196,40.550407,0
                  9.096209,40.550407,0
                  9.096221,40.550408,0
                  9.096233,40.55041,0
                  9.096245,40.550413,0
                  9.096256,40.550416,0
                  9.096267,40.550419,0
                  9.096278,40.550424,0
                  9.096289,40.550429,0
                  9.096299,40.550435,0
                  9.096309,40.550441,0
                  9.096317,40.550447,0
                  9.096325,40.550454,0
                  9.096332,40.550461,0
                  9.096339,40.550468,0
                  9.096345,40.550476,0
                  9.09635,40.550483,0
                  9.096355,40.550491,0
                  9.096359,40.5505,0
                  9.096363,40.550508,0
                  9.096366,40.550517,0
                  9.096491,40.550966,0
                  9.096493,40.550975,0
                </coordinates>
              </LinearRing>
            </innerBoundaryIs>
          </Polygon>
          <Polygon>
            <outerBoundaryIs>
              <LinearRing>
                <tessellate>1</tessellate>
                <coordinates>
                  9.099974,40.550956,0
                  9.099982,40.55099,0
                  9.099987,40.551023,0
                  9.09999,40.551055,0
                  9.099989,40.551085,0
                  9.099984,40.551114,0
                  9.099978,40.551141,0
                  9.099968,40.551167,0
                  9.099955,40.551192,0
                  9.09994,40.551215,0
                  9.099921,40.551237,0
                  9.099899,40.551258,0
                  9.099873,40.551277,0
                  9.099845,40.551294,0
                  9.099813,40.551309,0
                  9.099779,40.551321,0
                  9.099742,40.551331,0
                  9.099702,40.551339,0
                  9.099659,40.551345,0
                  9.099613,40.551348,0
                  9.099565,40.551349,0
                  9.099403,40.551349,0
                  9.099352,40.551348,0
                  9.099302,40.551346,0
                  9.099254,40.551343,0
                  9.099207,40.551338,0
                  9.099162,40.551332,0
                  9.099119,40.551325,0
                  9.099077,40.551316,0
                  9.099037,40.551305,0
                  9.098998,40.551294,0
                  9.098961,40.551281,0
                  9.099007,40.551044,0
                  9.099035,40.551054,0
                  9.099065,40.551062,0
                  9.099096,40.55107,0
                  9.099127,40.551077,0
                  9.099159,40.551082,0
                  9.099192,40.551087,0
                  9.099226,40.55109,0
                  9.099261,40.551093,0
                  9.099296,40.551095,0
                  9.099333,40.551095,0
                  9.099417,40.551095,0
                  9.099446,40.551094,0
                  9.099472,40.55109,0
                  9.099494,40.551084,0
                  9.099512,40.551075,0
                  9.099526,40.551064,0
                  9.099536,40.55105,0
                  9.099542,40.551034,0
                  9.099545,40.551015,0
                  9.099543,40.550994,0
                  9.099538,40.55097,0
                  9.099518,40.550898,0
                  9.099513,40.550899,0
                  9.099505,40.5509,0
                  9.099496,40.550901,0
                  9.099485,40.550902,0
                  9.099472,40.550903,0
                  9.099458,40.550903,0
                  9.099441,40.550904,0
                  9.099423,40.550904,0
                  9.099403,40.550904,0
                  9.099382,40.550904,0
                  9.099268,40.550904,0
                  9.099218,40.550903,0
                  9.099169,40.5509,0
                  9.099123,40.550894,0
                  9.099078,40.550887,0
                  9.099035,40.550877,0
                  9.098994,40.550865,0
                  9.098955,40.550851,0
                  9.098918,40.550835,0
                  9.098882,40.550817,0
                  9.098849,40.550796,0
                  9.09882,40.550776,0
                  9.098794,40.550755,0
                  9.09877,40.550733,0
                  9.098748,40.550709,0
                  9.098728,40.550684,0
                  9.098709,40.550657,0
                  9.098693,40.550629,0
                  9.098679,40.5506,0
                  9.098667,40.55057,0
                  9.098657,40.550538,0
                  9.098647,40.5505,0
                  9.098641,40.550463,0
                  9.098639,40.550429,0
                  9.09864,40.550396,0
                  9.098645,40.550365,0
                  9.098653,40.550336,0
                  9.098665,40.550308,0
                  9.09868,40.550283,0
                  9.098699,40.550259,0
                  9.098721,40.550237,0
                  9.098745,40.550218,0
                  9.098772,40.550201,0
                  9.098802,40.550186,0
                  9.098834,40.550172,0
                  9.098868,40.550161,0
                  9.098906,40.550152,0
                  9.098946,40.550145,0
                  9.098988,40.55014,0
                  9.099034,40.550137,0
                  9.099082,40.550136,0
                  9.099234,40.550136,0
                  9.099279,40.550137,0
                  9.099323,40.55014,0
                  9.099366,40.550146,0
                  9.099407,40.550153,0
                  9.099448,40.550162,0
                  9.099487,40.550174,0
                  9.099525,40.550188,0
                  9.099562,40.550203,0
                  9.099598,40.550221,0
                  9.099632,40.550241,0
                  9.099665,40.550263,0
                  9.099695,40.550286,0
                  9.099723,40.55031,0
                  9.099749,40.550335,0
                  9.099772,40.550362,0
                  9.099792,40.55039,0
                  9.099811,40.550419,0
                  9.099826,40.55045,0
                  9.099839,40.550482,0
                  9.09985,40.550515,0
                  9.099974,40.550956,0
                </coordinates>
              </LinearRing>
            </outerBoundaryIs>
            <innerBoundaryIs>
              <LinearRing>
                <tessellate>1</tessellate>
                <coordinates>
                  9.099444,40.550647,0
                  9.099438,40.550649,0
                  9.09943,40.55065,0
                  9.09942,40.550651,0
                  9.099408,40.550651,0
                  9.099393,40.550652,0
                  9.099376,40.550652,0
                  9.099357,40.550653,0
                  9.099335,40.550653,0
                  9.099312,40.550653,0
                  9.099266,40.550653,0
                  9.099239,40.550652,0
                  9.099215,40.550649,0
                  9.099193,40.550643,0
                  9.099173,40.550635,0
                  9.099155,40.550625,0
                  9.099139,40.550613,0
                  9.099126,40.550599,0
                  9.099114,40.550582,0
                  9.099105,40.550563,0
                  9.099097,40.550542,0
                  9.099088,40.550511,0
                  9.099086,40.550502,0
                  9.099085,40.550494,0
                  9.099085,40.550485,0
                  9.099085,40.550477,0
                  9.099087,40.550469,0
                  9.099089,40.550461,0
                  9.099092,40.550454,0
                  9.099097,40.550446,0
                  9.099101,40.550439,0
                  9.099107,40.550433,0
                  9.099114,40.550426,0
                  9.099121,40.550421,0
                  9.099128,40.550416,0
                  9.099136,40.550411,0
                  9.099145,40.550407,0
                  9.099154,40.550404,0
                  9.099163,40.550402,0
                  9.099173,40.5504,0
                  9.099184,40.550399,0
                  9.099195,40.550399,0
                  9.099241,40.550399,0
                  9.099267,40.5504,0
                  9.099292,40.550403,0
                  9.099314,40.550409,0
                  9.099334,40.550416,0
                  9.099352,40.550426,0
                  9.099368,40.550438,0
                  9.099381,40.550452,0
                  9.099393,40.550468,0
                  9.099402,40.550487,0
                  9.099409,40.550507,0
                  9.099447,40.550646,0
                  9.099444,40.550647,0
                </coordinates>
              </LinearRing>
            </innerBoundaryIs>
          </Polygon>
          <Polygon>
            <outerBoundaryIs>
              <LinearRing>
                <tessellate>1</tessellate>
                <coordinates>
                  9.093031,40.550956,0
                  9.093039,40.55099,0
                  9.093045,40.551023,0
                  9.093047,40.551055,0
                  9.093046,40.551085,0
                  9.093042,40.551114,0
                  9.093035,40.551141,0
                  9.093025,40.551167,0
                  9.093013,40.551192,0
                  9.092997,40.551215,0
                  9.092979,40.551237,0
                  9.092956,40.551258,0
                  9.09293,40.551277,0
                  9.092902,40.551294,0
                  9.092871,40.551309,0
                  9.092836,40.551321,0
                  9.092799,40.551331,0
                  9.092759,40.551339,0
                  9.092716,40.551345,0
                  9.092671,40.551348,0
                  9.092622,40.551349,0
                  9.09246,40.551349,0
                  9.092409,40.551348,0
                  9.092359,40.551346,0
                  9.092311,40.551343,0
                  9.092264,40.551338,0
                  9.092219,40.551332,0
                  9.092176,40.551325,0
                  9.092134,40.551316,0
                  9.092094,40.551305,0
                  9.092055,40.551294,0
                  9.092018,40.551281,0
                  9.092064,40.551044,0
                  9.092093,40.551054,0
                  9.092122,40.551062,0
                  9.092153,40.55107,0
                  9.092184,40.551077,0
                  9.092217,40.551082,0
                  9.09225,40.551087,0
                  9.092283,40.55109,0
                  9.092318,40.551093,0
                  9.092354,40.551095,0
                  9.09239,40.551095,0
                  9.092474,40.551095,0
                  9.092504,40.551094,0
                  9.092529,40.55109,0
                  9.092551,40.551084,0
                  9.092569,40.551075,0
                  9.092583,40.551064,0
                  9.092593,40.55105,0
                  9.0926,40.551034,0
                  9.092602,40.551015,0
                  9.092601,40.550994,0
                  9.092596,40.55097,0
                  9.092576,40.550898,0
                  9.09257,40.550899,0
                  9.092563,40.5509,0
                  9.092554,40.550901,0
                  9.092543,40.550902,0
                  9.09253,40.550903,0
                  9.092515,40.550903,0
                  9.092499,40.550904,0
                  9.092481,40.550904,0
                  9.092461,40.550904,0
                  9.092439,40.550904,0
                  9.092326,40.550904,0
                  9.092275,40.550903,0
                  9.092227,40.5509,0
                  9.09218,40.550894,0
                  9.092135,40.550887,0
                  9.092093,40.550877,0
                  9.092051,40.550865,0
                  9.092012,40.550851,0
                  9.091975,40.550835,0
                  9.09194,40.550817,0
                  9.091906,40.550796,0
                  9.091878,40.550776,0
                  9.091852,40.550755,0
                  9.091827,40.550733,0
                  9.091805,40.550709,0
                  9.091785,40.550684,0
                  9.091767,40.550657,0
                  9.09175,40.550629,0
                  9.091736,40.5506,0
                  9.091724,40.55057,0
                  9.091714,40.550538,0
                  9.091705,40.5505,0
                  9.091699,40.550463,0
                  9.091696,40.550429,0
                  9.091698,40.550396,0
                  9.091702,40.550365,0
                  9.091711,40.550336,0
                  9.091722,40.550308,0
                  9.091737,40.550283,0
                  9.091756,40.550259,0
                  9.091778,40.550237,0
                  9.091803,40.550218,0
                  9.091829,40.550201,0
                  9.091859,40.550186,0
                  9.091891,40.550172,0
                  9.091926,40.550161,0
                  9.091963,40.550152,0
                  9.092003,40.550145,0
                  9.092046,40.55014,0
                  9.092091,40.550137,0
                  9.092139,40.550136,0
                  9.092292,40.550136,0
                  9.092336,40.550137,0
                  9.09238,40.55014,0
                  9.092423,40.550146,0
                  9.092464,40.550153,0
                  9.092505,40.550162,0
                  9.092544,40.550174,0
                  9.092582,40.550188,0
                  9.092619,40.550203,0
                  9.092655,40.550221,0
                  9.09269,40.550241,0
                  9.092722,40.550263,0
                  9.092753,40.550286,0
                  9.092781,40.55031,0
                  9.092806,40.550335,0
                  9.092829,40.550362,0
                  9.09285,40.55039,0
                  9.092868,40.550419,0
                  9.092884,40.55045,0
                  9.092897,40.550482,0
                  9.092907,40.550515,0
                  9.093031,40.550956,0
                </coordinates>
              </LinearRing>
            </outerBoundaryIs>
            <innerBoundaryIs>
              <LinearRing>
                <tessellate>1</tessellate>
                <coordinates>
                  9.092501,40.550647,0
                  9.092495,40.550649,0
                  9.092488,40.55065,0
                  9.092477,40.550651,0
                  9.092465,40.550651,0
                  9.09245,40.550652,0
                  9.092433,40.550652,0
                  9.092414,40.550653,0
                  9.092393,40.550653,0
                  9.092369,40.550653,0
                  9.092323,40.550653,0
                  9.092297,40.550652,0
                  9.092273,40.550649,0
                  9.09225,40.550643,0
                  9.09223,40.550635,0
                  9.092213,40.550625,0
                  9.092197,40.550613,0
                  9.092183,40.550599,0
                  9.092172,40.550582,0
                  9.092162,40.550563,0
                  9.092155,40.550542,0
                  9.092145,40.550511,0
                  9.092144,40.550502,0
                  9.092142,40.550494,0
                  9.092142,40.550485,0
                  9.092143,40.550477,0
                  9.092144,40.550469,0
                  9.092147,40.550461,0
                  9.09215,40.550454,0
                  9.092154,40.550446,0
                  9.092159,40.550439,0
                  9.092165,40.550433,0
                  9.092171,40.550426,0
                  9.092178,40.550421,0
                  9.092185,40.550416,0
                  9.092193,40.550411,0
                  9.092202,40.550407,0
                  9.092211,40.550404,0
                  9.09222,40.550402,0
                  9.09223,40.5504,0
                  9.092241,40.550399,0
                  9.092252,40.550399,0
                  9.092298,40.550399,0
                  9.092325,40.5504,0
                  9.092349,40.550403,0
                  9.092371,40.550409,0
                  9.092391,40.550416,0
                  9.092409,40.550426,0
                  9.092425,40.550438,0
                  9.092439,40.550452,0
                  9.09245,40.550468,0
                  9.092459,40.550487,0
                  9.092467,40.550507,0
                  9.092505,40.550646,0
                  9.092501,40.550647,0
                </coordinates>
              </LinearRing>
            </innerBoundaryIs>
          </Polygon>
          <Polygon>
            <outerBoundaryIs>
              <LinearRing>
                <tessellate>1</tessellate>
                <coordinates>
                  9.095373,40.550947,0
                  9.095381,40.55098,0
                  9.095385,40.551013,0
                  9.095386,40.551044,0
                  9.095384,40.551074,0
                  9.095377,40.551103,0
                  9.095368,40.551131,0
                  9.095355,40.551158,0
                  9.095339,40.551184,0
                  9.095319,40.551209,0
                  9.095296,40.551233,0
                  9.09527,40.551255,0
                  9.095243,40.551274,0
                  9.095213,40.551292,0
                  9.095181,40.551307,0
                  9.095147,40.55132,0
                  9.095111,40.55133,0
                  9.095073,40.551339,0
                  9.095033,40.551344,0
                  9.094991,40.551348,0
                  9.094947,40.551349,0
                  9.094824,40.551349,0
                  9.094779,40.551348,0
                  9.094736,40.551344,0
                  9.094692,40.551339,0
                  9.09465,40.55133,0
                  9.094608,40.55132,0
                  9.094568,40.551307,0
                  9.094527,40.551292,0
                  9.094488,40.551274,0
                  9.094449,40.551255,0
                  9.09441,40.551233,0
                  9.094374,40.551209,0
                  9.09434,40.551184,0
                  9.09431,40.551158,0
                  9.094282,40.551131,0
                  9.094256,40.551103,0
                  9.094235,40.551074,0
                  9.094216,40.551044,0
                  9.094199,40.551013,0
                  9.094185,40.55098,0
                  9.094175,40.550947,0
                  9.09406,40.550538,0
                  9.094052,40.550505,0
                  9.094048,40.550473,0
                  9.094047,40.550441,0
                  9.09405,40.550411,0
                  9.094056,40.550382,0
                  9.094065,40.550354,0
                  9.094078,40.550327,0
                  9.094094,40.550301,0
                  9.094114,40.550276,0
                  9.094137,40.550253,0
                  9.094163,40.55023,0
                  9.094191,40.550211,0
                  9.094221,40.550193,0
                  9.094252,40.550178,0
                  9.094286,40.550165,0
                  9.094322,40.550155,0
                  9.09436,40.550147,0
                  9.0944,40.550141,0
                  9.094441,40.550137,0
                  9.094485,40.550136,0
                  9.094609,40.550136,0
                  9.094653,40.550137,0
                  9.094697,40.550141,0
                  9.094741,40.550147,0
                  9.094783,40.550155,0
                  9.094825,40.550165,0
                  9.094866,40.550178,0
                  9.094906,40.550193,0
                  9.094946,40.550211,0
                  9.094985,40.55023,0
                  9.095023,40.550253,0
                  9.095059,40.550276,0
                  9.095093,40.550301,0
                  9.095123,40.550327,0
                  9.095151,40.550354,0
                  9.095176,40.550382,0
                  9.095198,40.550411,0
                  9.095218,40.550441,0
                  9.095234,40.550473,0
                  9.095248,40.550505,0
                  9.095259,40.550538,0
                  9.095373,40.550947,0
                </coordinates>
              </LinearRing>
            </outerBoundaryIs>
            <innerBoundaryIs>
              <LinearRing>
                <tessellate>1</tessellate>
                <coordinates>
                  9.094943,40.550975,0
                  9.094944,40.550984,0
                  9.094944,40.550992,0
                  9.094944,40.551,0
                  9.094942,40.551008,0
                  9.09494,40.551016,0
                  9.094937,40.551024,0
                  9.094933,40.551031,0
                  9.094928,40.551038,0
                  9.094922,40.551045,0
                  9.094915,40.551051,0
                  9.094908,40.551057,0
                  9.094901,40.551062,0
                  9.094893,40.551067,0
                  9.094884,40.551071,0
                  9.094875,40.551074,0
                  9.094866,40.551076,0
                  9.094855,40.551078,0
                  9.094845,40.551079,0
                  9.094834,40.551079,0
                  9.094788,40.551079,0
                  9.094777,40.551079,0
                  9.094765,40.551078,0
                  9.094754,40.551076,0
                  9.094744,40.551074,0
                  9.094733,40.551071,0
                  9.094722,40.551067,0
                  9.094712,40.551062,0
                  9.094702,40.551057,0
                  9.094692,40.551051,0
                  9.094682,40.551045,0
                  9.094672,40.551038,0
                  9.094664,40.551031,0
                  9.094656,40.551024,0
                  9.094648,40.551016,0
                  9.094642,40.551008,0
                  9.094636,40.551,0
                  9.09463,40.550992,0
                  9.094626,40.550984,0
                  9.094622,40.550975,0
                  9.094619,40.550966,0
                  9.094494,40.550517,0
                  9.094492,40.550508,0
                  9.094491,40.5505,0
                  9.09449,40.550492,0
                  9.094491,40.550484,0
                  9.094492,40.550476,0
                  9.094494,40.550468,0
                  9.094498,40.550461,0
                  9.094501,40.550454,0
                  9.094506,40.550447,0
                  9.094512,40.55044,0
                  9.094519,40.550434,0
                  9.094525,40.550428,0
                  9.094533,40.550423,0
                  9.094541,40.550419,0
                  9.094549,40.550415,0
                  9.094558,40.550412,0
                  9.094568,40.55041,0
                  9.094578,40.550408,0
                  9.094589,40.550407,0
                  9.0946,40.550407,0
                  9.094646,40.550407,0
                  9.094657,40.550407,0
                  9.094668,40.550408,0
                  9.094679,40.55041,0
                  9.09469,40.550412,0
                  9.094701,40.550415,0
                  9.094711,40.550419,0
                  9.094722,40.550424,0
                  9.094732,40.550429,0
                  9.094743,40.550434,0
                  9.094753,40.550441,0
                  9.094763,40.550447,0
                  9.094772,40.550454,0
                  9.09478,40.550462,0
                  9.094787,40.550469,0
                  9.094794,40.550476,0
                  9.0948,40.550484,0
                  9.094805,40.550492,0
                  9.094809,40.5505,0
                  9.094813,40.550509,0
                  9.094815,40.550517,0
                  9.09494,40.550966,0
                  9.094943,40.550975,0
                </coordinates>
              </LinearRing>
            </innerBoundaryIs>
          </Polygon>
          <Polygon>
            <outerBoundaryIs>
              <LinearRing>
                <tessellate>1</tessellate>
                <coordinates>
                  9.104911,40.550947,0
                  9.104919,40.55098,0
                  9.104923,40.551013,0
                  9.104924,40.551044,0
                  9.104921,40.551074,0
                  9.104915,40.551103,0
                  9.104905,40.551131,0
                  9.104892,40.551158,0
                  9.104876,40.551184,0
                  9.104857,40.551209,0
                  9.104834,40.551233,0
                  9.104808,40.551255,0
                  9.10478,40.551274,0
                  9.10475,40.551292,0
                  9.104718,40.551307,0
                  9.104685,40.55132,0
                  9.104649,40.55133,0
                  9.104611,40.551339,0
                  9.104571,40.551344,0
                  9.104529,40.551348,0
                  9.104485,40.551349,0
                  9.104361,40.551349,0
                  9.104317,40.551348,0
                  9.104273,40.551344,0
                  9.10423,40.551339,0
                  9.104188,40.55133,0
                  9.104146,40.55132,0
                  9.104105,40.551307,0
                  9.104065,40.551292,0
                  9.104025,40.551274,0
                  9.103986,40.551255,0
                  9.103948,40.551233,0
                  9.103912,40.551209,0
                  9.103878,40.551184,0
                  9.103847,40.551158,0
                  9.103819,40.551131,0
                  9.103794,40.551103,0
                  9.103773,40.551074,0
                  9.103753,40.551044,0
                  9.103737,40.551013,0
                  9.103723,40.55098,0
                  9.103712,40.550947,0
                  9.103598,40.550538,0
                  9.10359,40.550505,0
                  9.103586,40.550473,0
                  9.103585,40.550441,0
                  9.103587,40.550411,0
                  9.103593,40.550382,0
                  9.103603,40.550354,0
                  9.103615,40.550327,0
                  9.103632,40.550301,0
                  9.103652,40.550276,0
                  9.103675,40.550253,0
                  9.103701,40.55023,0
                  9.103728,40.550211,0
                  9.103758,40.550193,0
                  9.10379,40.550178,0
                  9.103824,40.550165,0
                  9.10386,40.550155,0
                  9.103897,40.550147,0
                  9.103937,40.550141,0
                  9.103979,40.550137,0
                  9.104023,40.550136,0
                  9.104146,40.550136,0
                  9.104191,40.550137,0
                  9.104235,40.550141,0
                  9.104278,40.550147,0
                  9.104321,40.550155,0
                  9.104362,40.550165,0
                  9.104403,40.550178,0
                  9.104444,40.550193,0
                  9.104483,40.550211,0
                  9.104522,40.55023,0
                  9.10456,40.550253,0
                  9.104597,40.550276,0
                  9.10463,40.550301,0
                  9.104661,40.550327,0
                  9.104689,40.550354,0
                  9.104714,40.550382,0
                  9.104736,40.550411,0
                  9.104755,40.550441,0
                  9.104772,40.550473,0
                  9.104786,40.550505,0
                  9.104796,40.550538,0
                  9.104911,40.550947,0
                </coordinates>
              </LinearRing>
            </outerBoundaryIs>
            <innerBoundaryIs>
              <LinearRing>
                <tessellate>1</tessellate>
                <coordinates>
                  9.10448,40.550975,0
                  9.104481,40.550984,0
                  9.104482,40.550992,0
                  9.104481,40.551,0
                  9.10448,40.551008,0
                  9.104478,40.551016,0
                  9.104475,40.551024,0
                  9.10447,40.551031,0
                  9.104465,40.551038,0
                  9.10446,40.551045,0
                  9.104453,40.551051,0
                  9.104446,40.551057,0
                  9.104438,40.551062,0
                  9.10443,40.551067,0
                  9.104422,40.551071,0
                  9.104413,40.551074,0
                  9.104403,40.551076,0
                  9.104393,40.551078,0
                  9.104382,40.551079,0
                  9.104371,40.551079,0
                  9.104325,40.551079,0
                  9.104314,40.551079,0
                  9.104303,40.551078,0
                  9.104292,40.551076,0
                  9.104281,40.551074,0
                  9.104271,40.551071,0
                  9.10426,40.551067,0
                  9.10425,40.551062,0
                  9.104239,40.551057,0
                  9.104229,40.551051,0
                  9.104219,40.551045,0
                  9.10421,40.551038,0
                  9.104201,40.551031,0
                  9.104193,40.551024,0
                  9.104186,40.551016,0
                  9.104179,40.551008,0
                  9.104173,40.551,0
                  9.104168,40.550992,0
                  9.104164,40.550984,0
                  9.10416,40.550975,0
                  9.104157,40.550966,0
                  9.104032,40.550517,0
                  9.10403,40.550508,0
                  9.104028,40.5505,0
                  9.104028,40.550492,0
                  9.104028,40.550484,0
                  9.10403,40.550476,0
                  9.104032,40.550468,0
                  9.104035,40.550461,0
                  9.104039,40.550454,0
                  9.104044,40.550447,0
                  9.10405,40.55044,0
                  9.104056,40.550434,0
                  9.104063,40.550428,0
                  9.104071,40.550423,0
                  9.104079,40.550419,0
                  9.104087,40.550415,0
                  9.104096,40.550412,0
                  9.104106,40.55041,0
                  9.104116,40.550408,0
                  9.104126,40.550407,0
                  9.104137,40.550407,0
                  9.104183,40.550407,0
                  9.104195,40.550407,0
                  9.104206,40.550408,0
                  9.104217,40.55041,0
                  9.104228,40.550412,0
                  9.104238,40.550415,0
                  9.104249,40.550419,0
                  9.10426,40.550424,0
                  9.10427,40.550429,0
                  9.10428,40.550434,0
                  9.10429,40.550441,0
                  9.1043,40.550447,0
                  9.104309,40.550454,0
                  9.104317,40.550462,0
                  9.104325,40.550469,0
                  9.104331,40.550476,0
                  9.104337,40.550484,0
                  9.104342,40.550492,0
                  9.104347,40.5505,0
                  9.10435,40.550509,0
                  9.104353,40.550517,0
                  9.104478,40.550966,0
                  9.10448,40.550975,0
                </coordinates>
              </LinearRing>
            </innerBoundaryIs>
          </Polygon>
          <Polygon>
            <outerBoundaryIs>
              <LinearRing>
                <tessellate>1</tessellate>
                <coordinates>
                  9.102544,40.550947,0
                  9.102551,40.55098,0
                  9.102556,40.551013,0
                  9.102557,40.551044,0
                  9.102554,40.551074,0
                  9.102547,40.551103,0
                  9.102538,40.551131,0
                  9.102525,40.551158,0
                  9.102509,40.551184,0
                  9.102489,40.551209,0
                  9.102466,40.551233,0
                  9.102441,40.551255,0
                  9.102413,40.551274,0
                  9.102383,40.551292,0
                  9.102351,40.551307,0
                  9.102317,40.55132,0
                  9.102281,40.55133,0
                  9.102244,40.551339,0
                  9.102204,40.551344,0
                  9.102162,40.551348,0
                  9.102118,40.551349,0
                  9.101994,40.551349,0
                  9.10195,40.551348,0
                  9.101906,40.551344,0
                  9.101863,40.551339,0
                  9.10182,40.55133,0
                  9.101779,40.55132,0
                  9.101738,40.551307,0
                  9.101698,40.551292,0
                  9.101658,40.551274,0
                  9.101619,40.551255,0
                  9.101581,40.551233,0
                  9.101544,40.551209,0
                  9.101511,40.551184,0
                  9.10148,40.551158,0
                  9.101452,40.551131,0
                  9.101427,40.551103,0
                  9.101406,40.551074,0
                  9.101386,40.551044,0
                  9.10137,40.551013,0
                  9.101356,40.55098,0
                  9.101345,40.550947,0
                  9.10123,40.550538,0
                  9.101223,40.550505,0
                  9.101218,40.550473,0
                  9.101217,40.550441,0
                  9.10122,40.550411,0
                  9.101226,40.550382,0
                  9.101235,40.550354,0
                  9.101248,40.550327,0
                  9.101264,40.550301,0
                  9.101284,40.550276,0
                  9.101307,40.550253,0
                  9.101333,40.55023,0
                  9.101361,40.550211,0
                  9.101391,40.550193,0
                  9.101423,40.550178,0
                  9.101457,40.550165,0
                  9.101492,40.550155,0
                  9.10153,40.550147,0
                  9.10157,40.550141,0
                  9.101612,40.550137,0
                  9.101655,40.550136,0
                  9.101779,40.550136,0
                  9.101824,40.550137,0
                  9.101868,40.550141,0
                  9.101911,40.550147,0
                  9.101953,40.550155,0
                  9.101995,40.550165,0
                  9.102036,40.550178,0
                  9.102076,40.550193,0
                  9.102116,40.550211,0
                  9.102155,40.55023,0
                  9.102193,40.550253,0
                  9.102229,40.550276,0
                  9.102263,40.550301,0
                  9.102294,40.550327,0
                  9.102321,40.550354,0
                  9.102346,40.550382,0
                  9.102369,40.550411,0
                  9.102388,40.550441,0
                  9.102405,40.550473,0
                  9.102418,40.550505,0
                  9.102429,40.550538,0
                  9.102544,40.550947,0
                </coordinates>
              </LinearRing>
            </outerBoundaryIs>
            <innerBoundaryIs>
              <LinearRing>
                <tessellate>1</tessellate>
                <coordinates>
                  9.102113,40.550975,0
                  9.102114,40.550984,0
                  9.102115,40.550992,0
                  9.102114,40.551,0
                  9.102113,40.551008,0
                  9.10211,40.551016,0
                  9.102107,40.551024,0
                  9.102103,40.551031,0
                  9.102098,40.551038,0
                  9.102092,40.551045,0
                  9.102086,40.551051,0
                  9.102079,40.551057,0
                  9.102071,40.551062,0
                  9.102063,40.551067,0
                  9.102054,40.551071,0
                  9.102045,40.551074,0
                  9.102036,40.551076,0
                  9.102026,40.551078,0
                  9.102015,40.551079,0
                  9.102004,40.551079,0
                  9.101958,40.551079,0
                  9.101947,40.551079,0
                  9.101936,40.551078,0
                  9.101925,40.551076,0
                  9.101914,40.551074,0
                  9.101903,40.551071,0
                  9.101893,40.551067,0
                  9.101882,40.551062,0
                  9.101872,40.551057,0
                  9.101862,40.551051,0
                  9.101852,40.551045,0
                  9.101843,40.551038,0
                  9.101834,40.551031,0
                  9.101826,40.551024,0
                  9.101818,40.551016,0
                  9.101812,40.551008,0
                  9.101806,40.551,0
                  9.101801,40.550992,0
                  9.101796,40.550984,0
                  9.101793,40.550975,0
                  9.10179,40.550966,0
                  9.101665,40.550517,0
                  9.101662,40.550508,0
                  9.101661,40.5505,0
                  9.101661,40.550492,0
                  9.101661,40.550484,0
                  9.101662,40.550476,0
                  9.101665,40.550468,0
                  9.101668,40.550461,0
                  9.101672,40.550454,0
                  9.101677,40.550447,0
                  9.101682,40.55044,0
                  9.101689,40.550434,0
                  9.101696,40.550428,0
                  9.101703,40.550423,0
                  9.101711,40.550419,0
                  9.10172,40.550415,0
                  9.101729,40.550412,0
                  9.101738,40.55041,0
                  9.101748,40.550408,0
                  9.101759,40.550407,0
                  9.10177,40.550407,0
                  9.101816,40.550407,0
                  9.101827,40.550407,0
                  9.101838,40.550408,0
                  9.101849,40.55041,0
                  9.10186,40.550412,0
                  9.101871,40.550415,0
                  9.101882,40.550419,0
                  9.101892,40.550424,0
                  9.101903,40.550429,0
                  9.101913,40.550434,0
                  9.101923,40.550441,0
                  9.101933,40.550447,0
                  9.101942,40.550454,0
                  9.10195,40.550462,0
                  9.101958,40.550469,0
                  9.101964,40.550476,0
                  9.10197,40.550484,0
                  9.101975,40.550492,0
                  9.101979,40.5505,0
                  9.101983,40.550509,0
                  9.101986,40.550517,0
                  9.102111,40.550966,0
                  9.102113,40.550975,0
                </coordinates>
              </LinearRing>
            </innerBoundaryIs>
          </Polygon>
          <Polygon>
            <outerBoundaryIs>
              <LinearRing>
                <tessellate>1</tessellate>
                <coordinates>
                  9.100979,40.550415,0
                  9.100937,40.550415,0
                  9.100898,40.550416,0
                  9.100862,40.550418,0
                  9.10083,40.55042,0
                  9.1008,40.550423,0
                  9.100773,40.550427,0
                  9.100749,40.550431,0
                  9.100729,40.550436,0
                  9.100711,40.550441,0
                  9.100696,40.550447,0
                  9.100682,40.550455,0
                  9.100669,40.550465,0
                  9.100659,40.550476,0
                  9.100651,40.550489,0
                  9.100645,40.550503,0
                  9.100642,40.550518,0
                  9.10064,40.550535,0
                  9.100641,40.550554,0
                  9.100644,40.550574,0
                  9.100649,40.550595,0
                  9.100744,40.550933,0
                  9.101094,40.550933,0
                  9.101171,40.551216,0
                  9.100821,40.551216,0
                  9.10091,40.551529,0
                  9.10047,40.551529,0
                  9.100205,40.550581,0
                  9.100189,40.550499,0
                  9.100189,40.550426,0
                  9.100205,40.550361,0
                  9.100238,40.550305,0
                  9.100286,40.550257,0
                  9.100351,40.550218,0
                  9.100432,40.550188,0
                  9.100529,40.550166,0
                  9.100642,40.550153,0
                  9.100771,40.550149,0
                  9.100904,40.550149,0
                  9.100979,40.550415,0
                </coordinates>
              </LinearRing>
            </outerBoundaryIs>
          </Polygon>
          <Polygon>
            <outerBoundaryIs>
              <LinearRing>
                <tessellate>1</tessellate>
                <coordinates>
                  9.093825,40.55044,0
                  9.093817,40.55044,0
                  9.093809,40.550441,0
                  9.093802,40.550441,0
                  9.093795,40.550442,0
                  9.093789,40.550442,0
                  9.093783,40.550443,0
                  9.093777,40.550444,0
                  9.093771,40.550445,0
                  9.093766,40.550446,0
                  9.093761,40.550447,0
                  9.093751,40.55045,0
                  9.093741,40.550453,0
                  9.093733,40.550457,0
                  9.093725,40.550461,0
                  9.093719,40.550466,0
                  9.093714,40.550472,0
                  9.093709,40.550479,0
                  9.093706,40.550486,0
                  9.093703,40.550494,0
                  9.093702,40.550502,0
                  9.093702,40.550507,0
                  9.093702,40.550513,0
                  9.093702,40.550519,0
                  9.093703,40.550526,0
                  9.093704,40.550534,0
                  9.093706,40.550543,0
                  9.093708,40.550552,0
                  9.093711,40.550563,0
                  9.093713,40.550573,0
                  9.093717,40.550585,0
                  9.094028,40.551699,0
                  9.093588,40.551699,0
                  9.093271,40.55056,0
                  9.09326,40.550519,0
                  9.093253,40.55048,0
                  9.093248,40.550444,0
                  9.093246,40.55041,0
                  9.093247,40.550379,0
                  9.09325,40.55035,0
                  9.093257,40.550324,0
                  9.093266,40.550299,0
                  9.093278,40.550278,0
                  9.093293,40.550258,0
                  9.093315,40.550237,0
                  9.093343,40.550217,0
                  9.093375,40.5502,0
                  9.093413,40.550186,0
                  9.093455,40.550174,0
                  9.093503,40.550164,0
                  9.093555,40.550157,0
                  9.093613,40.550152,0
                  9.093675,40.550149,0
                  9.093743,40.550149,0
                  9.093825,40.55044,0
                </coordinates>
              </LinearRing>
            </outerBoundaryIs>
          </Polygon>
          <Polygon>
            <outerBoundaryIs>
              <LinearRing>
                <tessellate>1</tessellate>
                <coordinates>
                  9.103447,40.551304,0
                  9.103007,40.551304,0
                  9.102688,40.550161,0
                  9.103128,40.550161,0
                  9.103447,40.551304,0
                </coordinates>
              </LinearRing>
            </outerBoundaryIs>
          </Polygon>
          <Polygon>
            <outerBoundaryIs>
              <LinearRing>
                <tessellate>1</tessellate>
                <coordinates>
                  9.103557,40.551699,0
                  9.103118,40.551699,0
                  9.103043,40.551431,0
                  9.103482,40.551431,0
                  9.103557,40.551699,0
                </coordinates>
              </LinearRing>
            </outerBoundaryIs>
          </Polygon>
        </MultiGeometry>
      </Placemark>
    </Folder>
  </Document>
</kml>
