<?xml version="1.0" encoding="UTF-8"?>
<kml xmlns="http://www.opengis.net/kml/2.2">
  <Document>
    <name>RIS26 - SS14/16 Osilo-Tergu</name>
    <description/>
    <Style id="icon-1899-DB4436-normal">
      <IconStyle>
        <color>ff3644db</color>
        <scale>1</scale>
        <Icon>
          <href>https://www.gstatic.com/mapspro/images/stock/503-wht-blank_maps.png</href>
        </Icon>
        <hotSpot x="32" xunits="pixels" y="64" yunits="insetPixels"/>
      </IconStyle>
      <LabelStyle>
        <scale>0</scale>
      </LabelStyle>
    </Style>
    <Style id="icon-1899-DB4436-highlight">
      <IconStyle>
        <color>ff3644db</color>
        <scale>1</scale>
        <Icon>
          <href>https://www.gstatic.com/mapspro/images/stock/503-wht-blank_maps.png</href>
        </Icon>
        <hotSpot x="32" xunits="pixels" y="64" yunits="insetPixels"/>
      </IconStyle>
      <LabelStyle>
        <scale>1</scale>
      </LabelStyle>
    </Style>
    <StyleMap id="icon-1899-DB4436">
      <Pair>
        <key>normal</key>
        <styleUrl>#icon-1899-DB4436-normal</styleUrl>
      </Pair>
      <Pair>
        <key>highlight</key>
        <styleUrl>#icon-1899-DB4436-highlight</styleUrl>
      </Pair>
    </StyleMap>
    <Style id="icon-1899-DB4436-nodesc-normal">
      <IconStyle>
        <color>ff3644db</color>
        <scale>1</scale>
        <Icon>
          <href>https://www.gstatic.com/mapspro/images/stock/503-wht-blank_maps.png</href>
        </Icon>
        <hotSpot x="32" xunits="pixels" y="64" yunits="insetPixels"/>
      </IconStyle>
      <LabelStyle>
        <scale>0</scale>
      </LabelStyle>
      <BalloonStyle>
        <text><![CDATA[<h3>$[name]</h3>]]></text>
      </BalloonStyle>
    </Style>
    <Style id="icon-1899-DB4436-nodesc-highlight">
      <IconStyle>
        <color>ff3644db</color>
        <scale>1</scale>
        <Icon>
          <href>https://www.gstatic.com/mapspro/images/stock/503-wht-blank_maps.png</href>
        </Icon>
        <hotSpot x="32" xunits="pixels" y="64" yunits="insetPixels"/>
      </IconStyle>
      <LabelStyle>
        <scale>1</scale>
      </LabelStyle>
      <BalloonStyle>
        <text><![CDATA[<h3>$[name]</h3>]]></text>
      </BalloonStyle>
    </Style>
    <StyleMap id="icon-1899-DB4436-nodesc">
      <Pair>
        <key>normal</key>
        <styleUrl>#icon-1899-DB4436-nodesc-normal</styleUrl>
      </Pair>
      <Pair>
        <key>highlight</key>
        <styleUrl>#icon-1899-DB4436-nodesc-highlight</styleUrl>
      </Pair>
    </StyleMap>
    <Style id="line-ACA83A-8000-nodesc-normal">
      <LineStyle>
        <color>ff3aa8ac</color>
        <width>8</width>
      </LineStyle>
      <BalloonStyle>
        <text><![CDATA[<h3>$[name]</h3>]]></text>
      </BalloonStyle>
    </Style>
    <Style id="line-ACA83A-8000-nodesc-highlight">
      <LineStyle>
        <color>ff3aa8ac</color>
        <width>12</width>
      </LineStyle>
      <BalloonStyle>
        <text><![CDATA[<h3>$[name]</h3>]]></text>
      </BalloonStyle>
    </Style>
    <StyleMap id="line-ACA83A-8000-nodesc">
      <Pair>
        <key>normal</key>
        <styleUrl>#line-ACA83A-8000-nodesc-normal</styleUrl>
      </Pair>
      <Pair>
        <key>highlight</key>
        <styleUrl>#line-ACA83A-8000-nodesc-highlight</styleUrl>
      </Pair>
    </StyleMap>
    <Style id="line-FF0000-5000-nodesc-normal">
      <LineStyle>
        <color>ff0000ff</color>
        <width>5</width>
      </LineStyle>
      <BalloonStyle>
        <text><![CDATA[<h3>$[name]</h3>]]></text>
      </BalloonStyle>
    </Style>
    <Style id="line-FF0000-5000-nodesc-highlight">
      <LineStyle>
        <color>ff0000ff</color>
        <width>7.5</width>
      </LineStyle>
      <BalloonStyle>
        <text><![CDATA[<h3>$[name]</h3>]]></text>
      </BalloonStyle>
    </Style>
    <StyleMap id="line-FF0000-5000-nodesc">
      <Pair>
        <key>normal</key>
        <styleUrl>#line-FF0000-5000-nodesc-normal</styleUrl>
      </Pair>
      <Pair>
        <key>highlight</key>
        <styleUrl>#line-FF0000-5000-nodesc-highlight</styleUrl>
      </Pair>
    </StyleMap>
    <Style id="poly-000066-1000-191-nodesc-normal">
      <LineStyle>
        <color>ff660000</color>
        <width>1</width>
      </LineStyle>
      <PolyStyle>
        <color>bf660000</color>
        <fill>1</fill>
        <outline>1</outline>
      </PolyStyle>
      <BalloonStyle>
        <text><![CDATA[<h3>$[name]</h3>]]></text>
      </BalloonStyle>
    </Style>
    <Style id="poly-000066-1000-191-nodesc-highlight">
      <LineStyle>
        <color>ff660000</color>
        <width>1.5</width>
      </LineStyle>
      <PolyStyle>
        <color>bf660000</color>
        <fill>1</fill>
        <outline>1</outline>
      </PolyStyle>
      <BalloonStyle>
        <text><![CDATA[<h3>$[name]</h3>]]></text>
      </BalloonStyle>
    </Style>
    <StyleMap id="poly-000066-1000-191-nodesc">
      <Pair>
        <key>normal</key>
        <styleUrl>#poly-000066-1000-191-nodesc-normal</styleUrl>
      </Pair>
      <Pair>
        <key>highlight</key>
        <styleUrl>#poly-000066-1000-191-nodesc-highlight</styleUrl>
      </Pair>
    </StyleMap>
    <Style id="poly-0000FF-1200-128-nodesc-normal">
      <LineStyle>
        <color>ffff0000</color>
        <width>1.2</width>
      </LineStyle>
      <PolyStyle>
        <color>80ff0000</color>
        <fill>1</fill>
        <outline>1</outline>
      </PolyStyle>
      <BalloonStyle>
        <text><![CDATA[<h3>$[name]</h3>]]></text>
      </BalloonStyle>
    </Style>
    <Style id="poly-0000FF-1200-128-nodesc-highlight">
      <LineStyle>
        <color>ffff0000</color>
        <width>1.8</width>
      </LineStyle>
      <PolyStyle>
        <color>80ff0000</color>
        <fill>1</fill>
        <outline>1</outline>
      </PolyStyle>
      <BalloonStyle>
        <text><![CDATA[<h3>$[name]</h3>]]></text>
      </BalloonStyle>
    </Style>
    <StyleMap id="poly-0000FF-1200-128-nodesc">
      <Pair>
        <key>normal</key>
        <styleUrl>#poly-0000FF-1200-128-nodesc-normal</styleUrl>
      </Pair>
      <Pair>
        <key>highlight</key>
        <styleUrl>#poly-0000FF-1200-128-nodesc-highlight</styleUrl>
      </Pair>
    </StyleMap>
    <Style id="poly-F9F9F9-1200-255-nodesc-normal">
      <LineStyle>
        <color>fff9f9f9</color>
        <width>1.2</width>
      </LineStyle>
      <PolyStyle>
        <color>fff9f9f9</color>
        <fill>1</fill>
        <outline>1</outline>
      </PolyStyle>
      <BalloonStyle>
        <text><![CDATA[<h3>$[name]</h3>]]></text>
      </BalloonStyle>
    </Style>
    <Style id="poly-F9F9F9-1200-255-nodesc-highlight">
      <LineStyle>
        <color>fff9f9f9</color>
        <width>1.8</width>
      </LineStyle>
      <PolyStyle>
        <color>fff9f9f9</color>
        <fill>1</fill>
        <outline>1</outline>
      </PolyStyle>
      <BalloonStyle>
        <text><![CDATA[<h3>$[name]</h3>]]></text>
      </BalloonStyle>
    </Style>
    <StyleMap id="poly-F9F9F9-1200-255-nodesc">
      <Pair>
        <key>normal</key>
        <styleUrl>#poly-F9F9F9-1200-255-nodesc-normal</styleUrl>
      </Pair>
      <Pair>
        <key>highlight</key>
        <styleUrl>#poly-F9F9F9-1200-255-nodesc-highlight</styleUrl>
      </Pair>
    </StyleMap>
    <Style id="poly-FFDE23-1200-128-nodesc-normal">
      <LineStyle>
        <color>ff23deff</color>
        <width>1.2</width>
      </LineStyle>
      <PolyStyle>
        <color>8023deff</color>
        <fill>1</fill>
        <outline>1</outline>
      </PolyStyle>
      <BalloonStyle>
        <text><![CDATA[<h3>$[name]</h3>]]></text>
      </BalloonStyle>
    </Style>
    <Style id="poly-FFDE23-1200-128-nodesc-highlight">
      <LineStyle>
        <color>ff23deff</color>
        <width>1.8</width>
      </LineStyle>
      <PolyStyle>
        <color>8023deff</color>
        <fill>1</fill>
        <outline>1</outline>
      </PolyStyle>
      <BalloonStyle>
        <text><![CDATA[<h3>$[name]</h3>]]></text>
      </BalloonStyle>
    </Style>
    <StyleMap id="poly-FFDE23-1200-128-nodesc">
      <Pair>
        <key>normal</key>
        <styleUrl>#poly-FFDE23-1200-128-nodesc-normal</styleUrl>
      </Pair>
      <Pair>
        <key>highlight</key>
        <styleUrl>#poly-FFDE23-1200-128-nodesc-highlight</styleUrl>
      </Pair>
    </StyleMap>
    <Folder>
      <name>Access</name>
      <Placemark>
        <name>19 Access NULVI</name>
        <styleUrl>#line-ACA83A-8000-nodesc</styleUrl>
        <LineString>
          <tessellate>1</tessellate>
          <coordinates>
            8.742199,40.815599,0
            8.742058,40.815586,0
            8.741847,40.815579,0
            8.740696,40.81556,0
            8.740659,40.815559,0
            8.74022,40.815552,0
            8.739983,40.815548,0
            8.739946,40.815548,0
            8.739508,40.81554,0
            8.739471,40.81554,0
            8.738996,40.815532,0
            8.738557,40.815524,0
            8.73852,40.815524,0
            8.738498,40.815524,0
            8.738167,40.815518,0
            8.738107,40.815517,0
            8.736357,40.815488,0
            8.736208,40.815476,0
            8.736165,40.815472,0
            8.736013,40.815448,0
            8.735976,40.815438,0
            8.735881,40.815414,0
            8.735735,40.815354,0
            8.735576,40.815255,0
            8.735574,40.815253,0
            8.73553,40.81522,0
            8.735446,40.815155,0
            8.735413,40.815121,0
            8.735375,40.815082,0
            8.735314,40.81499,0
            8.735243,40.814869,0
            8.735207,40.814798,0
            8.735187,40.814758,0
            8.735186,40.814754,0
            8.735137,40.814626,0
            8.73513,40.814608,0
            8.734994,40.814231,0
            8.734954,40.814092,0
            8.73488,40.813916,0
            8.734829,40.813783,0
            8.734817,40.813751,0
            8.734758,40.813586,0
            8.734632,40.813419,0
            8.734439,40.813239,0
            8.73435,40.813178,0
            8.734175,40.813056,0
            8.734086,40.812994,0
            8.73383,40.812808,0
            8.733793,40.812781,0
            8.733693,40.812727,0
            8.733636,40.812706,0
            8.7336,40.812693,0
            8.733501,40.812679,0
            8.733405,40.812671,0
            8.73334,40.812665,0
            8.733178,40.812683,0
            8.733055,40.812718,0
            8.73296,40.812767,0
            8.732953,40.81277,0
            8.732838,40.812845,0
            8.732724,40.812979,0
            8.732633,40.813137,0
            8.73251,40.813412,0
            8.732345,40.813807,0
            8.732228,40.814061,0
            8.732119,40.814318,0
            8.732076,40.814478,0
            8.732079,40.814597,0
            8.732082,40.814719,0
            8.732121,40.81504,0
            8.732103,40.815134,0
            8.732088,40.815213,0
            8.732029,40.815322,0
            8.7319,40.815468,0
            8.73176,40.815596,0
            8.73175,40.815605,0
            8.7316,40.81573,0
            8.731342,40.815944,0
            8.730942,40.816277,0
            8.730799,40.816394,0
            8.730725,40.816454,0
            8.730651,40.816534,0
            8.73061,40.816579,0
            8.730541,40.816692,0
            8.730536,40.816702,0
            8.730481,40.816866,0
            8.73048,40.816869,0
            8.730449,40.817087,0
            8.730428,40.817523,0
            8.730428,40.817584,0
            8.730425,40.817764,0
            8.730425,40.817788,0
            8.730443,40.817942,0
            8.730476,40.818095,0
            8.73057,40.818288,0
            8.730634,40.81842,0
            8.730655,40.818456,0
            8.730748,40.818622,0
            8.730823,40.818753,0
            8.730887,40.818888,0
            8.73095,40.819018,0
            8.730956,40.819072,0
            8.730949,40.819132,0
            8.730927,40.8192,0
            8.730867,40.819283,0
            8.730823,40.819322,0
            8.730767,40.819351,0
            8.730666,40.819377,0
            8.730558,40.819388,0
            8.730516,40.819387,0
            8.730501,40.819386,0
            8.730478,40.819385,0
            8.730436,40.819377,0
            8.730395,40.819366,0
            8.730235,40.819306,0
            8.729932,40.819162,0
            8.729876,40.819136,0
            8.729621,40.819018,0
            8.729411,40.818919,0
            8.729212,40.818823,0
            8.729061,40.818741,0
            8.728904,40.818648,0
            8.728756,40.818519,0
            8.728537,40.818303,0
            8.728277,40.818057,0
            8.728001,40.817792,0
            8.727939,40.817732,0
            8.727656,40.817453,0
            8.727575,40.81736,0
            8.727472,40.81724,0
            8.727439,40.817212,0
            8.727344,40.81713,0
            8.727289,40.817073,0
            8.727225,40.817006,0
            8.727145,40.816926,0
            8.726981,40.816788,0
            8.726854,40.816702,0
            8.726697,40.816608,0
            8.726488,40.816491,0
            8.726429,40.816462,0
            8.726286,40.816391,0
            8.726231,40.816362,0
            8.726032,40.816258,0
            8.72584,40.816158,0
            8.725728,40.816101,0
            8.725642,40.816059,0
            8.725506,40.815991,0
            8.725191,40.815832,0
            8.724924,40.815691,0
            8.724695,40.815575,0
            8.724529,40.815528,0
            8.724456,40.815528,0
            8.724423,40.815532,0
            8.724304,40.815549,0
            8.72413,40.815625,0
            8.724006,40.815748,0
            8.723947,40.815925,0
            8.723935,40.816184,0
            8.72392,40.816342,0
            8.723911,40.816458,0
            8.723906,40.816546,0
            8.723877,40.81671,0
            8.723852,40.816806,0
            8.723742,40.816953,0
            8.723556,40.817128,0
            8.723347,40.817297,0
            8.723191,40.8174,0
            8.723101,40.81746,0
            8.722985,40.817522,0
            8.722899,40.817553,0
            8.722898,40.817554,0
            8.722787,40.817575,0
            8.722283,40.817613,0
            8.721956,40.817638,0
            8.721778,40.817651,0
            8.721315,40.817676,0
            8.720788,40.817702,0
            8.720406,40.817725,0
            8.720298,40.817732,0
            8.720061,40.817747,0
            8.719856,40.81776,0
            8.719649,40.817788,0
            8.719132,40.817864,0
            8.718771,40.817915,0
            8.718214,40.817988,0
            8.718123,40.817986,0
            8.71799,40.817967,0
            8.717953,40.81796,0
            8.717866,40.817945,0
            8.717727,40.817906,0
            8.717604,40.817856,0
            8.717514,40.817794,0
            8.717435,40.817739,0
            8.717296,40.817627,0
            8.717255,40.817597,0
            8.717148,40.817518,0
            8.716992,40.817397,0
            8.716785,40.817247,0
            8.716566,40.817129,0
            8.716384,40.817058,0
            8.716126,40.81698,0
            8.715889,40.816912,0
            8.715789,40.816884,0
            8.715731,40.816868,0
            8.715667,40.816849,0
            8.715337,40.816755,0
            8.715038,40.816669,0
            8.714618,40.816555,0
            8.714446,40.816524,0
            8.714438,40.816523,0
            8.714316,40.816518,0
            8.714228,40.816515,0
            8.714079,40.816527,0
            8.714053,40.816529,0
            8.713846,40.816563,0
            8.713794,40.816572,0
            8.713743,40.816583,0
            8.713519,40.816632,0
            8.713514,40.816633,0
            8.713389,40.816662,0
            8.713287,40.816686,0
            8.713162,40.816715,0
            8.713138,40.81672,0
            8.712711,40.816819,0
            8.712431,40.816882,0
            8.712249,40.81691,0
            8.71208,40.816923,0
            8.711847,40.816924,0
            8.711527,40.81691,0
            8.711115,40.816875,0
            8.710732,40.81685,0
            8.710393,40.816827,0
            8.71011,40.816798,0
            8.709774,40.816719,0
            8.70931,40.816612,0
            8.708999,40.816535,0
            8.708734,40.816485,0
            8.708454,40.816419,0
            8.708424,40.816411,0
            8.708301,40.816378,0
            8.708277,40.816372,0
            8.708178,40.816331,0
            8.70805,40.816262,0
            8.707873,40.81613,0
            8.707846,40.816109,0
            8.707701,40.815997,0
            8.707515,40.815851,0
            8.707507,40.815845,0
            8.707366,40.815726,0
            8.707186,40.815567,0
            8.707113,40.815508,0
            8.707072,40.815475,0
            8.707011,40.815426,0
            8.706997,40.815414,0
            8.70697,40.815393,0
            8.70681,40.815265,0
            8.706688,40.815165,0
            8.70652,40.815077,0
            8.706348,40.815048,0
            8.706215,40.815053,0
            8.706108,40.815075,0
            8.706021,40.815116,0
            8.705923,40.815198,0
            8.70586,40.815301,0
            8.70582,40.815409,0
            8.70577,40.81553,0
            8.705718,40.815674,0
            8.705671,40.815831,0
            8.705628,40.815914,0
          </coordinates>
        </LineString>
      </Placemark>
      <Placemark>
        <name>19 Access SENNORI</name>
        <styleUrl>#line-ACA83A-8000-nodesc</styleUrl>
        <LineString>
          <tessellate>1</tessellate>
          <coordinates>
            8.626821,40.816834,0
            8.626982,40.817258,0
            8.626994,40.817286,0
            8.627049,40.81743,0
            8.627236,40.817918,0
            8.62731,40.818122,0
            8.62732,40.818149,0
            8.627354,40.818211,0
            8.627428,40.818302,0
            8.627524,40.81837,0
            8.627641,40.81844,0
            8.627793,40.818512,0
            8.627925,40.818581,0
            8.628065,40.81866,0
            8.628199,40.818759,0
            8.628229,40.81878,0
            8.62835,40.818898,0
            8.628692,40.819228,0
            8.628791,40.819322,0
            8.6291,40.819614,0
            8.629137,40.819649,0
            8.629174,40.819684,0
            8.62919,40.8197,0
            8.629544,40.820065,0
            8.629646,40.820185,0
            8.62998,40.820576,0
            8.630588,40.82134,0
            8.630593,40.821344,0
            8.631052,40.821849,0
            8.631527,40.822357,0
            8.631664,40.822524,0
            8.631668,40.822531,0
            8.631716,40.822597,0
            8.631764,40.822664,0
            8.631781,40.822689,0
            8.631795,40.822708,0
            8.631878,40.822853,0
            8.631994,40.823053,0
            8.632174,40.823313,0
            8.632191,40.823338,0
            8.632193,40.82334,0
            8.632239,40.823404,0
            8.632287,40.823471,0
            8.632305,40.823495,0
            8.632347,40.823553,0
            8.632428,40.823649,0
            8.632462,40.823688,0
            8.632596,40.823802,0
            8.632915,40.823991,0
            8.632922,40.823994,0
            8.633002,40.82404,0
            8.633574,40.824362,0
            8.633759,40.824466,0
            8.633764,40.824469,0
            8.63456,40.824932,0
            8.635077,40.825243,0
            8.635207,40.825321,0
            8.635263,40.825355,0
            8.635449,40.825467,0
            8.635867,40.825717,0
            8.635924,40.825751,0
            8.636054,40.825828,0
            8.636241,40.825939,0
            8.63627,40.825957,0
            8.636542,40.826122,0
            8.636608,40.826168,0
            8.636801,40.826303,0
            8.636905,40.82641,0
            8.636925,40.826434,0
            8.637149,40.826697,0
            8.637473,40.827109,0
            8.637627,40.827288,0
            8.637679,40.827349,0
            8.637786,40.827516,0
            8.637853,40.827671,0
            8.637873,40.827788,0
            8.637885,40.827859,0
            8.637902,40.828218,0
            8.637948,40.828809,0
            8.637978,40.829259,0
            8.638006,40.829403,0
            8.638028,40.829518,0
            8.638123,40.829708,0
            8.638299,40.829941,0
            8.638534,40.830236,0
            8.638807,40.830521,0
            8.638995,40.830698,0
            8.639193,40.830854,0
            8.639428,40.831002,0
            8.639486,40.831031,0
            8.639655,40.831114,0
            8.639955,40.831242,0
            8.64025,40.83135,0
            8.640263,40.831353,0
            8.640558,40.83143,0
            8.640829,40.831477,0
            8.640952,40.831484,0
            8.641049,40.831489,0
            8.641189,40.831493,0
            8.641427,40.831501,0
            8.641986,40.831456,0
            8.642222,40.831437,0
            8.642431,40.83142,0
            8.643041,40.831381,0
            8.643358,40.831398,0
            8.643406,40.831401,0
            8.643643,40.831417,0
            8.643767,40.831426,0
            8.64427,40.831475,0
            8.644351,40.831482,0
            8.644587,40.831502,0
            8.644823,40.831523,0
            8.645059,40.831543,0
            8.645179,40.831553,0
            8.646136,40.83164,0
            8.646744,40.831695,0
            8.646924,40.831726,0
            8.647069,40.831773,0
            8.64724,40.831847,0
            8.647484,40.831978,0
            8.648203,40.832406,0
            8.648295,40.832459,0
            8.648484,40.832568,0
            8.649016,40.832875,0
            8.649052,40.832894,0
            8.649201,40.832974,0
            8.649383,40.833038,0
            8.649528,40.833078,0
            8.649664,40.833098,0
            8.649802,40.833106,0
            8.649905,40.833102,0
            8.65005,40.833073,0
            8.650161,40.833037,0
            8.650225,40.833016,0
            8.65036,40.83294,0
            8.6504,40.832918,0
            8.650543,40.832804,0
            8.650636,40.832691,0
            8.650651,40.832661,0
            8.650709,40.832548,0
            8.65079,40.832294,0
            8.650837,40.832141,0
            8.650892,40.831966,0
            8.650921,40.831874,0
            8.65094,40.83179,0
            8.650948,40.831758,0
            8.65095,40.831672,0
            8.650946,40.831594,0
            8.650918,40.831457,0
            8.650861,40.831314,0
            8.650835,40.831263,0
            8.650781,40.831158,0
            8.650703,40.831012,0
            8.650637,40.830867,0
            8.650605,40.830763,0
            8.650604,40.830753,0
            8.650583,40.83061,0
            8.650587,40.830574,0
            8.650593,40.830521,0
            8.650614,40.830446,0
            8.650677,40.830292,0
            8.650748,40.830177,0
            8.650837,40.830049,0
            8.650989,40.829875,0
            8.651163,40.829652,0
            8.65136,40.829368,0
            8.651404,40.829287,0
            8.651466,40.829171,0
            8.651538,40.82903,0
            8.651568,40.82895,0
            8.651587,40.8289,0
            8.651635,40.82872,0
            8.651682,40.82845,0
            8.651688,40.828418,0
            8.651745,40.828093,0
            8.651803,40.82782,0
            8.651839,40.827755,0
            8.651886,40.827704,0
            8.652023,40.827594,0
            8.652277,40.827435,0
            8.652794,40.827166,0
            8.6528,40.827162,0
            8.652989,40.827053,0
            8.65301,40.827041,0
            8.653189,40.826957,0
            8.653344,40.826884,0
            8.653396,40.826868,0
            8.653586,40.826812,0
            8.653798,40.826771,0
            8.653993,40.826753,0
            8.654128,40.826749,0
            8.654187,40.826748,0
            8.655052,40.826816,0
            8.656369,40.826902,0
            8.65654,40.826913,0
            8.656843,40.826934,0
            8.656905,40.826938,0
            8.657078,40.826959,0
            8.657358,40.826992,0
            8.657734,40.827063,0
            8.658213,40.827189,0
            8.658447,40.827252,0
            8.659029,40.827411,0
            8.659122,40.82742,0
            8.659345,40.82744,0
            8.659687,40.827435,0
            8.659724,40.827433,0
            8.659917,40.827424,0
            8.660174,40.827411,0
            8.660497,40.827399,0
            8.660882,40.827399,0
            8.661119,40.827427,0
            8.661173,40.827433,0
            8.661521,40.827501,0
            8.661807,40.827542,0
            8.661815,40.827543,0
            8.662052,40.827562,0
            8.662146,40.82757,0
            8.662289,40.827576,0
            8.662657,40.827592,0
            8.663009,40.827606,0
            8.663339,40.827624,0
            8.663615,40.827637,0
            8.664063,40.82766,0
            8.664069,40.827661,0
            8.664419,40.827691,0
            8.664536,40.827696,0
            8.66474,40.827705,0
            8.664773,40.827706,0
            8.664912,40.827709,0
            8.665164,40.827714,0
            8.665337,40.827705,0
            8.665461,40.827687,0
            8.665618,40.827652,0
            8.665916,40.827537,0
            8.665953,40.827522,0
            8.666124,40.82745,0
            8.666429,40.82732,0
            8.666537,40.827272,0
            8.666742,40.827181,0
            8.666882,40.82712,0
            8.667155,40.827003,0
            8.667228,40.826972,0
            8.667367,40.826921,0
            8.667404,40.826908,0
            8.667585,40.82685,0
            8.667615,40.826841,0
            8.667813,40.826799,0
            8.668042,40.82675,0
            8.668091,40.82674,0
            8.668504,40.826665,0
            8.668641,40.82664,0
            8.668734,40.826621,0
            8.669028,40.826559,0
            8.669155,40.826523,0
            8.669184,40.826508,0
            8.669344,40.826428,0
            8.669372,40.826401,0
            8.669573,40.826211,0
            8.669687,40.826058,0
            8.669843,40.825854,0
            8.669959,40.82573,0
            8.670106,40.825533,0
            8.670234,40.82536,0
            8.670378,40.825183,0
            8.67039,40.825168,0
            8.670496,40.825041,0
            8.670634,40.824849,0
            8.670722,40.824711,0
            8.670765,40.824643,0
            8.670825,40.824549,0
            8.670873,40.824475,0
            8.670925,40.824386,0
            8.670957,40.824332,0
            8.671046,40.824184,0
            8.671134,40.824058,0
            8.671232,40.823944,0
            8.671321,40.823878,0
            8.671406,40.823836,0
            8.671491,40.823802,0
            8.671661,40.823769,0
            8.67169,40.823768,0
            8.671866,40.823764,0
            8.671926,40.823774,0
            8.672127,40.823811,0
            8.67226,40.823876,0
            8.672399,40.823988,0
            8.672526,40.824119,0
            8.67262,40.824247,0
            8.672712,40.824367,0
            8.672841,40.824485,0
            8.672948,40.824558,0
            8.673002,40.824585,0
            8.673174,40.824663,0
            8.673286,40.824714,0
            8.67349,40.824806,0
            8.674077,40.825072,0
            8.674434,40.825227,0
            8.674514,40.825263,0
            8.675906,40.825893,0
            8.675944,40.825906,0
            8.676031,40.825936,0
            8.676163,40.825976,0
            8.676298,40.826016,0
            8.676604,40.826068,0
            8.676688,40.826078,0
            8.67692,40.826088,0
            8.677213,40.826084,0
            8.677332,40.826082,0
            8.67757,40.826077,0
            8.677597,40.826077,0
            8.677807,40.826078,0
            8.677928,40.826078,0
            8.678045,40.826076,0
            8.678282,40.826072,0
            8.678298,40.826072,0
            8.678647,40.826063,0
            8.678953,40.826049,0
            8.679075,40.826035,0
            8.679229,40.826014,0
            8.679276,40.826007,0
            8.679374,40.825977,0
            8.679557,40.825903,0
            8.679806,40.82578,0
            8.680158,40.825551,0
            8.680211,40.825522,0
            8.680386,40.825426,0
            8.680486,40.82538,0
            8.680655,40.825332,0
            8.680848,40.825293,0
            8.680854,40.825292,0
            8.681185,40.825213,0
            8.681306,40.825174,0
            8.681456,40.825084,0
            8.681478,40.825062,0
            8.681576,40.824968,0
            8.681618,40.824916,0
            8.68172,40.824791,0
            8.681824,40.824702,0
            8.681971,40.824605,0
            8.682061,40.824561,0
            8.682166,40.824532,0
            8.68229,40.824511,0
            8.682348,40.824513,0
            8.682496,40.824518,0
            8.682582,40.824536,0
            8.682726,40.824567,0
            8.682908,40.824633,0
            8.683123,40.824708,0
            8.683335,40.824783,0
            8.683507,40.824817,0
            8.683691,40.824844,0
            8.683692,40.824844,0
            8.683886,40.824836,0
            8.684007,40.824822,0
            8.684163,40.824801,0
            8.684225,40.824793,0
            8.684397,40.824768,0
            8.684531,40.82475,0
            8.684757,40.824742,0
            8.685105,40.824747,0
            8.685444,40.824755,0
            8.685582,40.824764,0
            8.685712,40.824772,0
            8.685921,40.824761,0
            8.686063,40.824738,0
            8.686201,40.824687,0
            8.686385,40.824564,0
            8.686582,40.824388,0
            8.686728,40.824259,0
            8.686736,40.824252,0
            8.686903,40.824124,0
            8.686998,40.82405,0
            8.687254,40.823816,0
            8.687478,40.82363,0
            8.687623,40.823473,0
            8.68779,40.823255,0
            8.687936,40.823044,0
            8.68803,40.822887,0
            8.688117,40.822742,0
            8.688182,40.822625,0
            8.688225,40.822548,0
            8.688323,40.822376,0
            8.688431,40.822209,0
            8.688537,40.822056,0
            8.688641,40.821916,0
            8.688813,40.821754,0
            8.68888,40.82169,0
            8.688917,40.821655,0
            8.68912,40.821486,0
            8.689312,40.821351,0
            8.689443,40.821276,0
            8.68954,40.821228,0
            8.689584,40.821216,0
            8.689677,40.82119,0
            8.689852,40.821156,0
            8.690127,40.821121,0
            8.690377,40.82111,0
            8.690522,40.821118,0
            8.690685,40.821158,0
            8.69083,40.821228,0
            8.690991,40.821299,0
            8.691122,40.821392,0
            8.69113,40.821398,0
            8.691216,40.821501,0
            8.691271,40.821569,0
            8.691314,40.821653,0
            8.691362,40.821758,0
            8.691426,40.82186,0
            8.691532,40.821962,0
            8.691635,40.822029,0
            8.69175,40.822083,0
            8.691801,40.822095,0
            8.691856,40.822107,0
            8.691985,40.82213,0
            8.692033,40.822131,0
            8.692141,40.822132,0
            8.692309,40.82211,0
            8.692447,40.822058,0
            8.692556,40.821964,0
            8.692659,40.821852,0
            8.692707,40.82165,0
            8.692697,40.821545,0
            8.692695,40.821516,0
            8.692656,40.821368,0
            8.692655,40.821366,0
            8.692603,40.821218,0
            8.69259,40.821196,0
            8.692496,40.821031,0
            8.692472,40.820988,0
            8.692401,40.820866,0
            8.692306,40.820701,0
            8.69228,40.820655,0
            8.692226,40.820532,0
            8.692178,40.820418,0
            8.692156,40.820271,0
            8.692175,40.82018,0
            8.692188,40.82012,0
            8.692261,40.819966,0
            8.692341,40.819814,0
            8.692394,40.819656,0
            8.6924,40.819534,0
            8.692368,40.819399,0
            8.692342,40.819312,0
            8.692338,40.819296,0
            8.692273,40.819154,0
            8.692268,40.819141,0
            8.692192,40.818971,0
            8.692184,40.818952,0
            8.692092,40.818695,0
            8.692121,40.818453,0
            8.692242,40.818144,0
            8.69226,40.818098,0
            8.692382,40.817776,0
            8.692491,40.817588,0
            8.69251,40.817556,0
            8.692611,40.817434,0
            8.692645,40.817392,0
            8.692776,40.817307,0
            8.692784,40.817302,0
            8.692992,40.817216,0
            8.693212,40.81717,0
            8.693301,40.817152,0
            8.693443,40.817129,0
            8.693614,40.817102,0
            8.693904,40.817055,0
            8.694005,40.817017,0
            8.694099,40.816962,0
            8.694191,40.816891,0
            8.694259,40.81682,0
            8.694272,40.816806,0
            8.694366,40.816659,0
            8.694438,40.816545,0
            8.694557,40.816245,0
            8.69474,40.81578,0
            8.694881,40.815463,0
            8.694955,40.815298,0
            8.695158,40.814837,0
            8.695307,40.814543,0
            8.695393,40.814462,0
            8.69543,40.814427,0
            8.695562,40.814338,0
            8.695654,40.814292,0
            8.695774,40.814257,0
            8.695782,40.814254,0
            8.696067,40.814194,0
            8.696234,40.814168,0
            8.696426,40.814139,0
            8.696467,40.814132,0
            8.696717,40.814093,0
            8.696993,40.814071,0
            8.697202,40.814081,0
            8.697407,40.814111,0
            8.697434,40.814115,0
            8.697856,40.814191,0
            8.698334,40.814269,0
            8.69846,40.81429,0
            8.69892,40.814373,0
            8.699068,40.814397,0
          </coordinates>
        </LineString>
      </Placemark>
      <Placemark>
        <name>20 Access</name>
        <styleUrl>#line-ACA83A-8000-nodesc</styleUrl>
        <LineString>
          <tessellate>1</tessellate>
          <coordinates>
            8.712359,40.864582,0
            8.712413,40.864532,0
            8.712401,40.864464,0
            8.712371,40.864362,0
            8.71235,40.864309,0
            8.712315,40.864192,0
            8.712246,40.863958,0
            8.712194,40.863782,0
            8.712188,40.863762,0
            8.712088,40.863524,0
            8.711951,40.863263,0
            8.711919,40.863201,0
            8.711765,40.862939,0
            8.711579,40.86262,0
            8.710905,40.861469,0
            8.71083,40.861341,0
            8.710321,40.860484,0
            8.710223,40.86032,0
            8.710028,40.859992,0
            8.709931,40.859828,0
            8.709916,40.859803,0
            8.709708,40.859511,0
            8.709679,40.85947,0
            8.70962,40.859368,0
            8.709488,40.859131,0
            8.709426,40.858982,0
            8.709356,40.858788,0
            8.709266,40.858553,0
            8.709252,40.858512,0
            8.70915,40.858235,0
            8.709087,40.858062,0
            8.708708,40.857021,0
            8.708652,40.856867,0
            8.708643,40.856848,0
            8.708588,40.856732,0
            8.708558,40.856681,0
            8.708508,40.856595,0
            8.708323,40.856281,0
            8.70817,40.856024,0
            8.708158,40.856004,0
            8.707797,40.855412,0
            8.707594,40.855082,0
            8.707549,40.854987,0
            8.70752,40.854886,0
            8.707476,40.8547,0
            8.707446,40.854443,0
            8.707396,40.854128,0
            8.707381,40.854036,0
            8.707375,40.853906,0
            8.707347,40.853592,0
            8.707346,40.853508,0
            8.707349,40.853444,0
            8.707371,40.85335,0
            8.70744,40.853154,0
            8.707443,40.853146,0
            8.707518,40.852976,0
            8.707626,40.85273,0
            8.707628,40.852727,0
            8.707739,40.852452,0
            8.707831,40.852271,0
            8.707834,40.852266,0
            8.707916,40.852149,0
            8.708083,40.851967,0
            8.708179,40.851862,0
            8.708212,40.851816,0
            8.708228,40.851794,0
            8.708277,40.851692,0
            8.7083,40.851625,0
            8.70839,40.851382,0
            8.708405,40.851342,0
            8.708453,40.85118,0
            8.708513,40.851012,0
            8.708574,40.850838,0
            8.708613,40.850727,0
            8.708634,40.850664,0
            8.708851,40.85002,0
            8.708967,40.849615,0
            8.709003,40.849513,0
            8.709047,40.849414,0
            8.709063,40.84939,0
            8.70908,40.849364,0
            8.709124,40.84932,0
            8.709135,40.849313,0
            8.709252,40.849242,0
            8.709351,40.849185,0
            8.70941,40.849151,0
            8.70944,40.849122,0
            8.709456,40.849107,0
            8.709472,40.849084,0
            8.709509,40.849032,0
            8.709546,40.848935,0
            8.709599,40.848735,0
            8.709635,40.848656,0
            8.70968,40.848588,0
            8.709723,40.848537,0
            8.709733,40.84853,0
            8.709833,40.848448,0
            8.710052,40.848279,0
            8.710132,40.848199,0
            8.710207,40.848107,0
            8.71028,40.847954,0
            8.71029,40.847934,0
            8.710322,40.84781,0
            8.710339,40.84778,0
            8.710375,40.847712,0
            8.710419,40.847659,0
            8.710455,40.847625,0
            8.710506,40.847578,0
            8.710823,40.847399,0
            8.710896,40.847358,0
            8.710992,40.847285,0
            8.710998,40.847278,0
            8.711064,40.847204,0
            8.71109,40.847116,0
            8.711095,40.8471,0
            8.711069,40.846996,0
            8.711043,40.846942,0
            8.710999,40.846854,0
            8.710954,40.846775,0
            8.71038,40.845788,0
            8.710276,40.845649,0
            8.710194,40.845558,0
            8.71006,40.845409,0
            8.709997,40.845339,0
            8.709926,40.84526,0
            8.709909,40.845243,0
            8.709857,40.845178,0
            8.709838,40.845131,0
            8.709824,40.845066,0
            8.709801,40.844899,0
            8.709799,40.84474,0
            8.709798,40.844603,0
            8.70979,40.84431,0
            8.709802,40.844201,0
            8.70981,40.844135,0
            8.709837,40.844016,0
            8.709877,40.843922,0
            8.709976,40.843762,0
            8.710114,40.843586,0
            8.71015,40.843541,0
            8.710244,40.843426,0
            8.710266,40.843384,0
            8.710278,40.843364,0
            8.71031,40.843274,0
            8.710319,40.843165,0
            8.710341,40.843109,0
            8.710387,40.843046,0
            8.710477,40.842951,0
            8.710675,40.842808,0
            8.710884,40.842628,0
            8.710941,40.842576,0
            8.710983,40.842488,0
            8.710986,40.842481,0
            8.71101,40.842418,0
            8.711159,40.841782,0
            8.711162,40.841766,0
            8.711207,40.841532,0
            8.711229,40.841426,0
            8.711265,40.841248,0
            8.711285,40.841152,0
            8.711345,40.840894,0
            8.711374,40.84077,0
            8.711383,40.840675,0
            8.711381,40.840567,0
            8.711381,40.840566,0
            8.711376,40.840536,0
            8.711369,40.840472,0
            8.711305,40.84024,0
            8.711282,40.840184,0
            8.71114,40.839841,0
            8.711135,40.83983,0
            8.711002,40.839497,0
            8.710998,40.839489,0
            8.710935,40.839324,0
            8.710868,40.839152,0
            8.710805,40.83899,0
            8.710799,40.83898,0
            8.710743,40.83889,0
            8.710721,40.838871,0
          </coordinates>
        </LineString>
      </Placemark>
      <Placemark>
        <name>21 Access</name>
        <styleUrl>#line-ACA83A-8000-nodesc</styleUrl>
        <LineString>
          <tessellate>1</tessellate>
          <coordinates>
            8.712072,40.864702,0
            8.712052,40.864688,0
            8.712052,40.864687,0
            8.711978,40.864656,0
            8.711936,40.864637,0
            8.711696,40.864528,0
            8.711516,40.864451,0
            8.711231,40.864333,0
            8.711178,40.864311,0
            8.711136,40.864294,0
            8.711047,40.864263,0
            8.710902,40.864214,0
            8.710896,40.864212,0
            8.710906,40.864151,0
            8.710905,40.864126,0
            8.710895,40.864103,0
            8.710865,40.864068,0
            8.710842,40.864046,0
            8.710773,40.863982,0
            8.710662,40.863821,0
            8.7106,40.863738,0
            8.71056,40.863684,0
            8.710546,40.863656,0
            8.710534,40.863615,0
            8.710511,40.863552,0
            8.710487,40.863487,0
            8.710438,40.863385,0
            8.710402,40.863332,0
            8.710353,40.863261,0
            8.710282,40.863177,0
            8.709676,40.862622,0
            8.709596,40.862549,0
            8.709476,40.862438,0
            8.709375,40.862344,0
            8.709342,40.862313,0
            8.709296,40.862273,0
            8.709226,40.862227,0
            8.709209,40.862216,0
            8.709077,40.862133,0
            8.709017,40.862113,0
            8.708931,40.862083,0
            8.708772,40.862047,0
            8.708634,40.862025,0
            8.708443,40.862023,0
            8.708221,40.862034,0
            8.70816,40.862026,0
            8.708111,40.862016,0
            8.707986,40.861993,0
            8.707816,40.861952,0
            8.707644,40.861909,0
            8.707537,40.861885,0
            8.707504,40.861882,0
            8.707447,40.861875,0
            8.707407,40.861874,0
            8.707351,40.86188,0
            8.70727,40.861897,0
            8.707266,40.861898,0
            8.707134,40.861928,0
            8.707041,40.861943,0
            8.706939,40.86196,0
            8.706819,40.861968,0
            8.706806,40.861969,0
            8.706696,40.861971,0
            8.706549,40.861959,0
            8.706333,40.861941,0
            8.706096,40.861921,0
            8.70586,40.861901,0
            8.705825,40.861898,0
            8.70572,40.861879,0
            8.705646,40.861857,0
            8.705631,40.861854,0
            8.705568,40.861842,0
            8.705488,40.861831,0
            8.705419,40.861819,0
            8.705399,40.861819,0
            8.705334,40.861818,0
            8.705161,40.861827,0
            8.705143,40.861828,0
            8.705016,40.861867,0
            8.704944,40.861897,0
            8.704767,40.861969,0
            8.704737,40.861985,0
            8.704498,40.862108,0
            8.704422,40.862047,0
            8.704378,40.862007,0
            8.704348,40.861964,0
            8.704338,40.861924,0
            8.704328,40.861881,0
            8.704325,40.861868,0
            8.704321,40.861848,0
            8.704298,40.861703,0
            8.704296,40.86169,0
            8.70427,40.861524,0
            8.704268,40.861511,0
            8.704267,40.861499,0
            8.704262,40.861454,0
            8.704252,40.861345,0
            8.704251,40.861332,0
            8.704235,40.861166,0
            8.704232,40.861132,0
            8.704191,40.860989,0
            8.704187,40.860976,0
            8.70414,40.86081,0
            8.704061,40.860644,0
            8.704029,40.860578,0
            8.704009,40.860535,0
            8.703983,40.860481,0
            8.703897,40.860337,0
            8.703882,40.860311,0
            8.703805,40.860183,0
            8.703775,40.860151,0
            8.70366,40.860024,0
            8.703401,40.859784,0
            8.703336,40.859726,0
            8.703229,40.85963,0
            8.703177,40.859592,0
            8.703039,40.85949,0
            8.703002,40.859471,0
            8.702926,40.859431,0
            8.702841,40.859394,0
            8.702798,40.859379,0
            8.702738,40.859358,0
            8.702573,40.859324,0
            8.702504,40.859309,0
            8.702483,40.859305,0
            8.702344,40.859275,0
            8.702269,40.85926,0
            8.702111,40.859242,0
            8.701996,40.859229,0
            8.701874,40.859223,0
            8.701639,40.859212,0
            8.701637,40.859212,0
            8.701483,40.859202,0
            8.7014,40.859204,0
            8.701324,40.859206,0
            8.701162,40.859216,0
            8.701151,40.859217,0
            8.700939,40.859247,0
            8.700866,40.85926,0
            8.70073,40.859278,0
            8.700695,40.859282,0
            8.700603,40.859293,0
            8.70046,40.859308,0
            8.70033,40.859321,0
            8.700223,40.859323,0
            8.700076,40.859327,0
            8.699986,40.85932,0
            8.699963,40.859318,0
            8.699871,40.859302,0
            8.699787,40.859282,0
            8.699757,40.859273,0
            8.699649,40.85924,0
            8.699538,40.859202,0
            8.699498,40.859188,0
            8.699324,40.859124,0
            8.698906,40.85897,0
            8.698896,40.858967,0
            8.698722,40.858906,0
            8.698679,40.858894,0
            8.698657,40.858888,0
            8.698551,40.858873,0
            8.698493,40.858866,0
            8.698443,40.858863,0
            8.698394,40.858863,0
            8.698322,40.858868,0
            8.698275,40.858874,0
            8.698214,40.858894,0
            8.698191,40.858902,0
            8.698108,40.858943,0
            8.698032,40.85899,0
            8.698022,40.858998,0
            8.697984,40.859032,0
            8.697882,40.859144,0
            8.697747,40.859292,0
            8.697746,40.859293,0
            8.697568,40.859504,0
            8.697492,40.859577,0
            8.697477,40.859587,0
            8.697445,40.859609,0
            8.6974,40.859641,0
            8.69735,40.859665,0
            8.697288,40.859696,0
            8.697143,40.859768,0
            8.697089,40.859794,0
            8.696889,40.859891,0
            8.696813,40.859927,0
            8.696704,40.860003,0
            8.696703,40.860004,0
            8.696647,40.860045,0
            8.696613,40.860078,0
            8.696554,40.860142,0
            8.696514,40.860186,0
            8.696406,40.860271,0
            8.696322,40.860324,0
            8.696239,40.86036,0
            8.69611,40.860394,0
            8.695954,40.860425,0
            8.695744,40.860461,0
            8.69551,40.860512,0
            8.695281,40.860562,0
            8.695158,40.860588,0
            8.695088,40.860595,0
            8.695049,40.860597,0
            8.694984,40.860601,0
            8.694812,40.860595,0
            8.694799,40.860594,0
            8.694575,40.860574,0
            8.69452,40.860569,0
            8.694365,40.860556,0
            8.694339,40.860557,0
            8.694252,40.860562,0
            8.694116,40.860591,0
            8.694107,40.860593,0
            8.693994,40.860625,0
            8.693883,40.860637,0
            8.693804,40.860646,0
            8.693759,40.860578,0
            8.693739,40.860549,0
            8.693564,40.860336,0
            8.693512,40.860273,0
            8.693446,40.86018,0
            8.693354,40.860049,0
            8.693231,40.859859,0
            8.693198,40.859809,0
            8.693131,40.859696,0
            8.693125,40.859687,0
            8.693023,40.859578,0
            8.692992,40.85955,0
            8.692912,40.859478,0
            8.692838,40.859413,0
            8.692744,40.859329,0
            8.692695,40.85927,0
            8.692619,40.85918,0
            8.692567,40.859119,0
            8.69251,40.859052,0
            8.692445,40.858964,0
            8.692433,40.858949,0
            8.692319,40.858814,0
            8.692318,40.858812,0
            8.692199,40.858703,0
            8.692169,40.858672,0
            8.692088,40.858589,0
            8.692028,40.858527,0
            8.69196,40.858456,0
            8.69189,40.858381,0
            8.69183,40.858318,0
            8.691754,40.858233,0
            8.691731,40.858208,0
            8.691624,40.858083,0
            8.691617,40.858072,0
          </coordinates>
        </LineString>
      </Placemark>
      <Placemark>
        <name>19 bifacciale</name>
        <styleUrl>#icon-1899-DB4436-nodesc</styleUrl>
        <Point>
          <coordinates>
            8.626859,40.816837,0
          </coordinates>
        </Point>
      </Placemark>
      <Placemark>
        <name>19 bifacciale</name>
        <styleUrl>#icon-1899-DB4436-nodesc</styleUrl>
        <Point>
          <coordinates>
            8.742203,40.815591,0
          </coordinates>
        </Point>
      </Placemark>
      <Placemark>
        <name>20</name>
        <styleUrl>#icon-1899-DB4436-nodesc</styleUrl>
        <Point>
          <coordinates>
            8.712445,40.864663,0
          </coordinates>
        </Point>
      </Placemark>
      <Placemark>
        <name>20</name>
        <styleUrl>#icon-1899-DB4436-nodesc</styleUrl>
        <Point>
          <coordinates>
            8.708905,40.849564,0
          </coordinates>
        </Point>
      </Placemark>
      <Placemark>
        <name>21</name>
        <styleUrl>#icon-1899-DB4436-nodesc</styleUrl>
        <Point>
          <coordinates>
            8.710851,40.864145,0
          </coordinates>
        </Point>
      </Placemark>
      <Placemark>
        <name>21</name>
        <styleUrl>#icon-1899-DB4436-nodesc</styleUrl>
        <Point>
          <coordinates>
            8.712222,40.864796,0
          </coordinates>
        </Point>
      </Placemark>
      <Placemark>
        <name>21</name>
        <styleUrl>#icon-1899-DB4436-nodesc</styleUrl>
        <Point>
          <coordinates>
            8.704409,40.86209,0
          </coordinates>
        </Point>
      </Placemark>
      <Placemark>
        <name>21</name>
        <styleUrl>#icon-1899-DB4436-nodesc</styleUrl>
        <Point>
          <coordinates>
            8.693836,40.86062,0
          </coordinates>
        </Point>
      </Placemark>
    </Folder>
    <Folder>
      <name>Areas</name>
      <Placemark>
        <name>19 - Spectator</name>
        <styleUrl>#poly-FFDE23-1200-128-nodesc</styleUrl>
        <Polygon>
          <outerBoundaryIs>
            <LinearRing>
              <tessellate>1</tessellate>
              <coordinates>
                8.700983,40.814826,0
                8.70058,40.814656,0
                8.70056,40.814647,0
                8.700541,40.814637,0
                8.700522,40.814627,0
                8.700504,40.814615,0
                8.700487,40.814604,0
                8.70047,40.814591,0
                8.700454,40.814578,0
                8.700439,40.814565,0
                8.700425,40.81455,0
                8.700412,40.814536,0
                8.7004,40.814521,0
                8.700389,40.814505,0
                8.700379,40.814489,0
                8.70037,40.814473,0
                8.700362,40.814456,0
                8.700355,40.814439,0
                8.700349,40.814422,0
                8.700345,40.814405,0
                8.700341,40.814388,0
                8.700339,40.81437,0
                8.700337,40.814352,0
                8.700337,40.814335,0
                8.700338,40.814317,0
                8.70034,40.814299,0
                8.700344,40.814282,0
                8.700348,40.814264,0
                8.700353,40.814247,0
                8.70036,40.81423,0
                8.700368,40.814214,0
                8.700376,40.814197,0
                8.700386,40.814181,0
                8.700397,40.814166,0
                8.700409,40.81415,0
                8.700422,40.814136,0
                8.700436,40.814121,0
                8.70045,40.814107,0
                8.700466,40.814094,0
                8.700482,40.814082,0
                8.700499,40.81407,0
                8.700517,40.814058,0
                8.700536,40.814048,0
                8.700555,40.814038,0
                8.700575,40.814029,0
                8.700595,40.81402,0
                8.700616,40.814013,0
                8.700638,40.814006,0
                8.70066,40.814,0
                8.700682,40.813994,0
                8.700704,40.81399,0
                8.700727,40.813986,0
                8.70075,40.813984,0
                8.700773,40.813982,0
                8.700797,40.813981,0
                8.70082,40.813981,0
                8.700843,40.813981,0
                8.700866,40.813983,0
                8.700889,40.813986,0
                8.700912,40.813989,0
                8.700935,40.813993,0
                8.700957,40.813998,0
                8.700979,40.814004,0
                8.701001,40.814011,0
                8.701022,40.814018,0
                8.701042,40.814026,0
                8.701479,40.814211,0
                8.701502,40.814222,0
                8.701523,40.814233,0
                8.701544,40.814244,0
                8.702199,40.814641,0
                8.702218,40.814653,0
                8.702236,40.814667,0
                8.702254,40.81468,0
                8.702481,40.814871,0
                8.702497,40.814884,0
                8.702512,40.814898,0
                8.702525,40.814913,0
                8.702538,40.814928,0
                8.70255,40.814944,0
                8.70256,40.81496,0
                8.70257,40.814977,0
                8.702578,40.814994,0
                8.702585,40.815011,0
                8.702592,40.815028,0
                8.702597,40.815046,0
                8.702632,40.815188,0
                8.702636,40.815206,0
                8.702638,40.815223,0
                8.70264,40.815241,0
                8.70264,40.815259,0
                8.702639,40.815277,0
                8.702637,40.815294,0
                8.702634,40.815312,0
                8.70263,40.815329,0
                8.702625,40.815347,0
                8.702618,40.815364,0
                8.702555,40.815515,0
                8.702548,40.815532,0
                8.702539,40.815548,0
                8.702529,40.815564,0
                8.702519,40.81558,0
                8.702507,40.815595,0
                8.702494,40.81561,0
                8.702481,40.815624,0
                8.702466,40.815638,0
                8.702272,40.815814,0
                8.702195,40.815902,0
                8.702169,40.816006,0
                8.702175,40.816068,0
                8.702281,40.816225,0
                8.702349,40.816265,0
                8.702633,40.816317,0
                8.703014,40.816358,0
                8.703037,40.816361,0
                8.70306,40.816364,0
                8.703082,40.816369,0
                8.703104,40.816374,0
                8.703125,40.81638,0
                8.703147,40.816387,0
                8.703167,40.816395,0
                8.703188,40.816404,0
                8.703207,40.816413,0
                8.703226,40.816423,0
                8.703244,40.816433,0
                8.703674,40.816695,0
                8.703688,40.816703,0
                8.704134,40.816996,0
                8.704151,40.817008,0
                8.704168,40.817021,0
                8.704184,40.817034,0
                8.704199,40.817048,0
                8.704487,40.817332,0
                8.704617,40.817449,0
                8.704632,40.817463,0
                8.704646,40.817479,0
                8.70466,40.817494,0
                8.704672,40.817511,0
                8.704683,40.817528,0
                8.704693,40.817545,0
                8.704775,40.817699,0
                8.704783,40.817715,0
                8.70479,40.817732,0
                8.704796,40.817749,0
                8.704801,40.817766,0
                8.704805,40.817784,0
                8.704808,40.817801,0
                8.704809,40.817819,0
                8.70481,40.817837,0
                8.704809,40.817854,0
                8.704807,40.817872,0
                8.704804,40.817889,0
                8.7048,40.817907,0
                8.704795,40.817924,0
                8.704788,40.817941,0
                8.704781,40.817958,0
                8.704772,40.817974,0
                8.704763,40.81799,0
                8.704752,40.818006,0
                8.704741,40.818022,0
                8.704728,40.818036,0
                8.704714,40.818051,0
                8.7047,40.818065,0
                8.704685,40.818078,0
                8.704669,40.818091,0
                8.704652,40.818103,0
                8.704634,40.818114,0
                8.704615,40.818125,0
                8.704596,40.818135,0
                8.704576,40.818144,0
                8.704556,40.818153,0
                8.704535,40.818161,0
                8.704514,40.818168,0
                8.704492,40.818174,0
                8.70447,40.81818,0
                8.704448,40.818184,0
                8.704425,40.818188,0
                8.704402,40.818191,0
                8.704379,40.818193,0
                8.704355,40.818194,0
                8.704332,40.818194,0
                8.704309,40.818194,0
                8.704286,40.818192,0
                8.704263,40.81819,0
                8.70424,40.818187,0
                8.704217,40.818183,0
                8.704195,40.818178,0
                8.704173,40.818173,0
                8.704151,40.818166,0
                8.70413,40.818159,0
                8.704109,40.818151,0
                8.704089,40.818142,0
                8.704069,40.818132,0
                8.70405,40.818122,0
                8.704032,40.818111,0
                8.704014,40.818099,0
                8.703998,40.818087,0
                8.703982,40.818074,0
                8.703967,40.818061,0
                8.703953,40.818047,0
                8.703939,40.818032,0
                8.703927,40.818017,0
                8.703916,40.818002,0
                8.703905,40.817986,0
                8.703896,40.81797,0
                8.703842,40.817868,0
                8.703755,40.817789,0
                8.703743,40.817778,0
                8.703478,40.817518,0
                8.703075,40.817253,0
                8.702753,40.817058,0
                8.702477,40.817028,0
                8.702455,40.817025,0
                8.702432,40.817022,0
                8.702027,40.816947,0
                8.702006,40.816943,0
                8.701985,40.816938,0
                8.701964,40.816932,0
                8.701944,40.816925,0
                8.701924,40.816918,0
                8.701904,40.81691,0
                8.701885,40.816901,0
                8.701867,40.816892,0
                8.701849,40.816882,0
                8.701617,40.816746,0
                8.701599,40.816735,0
                8.701582,40.816723,0
                8.701565,40.816711,0
                8.701549,40.816698,0
                8.701535,40.816684,0
                8.701521,40.81667,0
                8.701508,40.816655,0
                8.701496,40.81664,0
                8.701485,40.816625,0
                8.701288,40.816333,0
                8.701278,40.816317,0
                8.701269,40.816301,0
                8.701261,40.816284,0
                8.701254,40.816268,0
                8.701249,40.816251,0
                8.701244,40.816233,0
                8.70124,40.816216,0
                8.701238,40.816199,0
                8.701218,40.816017,0
                8.701217,40.816001,0
                8.701216,40.815984,0
                8.701217,40.815968,0
                8.701219,40.815952,0
                8.701221,40.815936,0
                8.701225,40.815919,0
                8.701281,40.815696,0
                8.701286,40.815679,0
                8.701292,40.815662,0
                8.701299,40.815645,0
                8.701307,40.815628,0
                8.701317,40.815612,0
                8.701327,40.815596,0
                8.701339,40.81558,0
                8.701351,40.815565,0
                8.701495,40.8154,0
                8.701511,40.815383,0
                8.701528,40.815367,0
                8.701655,40.815251,0
                8.701577,40.815187,0
                8.700983,40.814826,0
              </coordinates>
            </LinearRing>
          </outerBoundaryIs>
        </Polygon>
      </Placemark>
      <Placemark>
        <name>20 - Spectator</name>
        <styleUrl>#poly-FFDE23-1200-128-nodesc</styleUrl>
        <Polygon>
          <outerBoundaryIs>
            <LinearRing>
              <tessellate>1</tessellate>
              <coordinates>
                8.708154,40.837368,0
                8.708143,40.837365,0
                8.708122,40.837359,0
                8.7081,40.837352,0
                8.708079,40.837344,0
                8.708059,40.837335,0
                8.70804,40.837326,0
                8.708021,40.837315,0
                8.708002,40.837304,0
                8.707985,40.837293,0
                8.707968,40.837281,0
                8.707952,40.837268,0
                8.707936,40.837254,0
                8.707922,40.83724,0
                8.707909,40.837226,0
                8.707896,40.837211,0
                8.707885,40.837196,0
                8.707874,40.83718,0
                8.707865,40.837164,0
                8.707857,40.837147,0
                8.707849,40.83713,0
                8.707843,40.837113,0
                8.707838,40.837096,0
                8.707834,40.837079,0
                8.707831,40.837061,0
                8.70783,40.837043,0
                8.707829,40.837026,0
                8.70783,40.837008,0
                8.707831,40.83699,0
                8.707834,40.836973,0
                8.707838,40.836955,0
                8.707843,40.836938,0
                8.70785,40.836921,0
                8.707857,40.836904,0
                8.707865,40.836888,0
                8.707875,40.836872,0
                8.707885,40.836856,0
                8.707897,40.836841,0
                8.707909,40.836826,0
                8.707923,40.836811,0
                8.707937,40.836797,0
                8.707952,40.836784,0
                8.707968,40.836771,0
                8.707985,40.836759,0
                8.708003,40.836747,0
                8.708021,40.836736,0
                8.70804,40.836726,0
                8.70806,40.836717,0
                8.70808,40.836708,0
                8.708101,40.8367,0
                8.708122,40.836693,0
                8.708144,40.836687,0
                8.708166,40.836681,0
                8.708189,40.836677,0
                8.708212,40.836673,0
                8.708234,40.83667,0
                8.708258,40.836668,0
                8.708281,40.836666,0
                8.708304,40.836666,0
                8.708327,40.836666,0
                8.708351,40.836668,0
                8.708374,40.83667,0
                8.708546,40.836689,0
                8.708585,40.836694,0
                8.708654,40.836529,0
                8.708662,40.836512,0
                8.70867,40.836495,0
                8.70868,40.836479,0
                8.708691,40.836464,0
                8.708702,40.836448,0
                8.708715,40.836434,0
                8.708729,40.836419,0
                8.708743,40.836405,0
                8.708759,40.836392,0
                8.708775,40.836379,0
                8.708792,40.836367,0
                8.70881,40.836356,0
                8.708828,40.836345,0
                8.708848,40.836335,0
                8.708867,40.836326,0
                8.708888,40.836317,0
                8.708909,40.83631,0
                8.70893,40.836303,0
                8.708952,40.836297,0
                8.708974,40.836291,0
                8.708997,40.836287,0
                8.70902,40.836283,0
                8.709042,40.83628,0
                8.709066,40.836278,0
                8.709089,40.836277,0
                8.709112,40.836277,0
                8.709135,40.836278,0
                8.709159,40.836279,0
                8.709182,40.836282,0
                8.709205,40.836285,0
                8.709227,40.836289,0
                8.70925,40.836294,0
                8.709272,40.8363,0
                8.709293,40.836306,0
                8.709314,40.836313,0
                8.709335,40.836322,0
                8.709355,40.83633,0
                8.709375,40.83634,0
                8.709394,40.83635,0
                8.709412,40.836362,0
                8.709429,40.836373,0
                8.709446,40.836386,0
                8.709462,40.836399,0
                8.709477,40.836412,0
                8.709491,40.836426,0
                8.709504,40.836441,0
                8.709516,40.836456,0
                8.709528,40.836471,0
                8.709538,40.836487,0
                8.709547,40.836503,0
                8.709555,40.83652,0
                8.709562,40.836537,0
                8.709568,40.836554,0
                8.709573,40.836571,0
                8.709577,40.836589,0
                8.709579,40.836606,0
                8.709581,40.836624,0
                8.709581,40.836642,0
                8.70958,40.836659,0
                8.709578,40.836677,0
                8.709575,40.836694,0
                8.709571,40.836712,0
                8.709565,40.836729,0
                8.709559,40.836746,0
                8.709423,40.837073,0
                8.709416,40.837088,0
                8.709408,40.837103,0
                8.7094,40.837117,0
                8.70939,40.837132,0
                8.709227,40.837366,0
                8.709141,40.837492,0
                8.70913,40.837507,0
                8.709118,40.837522,0
                8.709104,40.837536,0
                8.70909,40.83755,0
                8.709076,40.837563,0
                8.70906,40.837576,0
                8.709043,40.837588,0
                8.709026,40.8376,0
                8.709008,40.837611,0
                8.70899,40.837621,0
                8.70897,40.837631,0
                8.70895,40.837639,0
                8.70893,40.837647,0
                8.708843,40.83768,0
                8.708822,40.837687,0
                8.7088,40.837694,0
                8.708778,40.8377,0
                8.708755,40.837705,0
                8.708732,40.837709,0
                8.708709,40.837712,0
                8.708685,40.837715,0
                8.708662,40.837716,0
                8.708638,40.837717,0
                8.708615,40.837716,0
                8.708591,40.837715,0
                8.708568,40.837713,0
                8.708545,40.83771,0
                8.708521,40.837706,0
                8.708499,40.837702,0
                8.708476,40.837696,0
                8.708454,40.83769,0
                8.708433,40.837682,0
                8.708412,40.837674,0
                8.708391,40.837666,0
                8.708371,40.837656,0
                8.708352,40.837646,0
                8.708333,40.837635,0
                8.708315,40.837623,0
                8.708298,40.837611,0
                8.708282,40.837598,0
                8.708267,40.837584,0
                8.708252,40.83757,0
                8.708239,40.837555,0
                8.708226,40.83754,0
                8.708215,40.837524,0
                8.708204,40.837508,0
                8.708195,40.837492,0
                8.708186,40.837475,0
                8.708179,40.837458,0
                8.708173,40.837441,0
                8.708168,40.837423,0
                8.708154,40.837368,0
              </coordinates>
            </LinearRing>
          </outerBoundaryIs>
        </Polygon>
      </Placemark>
      <Placemark>
        <name>21 - Spectator</name>
        <styleUrl>#poly-FFDE23-1200-128-nodesc</styleUrl>
        <Polygon>
          <outerBoundaryIs>
            <LinearRing>
              <tessellate>1</tessellate>
              <coordinates>
                8.690647,40.856428,0
                8.690722,40.856322,0
                8.690733,40.856307,0
                8.690746,40.856292,0
                8.690759,40.856277,0
                8.690774,40.856263,0
                8.690789,40.85625,0
                8.690805,40.856237,0
                8.690822,40.856225,0
                8.69084,40.856214,0
                8.690858,40.856203,0
                8.690877,40.856193,0
                8.690897,40.856183,0
                8.690917,40.856175,0
                8.690938,40.856167,0
                8.690959,40.85616,0
                8.690981,40.856153,0
                8.691003,40.856148,0
                8.691026,40.856143,0
                8.691048,40.856139,0
                8.691071,40.856136,0
                8.691095,40.856134,0
                8.691118,40.856133,0
                8.691141,40.856133,0
                8.691164,40.856133,0
                8.691188,40.856134,0
                8.691211,40.856137,0
                8.691234,40.85614,0
                8.691256,40.856144,0
                8.691279,40.856148,0
                8.691301,40.856154,0
                8.691323,40.85616,0
                8.691344,40.856168,0
                8.691365,40.856176,0
                8.691385,40.856184,0
                8.691404,40.856194,0
                8.691423,40.856204,0
                8.691442,40.856215,0
                8.691459,40.856227,0
                8.691476,40.856239,0
                8.691492,40.856252,0
                8.691507,40.856265,0
                8.691522,40.856279,0
                8.691535,40.856294,0
                8.691547,40.856309,0
                8.691559,40.856324,0
                8.691569,40.85634,0
                8.691579,40.856356,0
                8.691587,40.856373,0
                8.691594,40.856389,0
                8.6916,40.856407,0
                8.691605,40.856424,0
                8.691609,40.856441,0
                8.691612,40.856459,0
                8.691614,40.856476,0
                8.691614,40.856494,0
                8.691613,40.856512,0
                8.691612,40.856529,0
                8.691609,40.856547,0
                8.691605,40.856564,0
                8.691599,40.856582,0
                8.691593,40.856599,0
                8.691586,40.856615,0
                8.691577,40.856632,0
                8.691568,40.856648,0
                8.691557,40.856664,0
                8.691394,40.856893,0
                8.691367,40.856956,0
                8.691358,40.856973,0
                8.691349,40.85699,0
                8.691339,40.857006,0
                8.691327,40.857022,0
                8.691314,40.857038,0
                8.691301,40.857053,0
                8.691286,40.857067,0
                8.691271,40.857081,0
                8.691254,40.857094,0
                8.691237,40.857107,0
                8.691219,40.857119,0
                8.6912,40.85713,0
                8.69118,40.857141,0
                8.691121,40.857171,0
                8.691102,40.85718,0
                8.691082,40.857189,0
                8.691062,40.857197,0
                8.691041,40.857204,0
                8.691019,40.85721,0
                8.690997,40.857215,0
                8.690975,40.85722,0
                8.690953,40.857224,0
                8.69093,40.857227,0
                8.690907,40.857229,0
                8.690885,40.857231,0
                8.690862,40.857231,0
                8.690839,40.857231,0
                8.690816,40.85723,0
                8.690793,40.857228,0
                8.69077,40.857225,0
                8.690748,40.857222,0
                8.690726,40.857217,0
                8.690704,40.857212,0
                8.690646,40.857197,0
                8.690622,40.85719,0
                8.690427,40.85713,0
                8.690217,40.857082,0
                8.690195,40.857077,0
                8.690173,40.85707,0
                8.690151,40.857063,0
                8.690131,40.857055,0
                8.69011,40.857047,0
                8.690091,40.857037,0
                8.690072,40.857027,0
                8.690053,40.857016,0
                8.690035,40.857005,0
                8.690018,40.856993,0
                8.690002,40.85698,0
                8.689987,40.856967,0
                8.689973,40.856953,0
                8.689959,40.856938,0
                8.689947,40.856923,0
                8.689935,40.856908,0
                8.689925,40.856892,0
                8.689915,40.856876,0
                8.689907,40.85686,0
                8.689899,40.856843,0
                8.689893,40.856826,0
                8.689888,40.856809,0
                8.689884,40.856791,0
                8.689881,40.856774,0
                8.689879,40.856756,0
                8.689878,40.856738,0
                8.689879,40.856721,0
                8.68988,40.856703,0
                8.689883,40.856685,0
                8.689887,40.856668,0
                8.689892,40.856651,0
                8.689898,40.856634,0
                8.689906,40.856617,0
                8.689914,40.8566,0
                8.689923,40.856584,0
                8.689934,40.856568,0
                8.689945,40.856553,0
                8.689957,40.856538,0
                8.689971,40.856523,0
                8.689985,40.856509,0
                8.69,40.856496,0
                8.690016,40.856483,0
                8.690033,40.856471,0
                8.690051,40.856459,0
                8.690069,40.856448,0
                8.690088,40.856438,0
                8.690108,40.856429,0
                8.690128,40.85642,0
                8.690149,40.856412,0
                8.69017,40.856405,0
                8.690192,40.856398,0
                8.690214,40.856393,0
                8.690236,40.856388,0
                8.690259,40.856384,0
                8.690282,40.856381,0
                8.690305,40.856379,0
                8.690328,40.856377,0
                8.690351,40.856377,0
                8.690375,40.856377,0
                8.690398,40.856378,0
                8.690421,40.85638,0
                8.690444,40.856383,0
                8.690467,40.856387,0
                8.690489,40.856392,0
                8.690647,40.856428,0
              </coordinates>
            </LinearRing>
          </outerBoundaryIs>
        </Polygon>
      </Placemark>
      <Placemark>
        <name>14 - Experience</name>
        <styleUrl>#poly-0000FF-1200-128-nodesc</styleUrl>
        <Polygon>
          <outerBoundaryIs>
            <LinearRing>
              <tessellate>1</tessellate>
              <coordinates>
                8.701758,40.815564,0
                8.701756,40.815567,0
                8.701755,40.815569,0
                8.701753,40.815571,0
                8.701751,40.815573,0
                8.701749,40.815576,0
                8.701746,40.815578,0
                8.701744,40.815579,0
                8.701742,40.815581,0
                8.701739,40.815583,0
                8.701736,40.815585,0
                8.701733,40.815586,0
                8.70173,40.815588,0
                8.701727,40.815589,0
                8.701724,40.81559,0
                8.701721,40.815591,0
                8.701718,40.815592,0
                8.701714,40.815593,0
                8.701711,40.815594,0
                8.701708,40.815594,0
                8.701704,40.815595,0
                8.701701,40.815595,0
                8.701697,40.815595,0
                8.701694,40.815595,0
                8.70169,40.815595,0
                8.701687,40.815595,0
                8.701683,40.815595,0
                8.70168,40.815594,0
                8.701677,40.815594,0
                8.701673,40.815593,0
                8.70167,40.815592,0
                8.701667,40.815591,0
                8.701663,40.81559,0
                8.70166,40.815589,0
                8.701657,40.815588,0
                8.701654,40.815586,0
                8.701651,40.815585,0
                8.701649,40.815583,0
                8.701646,40.815581,0
                8.701643,40.81558,0
                8.701641,40.815578,0
                8.701639,40.815576,0
                8.701637,40.815574,0
                8.701635,40.815571,0
                8.701633,40.815569,0
                8.701631,40.815567,0
                8.701629,40.815564,0
                8.701628,40.815562,0
                8.701627,40.81556,0
                8.701626,40.815557,0
                8.701625,40.815554,0
                8.701624,40.815552,0
                8.701623,40.815549,0
                8.701623,40.815547,0
                8.701623,40.815544,0
                8.701623,40.815541,0
                8.701623,40.815539,0
                8.701623,40.815536,0
                8.701623,40.815533,0
                8.701624,40.815531,0
                8.701625,40.815528,0
                8.701626,40.815526,0
                8.701627,40.815523,0
                8.701628,40.815521,0
                8.701629,40.815518,0
                8.701725,40.815298,0
                8.701718,40.815198,0
                8.701588,40.814964,0
                8.701586,40.814962,0
                8.701584,40.814959,0
                8.701583,40.814957,0
                8.701581,40.814955,0
                8.70158,40.814952,0
                8.701579,40.81495,0
                8.701578,40.814947,0
                8.701577,40.814944,0
                8.701577,40.814942,0
                8.701576,40.814939,0
                8.701576,40.814937,0
                8.701576,40.814934,0
                8.701576,40.814931,0
                8.701576,40.814929,0
                8.701577,40.814926,0
                8.701577,40.814923,0
                8.701578,40.814921,0
                8.701579,40.814918,0
                8.70158,40.814916,0
                8.701581,40.814913,0
                8.701583,40.814911,0
                8.701584,40.814908,0
                8.701586,40.814906,0
                8.701588,40.814904,0
                8.70159,40.814902,0
                8.701592,40.8149,0
                8.701595,40.814898,0
                8.701597,40.814896,0
                8.701599,40.814894,0
                8.701602,40.814892,0
                8.701605,40.814891,0
                8.701608,40.814889,0
                8.701611,40.814888,0
                8.701614,40.814886,0
                8.701617,40.814885,0
                8.70162,40.814884,0
                8.701623,40.814883,0
                8.701627,40.814882,0
                8.70163,40.814882,0
                8.701633,40.814881,0
                8.701637,40.81488,0
                8.70164,40.81488,0
                8.701644,40.81488,0
                8.701647,40.81488,0
                8.701651,40.81488,0
                8.701654,40.81488,0
                8.701658,40.814881,0
                8.701661,40.814881,0
                8.701665,40.814882,0
                8.701668,40.814882,0
                8.701671,40.814883,0
                8.701674,40.814884,0
                8.701678,40.814885,0
                8.701681,40.814886,0
                8.701684,40.814888,0
                8.701687,40.814889,0
                8.70169,40.814891,0
                8.701692,40.814892,0
                8.701695,40.814894,0
                8.701698,40.814896,0
                8.7017,40.814898,0
                8.701702,40.8149,0
                8.701704,40.814902,0
                8.701955,40.815129,0
                8.701957,40.815131,0
                8.70196,40.815133,0
                8.701962,40.815135,0
                8.701964,40.815138,0
                8.701966,40.81514,0
                8.701968,40.815142,0
                8.701969,40.815144,0
                8.701971,40.815147,0
                8.701972,40.815149,0
                8.701973,40.815152,0
                8.701974,40.815154,0
                8.701975,40.815157,0
                8.701976,40.81516,0
                8.701976,40.815162,0
                8.701976,40.815165,0
                8.701977,40.815168,0
                8.701978,40.815265,0
                8.701978,40.815268,0
                8.701978,40.81527,0
                8.701978,40.815273,0
                8.701977,40.815276,0
                8.701976,40.815278,0
                8.701976,40.815281,0
                8.701975,40.815283,0
                8.701973,40.815286,0
                8.701972,40.815288,0
                8.70197,40.815291,0
                8.701969,40.815293,0
                8.701967,40.815295,0
                8.701965,40.815298,0
                8.701963,40.8153,0
                8.70196,40.815302,0
                8.701758,40.815564,0
              </coordinates>
            </LinearRing>
          </outerBoundaryIs>
        </Polygon>
      </Placemark>
    </Folder>
    <Folder>
      <name>NR</name>
      <Placemark>
        <name>Disability Point</name>
        <styleUrl>#icon-1899-DB4436-nodesc</styleUrl>
        <Point>
          <coordinates>
            8.701564,40.816158,0
          </coordinates>
        </Point>
      </Placemark>
      <Placemark>
        <name>14</name>
        <styleUrl>#icon-1899-DB4436-nodesc</styleUrl>
        <Point>
          <coordinates>
            8.701731,40.815248,0
          </coordinates>
        </Point>
      </Placemark>
      <Placemark>
        <name>19</name>
        <styleUrl>#icon-1899-DB4436-nodesc</styleUrl>
        <Point>
          <coordinates>
            8.702567,40.816081,0
          </coordinates>
        </Point>
      </Placemark>
      <Placemark>
        <name>20</name>
        <styleUrl>#icon-1899-DB4436-nodesc</styleUrl>
        <Point>
          <coordinates>
            8.709454,40.837153,0
          </coordinates>
        </Point>
      </Placemark>
      <Placemark>
        <name>21</name>
        <styleUrl>#icon-1899-DB4436-nodesc</styleUrl>
        <Point>
          <coordinates>
            8.690836,40.857265,0
          </coordinates>
        </Point>
      </Placemark>
    </Folder>
    <Folder>
      <name>Parking</name>
      <Placemark>
        <name>Parking Media</name>
        <styleUrl>#icon-1899-DB4436-nodesc</styleUrl>
        <Point>
          <coordinates>
            8.700295,40.814591,0
          </coordinates>
        </Point>
      </Placemark>
      <Placemark>
        <name>Parking Area</name>
        <styleUrl>#poly-000066-1000-191-nodesc</styleUrl>
        <Polygon>
          <outerBoundaryIs>
            <LinearRing>
              <tessellate>1</tessellate>
              <coordinates>
                8.700348,40.814627,0
                8.6991,40.814438,0
                8.699116,40.814376,0
                8.700368,40.814565,0
                8.701035,40.814709,0
                8.701391,40.814791,0
                8.701565,40.814931,0
                8.701676,40.815077,0
                8.701715,40.815246,0
                8.701693,40.815439,0
                8.701614,40.815672,0
                8.701546,40.815878,0
                8.701465,40.815863,0
                8.701534,40.815656,0
                8.701611,40.815429,0
                8.701631,40.815249,0
                8.701597,40.815099,0
                8.701498,40.814968,0
                8.701346,40.814846,0
                8.701012,40.814769,0
                8.700348,40.814627,0
              </coordinates>
            </LinearRing>
          </outerBoundaryIs>
        </Polygon>
      </Placemark>
    </Folder>
    <Folder>
      <name>Track</name>
      <Placemark>
        <name>START</name>
        <description>Km: 0.00</description>
        <styleUrl>#icon-1899-DB4436</styleUrl>
        <Point>
          <coordinates>
            8.68163,40.777139,0
          </coordinates>
        </Point>
      </Placemark>
      <Placemark>
        <name>SS14/16 Osilo-Tergu - km. 23.71</name>
        <styleUrl>#line-FF0000-5000-nodesc</styleUrl>
        <LineString>
          <tessellate>1</tessellate>
          <coordinates>
            8.681632,40.777139,0
            8.68168,40.777183,0
            8.681764,40.777263,0
            8.681856,40.777398,0
            8.681897,40.77745,0
            8.681948,40.777496,0
            8.682014,40.777531,0
            8.682088,40.777556,0
            8.682163,40.777577,0
            8.682239,40.777597,0
            8.682434,40.777647,0
            8.682641,40.777698,0
            8.682774,40.777718,0
            8.68289,40.777713,0
            8.683001,40.777687,0
            8.683045,40.777671,0
            8.683087,40.777653,0
            8.683127,40.777633,0
            8.683167,40.777613,0
            8.683208,40.777596,0
            8.683252,40.777584,0
            8.6833,40.777581,0
            8.683347,40.777582,0
            8.683393,40.777589,0
            8.68344,40.777596,0
            8.683486,40.777606,0
            8.68353,40.777618,0
            8.683575,40.777631,0
            8.683686,40.77766,0
            8.683737,40.77767,0
            8.68379,40.777674,0
            8.683842,40.777675,0
            8.683895,40.777669,0
            8.683945,40.777659,0
            8.683992,40.777641,0
            8.684036,40.777619,0
            8.684077,40.777594,0
            8.684116,40.777567,0
            8.684187,40.77752,0
            8.684333,40.77744,0
            8.6845,40.777391,0
            8.684678,40.777369,0
            8.684868,40.777361,0
            8.685105,40.777362,0
            8.685343,40.777363,0
            8.68558,40.777362,0
            8.685817,40.777351,0
            8.686053,40.777327,0
            8.686286,40.777292,0
            8.686517,40.777267,0
            8.686707,40.777271,0
            8.686893,40.777302,0
            8.687064,40.777367,0
            8.687244,40.777455,0
            8.68744,40.777557,0
            8.687635,40.77766,0
            8.687795,40.777758,0
            8.687929,40.777877,0
            8.688054,40.778019,0
            8.688181,40.77817,0
            8.688301,40.778326,0
            8.688427,40.778478,0
            8.688563,40.778626,0
            8.688711,40.778766,0
            8.688864,40.778904,0
            8.68902,40.779039,0
            8.689176,40.779175,0
            8.689332,40.779311,0
            8.689433,40.779426,0
            8.689503,40.779553,0
            8.689558,40.779685,0
            8.689632,40.779856,0
            8.689701,40.779957,0
            8.689797,40.780046,0
            8.689899,40.780131,0
            8.690016,40.780245,0
            8.690104,40.780374,0
            8.690181,40.780506,0
            8.690289,40.780661,0
            8.690378,40.780741,0
            8.69048,40.780811,0
            8.690582,40.780881,0
            8.690662,40.780971,0
            8.690682,40.781003,0
            8.6907,40.781036,0
            8.690717,40.78107,0
            8.690735,40.781103,0
            8.690755,40.781136,0
            8.690782,40.781165,0
            8.690823,40.781183,0
            8.690867,40.781196,0
            8.690912,40.781208,0
            8.690959,40.781212,0
            8.691006,40.781216,0
            8.691053,40.781221,0
            8.6911,40.781228,0
            8.691145,40.781238,0
            8.691188,40.781253,0
            8.691226,40.781275,0
            8.69126,40.7813,0
            8.691287,40.781329,0
            8.691315,40.781359,0
            8.691342,40.781388,0
            8.691414,40.781468,0
            8.691546,40.781617,0
            8.691679,40.781767,0
            8.691803,40.78192,0
            8.691898,40.782062,0
            8.691943,40.782168,0
            8.691951,40.782279,0
            8.691953,40.782391,0
            8.691946,40.782567,0
            8.691923,40.78274,0
            8.691881,40.782912,0
            8.691867,40.783078,0
            8.691898,40.783218,0
            8.691941,40.783356,0
            8.692006,40.78353,0
            8.692065,40.783704,0
            8.69211,40.78388,0
            8.692139,40.784059,0
            8.692141,40.78423,0
            8.692108,40.784365,0
            8.692048,40.784495,0
            8.691964,40.784663,0
            8.691932,40.784785,0
            8.691935,40.78491,0
            8.69195,40.785034,0
            8.691998,40.78521,0
            8.692067,40.785382,0
            8.692146,40.785552,0
            8.692224,40.785721,0
            8.692302,40.785891,0
            8.692375,40.786062,0
            8.69244,40.786235,0
            8.692453,40.78627,0
            8.692466,40.786305,0
            8.692479,40.786339,0
            8.692492,40.786399,0
            8.692511,40.786442,0
            8.692567,40.786483,0
            8.692616,40.786497,0
            8.692674,40.786492,0
            8.692736,40.786468,0
            8.692771,40.786433,0
            8.692797,40.786391,0
            8.692801,40.786354,0
            8.692797,40.786306,0
            8.692786,40.786268,0
            8.692771,40.786234,0
            8.692755,40.7862,0
            8.692737,40.786167,0
            8.692719,40.786134,0
            8.692701,40.786101,0
            8.69262,40.785961,0
            8.69254,40.785792,0
            8.692505,40.785633,0
            8.692497,40.785472,0
            8.69251,40.785307,0
            8.692545,40.785202,0
            8.692611,40.785105,0
            8.692689,40.785013,0
            8.692824,40.784869,0
            8.692953,40.784718,0
            8.693073,40.784563,0
            8.693174,40.7844,0
            8.693257,40.784232,0
            8.693309,40.784057,0
            8.693353,40.78388,0
            8.6934,40.783703,0
            8.693439,40.783526,0
            8.693446,40.78349,0
            8.693454,40.783455,0
            8.693461,40.783419,0
            8.69347,40.783384,0
            8.693482,40.783349,0
            8.693506,40.783319,0
            8.693538,40.783293,0
            8.693575,40.783269,0
            8.693616,40.783253,0
            8.69366,40.783239,0
            8.693706,40.783229,0
            8.693752,40.783222,0
            8.693799,40.783215,0
            8.693875,40.783204,0
            8.693949,40.783186,0
            8.694017,40.783157,0
            8.694073,40.783117,0
            8.694123,40.783072,0
            8.694174,40.783028,0
            8.694316,40.782918,0
            8.694484,40.782835,0
            8.694665,40.78277,0
            8.694883,40.782698,0
            8.695102,40.782629,0
            8.695164,40.782605,0
            8.695222,40.782576,0
            8.695256,40.782551,0
            8.695287,40.782524,0
            8.695314,40.782494,0
            8.695332,40.782461,0
            8.695347,40.782427,0
            8.695352,40.782392,0
            8.695352,40.782356,0
            8.695352,40.78232,0
            8.695346,40.782284,0
            8.695321,40.782184,0
            8.69528,40.782048,0
            8.695256,40.781995,0
            8.695237,40.781962,0
            8.695213,40.781931,0
            8.695185,40.781902,0
            8.69515,40.781878,0
            8.695111,40.781859,0
            8.695067,40.781844,0
            8.695022,40.781834,0
            8.694976,40.781824,0
            8.69493,40.781815,0
            8.694884,40.781808,0
            8.694743,40.781779,0
            8.694618,40.781723,0
            8.694509,40.781649,0
            8.694368,40.781534,0
            8.694209,40.7814,0
            8.694061,40.781259,0
            8.693925,40.781112,0
            8.69379,40.780964,0
            8.693658,40.780814,0
            8.693541,40.780667,0
            8.693473,40.780521,0
            8.693444,40.780368,0
            8.69343,40.780213,0
            8.693415,40.780033,0
            8.693422,40.779876,0
            8.693469,40.779755,0
            8.693547,40.779643,0
            8.693639,40.779521,0
            8.693756,40.779365,0
            8.693872,40.779208,0
            8.693986,40.77905,0
            8.6941,40.778892,0
            8.694214,40.778734,0
            8.694342,40.778589,0
            8.694494,40.778474,0
            8.694665,40.778391,0
            8.694852,40.778332,0
            8.694988,40.778309,0
            8.695127,40.778304,0
            8.695264,40.778322,0
            8.6954,40.778347,0
            8.69563,40.778392,0
            8.69586,40.778437,0
            8.696091,40.778479,0
            8.696323,40.778515,0
            8.69656,40.778533,0
            8.696797,40.778543,0
            8.697034,40.77854,0
            8.697214,40.778525,0
            8.697259,40.778516,0
            8.697304,40.778504,0
            8.697347,40.778489,0
            8.697387,40.778469,0
            8.697423,40.778446,0
            8.697452,40.778418,0
            8.697477,40.778387,0
            8.697493,40.778353,0
            8.697505,40.778319,0
            8.697517,40.778284,0
            8.697528,40.778249,0
            8.697536,40.778214,0
            8.697553,40.778054,0
            8.697555,40.778018,0
            8.697557,40.777982,0
            8.697562,40.777947,0
            8.697577,40.777913,0
            8.697609,40.777888,0
            8.697654,40.777878,0
            8.697701,40.777878,0
            8.697745,40.77789,0
            8.69778,40.777914,0
            8.697802,40.777945,0
            8.697812,40.77798,0
            8.697817,40.778016,0
            8.697821,40.778052,0
            8.697825,40.778088,0
            8.697828,40.778124,0
            8.697832,40.778159,0
            8.697851,40.778339,0
            8.697857,40.778517,0
            8.697837,40.778618,0
            8.697792,40.778714,0
            8.697716,40.778798,0
            8.6976,40.77889,0
            8.697462,40.778962,0
            8.697315,40.779024,0
            8.697107,40.779111,0
            8.696899,40.779198,0
            8.696735,40.779267,0
            8.696695,40.779286,0
            8.696656,40.779306,0
            8.69662,40.779329,0
            8.696592,40.779358,0
            8.696569,40.779389,0
            8.696552,40.779423,0
            8.696542,40.779458,0
            8.696537,40.779493,0
            8.696542,40.779529,0
            8.69655,40.77957,0
            8.69657,40.779608,0
            8.696598,40.779646,0
            8.696627,40.779684,0
            8.696683,40.77974,0
            8.696744,40.779793,0
            8.696875,40.779903,0
            8.697034,40.780036,0
            8.697152,40.78015,0
            8.697182,40.780192,0
            8.697209,40.780235,0
            8.697223,40.780281,0
            8.697226,40.780329,0
            8.697222,40.780365,0
            8.697216,40.7804,0
            8.697205,40.780435,0
            8.697188,40.780469,0
            8.697165,40.7805,0
            8.697135,40.780528,0
            8.697098,40.78055,0
            8.697057,40.780567,0
            8.697013,40.780581,0
            8.696966,40.780586,0
            8.696919,40.78059,0
            8.696871,40.780591,0
            8.696824,40.78059,0
            8.696777,40.780588,0
            8.696729,40.780586,0
            8.696682,40.780586,0
            8.696634,40.780587,0
            8.696588,40.780595,0
            8.696543,40.780607,0
            8.696504,40.780626,0
            8.696474,40.780654,0
            8.696455,40.780687,0
            8.696447,40.780722,0
            8.696451,40.780757,0
            8.696459,40.780793,0
            8.696476,40.780826,0
            8.696505,40.780854,0
            8.696537,40.78088,0
            8.696569,40.780907,0
            8.696603,40.780932,0
            8.696711,40.781011,0
            8.69689,40.781129,0
            8.697078,40.781239,0
            8.697276,40.781338,0
            8.697476,40.781435,0
            8.697676,40.781532,0
            8.697882,40.781622,0
            8.698076,40.781679,0
            8.69828,40.781709,0
            8.698488,40.781718,0
            8.698725,40.781707,0
            8.698959,40.781675,0
            8.699171,40.78163,0
            8.699374,40.781565,0
            8.699504,40.781524,0
            8.699607,40.781509,0
            8.699711,40.781508,0
            8.699815,40.781523,0
            8.699911,40.781556,0
            8.700002,40.781609,0
            8.700074,40.781677,0
            8.70013,40.781753,0
            8.700181,40.781837,0
            8.700242,40.781968,0
            8.700312,40.78214,0
            8.700385,40.782298,0
            8.700489,40.782445,0
            8.700621,40.782595,0
            8.700761,40.78274,0
            8.700797,40.782778,0
            8.700831,40.782817,0
            8.700858,40.782859,0
            8.700879,40.782903,0
            8.700885,40.782949,0
            8.700886,40.782996,0
            8.700871,40.783041,0
            8.70085,40.783085,0
            8.700826,40.783132,0
            8.700801,40.783178,0
            8.700775,40.783238,0
            8.700761,40.783283,0
            8.700756,40.783329,0
            8.70076,40.783375,0
            8.700778,40.783419,0
            8.700803,40.783461,0
            8.700838,40.783498,0
            8.700877,40.783534,0
            8.700923,40.783564,0
            8.701,40.783609,0
            8.701127,40.783685,0
            8.701313,40.783797,0
            8.701498,40.783909,0
            8.701684,40.784021,0
            8.701868,40.784135,0
            8.701904,40.784158,0
            8.70194,40.784182,0
            8.701971,40.784209,0
            8.701996,40.78424,0
            8.702006,40.784275,0
            8.702015,40.78431,0
            8.702025,40.784345,0
            8.702018,40.784381,0
            8.70201,40.784416,0
            8.701993,40.784489,0
            8.701964,40.784561,0
            8.701918,40.784707,0
            8.70191,40.784844,0
            8.701919,40.784982,0
            8.701948,40.785161,0
            8.701987,40.785338,0
            8.701994,40.785402,0
            8.701992,40.785465,0
            8.70197,40.785526,0
            8.701942,40.785586,0
            8.701901,40.785642,0
            8.70179,40.785772,0
            8.701654,40.785907,0
            8.701503,40.786015,0
            8.701322,40.786093,0
            8.70112,40.786158,0
            8.700897,40.786219,0
            8.700858,40.78624,0
            8.70083,40.786268,0
            8.700813,40.786301,0
            8.700803,40.786336,0
            8.70081,40.786371,0
            8.700828,40.786405,0
            8.700845,40.786438,0
            8.700865,40.786471,0
            8.70089,40.786501,0
            8.700916,40.786531,0
            8.700942,40.786561,0
            8.701018,40.786675,0
            8.701104,40.786843,0
            8.70114,40.786977,0
            8.701143,40.787114,0
            8.70112,40.78725,0
            8.701067,40.787413,0
            8.701007,40.787542,0
            8.700914,40.78766,0
            8.70081,40.78775,0
            8.700685,40.787822,0
            8.700547,40.78788,0
            8.700328,40.787951,0
            8.700104,40.78801,0
            8.69988,40.788069,0
            8.699828,40.788086,0
            8.699779,40.788107,0
            8.699734,40.788131,0
            8.699703,40.788167,0
            8.699672,40.788203,0
            8.699648,40.788241,0
            8.699632,40.788282,0
            8.699618,40.788323,0
            8.699613,40.788413,0
            8.699616,40.788515,0
            8.699622,40.788693,0
            8.699627,40.788872,0
            8.699631,40.789052,0
            8.699651,40.78917,0
            8.699705,40.789281,0
            8.699788,40.789383,0
            8.699906,40.789483,0
            8.70003,40.789579,0
            8.700087,40.789623,0
            8.700141,40.789667,0
            8.700172,40.789695,0
            8.700199,40.789724,0
            8.700218,40.789756,0
            8.700219,40.789792,0
            8.700211,40.789827,0
            8.700202,40.789863,0
            8.70019,40.789897,0
            8.700173,40.789931,0
            8.700154,40.789964,0
            8.700086,40.790089,0
            8.700015,40.79026,0
            8.699958,40.790435,0
            8.699919,40.790612,0
            8.699887,40.79079,0
            8.699876,40.79097,0
            8.699889,40.791149,0
            8.699914,40.791328,0
            8.699939,40.791507,0
            8.699964,40.791686,0
            8.699988,40.791865,0
            8.700013,40.792044,0
            8.70004,40.792222,0
            8.700073,40.7924,0
            8.700103,40.792579,0
            8.700116,40.79267,0
            8.700145,40.792759,0
            8.7002,40.792841,0
            8.700281,40.792909,0
            8.700401,40.792983,0
            8.70054,40.793056,0
            8.700734,40.79316,0
            8.700921,40.793271,0
            8.701104,40.793386,0
            8.701283,40.793504,0
            8.701462,40.793622,0
            8.701639,40.793742,0
            8.701813,40.793865,0
            8.701986,40.793988,0
            8.70216,40.794111,0
            8.702334,40.794233,0
            8.702515,40.79435,0
            8.702706,40.794456,0
            8.70291,40.794549,0
            8.703122,40.794629,0
            8.703334,40.794711,0
            8.703545,40.794793,0
            8.703754,40.794879,0
            8.703795,40.794897,0
            8.703837,40.794914,0
            8.703878,40.794932,0
            8.703916,40.794953,0
            8.703948,40.79498,0
            8.703975,40.795009,0
            8.703994,40.795042,0
            8.704008,40.795076,0
            8.704014,40.795112,0
            8.704013,40.795148,0
            8.704003,40.795183,0
            8.703984,40.795215,0
            8.703952,40.795242,0
            8.703914,40.795263,0
            8.703872,40.79528,0
            8.703826,40.795286,0
            8.703779,40.795283,0
            8.703733,40.795276,0
            8.703689,40.795261,0
            8.703646,40.795247,0
            8.703603,40.795231,0
            8.703562,40.795214,0
            8.70343,40.795147,0
            8.703266,40.79506,0
            8.703077,40.794951,0
            8.702895,40.794835,0
            8.702715,40.794719,0
            8.702523,40.794615,0
            8.702328,40.794512,0
            8.702122,40.794423,0
            8.701905,40.79435,0
            8.701686,40.794281,0
            8.701466,40.794211,0
            8.701247,40.794142,0
            8.701028,40.794072,0
            8.700808,40.794005,0
            8.700587,40.793939,0
            8.700366,40.793873,0
            8.700146,40.793806,0
            8.699938,40.793722,0
            8.699734,40.79363,0
            8.699535,40.793531,0
            8.699338,40.793431,0
            8.69925,40.793397,0
            8.699158,40.793371,0
            8.69906,40.793364,0
            8.698961,40.793361,0
            8.698864,40.793374,0
            8.698663,40.793408,0
            8.698433,40.793452,0
            8.698203,40.793497,0
            8.697973,40.793543,0
            8.697797,40.79359,0
            8.697651,40.793657,0
            8.69753,40.793748,0
            8.697442,40.793854,0
            8.697386,40.793972,0
            8.697362,40.794095,0
            8.697364,40.794222,0
            8.697405,40.794331,0
            8.697472,40.794424,0
            8.697563,40.79449,0
            8.697661,40.794526,0
            8.69777,40.79455,0
            8.697878,40.794558,0
            8.697973,40.79454,0
            8.698081,40.794538,0
            8.698312,40.794542,0
            8.698549,40.794557,0
            8.698785,40.794574,0
            8.699021,40.794591,0
            8.699258,40.794611,0
            8.699494,40.794631,0
            8.699732,40.794661,0
            8.699898,40.79467,0
            8.700019,40.79467,0
            8.700124,40.794641,0
            8.700195,40.79463,0
            8.700256,40.794622,0
            8.700354,40.794625,0
            8.700439,40.794647,0
            8.700472,40.794673,0
            8.700499,40.794703,0
            8.700515,40.794737,0
            8.700517,40.794773,0
            8.700504,40.794807,0
            8.700482,40.794839,0
            8.700446,40.794862,0
            8.700409,40.794885,0
            8.700363,40.794895,0
            8.700318,40.794905,0
            8.700271,40.79491,0
            8.700223,40.794907,0
            8.700176,40.794904,0
            8.700127,40.794906,0
            8.700078,40.794909,0
            8.70003,40.794917,0
            8.699987,40.794935,0
            8.699944,40.794953,0
            8.699902,40.794972,0
            8.699862,40.794994,0
            8.699728,40.795085,0
            8.699586,40.795182,0
            8.699414,40.795307,0
            8.699245,40.795433,0
            8.699097,40.79554,0
            8.699037,40.795592,0
            8.699008,40.795627,0
            8.698987,40.795659,0
            8.698967,40.79569,0
            8.698954,40.795728,0
            8.698944,40.795766,0
            8.698947,40.795804,0
            8.698955,40.795843,0
            8.698975,40.795881,0
            8.699005,40.795914,0
            8.699046,40.79595,0
            8.699086,40.795973,0
            8.699132,40.795985,0
            8.699173,40.795994,0
            8.699215,40.796001,0
            8.699263,40.796008,0
            8.699318,40.796011,0
            8.699429,40.79602,0
            8.699476,40.796028,0
            8.699522,40.796036,0
            8.699567,40.796047,0
            8.69961,40.796062,0
            8.699648,40.796084,0
            8.699681,40.79611,0
            8.699714,40.796136,0
            8.699731,40.796169,0
            8.699737,40.796205,0
            8.699743,40.796241,0
            8.699748,40.796276,0
            8.699742,40.796312,0
            8.699735,40.796348,0
            8.699704,40.796468,0
            8.699701,40.796562,0
            8.699744,40.796699,0
            8.699836,40.796838,0
            8.699935,40.796958,0
            8.700039,40.797078,0
            8.70015,40.797237,0
            8.700262,40.797396,0
            8.700373,40.797554,0
            8.700485,40.797713,0
            8.700597,40.797872,0
            8.70071,40.79803,0
            8.700823,40.798188,0
            8.700936,40.798346,0
            8.701051,40.798504,0
            8.70116,40.798646,0
            8.701224,40.798764,0
            8.701237,40.798804,0
            8.701242,40.798844,0
            8.701245,40.798885,0
            8.701237,40.798924,0
            8.701219,40.798962,0
            8.701199,40.799,0
            8.701179,40.799037,0
            8.701147,40.79907,0
            8.701115,40.799103,0
            8.701012,40.799205,0
            8.700869,40.799338,0
            8.700716,40.799476,0
            8.700576,40.799613,0
            8.700437,40.799758,0
            8.700354,40.799908,0
            8.700273,40.800079,0
            8.700209,40.800266,0
            8.700158,40.800446,0
            8.70015,40.800605,0
            8.700182,40.800752,0
            8.700213,40.800902,0
            8.700244,40.80108,0
            8.700237,40.801216,0
            8.700201,40.80135,0
            8.700129,40.801486,0
            8.700035,40.801588,0
            8.699963,40.801642,0
            8.699925,40.801663,0
            8.699886,40.801683,0
            8.699841,40.801696,0
            8.699796,40.801707,0
            8.69975,40.801712,0
            8.699702,40.801709,0
            8.699655,40.801707,0
            8.699607,40.801704,0
            8.699561,40.801697,0
            8.699377,40.801662,0
            8.699173,40.801613,0
            8.698946,40.801561,0
            8.698717,40.801513,0
            8.698489,40.801462,0
            8.698421,40.801449,0
            8.698374,40.801442,0
            8.698327,40.80144,0
            8.69828,40.801441,0
            8.698234,40.80145,0
            8.698189,40.801461,0
            8.698149,40.801481,0
            8.698112,40.801502,0
            8.698082,40.801531,0
            8.698055,40.80156,0
            8.698035,40.801592,0
            8.698027,40.801628,0
            8.69802,40.801663,0
            8.698013,40.801699,0
            8.698011,40.801735,0
            8.698013,40.801771,0
            8.698018,40.801932,0
            8.698022,40.802112,0
            8.69802,40.802292,0
            8.698018,40.802472,0
            8.698019,40.802652,0
            8.698049,40.802798,0
            8.698072,40.802852,0
            8.698104,40.802903,0
            8.698149,40.802947,0
            8.698204,40.802985,0
            8.698264,40.803017,0
            8.698332,40.80304,0
            8.698453,40.803072,0
            8.698617,40.803098,0
            8.698782,40.803117,0
            8.699016,40.80315,0
            8.699249,40.803184,0
            8.699482,40.803219,0
            8.699715,40.803254,0
            8.699948,40.80329,0
            8.700181,40.803327,0
            8.700414,40.803363,0
            8.700648,40.803394,0
            8.700881,40.803426,0
            8.701114,40.803462,0
            8.701347,40.803499,0
            8.701518,40.803528,0
            8.70161,40.80355,0
            8.701696,40.803584,0
            8.701763,40.803636,0
            8.701818,40.803696,0
            8.70185,40.803765,0
            8.701872,40.803838,0
            8.701882,40.80392,0
            8.701882,40.804044,0
            8.70188,40.804224,0
            8.701854,40.804403,0
            8.701827,40.804511,0
            8.701757,40.804606,0
            8.701647,40.804691,0
            8.701527,40.804769,0
            8.701392,40.804895,0
            8.701309,40.805028,0
            8.701245,40.805191,0
            8.701212,40.805379,0
            8.701206,40.805572,0
            8.701215,40.80575,0
            8.701202,40.805929,0
            8.70116,40.806096,0
            8.701083,40.806247,0
            8.700987,40.80636,0
            8.700869,40.806461,0
            8.700695,40.806583,0
            8.700513,40.806699,0
            8.700306,40.806804,0
            8.700098,40.806905,0
            8.699827,40.807071,0
            8.699697,40.807137,0
            8.699571,40.807213,0
            8.69943,40.807333,0
            8.699271,40.807469,0
            8.699117,40.807613,0
            8.698964,40.807753,0
            8.698783,40.807916,0
            8.698613,40.808075,0
            8.698504,40.808197,0
            8.698401,40.808333,0
            8.698311,40.808498,0
            8.698234,40.808676,0
            8.698145,40.808843,0
            8.698036,40.809025,0
            8.697939,40.809204,0
            8.697862,40.809374,0
            8.697848,40.809509,0
            8.697857,40.809638,0
            8.6979,40.809763,0
            8.697976,40.809904,0
            8.698072,40.810068,0
            8.698166,40.810233,0
            8.698259,40.810399,0
            8.698336,40.810548,0
            8.698366,40.810662,0
            8.698363,40.810779,0
            8.698348,40.810895,0
            8.698329,40.811074,0
            8.698345,40.811214,0
            8.698385,40.811314,0
            8.698452,40.811405,0
            8.698542,40.811485,0
            8.698683,40.811575,0
            8.698837,40.811672,0
            8.699007,40.811798,0
            8.699132,40.811927,0
            8.699222,40.812071,0
            8.699282,40.812233,0
            8.699299,40.812402,0
            8.699297,40.812578,0
            8.699304,40.812758,0
            8.699345,40.812931,0
            8.699418,40.813097,0
            8.699509,40.813263,0
            8.699602,40.813429,0
            8.699694,40.813594,0
            8.699794,40.813757,0
            8.69991,40.813896,0
            8.700056,40.814018,0
            8.700228,40.814119,0
            8.700428,40.814209,0
            8.700639,40.814291,0
            8.700853,40.81437,0
            8.701067,40.814447,0
            8.701274,40.814535,0
            8.701469,40.814639,0
            8.701657,40.814748,0
            8.701845,40.814859,0
            8.702028,40.814973,0
            8.702094,40.815029,0
            8.70212,40.815059,0
            8.702142,40.81509,0
            8.70216,40.815124,0
            8.702169,40.815159,0
            8.702169,40.815195,0
            8.702169,40.815231,0
            8.702166,40.815266,0
            8.70215,40.8153,0
            8.702126,40.815331,0
            8.702095,40.815372,0
            8.702058,40.815412,0
            8.701973,40.815491,0
            8.701854,40.815621,0
            8.701756,40.81577,0
            8.7017,40.815908,0
            8.701692,40.816015,0
            8.701715,40.816121,0
            8.701762,40.816223,0
            8.701856,40.816369,0
            8.701966,40.816474,0
            8.702092,40.816549,0
            8.702235,40.816602,0
            8.702412,40.816639,0
            8.702592,40.816665,0
            8.702826,40.816697,0
            8.702972,40.816735,0
            8.703106,40.816794,0
            8.703229,40.816865,0
            8.703413,40.816979,0
            8.703598,40.817091,0
            8.703781,40.817206,0
            8.703943,40.81733,0
            8.704082,40.817469,0
            8.704215,40.817618,0
            8.704335,40.817773,0
            8.704421,40.817912,0
            8.704476,40.81806,0
            8.704508,40.818211,0
            8.704563,40.818384,0
            8.704627,40.81849,0
            8.704717,40.818584,0
            8.704826,40.818667,0
            8.705002,40.818788,0
            8.705178,40.818909,0
            8.705354,40.81903,0
            8.70553,40.819151,0
            8.705706,40.819272,0
            8.705851,40.819374,0
            8.705949,40.819469,0
            8.705972,40.8195,0
            8.705991,40.819533,0
            8.706007,40.819567,0
            8.706018,40.819602,0
            8.706026,40.819638,0
            8.706023,40.819673,0
            8.706008,40.819707,0
            8.705993,40.819741,0
            8.705976,40.819774,0
            8.705955,40.819807,0
            8.705888,40.819893,0
            8.705796,40.819967,0
            8.705704,40.820039,0
            8.705539,40.820169,0
            8.705374,40.820299,0
            8.705209,40.820428,0
            8.705044,40.820558,0
            8.704878,40.820686,0
            8.704783,40.820741,0
            8.704675,40.820778,0
            8.704558,40.820795,0
            8.704486,40.820792,0
            8.704415,40.820787,0
            8.704347,40.82077,0
            8.704283,40.820745,0
            8.704223,40.820715,0
            8.704166,40.820683,0
            8.704092,40.820641,0
            8.704015,40.820602,0
            8.703955,40.820584,0
            8.7039,40.820568,0
            8.70384,40.820572,0
            8.70378,40.820576,0
            8.703722,40.820585,0
            8.703669,40.820606,0
            8.703617,40.820628,0
            8.703566,40.820651,0
            8.703517,40.820678,0
            8.703338,40.820771,0
            8.703128,40.820854,0
            8.702905,40.820915,0
            8.702673,40.820954,0
            8.702439,40.820985,0
            8.702207,40.821023,0
            8.702038,40.821067,0
            8.701882,40.821132,0
            8.701722,40.821223,0
            8.70156,40.821294,0
            8.701444,40.821317,0
            8.701325,40.821325,0
            8.701205,40.821316,0
            8.70102,40.821295,0
            8.700784,40.821272,0
            8.700678,40.821271,0
            8.700583,40.82128,0
            8.700542,40.821297,0
            8.700501,40.821315,0
            8.70046,40.821333,0
            8.700425,40.821358,0
            8.700398,40.821387,0
            8.70037,40.821417,0
            8.700343,40.821446,0
            8.70032,40.821478,0
            8.700298,40.821509,0
            8.700199,40.821661,0
            8.700147,40.821777,0
            8.700136,40.821812,0
            8.700128,40.821848,0
            8.700127,40.821884,0
            8.700128,40.821919,0
            8.700142,40.821954,0
            8.700166,40.821985,0
            8.700191,40.822015,0
            8.700217,40.822045,0
            8.700254,40.822067,0
            8.700326,40.822104,0
            8.700402,40.822134,0
            8.700483,40.822157,0
            8.700639,40.822193,0
            8.700867,40.822244,0
            8.701086,40.822315,0
            8.701302,40.822389,0
            8.701516,40.822467,0
            8.701728,40.822549,0
            8.701939,40.822631,0
            8.702146,40.82272,0
            8.702261,40.822782,0
            8.702356,40.82286,0
            8.702437,40.822948,0
            8.702559,40.8231,0
            8.702674,40.823257,0
            8.702742,40.82339,0
            8.702762,40.823531,0
            8.702773,40.823674,0
            8.702777,40.823853,0
            8.702776,40.823911,0
            8.702763,40.823968,0
            8.702734,40.824022,0
            8.702703,40.824075,0
            8.702667,40.824126,0
            8.702614,40.824222,0
            8.702585,40.824324,0
            8.702582,40.824429,0
            8.702557,40.824532,0
            8.702496,40.824652,0
            8.702406,40.824762,0
            8.702275,40.824888,0
            8.702118,40.825023,0
            8.70197,40.825164,0
            8.701915,40.825231,0
            8.701893,40.825289,0
            8.701874,40.825347,0
            8.701883,40.825406,0
            8.701895,40.825465,0
            8.701915,40.825523,0
            8.701937,40.825581,0
            8.701971,40.825671,0
            8.701983,40.825728,0
            8.701985,40.825787,0
            8.701971,40.825845,0
            8.701939,40.825897,0
            8.701895,40.825946,0
            8.701844,40.825989,0
            8.70177,40.826031,0
            8.701697,40.826073,0
            8.701625,40.826116,0
            8.701448,40.826236,0
            8.701275,40.82636,0
            8.701101,40.826482,0
            8.700918,40.826597,0
            8.700722,40.826688,0
            8.700515,40.826764,0
            8.700335,40.826843,0
            8.700177,40.826946,0
            8.700023,40.827071,0
            8.699944,40.827151,0
            8.699912,40.827199,0
            8.699893,40.82725,0
            8.699886,40.827285,0
            8.699889,40.827321,0
            8.699896,40.827356,0
            8.699903,40.827392,0
            8.699923,40.827424,0
            8.699949,40.827454,0
            8.699975,40.827484,0
            8.700002,40.827514,0
            8.700032,40.827541,0
            8.700064,40.827568,0
            8.700223,40.827696,0
            8.700374,40.827824,0
            8.7005,40.827967,0
            8.700605,40.828119,0
            8.70071,40.82828,0
            8.700825,40.828437,0
            8.700877,40.828479,0
            8.700939,40.828514,0
            8.701005,40.828541,0
            8.701078,40.828559,0
            8.701211,40.828579,0
            8.70136,40.828586,0
            8.701509,40.828589,0
            8.701747,40.828596,0
            8.701984,40.828602,0
            8.702222,40.828609,0
            8.70244,40.828624,0
            8.7026,40.828658,0
            8.702702,40.828696,0
            8.702788,40.828754,0
            8.70286,40.82882,0
            8.702965,40.828943,0
            8.703068,40.829069,0
            8.703204,40.829216,0
            8.703362,40.82935,0
            8.70352,40.829445,0
            8.703643,40.829489,0
            8.703775,40.829514,0
            8.703912,40.829514,0
            8.704045,40.829492,0
            8.704214,40.829449,0
            8.70442,40.829373,0
            8.70463,40.829294,0
            8.704777,40.829231,0
            8.704901,40.829145,0
            8.704971,40.829082,0
            8.705052,40.829026,0
            8.705146,40.828985,0
            8.70525,40.828959,0
            8.705355,40.828935,0
            8.705398,40.82892,0
            8.705441,40.828905,0
            8.705484,40.82889,0
            8.705519,40.828865,0
            8.705549,40.828838,0
            8.705579,40.82881,0
            8.705609,40.828782,0
            8.705635,40.828752,0
            8.705661,40.828722,0
            8.70578,40.828571,0
            8.705861,40.828436,0
            8.705913,40.828294,0
            8.705929,40.82826,0
            8.705949,40.828227,0
            8.705973,40.828196,0
            8.706006,40.82817,0
            8.706045,40.82815,0
            8.706088,40.828136,0
            8.706135,40.828133,0
            8.706183,40.828137,0
            8.706229,40.828145,0
            8.706271,40.828161,0
            8.706308,40.828184,0
            8.706342,40.828209,0
            8.706373,40.828237,0
            8.706402,40.828265,0
            8.706433,40.828292,0
            8.706467,40.828317,0
            8.706504,40.82834,0
            8.706547,40.828355,0
            8.706593,40.828363,0
            8.70664,40.828367,0
            8.706688,40.82837,0
            8.706735,40.828374,0
            8.706781,40.828383,0
            8.706825,40.828396,0
            8.706865,40.828416,0
            8.706897,40.828442,0
            8.706919,40.828473,0
            8.706932,40.828508,0
            8.706939,40.828543,0
            8.706929,40.828578,0
            8.706917,40.828613,0
            8.706905,40.828647,0
            8.706885,40.82868,0
            8.706857,40.828709,0
            8.706775,40.828796,0
            8.706692,40.828899,0
            8.706587,40.829051,0
            8.706503,40.829211,0
            8.70642,40.82938,0
            8.706342,40.82955,0
            8.706267,40.829721,0
            8.706196,40.829892,0
            8.706113,40.830049,0
            8.706052,40.830122,0
            8.705972,40.830183,0
            8.705883,40.830237,0
            8.705704,40.830342,0
            8.705522,40.830457,0
            8.705352,40.830582,0
            8.7052,40.83072,0
            8.705085,40.830858,0
            8.705003,40.831008,0
            8.704937,40.831163,0
            8.704883,40.831338,0
            8.704864,40.831507,0
            8.704888,40.831676,0
            8.704913,40.831763,0
            8.70495,40.831847,0
            8.705006,40.83191,0
            8.705074,40.831966,0
            8.705158,40.832008,0
            8.705244,40.832047,0
            8.705333,40.832084,0
            8.70552,40.832153,0
            8.705718,40.832199,0
            8.705944,40.832256,0
            8.706165,40.832321,0
            8.70639,40.832381,0
            8.706622,40.832419,0
            8.706669,40.832423,0
            8.706716,40.832428,0
            8.706763,40.832434,0
            8.70681,40.83244,0
            8.706855,40.832449,0
            8.706897,40.832466,0
            8.706937,40.832486,0
            8.706976,40.832506,0
            8.707012,40.832529,0
            8.70704,40.832558,0
            8.707118,40.832648,0
            8.70718,40.832753,0
            8.707232,40.832892,0
            8.707317,40.833055,0
            8.707421,40.833206,0
            8.707524,40.83331,0
            8.707648,40.833399,0
            8.707788,40.833473,0
            8.70799,40.833568,0
            8.708192,40.833662,0
            8.708233,40.833681,0
            8.708273,40.833701,0
            8.708312,40.833721,0
            8.70835,40.833743,0
            8.708383,40.833768,0
            8.708408,40.833799,0
            8.708425,40.833833,0
            8.708434,40.833868,0
            8.708436,40.833904,0
            8.708425,40.833939,0
            8.708402,40.83397,0
            8.708379,40.834002,0
            8.708347,40.834028,0
            8.708301,40.834037,0
            8.708255,40.834046,0
            8.708209,40.834054,0
            8.708162,40.834053,0
            8.708115,40.834047,0
            8.708068,40.83404,0
            8.708021,40.834034,0
            8.70797,40.834026,0
            8.707918,40.834017,0
            8.707685,40.833981,0
            8.707453,40.833944,0
            8.70728,40.833922,0
            8.707233,40.83392,0
            8.707185,40.83392,0
            8.707138,40.833923,0
            8.707092,40.833932,0
            8.707049,40.833947,0
            8.707009,40.833967,0
            8.706976,40.833992,0
            8.706951,40.834023,0
            8.706945,40.834059,0
            8.706941,40.834095,0
            8.706938,40.834131,0
            8.706966,40.834159,0
            8.706998,40.834186,0
            8.70703,40.834213,0
            8.707066,40.834235,0
            8.707111,40.834247,0
            8.707179,40.834265,0
            8.707247,40.834279,0
            8.707326,40.834292,0
            8.707406,40.834301,0
            8.707561,40.834306,0
            8.707713,40.834285,0
            8.707867,40.834273,0
            8.708081,40.834278,0
            8.708292,40.834307,0
            8.708503,40.834357,0
            8.708619,40.8344,0
            8.708725,40.834455,0
            8.708814,40.834526,0
            8.708872,40.834613,0
            8.708922,40.834718,0
            8.708974,40.83485,0
            8.709038,40.835023,0
            8.709104,40.835164,0
            8.709205,40.835293,0
            8.709308,40.83542,0
            8.709353,40.835499,0
            8.709369,40.835584,0
            8.709373,40.83567,0
            8.70936,40.835831,0
            8.709332,40.836003,0
            8.709278,40.836178,0
            8.709219,40.836352,0
            8.709159,40.836526,0
            8.709094,40.836699,0
            8.709013,40.836868,0
            8.708915,40.837032,0
            8.708805,40.837191,0
            8.708781,40.837222,0
            8.708756,40.837253,0
            8.70873,40.837283,0
            8.708697,40.837309,0
            8.708652,40.837312,0
            8.70862,40.837286,0
            8.708616,40.837251,0
            8.708614,40.837215,0
            8.708613,40.837179,0
            8.708613,40.837143,0
            8.708612,40.837107,0
            8.708594,40.837074,0
            8.708561,40.837049,0
            8.708518,40.837034,0
            8.70847,40.837034,0
            8.708422,40.837033,0
            8.708375,40.837032,0
            8.708327,40.837032,0
            8.70828,40.837032,0
            8.708078,40.837034,0
            8.707862,40.83705,0
            8.707658,40.837082,0
            8.707555,40.837111,0
            8.707457,40.837151,0
            8.707389,40.837216,0
            8.707324,40.837283,0
            8.707251,40.837362,0
            8.707224,40.837391,0
            8.707197,40.837421,0
            8.707168,40.837449,0
            8.70713,40.83747,0
            8.707088,40.837488,0
            8.707044,40.837502,0
            8.707,40.837515,0
            8.706956,40.837529,0
            8.706912,40.837542,0
            8.706813,40.837572,0
            8.706711,40.837594,0
            8.706605,40.837596,0
            8.706499,40.837586,0
            8.706393,40.837575,0
            8.706164,40.837558,0
            8.705972,40.837561,0
            8.705926,40.837568,0
            8.705879,40.837575,0
            8.705834,40.837585,0
            8.705791,40.837601,0
            8.705748,40.837616,0
            8.705703,40.837622,0
            8.705657,40.837612,0
            8.705616,40.837594,0
            8.705578,40.837573,0
            8.70554,40.837552,0
            8.705503,40.837529,0
            8.70547,40.837503,0
            8.705437,40.837477,0
            8.705309,40.837353,0
            8.705179,40.83721,0
            8.70515,40.837178,0
            8.705124,40.837144,0
            8.705102,40.837109,0
            8.705095,40.837071,0
            8.70509,40.837033,0
            8.705088,40.836997,0
            8.705085,40.836961,0
            8.705083,40.836925,0
            8.705071,40.83689,0
            8.705049,40.836858,0
            8.705019,40.83683,0
            8.704983,40.836806,0
            8.704945,40.836785,0
            8.704904,40.836767,0
            8.704864,40.836748,0
            8.70475,40.836712,0
            8.704582,40.836659,0
            8.704404,40.836587,0
            8.704345,40.836556,0
            8.704299,40.836514,0
            8.704259,40.836468,0
            8.704223,40.836421,0
            8.704192,40.836371,0
            8.704098,40.836227,0
            8.704004,40.8361,0
            8.703883,40.835988,0
            8.703736,40.835895,0
            8.703566,40.835822,0
            8.70338,40.835775,0
            8.703167,40.835741,0
            8.702947,40.835707,0
            8.702759,40.835655,0
            8.702588,40.835578,0
            8.702515,40.835534,0
            8.702439,40.835493,0
            8.702352,40.835469,0
            8.702264,40.835444,0
            8.702184,40.835408,0
            8.702046,40.835339,0
            8.702005,40.83532,0
            8.701963,40.835303,0
            8.701919,40.83529,0
            8.701873,40.835287,0
            8.701831,40.835302,0
            8.701802,40.83533,0
            8.701786,40.835363,0
            8.701786,40.835399,0
            8.701795,40.835434,0
            8.701814,40.835467,0
            8.701833,40.8355,0
            8.701849,40.835533,0
            8.701856,40.835569,0
            8.701863,40.835605,0
            8.701869,40.83564,0
            8.701866,40.835676,0
            8.701854,40.83571,0
            8.701842,40.835745,0
            8.701829,40.83578,0
            8.701813,40.835814,0
            8.701794,40.835847,0
            8.701689,40.836005,0
            8.701574,40.836161,0
            8.7015,40.83629,0
            8.701469,40.836417,0
            8.701476,40.836518,0
            8.70151,40.836616,0
            8.701545,40.836714,0
            8.701608,40.836887,0
            8.70167,40.837061,0
            8.701724,40.837236,0
            8.701782,40.83741,0
            8.701876,40.837566,0
            8.701948,40.837718,0
            8.70197,40.837862,0
            8.701957,40.837978,0
            8.701904,40.838087,0
            8.701882,40.838119,0
            8.701856,40.838149,0
            8.70183,40.838179,0
            8.701802,40.838208,0
            8.701762,40.838228,0
            8.701718,40.83824,0
            8.701673,40.838252,0
            8.701628,40.838262,0
            8.70158,40.83826,0
            8.701477,40.838255,0
            8.701374,40.838248,0
            8.701247,40.838241,0
            8.70101,40.838236,0
            8.700772,40.838233,0
            8.700536,40.838216,0
            8.700314,40.838169,0
            8.700092,40.838122,0
            8.699879,40.838101,0
            8.699668,40.838082,0
            8.699463,40.83804,0
            8.699338,40.838007,0
            8.699211,40.837977,0
            8.699135,40.837977,0
            8.699059,40.837978,0
            8.698987,40.837996,0
            8.698918,40.838019,0
            8.698849,40.838044,0
            8.698782,40.83807,0
            8.698576,40.838161,0
            8.698379,40.838262,0
            8.698172,40.83835,0
            8.697954,40.838421,0
            8.69773,40.83848,0
            8.697499,40.838521,0
            8.697263,40.838542,0
            8.697025,40.838549,0
            8.696788,40.838552,0
            8.696649,40.838561,0
            8.696518,40.838593,0
            8.696393,40.838638,0
            8.69627,40.838687,0
            8.696061,40.838771,0
            8.695909,40.838822,0
            8.695747,40.838841,0
            8.695581,40.838841,0
            8.695534,40.838843,0
            8.695487,40.838849,0
            8.695442,40.83886,0
            8.6954,40.838877,0
            8.695361,40.838898,0
            8.695324,40.83892,0
            8.69529,40.838945,0
            8.695259,40.838972,0
            8.695228,40.839,0
            8.695196,40.839026,0
            8.695153,40.839033,0
            8.695105,40.839032,0
            8.695058,40.83903,0
            8.695011,40.839026,0
            8.694964,40.839017,0
            8.694824,40.838987,0
            8.694629,40.838946,0
            8.69442,40.838923,0
            8.694316,40.838903,0
            8.694218,40.838869,0
            8.694139,40.838813,0
            8.694073,40.838748,0
            8.693993,40.838667,0
            8.693889,40.838587,0
            8.693757,40.838535,0
            8.693613,40.838468,0
            8.693458,40.838365,0
            8.693359,40.838282,0
            8.693296,40.838181,0
            8.693243,40.838076,0
            8.69317,40.837963,0
            8.693145,40.837932,0
            8.693119,40.837903,0
            8.693081,40.837884,0
            8.693035,40.837876,0
            8.692989,40.837867,0
            8.692943,40.837868,0
            8.692901,40.837884,0
            8.692863,40.837905,0
            8.692824,40.837927,0
            8.692788,40.83795,0
            8.692754,40.837975,0
            8.69272,40.838,0
            8.692587,40.838116,0
            8.692439,40.838257,0
            8.692288,40.838395,0
            8.69213,40.83853,0
            8.692008,40.838593,0
            8.691872,40.838637,0
            8.691692,40.838687,0
            8.691476,40.838746,0
            8.691269,40.838794,0
            8.691055,40.838812,0
            8.690818,40.838812,0
            8.690583,40.838789,0
            8.690349,40.838756,0
            8.690114,40.83873,0
            8.690032,40.838728,0
            8.689953,40.838745,0
            8.689876,40.838765,0
            8.689805,40.838796,0
            8.689668,40.838868,0
            8.689528,40.838937,0
            8.689434,40.838981,0
            8.689354,40.839038,0
            8.689292,40.839104,0
            8.689276,40.839138,0
            8.689259,40.839172,0
            8.689247,40.839207,0
            8.689251,40.839242,0
            8.689254,40.839278,0
            8.689258,40.839314,0
            8.689263,40.83935,0
            8.68927,40.839386,0
            8.689309,40.839563,0
            8.689356,40.839739,0
            8.689389,40.839917,0
            8.689416,40.840096,0
            8.689475,40.84027,0
            8.689541,40.840442,0
            8.689587,40.840619,0
            8.689603,40.840757,0
            8.689582,40.840894,0
            8.689551,40.841044,0
            8.689523,40.841223,0
            8.689506,40.841402,0
            8.689507,40.841582,0
            8.68948,40.841726,0
            8.689412,40.841863,0
            8.689308,40.842001,0
            8.68918,40.842127,0
            8.689022,40.842246,0
            8.688872,40.84233,0
            8.688702,40.842389,0
            8.688516,40.842421,0
            8.688326,40.842437,0
            8.688089,40.842451,0
            8.687855,40.84246,0
            8.687681,40.842496,0
            8.687511,40.842541,0
            8.687309,40.842618,0
            8.687104,40.842689,0
            8.686883,40.842756,0
            8.686838,40.842768,0
            8.686796,40.842784,0
            8.686765,40.84281,0
            8.68676,40.842844,0
            8.686781,40.842876,0
            8.686812,40.842903,0
            8.686845,40.842929,0
            8.686876,40.842956,0
            8.686905,40.842984,0
            8.686963,40.843041,0
            8.687118,40.843177,0
            8.687232,40.843274,0
            8.687336,40.843376,0
            8.687406,40.843493,0
            8.68745,40.84362,0
            8.687487,40.843748,0
            8.687539,40.843923,0
            8.687593,40.844099,0
            8.687643,40.844274,0
            8.687692,40.844401,0
            8.687769,40.844518,0
            8.687861,40.844599,0
            8.68797,40.844669,0
            8.688084,40.844734,0
            8.688256,40.844858,0
            8.688407,40.844997,0
            8.688556,40.845137,0
            8.688688,40.845286,0
            8.688787,40.845442,0
            8.688845,40.845598,0
            8.688873,40.845759,0
            8.688861,40.845921,0
            8.68883,40.846099,0
            8.68882,40.846159,0
            8.688809,40.846218,0
            8.68881,40.846254,0
            8.688815,40.84629,0
            8.688822,40.846325,0
            8.688847,40.846356,0
            8.688874,40.846385,0
            8.688905,40.846413,0
            8.688938,40.846438,0
            8.688975,40.846461,0
            8.689013,40.846482,0
            8.689125,40.846551,0
            8.689239,40.846653,0
            8.689328,40.846769,0
            8.689416,40.846924,0
            8.689473,40.847073,0
            8.689499,40.847227,0
            8.689512,40.847406,0
            8.689531,40.847586,0
            8.689578,40.847748,0
            8.689659,40.847892,0
            8.689781,40.848019,0
            8.689926,40.848131,0
            8.690083,40.848244,0
            8.690252,40.848371,0
            8.690398,40.848503,0
            8.690428,40.848536,0
            8.690443,40.848574,0
            8.690456,40.848613,0
            8.69047,40.848651,0
            8.690486,40.848689,0
            8.690505,40.848727,0
            8.690567,40.84882,0
            8.69065,40.848904,0
            8.690739,40.848984,0
            8.690904,40.849114,0
            8.691079,40.849235,0
            8.691252,40.849359,0
            8.69142,40.849486,0
            8.691584,40.849617,0
            8.691746,40.849748,0
            8.691903,40.849883,0
            8.69198,40.849983,0
            8.692025,40.850094,0
            8.692057,40.850233,0
            8.692098,40.850369,0
            8.692183,40.850516,0
            8.69228,40.850658,0
            8.69238,40.850821,0
            8.692493,40.850979,0
            8.692606,40.851137,0
            8.692695,40.851281,0
            8.692735,40.85143,0
            8.692758,40.85157,0
            8.692814,40.851705,0
            8.692896,40.851805,0
            8.692992,40.851899,0
            8.69314,40.85204,0
            8.69328,40.852185,0
            8.693411,40.852293,0
            8.693569,40.852378,0
            8.693762,40.852462,0
            8.693936,40.852537,0
            8.694122,40.852588,0
            8.694319,40.852613,0
            8.694529,40.852638,0
            8.694763,40.852665,0
            8.694998,40.852696,0
            8.69523,40.852734,0
            8.695434,40.852788,0
            8.695622,40.852869,0
            8.695662,40.852888,0
            8.695701,40.852908,0
            8.695739,40.852931,0
            8.695769,40.852958,0
            8.695783,40.852991,0
            8.695783,40.853027,0
            8.695778,40.853063,0
            8.695773,40.853099,0
            8.695764,40.853134,0
            8.695747,40.853167,0
            8.695726,40.8532,0
            8.695705,40.853232,0
            8.695667,40.853248,0
            8.69562,40.853257,0
            8.695574,40.853265,0
            8.695527,40.853272,0
            8.695481,40.85328,0
            8.695436,40.853292,0
            8.695392,40.853305,0
            8.695248,40.853361,0
            8.695158,40.853412,0
            8.695094,40.853482,0
            8.695038,40.853557,0
            8.694987,40.853633,0
            8.694883,40.853792,0
            8.694782,40.853955,0
            8.694682,40.854118,0
            8.694582,40.854281,0
            8.694489,40.854447,0
            8.694404,40.854615,0
            8.694351,40.854765,0
            8.694321,40.854918,0
            8.694276,40.855069,0
            8.694257,40.855102,0
            8.694229,40.855131,0
            8.69419,40.855144,0
            8.694142,40.855142,0
            8.694095,40.855139,0
            8.694048,40.855134,0
            8.694001,40.85513,0
            8.693955,40.855135,0
            8.693909,40.855146,0
            8.693822,40.855168,0
            8.693735,40.855191,0
            8.69365,40.855217,0
            8.693424,40.855274,0
            8.693198,40.855328,0
            8.692971,40.855382,0
            8.692744,40.855436,0
            8.692517,40.85549,0
            8.69229,40.855545,0
            8.692064,40.855599,0
            8.691836,40.855649,0
            8.691607,40.855698,0
            8.691561,40.855709,0
            8.691516,40.85572,0
            8.691471,40.855732,0
            8.691429,40.855748,0
            8.691394,40.855771,0
            8.69136,40.855797,0
            8.691328,40.855823,0
            8.691302,40.855853,0
            8.691284,40.855886,0
            8.69124,40.855972,0
            8.691206,40.85606,0
            8.691181,40.856164,0
            8.691182,40.856271,0
            8.691186,40.856359,0
            8.691159,40.856443,0
            8.691119,40.856526,0
            8.691073,40.856606,0
            8.69098,40.85673,0
            8.690963,40.856763,0
            8.690947,40.856797,0
            8.690927,40.856829,0
            8.69089,40.856852,0
            8.690847,40.856863,0
            8.690801,40.856854,0
            8.69076,40.856837,0
            8.690715,40.856824,0
            8.690671,40.856812,0
            8.690626,40.856799,0
            8.6904,40.856744,0
            8.690168,40.856702,0
            8.689936,40.856664,0
            8.689766,40.85663,0
            8.689591,40.856633,0
            8.689418,40.856653,0
            8.689208,40.856666,0
            8.688971,40.856659,0
            8.68874,40.856629,0
            8.688525,40.856623,0
            8.688312,40.856627,0
            8.688099,40.856603,0
            8.687888,40.856572,0
            8.687655,40.856537,0
            8.687419,40.856515,0
            8.687182,40.856502,0
            8.686954,40.856479,0
            8.686735,40.856427,0
            8.686511,40.856366,0
            8.686284,40.856313,0
            8.686079,40.856291,0
            8.685872,40.856296,0
            8.685665,40.856307,0
            8.685428,40.856321,0
            8.68519,40.856327,0
            8.684953,40.856328,0
            8.684715,40.856341,0
            8.684481,40.856368,0
            8.684303,40.8564,0
            8.684134,40.856452,0
            8.683959,40.85649,0
            8.683752,40.85651,0
            8.683544,40.856525,0
            8.683307,40.856526,0
            8.683093,40.856502,0
            8.682892,40.85644,0
            8.682705,40.856356,0
            8.682549,40.856251,0
            8.682403,40.856138,0
            8.682244,40.856061,0
            8.682078,40.855993,0
            8.681932,40.855903,0
            8.681757,40.855796,0
            8.681577,40.855725,0
            8.681401,40.855648,0
            8.681207,40.855543,0
            8.681016,40.855437,0
            8.680844,40.855317,0
            8.680686,40.855186,0
            8.680519,40.855074,0
            8.68033,40.854985,0
            8.680123,40.854913,0
            8.679959,40.854841,0
            8.679863,40.854776,0
            8.679788,40.854696,0
            8.679722,40.854612,0
            8.679618,40.854498,0
            8.679493,40.854397,0
            8.67933,40.854266,0
            8.679185,40.854123,0
            8.679056,40.853972,0
            8.67894,40.853815,0
            8.678856,40.853662,0
            8.678819,40.853522,0
            8.678818,40.853416,0
            8.678851,40.853312,0
            8.678897,40.853211,0
            8.679009,40.853066,0
            8.679144,40.852928,0
            8.67923,40.852863,0
            8.679333,40.852815,0
            8.679443,40.852775,0
            8.679633,40.852714,0
            8.679829,40.85265,0
            8.679869,40.852631,0
            8.679909,40.852612,0
            8.679949,40.852592,0
            8.679982,40.852566,0
            8.680011,40.852537,0
            8.680029,40.852504,0
            8.68004,40.852469,0
            8.680035,40.852434,0
            8.680006,40.852405,0
            8.679963,40.85239,0
            8.679916,40.852385,0
            8.679869,40.852384,0
            8.679821,40.852383,0
            8.679774,40.852379,0
            8.679728,40.85237,0
            8.679682,40.852362,0
            8.6795,40.852305,0
            8.679319,40.852226,0
            8.679201,40.852147,0
            8.679093,40.852059,0
            8.679034,40.852014,0
            8.678967,40.851975,0
            8.678909,40.851943,0
            8.678866,40.85193,0
            8.678819,40.851926,0
            8.678772,40.851922,0
            8.678724,40.851921,0
            8.678678,40.851929,0
            8.678634,40.851942,0
            8.678589,40.851954,0
            8.678544,40.851966,0
            8.6785,40.851978,0
            8.678455,40.85199,0
            8.67823,40.85205,0
            8.678002,40.852099,0
            8.677769,40.852137,0
            8.677538,40.852178,0
            8.677383,40.852223,0
            8.677246,40.852292,0
            8.677186,40.85233,0
            8.677124,40.852368,0
            8.677062,40.852405,0
            8.676991,40.852427,0
            8.676913,40.85244,0
            8.676835,40.852445,0
            8.676708,40.852436,0
            8.676581,40.852427,0
            8.676345,40.85241,0
            8.676109,40.852388,0
            8.675879,40.852342,0
            8.675658,40.852275,0
            8.67544,40.852205,0
            8.675226,40.852126,0
            8.675015,40.852044,0
            8.674972,40.852028,0
            8.674932,40.852008,0
            8.674895,40.851986,0
            8.674859,40.851962,0
            8.674823,40.851939,0
            8.674804,40.851907,0
            8.674794,40.851872,0
            8.674785,40.851837,0
            8.674779,40.851801,0
            8.674789,40.851766,0
            8.674803,40.851732,0
            8.674816,40.851697,0
            8.67483,40.851663,0
            8.674844,40.851628,0
            8.674858,40.851594,0
            8.674925,40.851421,0
            8.674988,40.851248,0
            8.675034,40.851108,0
            8.675047,40.850964,0
            8.675029,40.850839,0
            8.674971,40.850721,0
            8.674924,40.850658,0
            8.674857,40.850606,0
            8.674782,40.850562,0
            8.674691,40.850537,0
            8.6746,40.850515,0
            8.674442,40.850484,0
            8.674214,40.850433,0
            8.673993,40.850368,0
            8.67378,40.850288,0
            8.673738,40.850272,0
            8.673694,40.850257,0
            8.673654,40.850239,0
            8.673617,40.850216,0
            8.673586,40.850189,0
            8.67356,40.850159,0
            8.673537,40.850127,0
            8.67352,40.850094,0
            8.673504,40.85006,0
            8.673466,40.849992,0
            8.673446,40.849959,0
            8.673427,40.849926,0
            8.673409,40.849893,0
            8.673384,40.849863,0
            8.673348,40.84984,0
            8.673306,40.849823,0
            8.67326,40.849816,0
            8.673213,40.849812,0
            8.673166,40.849806,0
            8.67312,40.849799,0
            8.672983,40.849759,0
            8.672858,40.849699,0
            8.672742,40.849629,0
            8.672597,40.849534,0
            8.672404,40.849431,0
            8.672199,40.84934,0
            8.671986,40.849261,0
            8.67186,40.849227,0
            8.67173,40.849205,0
            8.671597,40.849196,0
            8.671464,40.849198,0
            8.671237,40.849211,0
            8.671001,40.849231,0
            8.670764,40.849247,0
            8.670684,40.849252,0
            8.670637,40.849254,0
            8.670591,40.849263,0
            8.670547,40.849276,0
            8.670504,40.849291,0
            8.670468,40.849314,0
            8.670442,40.849344,0
            8.670409,40.849369,0
            8.670368,40.849386,0
            8.670322,40.849396,0
            8.670275,40.849402,0
            8.670228,40.849405,0
            8.67018,40.849406,0
            8.670133,40.849408,0
            8.670085,40.84941,0
            8.669872,40.849397,0
            8.669774,40.849398,0
            8.669679,40.849411,0
            8.669588,40.849438,0
            8.669496,40.849465,0
            8.66934,40.849504,0
            8.669178,40.849527,0
            8.669014,40.849538,0
            8.668782,40.849526,0
            8.668546,40.849509,0
            8.66833,40.84949,0
            8.668167,40.849454,0
            8.668017,40.849395,0
            8.667861,40.849345,0
            8.667637,40.849292,0
            8.667409,40.849248,0
            8.667184,40.849222,0
            8.66702,40.849226,0
            8.666858,40.849253,0
            8.666677,40.849282,0
            8.666491,40.84928,0
            8.666271,40.849278,0
            8.666047,40.849295,0
            8.665823,40.84931,0
            8.665586,40.849321,0
            8.665348,40.849319,0
            8.665182,40.849313,0
            8.665028,40.849275,0
            8.664883,40.849219,0
            8.664739,40.849163,0
            8.664628,40.849116,0
            8.664511,40.849078,0
            8.664386,40.849058,0
            8.664258,40.849049,0
            8.664024,40.849035,0
            8.663787,40.849025,0
            8.66355,40.849017,0
            8.663312,40.849004,0
            8.663089,40.848985,0
            8.66287,40.848948,0
            8.662657,40.848906,0
            8.66253,40.848895,0
            8.662465,40.848894,0
            8.662401,40.848903,0
            8.662338,40.848914,0
            8.662279,40.848936,0
            8.662227,40.848965,0
            8.662176,40.848996,0
            8.662128,40.849029,0
            8.661986,40.849124,0
            8.661801,40.849238,0
            8.661661,40.849319,0
            8.661499,40.84937,0
            8.661329,40.849405,0
            8.661113,40.849417,0
            8.660941,40.849425,0
            8.660894,40.849429,0
            8.660848,40.849439,0
            8.660802,40.84945,0
            8.660757,40.849461,0
            8.66071,40.849464,0
            8.660669,40.849448,0
            8.660641,40.849418,0
            8.660629,40.849384,0
            8.660616,40.849349,0
            8.660604,40.849314,0
            8.660593,40.849279,0
            8.660583,40.849244,0
            8.660571,40.849209,0
            8.66055,40.849177,0
            8.660529,40.849145,0
            8.660508,40.849113,0
            8.660472,40.849089,0
            8.660436,40.849065,0
            8.660399,40.849043,0
            8.660358,40.849025,0
            8.660316,40.849007,0
            8.660275,40.848989,0
            8.660229,40.84898,0
            8.660182,40.848973,0
            8.660135,40.848975,0
            8.660089,40.848985,0
            8.660044,40.848997,0
            8.66,40.849009,0
            8.659955,40.849022,0
            8.659911,40.849034,0
            8.659864,40.849042,0
            8.659817,40.849047,0
            8.65977,40.849046,0
            8.659724,40.849036,0
            8.659683,40.849019,0
            8.659659,40.848988,0
            8.659636,40.848956,0
            8.65962,40.848922,0
            8.659609,40.848888,0
            8.659616,40.848852,0
            8.659627,40.848817,0
            8.659639,40.848782,0
            8.659651,40.848748,0
            8.659664,40.848713,0
            8.659701,40.848595,0
            8.659711,40.848558,0
            8.659718,40.84852,0
            8.65972,40.848484,0
            8.659715,40.848448,0
            8.659703,40.848413,0
            8.659684,40.84838,0
            8.659655,40.848352,0
            8.659617,40.848332,0
            8.659574,40.848316,0
            8.659531,40.848301,0
            8.659487,40.848287,0
            8.659441,40.848278,0
            8.65933,40.848265,0
            8.659218,40.848256,0
            8.659171,40.848253,0
            8.659124,40.848246,0
            8.659078,40.848236,0
            8.659034,40.848224,0
            8.658994,40.848204,0
            8.658958,40.848181,0
            8.658927,40.848154,0
            8.658901,40.848124,0
            8.658879,40.848093,0
            8.658864,40.848058,0
            8.658839,40.84801,0
            8.6588,40.847968,0
            8.658772,40.847938,0
            8.658743,40.84791,0
            8.658713,40.847882,0
            8.658682,40.847855,0
            8.658645,40.847835,0
            8.658598,40.847827,0
            8.658551,40.847822,0
            8.658504,40.84782,0
            8.658456,40.847817,0
            8.65841,40.847811,0
            8.658291,40.847779,0
            8.658183,40.847726,0
            8.658075,40.847673,0
            8.657909,40.8476,0
            8.65773,40.847546,0
            8.657548,40.8475,0
            8.657328,40.847433,0
            8.657162,40.847367,0
            8.657032,40.847277,0
            8.65692,40.847172,0
            8.656865,40.847113,0
            8.656792,40.847066,0
            8.656714,40.847024,0
            8.656638,40.84698,0
            8.656503,40.846868,0
            8.656377,40.846749,0
            8.656248,40.846599,0
            8.656109,40.846452,0
            8.655953,40.846338,0
            8.655772,40.846252,0
            8.655675,40.846211,0
            8.655575,40.846174,0
            8.655466,40.846156,0
            8.655357,40.84614,0
            8.655248,40.846121,0
            8.655118,40.846077,0
            8.654994,40.846022,0
            8.654836,40.845943,0
            8.654713,40.845902,0
            8.654579,40.845884,0
            8.654532,40.845881,0
            8.654484,40.845878,0
            8.654437,40.845874,0
            8.654391,40.845864,0
            8.654348,40.84585,0
            8.654307,40.845833,0
            8.654276,40.845805,0
            8.654246,40.845777,0
            8.654214,40.845751,0
            8.654181,40.845725,0
            8.654107,40.845671,0
            8.654017,40.845634,0
            8.653926,40.845598,0
            8.653834,40.845562,0
            8.653626,40.845475,0
            8.653417,40.845389,0
            8.653208,40.845303,0
            8.653081,40.845254,0
            8.652944,40.845225,0
            8.652803,40.845206,0
            8.652614,40.845161,0
            8.652438,40.845092,0
            8.652272,40.845011,0
            8.652124,40.844918,0
            8.651993,40.844811,0
            8.651854,40.844692,0
            8.651689,40.844594,0
            8.651523,40.844533,0
            8.651343,40.8445,0
            8.651147,40.844493,0
            8.650952,40.844501,0
            8.650716,40.844524,0
            8.650466,40.844557,0
            8.650348,40.844569,0
            8.650214,40.844565,0
          </coordinates>
        </LineString>
      </Placemark>
      <Placemark>
        <name>FINISH</name>
        <description>Km: 23.71</description>
        <styleUrl>#icon-1899-DB4436</styleUrl>
        <Point>
          <coordinates>
            8.650213,40.844562,0
          </coordinates>
        </Point>
      </Placemark>
    </Folder>
    <Folder>
      <name>TXT</name>
      <Placemark>
        <name>14/16</name>
        <styleUrl>#poly-F9F9F9-1200-255-nodesc</styleUrl>
        <MultiGeometry>
          <Polygon>
            <outerBoundaryIs>
              <LinearRing>
                <tessellate>1</tessellate>
                <coordinates>
                  8.712821,40.8009,0
                  8.712821,40.801393,0
                  8.712128,40.801436,0
                  8.711458,40.801532,0
                  8.710813,40.801678,0
                  8.710199,40.801871,0
                  8.709618,40.802109,0
                  8.709074,40.802389,0
                  8.708571,40.802707,0
                  8.708113,40.803062,0
                  8.707703,40.80345,0
                  8.707346,40.803868,0
                  8.707045,40.804314,0
                  8.706803,40.804785,0
                  8.706625,40.805277,0
                  8.706514,40.805788,0
                  8.706474,40.806316,0
                  8.705822,40.806316,0
                  8.705866,40.805735,0
                  8.705988,40.805171,0
                  8.706185,40.804629,0
                  8.706451,40.80411,0
                  8.706784,40.803619,0
                  8.707178,40.803159,0
                  8.707629,40.802731,0
                  8.708135,40.802341,0
                  8.708689,40.801991,0
                  8.709289,40.801683,0
                  8.70993,40.801422,0
                  8.710607,40.801209,0
                  8.711318,40.80105,0
                  8.712057,40.800945,0
                  8.712821,40.8009,0
                </coordinates>
              </LinearRing>
            </outerBoundaryIs>
          </Polygon>
          <Polygon>
            <outerBoundaryIs>
              <LinearRing>
                <tessellate>1</tessellate>
                <coordinates>
                  8.720199,40.806316,0
                  8.719548,40.806316,0
                  8.719508,40.80579,0
                  8.719398,40.80528,0
                  8.719221,40.804789,0
                  8.71898,40.804319,0
                  8.71868,40.803874,0
                  8.718325,40.803457,0
                  8.717917,40.80307,0
                  8.717462,40.802715,0
                  8.716961,40.802397,0
                  8.71642,40.802117,0
                  8.715842,40.801878,0
                  8.71523,40.801684,0
                  8.714589,40.801536,0
                  8.713921,40.801439,0
                  8.713231,40.801394,0
                  8.713231,40.800901,0
                  8.713992,40.800948,0
                  8.714728,40.801054,0
                  8.715436,40.801216,0
                  8.716111,40.801429,0
                  8.716749,40.801691,0
                  8.717346,40.801999,0
                  8.717898,40.802349,0
                  8.718401,40.802739,0
                  8.718851,40.803166,0
                  8.719243,40.803626,0
                  8.719574,40.804116,0
                  8.719839,40.804633,0
                  8.720034,40.805174,0
                  8.720156,40.805736,0
                  8.720199,40.806316,0
                </coordinates>
              </LinearRing>
            </outerBoundaryIs>
          </Polygon>
          <Polygon>
            <outerBoundaryIs>
              <LinearRing>
                <tessellate>1</tessellate>
                <coordinates>
                  8.728851,40.811779,0
                  8.728851,40.811286,0
                  8.72953,40.811243,0
                  8.730189,40.811149,0
                  8.730822,40.811007,0
                  8.731427,40.810819,0
                  8.732,40.810588,0
                  8.732537,40.810316,0
                  8.733035,40.810007,0
                  8.73349,40.809663,0
                  8.733899,40.809286,0
                  8.734257,40.808879,0
                  8.734563,40.808446,0
                  8.734811,40.807988,0
                  8.734999,40.807509,0
                  8.735123,40.80701,0
                  8.735179,40.806496,0
                  8.735831,40.806496,0
                  8.735771,40.807064,0
                  8.735636,40.807614,0
                  8.73543,40.808144,0
                  8.735156,40.808649,0
                  8.73482,40.809128,0
                  8.734424,40.809577,0
                  8.733973,40.809993,0
                  8.733471,40.810373,0
                  8.732922,40.810714,0
                  8.732329,40.811014,0
                  8.731696,40.811268,0
                  8.731028,40.811475,0
                  8.730329,40.811631,0
                  8.729601,40.811734,0
                  8.728851,40.811779,0
                </coordinates>
              </LinearRing>
            </outerBoundaryIs>
          </Polygon>
          <Polygon>
            <outerBoundaryIs>
              <LinearRing>
                <tessellate>1</tessellate>
                <coordinates>
                  8.735831,40.806185,0
                  8.735179,40.806185,0
                  8.735123,40.80567,0
                  8.734999,40.805171,0
                  8.734811,40.804692,0
                  8.734563,40.804234,0
                  8.734257,40.803801,0
                  8.733898,40.803394,0
                  8.73349,40.803017,0
                  8.733035,40.802673,0
                  8.732537,40.802363,0
                  8.732,40.802092,0
                  8.731427,40.801861,0
                  8.730822,40.801673,0
                  8.730189,40.80153,0
                  8.72953,40.801437,0
                  8.728851,40.801394,0
                  8.728851,40.800901,0
                  8.729601,40.800946,0
                  8.730329,40.801048,0
                  8.731028,40.801205,0
                  8.731696,40.801411,0
                  8.732329,40.801666,0
                  8.732922,40.801966,0
                  8.733471,40.802307,0
                  8.733973,40.802687,0
                  8.734424,40.803103,0
                  8.73482,40.803552,0
                  8.735156,40.804031,0
                  8.735429,40.804536,0
                  8.735636,40.805066,0
                  8.735771,40.805616,0
                  8.735831,40.806185,0
                </coordinates>
              </LinearRing>
            </outerBoundaryIs>
          </Polygon>
          <Polygon>
            <outerBoundaryIs>
              <LinearRing>
                <tessellate>1</tessellate>
                <coordinates>
                  8.721459,40.806496,0
                  8.722111,40.806496,0
                  8.722167,40.80701,0
                  8.722291,40.807509,0
                  8.722479,40.807988,0
                  8.722728,40.808446,0
                  8.723033,40.808879,0
                  8.723392,40.809286,0
                  8.723801,40.809662,0
                  8.724256,40.810007,0
                  8.724754,40.810316,0
                  8.725291,40.810588,0
                  8.725863,40.810819,0
                  8.726468,40.811007,0
                  8.727101,40.811149,0
                  8.72776,40.811243,0
                  8.72844,40.811286,0
                  8.72844,40.811779,0
                  8.727689,40.811734,0
                  8.726962,40.811631,0
                  8.726262,40.811475,0
                  8.725594,40.811268,0
                  8.724962,40.811014,0
                  8.724369,40.810714,0
                  8.723819,40.810373,0
                  8.723317,40.809993,0
                  8.722866,40.809577,0
                  8.72247,40.809128,0
                  8.722134,40.808649,0
                  8.721861,40.808144,0
                  8.721655,40.807614,0
                  8.721519,40.807064,0
                  8.721459,40.806496,0
                </coordinates>
              </LinearRing>
            </outerBoundaryIs>
          </Polygon>
          <Polygon>
            <outerBoundaryIs>
              <LinearRing>
                <tessellate>1</tessellate>
                <coordinates>
                  8.72844,40.800901,0
                  8.72844,40.801394,0
                  8.72776,40.801437,0
                  8.727101,40.801531,0
                  8.726468,40.801673,0
                  8.725863,40.801861,0
                  8.725291,40.802092,0
                  8.724754,40.802364,0
                  8.724256,40.802673,0
                  8.723801,40.803018,0
                  8.723392,40.803394,0
                  8.723033,40.803801,0
                  8.722728,40.804234,0
                  8.722479,40.804692,0
                  8.722291,40.805172,0
                  8.722167,40.80567,0
                  8.722111,40.806185,0
                  8.721459,40.806185,0
                  8.721519,40.805616,0
                  8.721655,40.805066,0
                  8.721861,40.804536,0
                  8.722134,40.804031,0
                  8.722471,40.803552,0
                  8.722866,40.803103,0
                  8.723317,40.802687,0
                  8.723819,40.802307,0
                  8.724369,40.801966,0
                  8.724962,40.801666,0
                  8.725594,40.801411,0
                  8.726262,40.801205,0
                  8.726962,40.801048,0
                  8.727689,40.800946,0
                  8.72844,40.800901,0
                </coordinates>
              </LinearRing>
            </outerBoundaryIs>
          </Polygon>
          <Polygon>
            <outerBoundaryIs>
              <LinearRing>
                <tessellate>1</tessellate>
                <coordinates>
                  8.705832,40.806627,0
                  8.706485,40.806627,0
                  8.706557,40.80713,0
                  8.706694,40.807617,0
                  8.706892,40.808084,0
                  8.707148,40.80853,0
                  8.707458,40.808953,0
                  8.70782,40.809348,0
                  8.70823,40.809714,0
                  8.708684,40.810049,0
                  8.709179,40.810349,0
                  8.709712,40.810612,0
                  8.710279,40.810836,0
                  8.710876,40.811018,0
                  8.711501,40.811155,0
                  8.712151,40.811245,0
                  8.712821,40.811286,0
                  8.712821,40.811779,0
                  8.71208,40.811736,0
                  8.711362,40.811637,0
                  8.71067,40.811486,0
                  8.710009,40.811285,0
                  8.709383,40.811038,0
                  8.708794,40.810747,0
                  8.708247,40.810415,0
                  8.707746,40.810045,0
                  8.707294,40.809639,0
                  8.706896,40.809201,0
                  8.706554,40.808734,0
                  8.706273,40.80824,0
                  8.706056,40.807722,0
                  8.705908,40.807184,0
                  8.705832,40.806627,0
                </coordinates>
              </LinearRing>
            </outerBoundaryIs>
          </Polygon>
          <Polygon>
            <outerBoundaryIs>
              <LinearRing>
                <tessellate>1</tessellate>
                <coordinates>
                  8.713231,40.811778,0
                  8.713231,40.811285,0
                  8.713898,40.811242,0
                  8.714545,40.81115,0
                  8.715167,40.811012,0
                  8.715762,40.810829,0
                  8.716326,40.810605,0
                  8.716856,40.810341,0
                  8.717349,40.810041,0
                  8.7178,40.809707,0
                  8.718208,40.809341,0
                  8.718568,40.808946,0
                  8.718877,40.808525,0
                  8.719131,40.80808,0
                  8.719329,40.807614,0
                  8.719465,40.807128,0
                  8.719537,40.806627,0
                  8.72019,40.806627,0
                  8.720114,40.807182,0
                  8.719966,40.80772,0
                  8.719751,40.808236,0
                  8.719471,40.808729,0
                  8.719131,40.809195,0
                  8.718735,40.809633,0
                  8.718285,40.810037,0
                  8.717786,40.810407,0
                  8.717242,40.810739,0
                  8.716656,40.811031,0
                  8.716032,40.811279,0
                  8.715374,40.81148,0
                  8.714685,40.811632,0
                  8.71397,40.811733,0
                  8.713231,40.811778,0
                </coordinates>
              </LinearRing>
            </outerBoundaryIs>
          </Polygon>
          <Polygon>
            <outerBoundaryIs>
              <LinearRing>
                <tessellate>1</tessellate>
                <coordinates>
                  8.730841,40.80288,0
                  8.730841,40.803927,0
                  8.730813,40.803928,0
                  8.730786,40.80393,0
                  8.730758,40.803932,0
                  8.730732,40.803936,0
                  8.730705,40.803939,0
                  8.73068,40.803944,0
                  8.730654,40.803949,0
                  8.730629,40.803955,0
                  8.730605,40.803962,0
                  8.730581,40.803969,0
                  8.730557,40.803977,0
                  8.730534,40.803986,0
                  8.730511,40.803996,0
                  8.730489,40.804006,0
                  8.730467,40.804017,0
                  8.730444,40.804029,0
                  8.730422,40.804043,0
                  8.7304,40.804058,0
                  8.730378,40.804074,0
                  8.730358,40.804091,0
                  8.730337,40.804109,0
                  8.730317,40.804128,0
                  8.730298,40.804149,0
                  8.730279,40.804171,0
                  8.730261,40.804193,0
                  8.730243,40.804217,0
                  8.730226,40.804242,0
                  8.730209,40.804268,0
                  8.730193,40.804295,0
                  8.730177,40.804324,0
                  8.730162,40.804353,0
                  8.730148,40.804384,0
                  8.730134,40.804416,0
                  8.73012,40.804449,0
                  8.730107,40.804484,0
                  8.730095,40.80452,0
                  8.730083,40.804558,0
                  8.730071,40.804597,0
                  8.73006,40.804637,0
                  8.73005,40.804679,0
                  8.73004,40.804722,0
                  8.73003,40.804766,0
                  8.730021,40.804812,0
                  8.730012,40.804859,0
                  8.730004,40.804907,0
                  8.729996,40.804957,0
                  8.729989,40.805009,0
                  8.729983,40.805062,0
                  8.729977,40.805116,0
                  8.729972,40.805173,0
                  8.729967,40.805231,0
                  8.729962,40.80529,0
                  8.729958,40.805351,0
                  8.729955,40.805414,0
                  8.729952,40.805479,0
                  8.72995,40.805545,0
                  8.729948,40.805613,0
                  8.729946,40.805682,0
                  8.729946,40.805753,0
                  8.729945,40.805826,0
                  8.729959,40.805836,0
                  8.729973,40.805845,0
                  8.729987,40.805854,0
                  8.730001,40.805864,0
                  8.730015,40.805873,0
                  8.73003,40.805882,0
                  8.730044,40.805891,0
                  8.730059,40.805901,0
                  8.730074,40.80591,0
                  8.730088,40.805918,0
                  8.730104,40.805927,0
                  8.730119,40.805936,0
                  8.730134,40.805945,0
                  8.73015,40.805953,0
                  8.730165,40.805962,0
                  8.730181,40.80597,0
                  8.730197,40.805978,0
                  8.730213,40.805987,0
                  8.730229,40.805994,0
                  8.730245,40.806002,0
                  8.730261,40.80601,0
                  8.730277,40.806017,0
                  8.730294,40.806025,0
                  8.73031,40.806032,0
                  8.730327,40.806039,0
                  8.730343,40.806046,0
                  8.73036,40.806053,0
                  8.730377,40.80606,0
                  8.730393,40.806066,0
                  8.73041,40.806073,0
                  8.730427,40.806079,0
                  8.730445,40.806084,0
                  8.730462,40.80609,0
                  8.730479,40.806096,0
                  8.730496,40.806101,0
                  8.730513,40.806106,0
                  8.730531,40.806111,0
                  8.730548,40.806116,0
                  8.730565,40.80612,0
                  8.730582,40.806125,0
                  8.7306,40.806129,0
                  8.730617,40.806133,0
                  8.730634,40.806136,0
                  8.730651,40.80614,0
                  8.730669,40.806143,0
                  8.73068,40.806145,0
                  8.730691,40.806148,0
                  8.730703,40.80615,0
                  8.730714,40.806151,0
                  8.730726,40.806153,0
                  8.730737,40.806155,0
                  8.730748,40.806157,0
                  8.73076,40.806158,0
                  8.730771,40.80616,0
                  8.730783,40.806161,0
                  8.730794,40.806162,0
                  8.730806,40.806163,0
                  8.730817,40.806165,0
                  8.730829,40.806165,0
                  8.730841,40.806166,0
                  8.730841,40.807176,0
                  8.730826,40.807173,0
                  8.7308,40.807168,0
                  8.730775,40.807164,0
                  8.730751,40.807159,0
                  8.730726,40.807154,0
                  8.730702,40.807148,0
                  8.730678,40.807143,0
                  8.730654,40.807138,0
                  8.73063,40.807132,0
                  8.730606,40.807126,0
                  8.730583,40.80712,0
                  8.73056,40.807114,0
                  8.730537,40.807108,0
                  8.730515,40.807102,0
                  8.730493,40.807095,0
                  8.73047,40.807088,0
                  8.730449,40.807081,0
                  8.730427,40.807074,0
                  8.730406,40.807067,0
                  8.730385,40.807059,0
                  8.730364,40.807051,0
                  8.730344,40.807043,0
                  8.730323,40.807035,0
                  8.730303,40.807027,0
                  8.730283,40.807018,0
                  8.730264,40.80701,0
                  8.730244,40.807001,0
                  8.730225,40.806992,0
                  8.730206,40.806982,0
                  8.730187,40.806973,0
                  8.730169,40.806963,0
                  8.73015,40.806954,0
                  8.730132,40.806944,0
                  8.730114,40.806935,0
                  8.730096,40.806925,0
                  8.730079,40.806916,0
                  8.730062,40.806906,0
                  8.730045,40.806896,0
                  8.730028,40.806887,0
                  8.730012,40.806877,0
                  8.729996,40.806867,0
                  8.72998,40.806858,0
                  8.729965,40.806848,0
                  8.72995,40.806838,0
                  8.729935,40.806828,0
                  8.729921,40.806819,0
                  8.729922,40.806871,0
                  8.729923,40.806923,0
                  8.729925,40.806974,0
                  8.729928,40.807026,0
                  8.729932,40.807077,0
                  8.729936,40.807127,0
                  8.729941,40.807177,0
                  8.729947,40.807227,0
                  8.729953,40.807276,0
                  8.72996,40.807325,0
                  8.729967,40.807374,0
                  8.729975,40.807422,0
                  8.729984,40.80747,0
                  8.729994,40.807517,0
                  8.730004,40.807564,0
                  8.730014,40.807611,0
                  8.730026,40.807657,0
                  8.730038,40.807702,0
                  8.730052,40.807746,0
                  8.730066,40.807789,0
                  8.730081,40.807832,0
                  8.730097,40.807874,0
                  8.730113,40.807915,0
                  8.730131,40.807956,0
                  8.730149,40.807996,0
                  8.730168,40.808035,0
                  8.730188,40.808073,0
                  8.730209,40.80811,0
                  8.730231,40.808147,0
                  8.730253,40.808183,0
                  8.730277,40.808218,0
                  8.730301,40.808252,0
                  8.730326,40.808286,0
                  8.730352,40.808318,0
                  8.730379,40.808349,0
                  8.730406,40.808379,0
                  8.730435,40.808408,0
                  8.730465,40.808436,0
                  8.730495,40.808464,0
                  8.730527,40.80849,0
                  8.730559,40.808515,0
                  8.730592,40.808539,0
                  8.730626,40.808563,0
                  8.730661,40.808585,0
                  8.730697,40.808606,0
                  8.730734,40.808626,0
                  8.730772,40.808645,0
                  8.730812,40.808662,0
                  8.730852,40.808678,0
                  8.730893,40.808693,0
                  8.730936,40.808706,0
                  8.730979,40.808717,0
                  8.731024,40.808728,0
                  8.731069,40.808737,0
                  8.731116,40.808744,0
                  8.731164,40.80875,0
                  8.731212,40.808755,0
                  8.731262,40.808758,0
                  8.731313,40.808761,0
                  8.731366,40.808761,0
                  8.731397,40.808761,0
                  8.731427,40.808761,0
                  8.731458,40.80876,0
                  8.731487,40.808759,0
                  8.731516,40.808758,0
                  8.731545,40.808756,0
                  8.731573,40.808754,0
                  8.731601,40.808752,0
                  8.731628,40.80875,0
                  8.731654,40.808747,0
                  8.73168,40.808744,0
                  8.731706,40.808741,0
                  8.731731,40.808737,0
                  8.731755,40.808733,0
                  8.731779,40.808729,0
                  8.731803,40.808725,0
                  8.731826,40.808721,0
                  8.731849,40.808717,0
                  8.731871,40.808713,0
                  8.731893,40.808708,0
                  8.731914,40.808703,0
                  8.731936,40.808699,0
                  8.731956,40.808694,0
                  8.731976,40.808689,0
                  8.731996,40.808684,0
                  8.732016,40.808679,0
                  8.732035,40.808673,0
                  8.732054,40.808668,0
                  8.732072,40.808662,0
                  8.73209,40.808657,0
                  8.732107,40.808652,0
                  8.732124,40.808646,0
                  8.732141,40.808641,0
                  8.732157,40.808636,0
                  8.732173,40.808631,0
                  8.732189,40.808626,0
                  8.732205,40.808621,0
                  8.73222,40.808616,0
                  8.732234,40.808611,0
                  8.732248,40.808606,0
                  8.732262,40.808602,0
                  8.732276,40.808597,0
                  8.732289,40.808592,0
                  8.732302,40.808588,0
                  8.732315,40.808583,0
                  8.732327,40.808579,0
                  8.732339,40.808574,0
                  8.73235,40.808571,0
                  8.732361,40.808567,0
                  8.732372,40.808564,0
                  8.732383,40.808561,0
                  8.732393,40.808559,0
                  8.732403,40.808557,0
                  8.732413,40.808555,0
                  8.732422,40.808553,0
                  8.732431,40.808552,0
                  8.73244,40.808551,0
                  8.732449,40.80855,0
                  8.732457,40.80855,0
                  8.732465,40.808549,0
                  8.732471,40.80855,0
                  8.732478,40.80855,0
                  8.732484,40.808551,0
                  8.73249,40.808551,0
                  8.732496,40.808552,0
                  8.732502,40.808554,0
                  8.732508,40.808555,0
                  8.732513,40.808557,0
                  8.732519,40.808559,0
                  8.732524,40.808561,0
                  8.732529,40.808564,0
                  8.732534,40.808567,0
                  8.732539,40.80857,0
                  8.732544,40.808573,0
                  8.732548,40.808576,0
                  8.732553,40.808579,0
                  8.732557,40.808583,0
                  8.732561,40.808587,0
                  8.732566,40.808592,0
                  8.73257,40.808596,0
                  8.732574,40.808601,0
                  8.732577,40.808606,0
                  8.732581,40.808612,0
                  8.732584,40.808618,0
                  8.732588,40.808624,0
                  8.732591,40.808631,0
                  8.732594,40.808638,0
                  8.732596,40.808645,0
                  8.732599,40.808653,0
                  8.732601,40.808661,0
                  8.732604,40.808669,0
                  8.732606,40.808677,0
                  8.732609,40.808686,0
                  8.732611,40.808696,0
                  8.732613,40.808705,0
                  8.732615,40.808716,0
                  8.732617,40.808726,0
                  8.732619,40.808738,0
                  8.732621,40.808749,0
                  8.732623,40.808761,0
                  8.732624,40.808773,0
                  8.732626,40.808786,0
                  8.732627,40.808799,0
                  8.732628,40.808813,0
                  8.73263,40.808827,0
                  8.73263,40.808841,0
                  8.732631,40.808856,0
                  8.732632,40.808871,0
                  8.732633,40.808887,0
                  8.732633,40.808903,0
                  8.732634,40.80892,0
                  8.732634,40.808937,0
                  8.732635,40.808955,0
                  8.732635,40.808973,0
                  8.732635,40.808991,0
                  8.732636,40.80901,0
                  8.732636,40.80903,0
                  8.732636,40.80905,0
                  8.732636,40.80907,0
                  8.732636,40.809091,0
                  8.732636,40.809105,0
                  8.732636,40.809118,0
                  8.732636,40.809131,0
                  8.732636,40.809144,0
                  8.732635,40.809157,0
                  8.732635,40.809169,0
                  8.732635,40.809181,0
                  8.732634,40.809193,0
                  8.732634,40.809204,0
                  8.732634,40.809215,0
                  8.732633,40.809226,0
                  8.732633,40.809237,0
                  8.732632,40.809247,0
                  8.732631,40.809258,0
                  8.732631,40.809268,0
                  8.73263,40.809277,0
                  8.732629,40.809286,0
                  8.732628,40.809295,0
                  8.732628,40.809304,0
                  8.732627,40.809313,0
                  8.732626,40.809321,0
                  8.732625,40.80933,0
                  8.732624,40.809338,0
                  8.732623,40.809345,0
                  8.732621,40.809353,0
                  8.73262,40.80936,0
                  8.732619,40.809368,0
                  8.732617,40.809375,0
                  8.732616,40.809381,0
                  8.732614,40.809388,0
                  8.732612,40.809394,0
                  8.73261,40.809401,0
                  8.732609,40.809407,0
                  8.732607,40.809414,0
                  8.732605,40.80942,0
                  8.732603,40.809426,0
                  8.732601,40.809433,0
                  8.732599,40.809439,0
                  8.732597,40.809445,0
                  8.732594,40.809451,0
                  8.732592,40.809456,0
                  8.73259,40.809462,0
                  8.732587,40.809468,0
                  8.732585,40.809474,0
                  8.732582,40.809479,0
                  8.73258,40.809485,0
                  8.732577,40.80949,0
                  8.732574,40.809495,0
                  8.732571,40.8095,0
                  8.732567,40.809505,0
                  8.732564,40.809511,0
                  8.73256,40.809516,0
                  8.732556,40.80952,0
                  8.732553,40.809525,0
                  8.732548,40.80953,0
                  8.732544,40.809535,0
                  8.73254,40.80954,0
                  8.732535,40.809544,0
                  8.732531,40.809549,0
                  8.732526,40.809554,0
                  8.73252,40.809558,0
                  8.732515,40.809563,0
                  8.732508,40.809568,0
                  8.732501,40.809573,0
                  8.732493,40.809578,0
                  8.732484,40.809583,0
                  8.732475,40.809588,0
                  8.732465,40.809593,0
                  8.732455,40.809599,0
                  8.732444,40.809604,0
                  8.732432,40.80961,0
                  8.732419,40.809616,0
                  8.732406,40.809621,0
                  8.732392,40.809627,0
                  8.732377,40.809633,0
                  8.732362,40.809639,0
                  8.732347,40.809646,0
                  8.73233,40.809652,0
                  8.732314,40.809658,0
                  8.732297,40.809664,0
                  8.73228,40.80967,0
                  8.732262,40.809675,0
                  8.732243,40.809681,0
                  8.732225,40.809686,0
                  8.732206,40.809692,0
                  8.732186,40.809697,0
                  8.732166,40.809702,0
                  8.732146,40.809707,0
                  8.732125,40.809711,0
                  8.732104,40.809716,0
                  8.732082,40.809721,0
                  8.73206,40.809726,0
                  8.732038,40.80973,0
                  8.732016,40.809735,0
                  8.731993,40.809739,0
                  8.73197,40.809743,0
                  8.731947,40.809747,0
                  8.731924,40.809751,0
                  8.7319,40.809755,0
                  8.731876,40.809759,0
                  8.731852,40.809762,0
                  8.731828,40.809766,0
                  8.731803,40.809769,0
                  8.731779,40.809773,0
                  8.731754,40.809776,0
                  8.731729,40.809779,0
                  8.731704,40.809782,0
                  8.731679,40.809784,0
                  8.731654,40.809787,0
                  8.731629,40.809789,0
                  8.731604,40.809791,0
                  8.731579,40.809792,0
                  8.731554,40.809794,0
                  8.731529,40.809795,0
                  8.731505,40.809796,0
                  8.73148,40.809797,0
                  8.731455,40.809798,0
                  8.73143,40.809798,0
                  8.731405,40.809799,0
                  8.731381,40.809799,0
                  8.731303,40.809798,0
                  8.731227,40.809796,0
                  8.731153,40.809792,0
                  8.73108,40.809787,0
                  8.731008,40.80978,0
                  8.730937,40.809772,0
                  8.730868,40.809763,0
                  8.730801,40.809752,0
                  8.730735,40.809739,0
                  8.73067,40.809725,0
                  8.730606,40.80971,0
                  8.730545,40.809693,0
                  8.730484,40.809674,0
                  8.730425,40.809654,0
                  8.730367,40.809633,0
                  8.730311,40.80961,0
                  8.730255,40.809587,0
                  8.730201,40.809562,0
                  8.730148,40.809537,0
                  8.730096,40.80951,0
                  8.730046,40.809482,0
                  8.729996,40.809453,0
                  8.729948,40.809424,0
                  8.729901,40.809393,0
                  8.729854,40.809361,0
                  8.729809,40.809328,0
                  8.729765,40.809294,0
                  8.729723,40.809259,0
                  8.729681,40.809223,0
                  8.72964,40.809186,0
                  8.729601,40.809148,0
                  8.729562,40.809109,0
                  8.729525,40.80907,0
                  8.729488,40.809029,0
                  8.729452,40.808988,0
                  8.729418,40.808946,0
                  8.729384,40.808903,0
                  8.729351,40.808859,0
                  8.729319,40.808815,0
                  8.729288,40.808769,0
                  8.729258,40.808723,0
                  8.729229,40.808676,0
                  8.729202,40.808628,0
                  8.729175,40.80858,0
                  8.729149,40.808531,0
                  8.729124,40.80848,0
                  8.7291,40.80843,0
                  8.729076,40.808379,0
                  8.729054,40.808328,0
                  8.729032,40.808276,0
                  8.729011,40.808224,0
                  8.72899,40.808172,0
                  8.72897,40.80812,0
                  8.728952,40.808067,0
                  8.728933,40.808014,0
                  8.728916,40.80796,0
                  8.728899,40.807906,0
                  8.728883,40.807852,0
                  8.728868,40.807797,0
                  8.728854,40.807743,0
                  8.72884,40.807687,0
                  8.728827,40.807632,0
                  8.728815,40.807576,0
                  8.728803,40.80752,0
                  8.728791,40.807464,0
                  8.728781,40.807409,0
                  8.728771,40.807353,0
                  8.728761,40.807296,0
                  8.728752,40.80724,0
                  8.728744,40.807184,0
                  8.728737,40.807127,0
                  8.72873,40.807071,0
                  8.728723,40.807014,0
                  8.728717,40.806957,0
                  8.728712,40.8069,0
                  8.728707,40.806843,0
                  8.728703,40.806786,0
                  8.728699,40.80673,0
                  8.728695,40.806674,0
                  8.728691,40.806618,0
                  8.728688,40.806562,0
                  8.728685,40.806507,0
                  8.728683,40.806452,0
                  8.728681,40.806398,0
                  8.728679,40.806344,0
                  8.728678,40.80629,0
                  8.728677,40.806236,0
                  8.728676,40.806183,0
                  8.728675,40.806131,0
                  8.728675,40.806078,0
                  8.728675,40.806016,0
                  8.728676,40.805953,0
                  8.728677,40.805892,0
                  8.728678,40.805831,0
                  8.728679,40.80577,0
                  8.728681,40.80571,0
                  8.728683,40.80565,0
                  8.728685,40.805591,0
                  8.728688,40.805532,0
                  8.728691,40.805474,0
                  8.728694,40.805416,0
                  8.728698,40.805359,0
                  8.728702,40.805302,0
                  8.728706,40.805245,0
                  8.72871,40.80519,0
                  8.728715,40.805134,0
                  8.72872,40.805079,0
                  8.728726,40.805025,0
                  8.728732,40.804971,0
                  8.728739,40.804917,0
                  8.728746,40.804865,0
                  8.728754,40.804812,0
                  8.728762,40.804761,0
                  8.728771,40.804709,0
                  8.72878,40.804659,0
                  8.72879,40.804609,0
                  8.7288,40.804559,0
                  8.728811,40.80451,0
                  8.728822,40.804461,0
                  8.728834,40.804414,0
                  8.728846,40.804367,0
                  8.728859,40.80432,0
                  8.728872,40.804274,0
                  8.728886,40.804229,0
                  8.728901,40.804185,0
                  8.728916,40.804141,0
                  8.728932,40.804097,0
                  8.728948,40.804054,0
                  8.728965,40.804012,0
                  8.728982,40.803971,0
                  8.729,40.80393,0
                  8.729018,40.80389,0
                  8.729037,40.80385,0
                  8.729056,40.803812,0
                  8.729076,40.803773,0
                  8.729096,40.803736,0
                  8.729118,40.803699,0
                  8.72914,40.803664,0
                  8.729163,40.803628,0
                  8.729187,40.803594,0
                  8.729211,40.80356,0
                  8.729236,40.803527,0
                  8.729262,40.803495,0
                  8.729289,40.803463,0
                  8.729317,40.803433,0
                  8.729345,40.803403,0
                  8.729375,40.803373,0
                  8.729405,40.803345,0
                  8.729436,40.803317,0
                  8.729467,40.803291,0
                  8.7295,40.803264,0
                  8.729533,40.803239,0
                  8.729566,40.803215,0
                  8.729601,40.803191,0
                  8.729636,40.803168,0
                  8.729673,40.803146,0
                  8.72971,40.803125,0
                  8.729747,40.803105,0
                  8.729786,40.803085,0
                  8.729825,40.803066,0
                  8.729865,40.803049,0
                  8.729906,40.803032,0
                  8.729948,40.803015,0
                  8.72999,40.803,0
                  8.730034,40.802985,0
                  8.730078,40.802972,0
                  8.730123,40.802959,0
                  8.730169,40.802947,0
                  8.730216,40.802937,0
                  8.730265,40.802927,0
                  8.730314,40.802918,0
                  8.730364,40.80291,0
                  8.730415,40.802903,0
                  8.730468,40.802897,0
                  8.730521,40.802891,0
                  8.730575,40.802887,0
                  8.73063,40.802884,0
                  8.730687,40.802882,0
                  8.730744,40.80288,0
                  8.730802,40.80288,0
                  8.730841,40.80288,0
                </coordinates>
              </LinearRing>
            </outerBoundaryIs>
          </Polygon>
          <Polygon>
            <outerBoundaryIs>
              <LinearRing>
                <tessellate>1</tessellate>
                <coordinates>
                  8.728146,40.803513,0
                  8.728146,40.803532,0
                  8.728146,40.803551,0
                  8.728146,40.80357,0
                  8.728146,40.803588,0
                  8.728145,40.803606,0
                  8.728145,40.803624,0
                  8.728144,40.803641,0
                  8.728143,40.803657,0
                  8.728142,40.803674,0
                  8.728141,40.80369,0
                  8.72814,40.803705,0
                  8.728139,40.80372,0
                  8.728138,40.803735,0
                  8.728136,40.803749,0
                  8.728135,40.803763,0
                  8.728133,40.803776,0
                  8.728131,40.803789,0
                  8.728129,40.803802,0
                  8.728127,40.803814,0
                  8.728125,40.803826,0
                  8.728122,40.803837,0
                  8.72812,40.803848,0
                  8.728117,40.803859,0
                  8.728115,40.803869,0
                  8.728112,40.803879,0
                  8.728109,40.803889,0
                  8.728105,40.803899,0
                  8.728102,40.803908,0
                  8.728098,40.803917,0
                  8.728095,40.803925,0
                  8.728091,40.803933,0
                  8.728087,40.803941,0
                  8.728084,40.803949,0
                  8.72808,40.803956,0
                  8.728076,40.803963,0
                  8.728072,40.803969,0
                  8.728068,40.803975,0
                  8.728063,40.803981,0
                  8.728059,40.803987,0
                  8.728055,40.803993,0
                  8.72805,40.803998,0
                  8.728046,40.804003,0
                  8.728041,40.804007,0
                  8.728036,40.804011,0
                  8.728031,40.804015,0
                  8.728026,40.804019,0
                  8.728021,40.804023,0
                  8.728016,40.804026,0
                  8.728011,40.804029,0
                  8.728006,40.804031,0
                  8.728,40.804034,0
                  8.727995,40.804036,0
                  8.727989,40.804038,0
                  8.727984,40.804039,0
                  8.727978,40.804041,0
                  8.727973,40.804042,0
                  8.727967,40.804043,0
                  8.727961,40.804043,0
                  8.727955,40.804044,0
                  8.727949,40.804044,0
                  8.726916,40.804044,0
                  8.726916,40.809565,0
                  8.726916,40.809571,0
                  8.726915,40.809577,0
                  8.726915,40.809583,0
                  8.726914,40.809589,0
                  8.726913,40.809595,0
                  8.726912,40.8096,0
                  8.726911,40.809605,0
                  8.72691,40.809611,0
                  8.726908,40.809616,0
                  8.726907,40.80962,0
                  8.726905,40.809625,0
                  8.726903,40.80963,0
                  8.726901,40.809634,0
                  8.726898,40.809638,0
                  8.726896,40.809643,0
                  8.726893,40.809647,0
                  8.726889,40.809651,0
                  8.726886,40.809655,0
                  8.726882,40.809658,0
                  8.726878,40.809662,0
                  8.726873,40.809666,0
                  8.726869,40.809669,0
                  8.726863,40.809672,0
                  8.726858,40.809675,0
                  8.726852,40.809679,0
                  8.726846,40.809681,0
                  8.726839,40.809684,0
                  8.726832,40.809687,0
                  8.726825,40.80969,0
                  8.726817,40.809692,0
                  8.726809,40.809695,0
                  8.726801,40.809697,0
                  8.726792,40.809699,0
                  8.726782,40.809701,0
                  8.726772,40.809703,0
                  8.726761,40.809705,0
                  8.72675,40.809707,0
                  8.726739,40.809709,0
                  8.726727,40.809711,0
                  8.726714,40.809712,0
                  8.726701,40.809714,0
                  8.726687,40.809715,0
                  8.726673,40.809716,0
                  8.726659,40.809718,0
                  8.726643,40.809719,0
                  8.726628,40.80972,0
                  8.726612,40.809721,0
                  8.726595,40.809721,0
                  8.726577,40.809722,0
                  8.726559,40.809723,0
                  8.72654,40.809723,0
                  8.726521,40.809724,0
                  8.726501,40.809724,0
                  8.72648,40.809725,0
                  8.726459,40.809725,0
                  8.726437,40.809725,0
                  8.726415,40.809725,0
                  8.726392,40.809726,0
                  8.726368,40.809726,0
                  8.726344,40.809726,0
                  8.726323,40.809726,0
                  8.726304,40.809726,0
                  8.726285,40.809726,0
                  8.726266,40.809726,0
                  8.726248,40.809726,0
                  8.726231,40.809726,0
                  8.726214,40.809726,0
                  8.726197,40.809725,0
                  8.726182,40.809725,0
                  8.726166,40.809725,0
                  8.726151,40.809725,0
                  8.726137,40.809725,0
                  8.726123,40.809725,0
                  8.72611,40.809724,0
                  8.726097,40.809724,0
                  8.726084,40.809724,0
                  8.726072,40.809723,0
                  8.72606,40.809723,0
                  8.726048,40.809722,0
                  8.726037,40.809722,0
                  8.726026,40.809721,0
                  8.726016,40.80972,0
                  8.726005,40.80972,0
                  8.725995,40.809719,0
                  8.725986,40.809718,0
                  8.725977,40.809717,0
                  8.725968,40.809716,0
                  8.725959,40.809715,0
                  8.725951,40.809714,0
                  8.725943,40.809713,0
                  8.725935,40.809712,0
                  8.725927,40.809711,0
                  8.72592,40.80971,0
                  8.725913,40.809709,0
                  8.725906,40.809707,0
                  8.725899,40.809706,0
                  8.725892,40.809705,0
                  8.725886,40.809703,0
                  8.72588,40.809702,0
                  8.725874,40.8097,0
                  8.725868,40.809699,0
                  8.725862,40.809697,0
                  8.725857,40.809695,0
                  8.725851,40.809694,0
                  8.725846,40.809692,0
                  8.725842,40.80969,0
                  8.725837,40.809688,0
                  8.725833,40.809687,0
                  8.725828,40.809685,0
                  8.725824,40.809683,0
                  8.72582,40.80968,0
                  8.725816,40.809678,0
                  8.725812,40.809676,0
                  8.725808,40.809674,0
                  8.725804,40.809671,0
                  8.7258,40.809669,0
                  8.725797,40.809666,0
                  8.725793,40.809664,0
                  8.72579,40.809661,0
                  8.725786,40.809658,0
                  8.724429,40.808729,0
                  8.724422,40.808724,0
                  8.724414,40.808718,0
                  8.724407,40.808713,0
                  8.7244,40.808707,0
                  8.724393,40.808702,0
                  8.724387,40.808697,0
                  8.72438,40.808692,0
                  8.724374,40.808686,0
                  8.724368,40.808681,0
                  8.724362,40.808676,0
                  8.724357,40.808671,0
                  8.724352,40.808666,0
                  8.724347,40.808661,0
                  8.724342,40.808657,0
                  8.724338,40.808652,0
                  8.724333,40.808647,0
                  8.724329,40.808642,0
                  8.724324,40.808636,0
                  8.72432,40.808631,0
                  8.724316,40.808625,0
                  8.724312,40.808619,0
                  8.724309,40.808613,0
                  8.724305,40.808607,0
                  8.724302,40.808601,0
                  8.724298,40.808594,0
                  8.724295,40.808587,0
                  8.724292,40.80858,0
                  8.72429,40.808573,0
                  8.724287,40.808566,0
                  8.724285,40.808558,0
                  8.724282,40.808551,0
                  8.724279,40.808543,0
                  8.724277,40.808535,0
                  8.724275,40.808527,0
                  8.724273,40.808518,0
                  8.724271,40.80851,0
                  8.724269,40.808501,0
                  8.724267,40.808492,0
                  8.724266,40.808482,0
                  8.724264,40.808473,0
                  8.724263,40.808463,0
                  8.724262,40.808453,0
                  8.724261,40.808443,0
                  8.72426,40.808433,0
                  8.724259,40.808422,0
                  8.724259,40.808412,0
                  8.724258,40.8084,0
                  8.724258,40.808389,0
                  8.724257,40.808377,0
                  8.724257,40.808364,0
                  8.724256,40.808352,0
                  8.724256,40.808338,0
                  8.724256,40.808325,0
                  8.724255,40.808311,0
                  8.724255,40.808296,0
                  8.724255,40.808281,0
                  8.724255,40.808266,0
                  8.724255,40.80825,0
                  8.724255,40.808234,0
                  8.724255,40.808218,0
                  8.724255,40.808192,0
                  8.724255,40.808167,0
                  8.724255,40.808143,0
                  8.724256,40.80812,0
                  8.724256,40.808097,0
                  8.724257,40.808075,0
                  8.724258,40.808054,0
                  8.724259,40.808034,0
                  8.72426,40.808014,0
                  8.724261,40.807995,0
                  8.724263,40.807977,0
                  8.724264,40.80796,0
                  8.724266,40.807943,0
                  8.724268,40.807928,0
                  8.72427,40.807913,0
                  8.724272,40.807899,0
                  8.724274,40.807885,0
                  8.724277,40.807872,0
                  8.724279,40.80786,0
                  8.724282,40.807848,0
                  8.724286,40.807837,0
                  8.724289,40.807826,0
                  8.724293,40.807816,0
                  8.724297,40.807807,0
                  8.724301,40.807798,0
                  8.724305,40.80779,0
                  8.72431,40.807782,0
                  8.724314,40.807774,0
                  8.724319,40.807768,0
                  8.724324,40.807761,0
                  8.72433,40.807756,0
                  8.724336,40.80775,0
                  8.724343,40.807746,0
                  8.724349,40.807742,0
                  8.724356,40.807738,0
                  8.724363,40.807735,0
                  8.72437,40.807733,0
                  8.724378,40.807731,0
                  8.724386,40.807729,0
                  8.724394,40.807728,0
                  8.724402,40.807727,0
                  8.72441,40.807727,0
                  8.724419,40.807728,0
                  8.724429,40.807728,0
                  8.724438,40.807729,0
                  8.724448,40.807731,0
                  8.724458,40.807734,0
                  8.724468,40.807737,0
                  8.724479,40.80774,0
                  8.72449,40.807744,0
                  8.724501,40.807748,0
                  8.724513,40.807752,0
                  8.724525,40.807757,0
                  8.724538,40.807762,0
                  8.724551,40.807767,0
                  8.724564,40.807773,0
                  8.724577,40.807779,0
                  8.724591,40.807786,0
                  8.724605,40.807793,0
                  8.72462,40.8078,0
                  8.725635,40.808393,0
                  8.725635,40.804044,0
                  8.724455,40.804044,0
                  8.724449,40.804044,0
                  8.724444,40.804044,0
                  8.724438,40.804043,0
                  8.724433,40.804042,0
                  8.724427,40.804041,0
                  8.724422,40.80404,0
                  8.724417,40.804038,0
                  8.724412,40.804036,0
                  8.724406,40.804034,0
                  8.724401,40.804032,0
                  8.724397,40.804029,0
                  8.724392,40.804026,0
                  8.724387,40.804023,0
                  8.724383,40.80402,0
                  8.724378,40.804016,0
                  8.724374,40.804012,0
                  8.724369,40.804007,0
                  8.724365,40.804003,0
                  8.72436,40.803998,0
                  8.724356,40.803993,0
                  8.724352,40.803987,0
                  8.724348,40.803982,0
                  8.724344,40.803976,0
                  8.724339,40.803969,0
                  8.724335,40.803963,0
                  8.724332,40.803956,0
                  8.724328,40.803949,0
                  8.724324,40.803942,0
                  8.72432,40.803934,0
                  8.724316,40.803926,0
                  8.724313,40.803917,0
                  8.724309,40.803908,0
                  8.724306,40.803899,0
                  8.724303,40.80389,0
                  8.7243,40.80388,0
                  8.724297,40.80387,0
                  8.724294,40.803859,0
                  8.724292,40.803848,0
                  8.724289,40.803837,0
                  8.724287,40.803826,0
                  8.724284,40.803814,0
                  8.724282,40.803802,0
                  8.72428,40.803789,0
                  8.724278,40.803777,0
                  8.724277,40.803763,0
                  8.724275,40.80375,0
                  8.724274,40.803735,0
                  8.724272,40.803721,0
                  8.724271,40.803705,0
                  8.72427,40.80369,0
                  8.724269,40.803674,0
                  8.724268,40.803658,0
                  8.724267,40.803641,0
                  8.724267,40.803624,0
                  8.724266,40.803607,0
                  8.724266,40.803589,0
                  8.724266,40.803571,0
                  8.724265,40.803552,0
                  8.724265,40.803533,0
                  8.724265,40.803513,0
                  8.724265,40.803494,0
                  8.724265,40.803475,0
                  8.724266,40.803457,0
                  8.724266,40.803439,0
                  8.724267,40.803421,0
                  8.724268,40.803404,0
                  8.724268,40.803388,0
                  8.724269,40.803371,0
                  8.724271,40.803355,0
                  8.724272,40.80334,0
                  8.724273,40.803325,0
                  8.724275,40.80331,0
                  8.724276,40.803296,0
                  8.724278,40.803282,0
                  8.72428,40.803268,0
                  8.724282,40.803255,0
                  8.724284,40.803242,0
                  8.724286,40.803229,0
                  8.724289,40.803217,0
                  8.724291,40.803205,0
                  8.724294,40.803194,0
                  8.724296,40.803183,0
                  8.724299,40.803172,0
                  8.724302,40.803162,0
                  8.724305,40.803152,0
                  8.724308,40.803142,0
                  8.724311,40.803133,0
                  8.724314,40.803124,0
                  8.724318,40.803116,0
                  8.724322,40.803108,0
                  8.724325,40.8031,0
                  8.724329,40.803092,0
                  8.724333,40.803085,0
                  8.724337,40.803078,0
                  8.72434,40.803071,0
                  8.724344,40.803065,0
                  8.724348,40.803059,0
                  8.724352,40.803053,0
                  8.724356,40.803048,0
                  8.72436,40.803043,0
                  8.724365,40.803038,0
                  8.724369,40.803034,0
                  8.724373,40.80303,0
                  8.724377,40.803026,0
                  8.724382,40.803023,0
                  8.724386,40.803019,0
                  8.724391,40.803016,0
                  8.724396,40.803013,0
                  8.7244,40.803011,0
                  8.724405,40.803008,0
                  8.72441,40.803006,0
                  8.724415,40.803004,0
                  8.72442,40.803002,0
                  8.724425,40.803001,0
                  8.72443,40.803,0
                  8.724435,40.802999,0
                  8.72444,40.802998,0
                  8.724445,40.802997,0
                  8.72445,40.802997,0
                  8.724455,40.802997,0
                  8.727951,40.802997,0
                  8.727956,40.802997,0
                  8.727962,40.802997,0
                  8.727967,40.802998,0
                  8.727973,40.802999,0
                  8.727978,40.803,0
                  8.727984,40.803001,0
                  8.727989,40.803002,0
                  8.727994,40.803004,0
                  8.728,40.803006,0
                  8.728005,40.803008,0
                  8.72801,40.803011,0
                  8.728015,40.803013,0
                  8.72802,40.803016,0
                  8.728024,40.803019,0
                  8.728029,40.803023,0
                  8.728033,40.803026,0
                  8.728038,40.80303,0
                  8.728042,40.803034,0
                  8.728046,40.803038,0
                  8.72805,40.803043,0
                  8.728055,40.803048,0
                  8.728059,40.803053,0
                  8.728063,40.803059,0
                  8.728067,40.803065,0
                  8.728071,40.803071,0
                  8.728075,40.803078,0
                  8.728078,40.803085,0
                  8.728082,40.803092,0
                  8.728086,40.8031,0
                  8.728089,40.803108,0
                  8.728093,40.803116,0
                  8.728096,40.803124,0
                  8.728099,40.803133,0
                  8.728103,40.803142,0
                  8.728106,40.803152,0
                  8.728109,40.803162,0
                  8.728111,40.803172,0
                  8.728114,40.803183,0
                  8.728117,40.803194,0
                  8.728119,40.803205,0
                  8.728122,40.803217,0
                  8.728124,40.803229,0
                  8.728126,40.803242,0
                  8.728129,40.803255,0
                  8.728131,40.803268,0
                  8.728133,40.803282,0
                  8.728134,40.803296,0
                  8.728136,40.80331,0
                  8.728137,40.803325,0
                  8.728139,40.80334,0
                  8.72814,40.803355,0
                  8.728141,40.803371,0
                  8.728142,40.803388,0
                  8.728143,40.803404,0
                  8.728144,40.803421,0
                  8.728145,40.803439,0
                  8.728145,40.803457,0
                  8.728145,40.803475,0
                  8.728146,40.803494,0
                  8.728146,40.803513,0
                </coordinates>
              </LinearRing>
            </outerBoundaryIs>
          </Polygon>
          <Polygon>
            <outerBoundaryIs>
              <LinearRing>
                <tessellate>1</tessellate>
                <coordinates>
                  8.712461,40.803508,0
                  8.712462,40.803507,0
                  8.712462,40.803527,0
                  8.712462,40.803546,0
                  8.712462,40.803564,0
                  8.712461,40.803583,0
                  8.712461,40.803601,0
                  8.71246,40.803618,0
                  8.71246,40.803635,0
                  8.712459,40.803652,0
                  8.712458,40.803668,0
                  8.712457,40.803684,0
                  8.712456,40.803699,0
                  8.712455,40.803714,0
                  8.712454,40.803729,0
                  8.712452,40.803743,0
                  8.71245,40.803757,0
                  8.712449,40.803771,0
                  8.712447,40.803783,0
                  8.712445,40.803796,0
                  8.712443,40.803808,0
                  8.712441,40.80382,0
                  8.712438,40.803831,0
                  8.712436,40.803842,0
                  8.712433,40.803853,0
                  8.71243,40.803864,0
                  8.712427,40.803874,0
                  8.712424,40.803884,0
                  8.712421,40.803893,0
                  8.712418,40.803902,0
                  8.712414,40.803911,0
                  8.712411,40.80392,0
                  8.712407,40.803928,0
                  8.712403,40.803935,0
                  8.712399,40.803943,0
                  8.712395,40.80395,0
                  8.712391,40.803957,0
                  8.712387,40.803963,0
                  8.712383,40.80397,0
                  8.712379,40.803976,0
                  8.712375,40.803981,0
                  8.712371,40.803987,0
                  8.712366,40.803992,0
                  8.712362,40.803997,0
                  8.712357,40.804001,0
                  8.712352,40.804006,0
                  8.712347,40.80401,0
                  8.712342,40.804013,0
                  8.712337,40.804017,0
                  8.712332,40.80402,0
                  8.712327,40.804023,0
                  8.712321,40.804026,0
                  8.712316,40.804028,0
                  8.712311,40.80403,0
                  8.712305,40.804032,0
                  8.7123,40.804034,0
                  8.712294,40.804035,0
                  8.712289,40.804036,0
                  8.712283,40.804037,0
                  8.712277,40.804038,0
                  8.712271,40.804038,0
                  8.712265,40.804038,0
                  8.711232,40.804038,0
                  8.711232,40.809559,0
                  8.711231,40.809566,0
                  8.711231,40.809572,0
                  8.711231,40.809578,0
                  8.71123,40.809583,0
                  8.711229,40.809589,0
                  8.711228,40.809594,0
                  8.711227,40.8096,0
                  8.711226,40.809605,0
                  8.711224,40.80961,0
                  8.711222,40.809615,0
                  8.711221,40.809619,0
                  8.711219,40.809624,0
                  8.711216,40.809628,0
                  8.711214,40.809633,0
                  8.711211,40.809637,0
                  8.711208,40.809641,0
                  8.711205,40.809645,0
                  8.711202,40.809649,0
                  8.711198,40.809653,0
                  8.711194,40.809656,0
                  8.711189,40.80966,0
                  8.711184,40.809663,0
                  8.711179,40.809667,0
                  8.711174,40.80967,0
                  8.711168,40.809673,0
                  8.711162,40.809676,0
                  8.711155,40.809679,0
                  8.711148,40.809681,0
                  8.711141,40.809684,0
                  8.711133,40.809686,0
                  8.711125,40.809689,0
                  8.711116,40.809691,0
                  8.711107,40.809694,0
                  8.711098,40.809696,0
                  8.711088,40.809698,0
                  8.711077,40.8097,0
                  8.711066,40.809702,0
                  8.711054,40.809703,0
                  8.711042,40.809705,0
                  8.71103,40.809707,0
                  8.711017,40.809708,0
                  8.711003,40.809709,0
                  8.710989,40.809711,0
                  8.710974,40.809712,0
                  8.710959,40.809713,0
                  8.710944,40.809714,0
                  8.710927,40.809715,0
                  8.71091,40.809716,0
                  8.710893,40.809717,0
                  8.710875,40.809717,0
                  8.710856,40.809718,0
                  8.710837,40.809718,0
                  8.710817,40.809719,0
                  8.710796,40.809719,0
                  8.710775,40.809719,0
                  8.710753,40.80972,0
                  8.71073,40.80972,0
                  8.710707,40.80972,0
                  8.710684,40.80972,0
                  8.710659,40.80972,0
                  8.710639,40.80972,0
                  8.71062,40.80972,0
                  8.7106,40.80972,0
                  8.710582,40.80972,0
                  8.710564,40.80972,0
                  8.710547,40.80972,0
                  8.71053,40.80972,0
                  8.710513,40.80972,0
                  8.710497,40.80972,0
                  8.710482,40.809719,0
                  8.710467,40.809719,0
                  8.710453,40.809719,0
                  8.710439,40.809719,0
                  8.710425,40.809719,0
                  8.710412,40.809718,0
                  8.7104,40.809718,0
                  8.710388,40.809717,0
                  8.710376,40.809717,0
                  8.710364,40.809716,0
                  8.710353,40.809716,0
                  8.710342,40.809715,0
                  8.710331,40.809715,0
                  8.710321,40.809714,0
                  8.710311,40.809713,0
                  8.710302,40.809712,0
                  8.710292,40.809712,0
                  8.710283,40.809711,0
                  8.710275,40.80971,0
                  8.710267,40.809709,0
                  8.710259,40.809708,0
                  8.710251,40.809707,0
                  8.710243,40.809705,0
                  8.710236,40.809704,0
                  8.710229,40.809703,0
                  8.710221,40.809702,0
                  8.710215,40.8097,0
                  8.710208,40.809699,0
                  8.710202,40.809698,0
                  8.710195,40.809696,0
                  8.710189,40.809695,0
                  8.710184,40.809693,0
                  8.710178,40.809691,0
                  8.710172,40.80969,0
                  8.710167,40.809688,0
                  8.710162,40.809686,0
                  8.710157,40.809685,0
                  8.710153,40.809683,0
                  8.710149,40.809681,0
                  8.710144,40.809679,0
                  8.71014,40.809677,0
                  8.710136,40.809675,0
                  8.710132,40.809673,0
                  8.710128,40.80967,0
                  8.710124,40.809668,0
                  8.71012,40.809666,0
                  8.710116,40.809663,0
                  8.710112,40.809661,0
                  8.710109,40.809658,0
                  8.710105,40.809656,0
                  8.710102,40.809653,0
                  8.708745,40.808724,0
                  8.708738,40.808718,0
                  8.70873,40.808712,0
                  8.708723,40.808707,0
                  8.708716,40.808702,0
                  8.708709,40.808696,0
                  8.708702,40.808691,0
                  8.708696,40.808686,0
                  8.70869,40.808681,0
                  8.708684,40.808676,0
                  8.708678,40.808671,0
                  8.708673,40.808666,0
                  8.708668,40.808661,0
                  8.708663,40.808656,0
                  8.708658,40.808651,0
                  8.708654,40.808646,0
                  8.708649,40.808641,0
                  8.708645,40.808636,0
                  8.70864,40.808631,0
                  8.708636,40.808625,0
                  8.708632,40.808619,0
                  8.708628,40.808614,0
                  8.708624,40.808608,0
                  8.708621,40.808601,0
                  8.708617,40.808595,0
                  8.708614,40.808589,0
                  8.708611,40.808582,0
                  8.708608,40.808575,0
                  8.708605,40.808568,0
                  8.708603,40.80856,0
                  8.7086,40.808552,0
                  8.708598,40.808545,0
                  8.708595,40.808537,0
                  8.708593,40.808529,0
                  8.708591,40.808521,0
                  8.708588,40.808513,0
                  8.708587,40.808504,0
                  8.708585,40.808495,0
                  8.708583,40.808486,0
                  8.708582,40.808477,0
                  8.70858,40.808467,0
                  8.708579,40.808457,0
                  8.708578,40.808448,0
                  8.708577,40.808437,0
                  8.708576,40.808427,0
                  8.708575,40.808417,0
                  8.708575,40.808406,0
                  8.708574,40.808395,0
                  8.708573,40.808383,0
                  8.708573,40.808371,0
                  8.708573,40.808359,0
                  8.708572,40.808346,0
                  8.708572,40.808333,0
                  8.708572,40.808319,0
                  8.708571,40.808305,0
                  8.708571,40.80829,0
                  8.708571,40.808276,0
                  8.708571,40.80826,0
                  8.708571,40.808245,0
                  8.70857,40.808229,0
                  8.70857,40.808212,0
                  8.708571,40.808187,0
                  8.708571,40.808162,0
                  8.708571,40.808137,0
                  8.708572,40.808114,0
                  8.708572,40.808091,0
                  8.708573,40.808069,0
                  8.708574,40.808048,0
                  8.708575,40.808028,0
                  8.708576,40.808008,0
                  8.708577,40.807989,0
                  8.708579,40.807971,0
                  8.70858,40.807954,0
                  8.708582,40.807938,0
                  8.708584,40.807922,0
                  8.708585,40.807907,0
                  8.708588,40.807893,0
                  8.70859,40.80788,0
                  8.708592,40.807867,0
                  8.708595,40.807854,0
                  8.708598,40.807843,0
                  8.708601,40.807831,0
                  8.708605,40.807821,0
                  8.708608,40.807811,0
                  8.708612,40.807801,0
                  8.708616,40.807792,0
                  8.708621,40.807784,0
                  8.708625,40.807776,0
                  8.70863,40.807769,0
                  8.708635,40.807762,0
                  8.70864,40.807756,0
                  8.708646,40.80775,0
                  8.708652,40.807745,0
                  8.708658,40.80774,0
                  8.708665,40.807736,0
                  8.708672,40.807732,0
                  8.708679,40.807729,0
                  8.708686,40.807727,0
                  8.708693,40.807725,0
                  8.708701,40.807723,0
                  8.708709,40.807722,0
                  8.708718,40.807722,0
                  8.708726,40.807722,0
                  8.708735,40.807722,0
                  8.708744,40.807723,0
                  8.708754,40.807724,0
                  8.708763,40.807726,0
                  8.708773,40.807728,0
                  8.708784,40.807731,0
                  8.708794,40.807734,0
                  8.708805,40.807738,0
                  8.708817,40.807742,0
                  8.708829,40.807746,0
                  8.708841,40.807751,0
                  8.708853,40.807756,0
                  8.708866,40.807762,0
                  8.70888,40.807768,0
                  8.708893,40.807774,0
                  8.708907,40.80778,0
                  8.708921,40.807787,0
                  8.708936,40.807795,0
                  8.709951,40.808387,0
                  8.709951,40.804039,0
                  8.708771,40.804039,0
                  8.708765,40.804038,0
                  8.708759,40.804038,0
                  8.708754,40.804037,0
                  8.708748,40.804037,0
                  8.708743,40.804035,0
                  8.708738,40.804034,0
                  8.708732,40.804032,0
                  8.708727,40.804031,0
                  8.708722,40.804028,0
                  8.708717,40.804026,0
                  8.708712,40.804023,0
                  8.708708,40.80402,0
                  8.708703,40.804017,0
                  8.708698,40.804014,0
                  8.708694,40.80401,0
                  8.708689,40.804006,0
                  8.708685,40.804002,0
                  8.70868,40.803997,0
                  8.708676,40.803992,0
                  8.708672,40.803987,0
                  8.708668,40.803982,0
                  8.708663,40.803976,0
                  8.708659,40.80397,0
                  8.708655,40.803964,0
                  8.708651,40.803957,0
                  8.708647,40.80395,0
                  8.708643,40.803943,0
                  8.70864,40.803936,0
                  8.708636,40.803928,0
                  8.708632,40.80392,0
                  8.708629,40.803912,0
                  8.708625,40.803903,0
                  8.708622,40.803893,0
                  8.708619,40.803884,0
                  8.708616,40.803874,0
                  8.708613,40.803864,0
                  8.70861,40.803853,0
                  8.708607,40.803843,0
                  8.708605,40.803832,0
                  8.708602,40.80382,0
                  8.7086,40.803808,0
                  8.708598,40.803796,0
                  8.708596,40.803784,0
                  8.708594,40.803771,0
                  8.708592,40.803758,0
                  8.708591,40.803744,0
                  8.708589,40.80373,0
                  8.708588,40.803715,0
                  8.708587,40.8037,0
                  8.708586,40.803684,0
                  8.708585,40.803668,0
                  8.708584,40.803652,0
                  8.708583,40.803636,0
                  8.708583,40.803619,0
                  8.708582,40.803601,0
                  8.708582,40.803583,0
                  8.708581,40.803565,0
                  8.708581,40.803546,0
                  8.708581,40.803527,0
                  8.708581,40.803508,0
                  8.708581,40.803488,0
                  8.708581,40.80347,0
                  8.708581,40.803451,0
                  8.708582,40.803433,0
                  8.708583,40.803416,0
                  8.708583,40.803399,0
                  8.708584,40.803382,0
                  8.708585,40.803366,0
                  8.708586,40.80335,0
                  8.708588,40.803334,0
                  8.708589,40.803319,0
                  8.708591,40.803304,0
                  8.708592,40.80329,0
                  8.708594,40.803276,0
                  8.708596,40.803263,0
                  8.708598,40.803249,0
                  8.7086,40.803236,0
                  8.708602,40.803224,0
                  8.708604,40.803212,0
                  8.708607,40.8032,0
                  8.708609,40.803188,0
                  8.708612,40.803177,0
                  8.708615,40.803166,0
                  8.708618,40.803156,0
                  8.708621,40.803146,0
                  8.708624,40.803136,0
                  8.708627,40.803127,0
                  8.70863,40.803118,0
                  8.708634,40.80311,0
                  8.708637,40.803102,0
                  8.708641,40.803094,0
                  8.708645,40.803086,0
                  8.708649,40.803079,0
                  8.708652,40.803072,0
                  8.708656,40.803065,0
                  8.70866,40.803059,0
                  8.708664,40.803053,0
                  8.708668,40.803047,0
                  8.708672,40.803042,0
                  8.708676,40.803037,0
                  8.70868,40.803032,0
                  8.708684,40.803028,0
                  8.708689,40.803024,0
                  8.708693,40.80302,0
                  8.708697,40.803017,0
                  8.708702,40.803014,0
                  8.708707,40.803011,0
                  8.708711,40.803008,0
                  8.708716,40.803005,0
                  8.708721,40.803003,0
                  8.708726,40.803,0
                  8.708731,40.802998,0
                  8.708736,40.802997,0
                  8.708741,40.802995,0
                  8.708745,40.802994,0
                  8.70875,40.802993,0
                  8.708755,40.802992,0
                  8.70876,40.802991,0
                  8.708766,40.802991,0
                  8.708771,40.802991,0
                  8.712266,40.802991,0
                  8.712272,40.802991,0
                  8.712278,40.802991,0
                  8.712283,40.802992,0
                  8.712289,40.802993,0
                  8.712294,40.802994,0
                  8.7123,40.802995,0
                  8.712305,40.802997,0
                  8.71231,40.802998,0
                  8.712315,40.803,0
                  8.712321,40.803003,0
                  8.712326,40.803005,0
                  8.712331,40.803008,0
                  8.712335,40.803011,0
                  8.71234,40.803014,0
                  8.712345,40.803017,0
                  8.712349,40.80302,0
                  8.712353,40.803024,0
                  8.712358,40.803028,0
                  8.712362,40.803032,0
                  8.712366,40.803037,0
                  8.71237,40.803042,0
                  8.712375,40.803047,0
                  8.712379,40.803053,0
                  8.712383,40.803059,0
                  8.712387,40.803065,0
                  8.71239,40.803072,0
                  8.712394,40.803079,0
                  8.712398,40.803086,0
                  8.712401,40.803094,0
                  8.712405,40.803102,0
                  8.712408,40.80311,0
                  8.712412,40.803118,0
                  8.712415,40.803127,0
                  8.712418,40.803136,0
                  8.712421,40.803146,0
                  8.712424,40.803156,0
                  8.712427,40.803166,0
                  8.71243,40.803177,0
                  8.712433,40.803188,0
                  8.712435,40.8032,0
                  8.712438,40.803212,0
                  8.71244,40.803224,0
                  8.712442,40.803236,0
                  8.712444,40.803249,0
                  8.712446,40.803263,0
                  8.712448,40.803276,0
                  8.71245,40.80329,0
                  8.712452,40.803304,0
                  8.712453,40.803319,0
                  8.712455,40.803334,0
                  8.712456,40.80335,0
                  8.712457,40.803366,0
                  8.712458,40.803382,0
                  8.712459,40.803399,0
                  8.71246,40.803416,0
                  8.71246,40.803433,0
                  8.712461,40.803451,0
                  8.712461,40.80347,0
                  8.712461,40.803488,0
                  8.712461,40.803508,0
                </coordinates>
              </LinearRing>
            </outerBoundaryIs>
          </Polygon>
          <Polygon>
            <outerBoundaryIs>
              <LinearRing>
                <tessellate>1</tessellate>
                <coordinates>
                  8.71531,40.804377,0
                  8.71531,40.804376,0
                  8.71531,40.805466,0
                  8.713792,40.805466,0
                  8.71531,40.808273,0
                  8.71531,40.809691,0
                  8.715296,40.80969,0
                  8.715283,40.809689,0
                  8.71527,40.809687,0
                  8.715257,40.809686,0
                  8.715244,40.809684,0
                  8.715232,40.809683,0
                  8.71522,40.809681,0
                  8.715208,40.809679,0
                  8.715196,40.809677,0
                  8.715185,40.809675,0
                  8.715174,40.809674,0
                  8.715163,40.809671,0
                  8.715152,40.809669,0
                  8.715142,40.809667,0
                  8.715132,40.809665,0
                  8.715118,40.809662,0
                  8.715105,40.809659,0
                  8.715092,40.809655,0
                  8.715079,40.809652,0
                  8.715067,40.809649,0
                  8.715055,40.809645,0
                  8.715044,40.809641,0
                  8.715033,40.809638,0
                  8.715023,40.809634,0
                  8.715013,40.80963,0
                  8.715003,40.809626,0
                  8.714994,40.809622,0
                  8.714985,40.809618,0
                  8.714977,40.809613,0
                  8.714968,40.809609,0
                  8.714961,40.809604,0
                  8.714953,40.809599,0
                  8.714946,40.809594,0
                  8.71494,40.809589,0
                  8.714933,40.809584,0
                  8.714927,40.809579,0
                  8.714921,40.809574,0
                  8.714916,40.809569,0
                  8.71491,40.809564,0
                  8.714905,40.809558,0
                  8.714901,40.809552,0
                  8.714896,40.809547,0
                  8.714892,40.809541,0
                  8.714888,40.809535,0
                  8.714885,40.809529,0
                  8.712923,40.805869,0
                  8.712916,40.805856,0
                  8.71291,40.805843,0
                  8.712904,40.80583,0
                  8.712897,40.805817,0
                  8.712891,40.805805,0
                  8.712886,40.805792,0
                  8.71288,40.80578,0
                  8.712875,40.805767,0
                  8.712869,40.805755,0
                  8.712864,40.805743,0
                  8.712859,40.805731,0
                  8.712854,40.805719,0
                  8.71285,40.805707,0
                  8.712845,40.805695,0
                  8.712841,40.805683,0
                  8.712837,40.805671,0
                  8.712833,40.805659,0
                  8.712829,40.805647,0
                  8.712826,40.805635,0
                  8.712822,40.805623,0
                  8.712818,40.80561,0
                  8.712815,40.805598,0
                  8.712812,40.805586,0
                  8.712809,40.805573,0
                  8.712806,40.805561,0
                  8.712803,40.805548,0
                  8.7128,40.805535,0
                  8.712797,40.805522,0
                  8.712795,40.805509,0
                  8.712792,40.805496,0
                  8.71279,40.805483,0
                  8.712788,40.80547,0
                  8.712786,40.805456,0
                  8.712784,40.805442,0
                  8.712782,40.805428,0
                  8.71278,40.805414,0
                  8.712779,40.805399,0
                  8.712777,40.805385,0
                  8.712775,40.80537,0
                  8.712774,40.805355,0
                  8.712772,40.805339,0
                  8.712771,40.805324,0
                  8.71277,40.805308,0
                  8.712769,40.805292,0
                  8.712768,40.805276,0
                  8.712767,40.80526,0
                  8.712766,40.805243,0
                  8.712765,40.805226,0
                  8.712765,40.805208,0
                  8.712764,40.80519,0
                  8.712763,40.805172,0
                  8.712763,40.805153,0
                  8.712763,40.805134,0
                  8.712762,40.805114,0
                  8.712762,40.805094,0
                  8.712762,40.805074,0
                  8.712762,40.805053,0
                  8.712761,40.805032,0
                  8.712761,40.805011,0
                  8.712761,40.804989,0
                  8.712761,40.804962,0
                  8.712762,40.804936,0
                  8.712762,40.804911,0
                  8.712762,40.804886,0
                  8.712763,40.804862,0
                  8.712764,40.804839,0
                  8.712765,40.804817,0
                  8.712766,40.804795,0
                  8.712767,40.804774,0
                  8.712769,40.804754,0
                  8.71277,40.804735,0
                  8.712772,40.804716,0
                  8.712774,40.804698,0
                  8.712776,40.804681,0
                  8.712778,40.804664,0
                  8.71278,40.804648,0
                  8.712783,40.804633,0
                  8.712786,40.804618,0
                  8.712789,40.804603,0
                  8.712792,40.804589,0
                  8.712795,40.804576,0
                  8.712798,40.804563,0
                  8.712802,40.804551,0
                  8.712806,40.804539,0
                  8.712809,40.804527,0
                  8.712813,40.804516,0
                  8.712818,40.804506,0
                  8.712822,40.804496,0
                  8.712826,40.804486,0
                  8.712831,40.804477,0
                  8.712836,40.804469,0
                  8.712841,40.804461,0
                  8.712847,40.804454,0
                  8.712852,40.804446,0
                  8.712858,40.80444,0
                  8.712864,40.804433,0
                  8.712869,40.804427,0
                  8.712876,40.804422,0
                  8.712882,40.804417,0
                  8.712888,40.804412,0
                  8.712895,40.804408,0
                  8.712902,40.804404,0
                  8.712908,40.8044,0
                  8.712916,40.804397,0
                  8.712923,40.804394,0
                  8.71293,40.804392,0
                  8.712937,40.80439,0
                  8.712945,40.804388,0
                  8.712952,40.804386,0
                  8.71296,40.804384,0
                  8.712968,40.804383,0
                  8.712976,40.804382,0
                  8.712984,40.804381,0
                  8.712992,40.80438,0
                  8.713001,40.804379,0
                  8.713009,40.804378,0
                  8.713018,40.804378,0
                  8.713027,40.804377,0
                  8.713036,40.804377,0
                  8.713045,40.804377,0
                  8.71531,40.804377,0
                </coordinates>
              </LinearRing>
            </outerBoundaryIs>
          </Polygon>
          <Polygon>
            <outerBoundaryIs>
              <LinearRing>
                <tessellate>1</tessellate>
                <coordinates>
                  8.717452,40.804917,0
                  8.717452,40.804955,0
                  8.717451,40.804993,0
                  8.71745,40.805028,0
                  8.717448,40.805062,0
                  8.717446,40.805095,0
                  8.717443,40.805126,0
                  8.71744,40.805156,0
                  8.717436,40.805184,0
                  8.717432,40.805211,0
                  8.717427,40.805236,0
                  8.717422,40.80526,0
                  8.717416,40.805282,0
                  8.717409,40.805303,0
                  8.717403,40.805322,0
                  8.717395,40.80534,0
                  8.717388,40.805356,0
                  8.71738,40.805371,0
                  8.717372,40.805385,0
                  8.717364,40.805398,0
                  8.717356,40.80541,0
                  8.717348,40.805421,0
                  8.717339,40.805431,0
                  8.71733,40.805439,0
                  8.717321,40.805446,0
                  8.717312,40.805453,0
                  8.717302,40.805458,0
                  8.717292,40.805462,0
                  8.717282,40.805465,0
                  8.717272,40.805466,0
                  8.717262,40.805467,0
                  8.716702,40.805467,0
                  8.716702,40.809487,0
                  8.716702,40.809495,0
                  8.716701,40.809502,0
                  8.7167,40.80951,0
                  8.716698,40.809517,0
                  8.716696,40.809524,0
                  8.716694,40.809531,0
                  8.716691,40.809537,0
                  8.716688,40.809544,0
                  8.716684,40.80955,0
                  8.71668,40.809556,0
                  8.716676,40.809563,0
                  8.716671,40.809569,0
                  8.716665,40.809574,0
                  8.71666,40.80958,0
                  8.716653,40.809586,0
                  8.716646,40.809591,0
                  8.716639,40.809596,0
                  8.716631,40.809602,0
                  8.716623,40.809607,0
                  8.716614,40.809612,0
                  8.716604,40.809617,0
                  8.716595,40.809621,0
                  8.716584,40.809626,0
                  8.716573,40.809631,0
                  8.716562,40.809635,0
                  8.71655,40.809639,0
                  8.716538,40.809643,0
                  8.716525,40.809647,0
                  8.716512,40.809651,0
                  8.716498,40.809655,0
                  8.716484,40.809659,0
                  8.716469,40.809663,0
                  8.716453,40.809666,0
                  8.716437,40.809669,0
                  8.71642,40.809673,0
                  8.716402,40.809676,0
                  8.716384,40.809679,0
                  8.716365,40.809682,0
                  8.716346,40.809684,0
                  8.716325,40.809687,0
                  8.716305,40.809689,0
                  8.716283,40.809691,0
                  8.716261,40.809694,0
                  8.716238,40.809695,0
                  8.716215,40.809697,0
                  8.716191,40.809699,0
                  8.716167,40.809701,0
                  8.716142,40.809702,0
                  8.716116,40.809703,0
                  8.71609,40.809704,0
                  8.716062,40.809705,0
                  8.716035,40.809706,0
                  8.716006,40.809707,0
                  8.715977,40.809708,0
                  8.715947,40.809708,0
                  8.715916,40.809709,0
                  8.715885,40.809709,0
                  8.715854,40.809709,0
                  8.715821,40.809709,0
                  8.715788,40.80971,0
                  8.715762,40.809709,0
                  8.715737,40.809709,0
                  8.715712,40.809709,0
                  8.715688,40.809709,0
                  8.715664,40.809709,0
                  8.71564,40.809708,0
                  8.715617,40.809708,0
                  8.715594,40.809707,0
                  8.715572,40.809707,0
                  8.71555,40.809706,0
                  8.715528,40.809705,0
                  8.715507,40.809705,0
                  8.715487,40.809704,0
                  8.715467,40.809703,0
                  8.715447,40.809702,0
                  8.715447,40.808527,0
                  8.715452,40.808535,0
                  8.715462,40.808535,0
                  8.715462,40.805467,0
                  8.715447,40.805467,0
                  8.715447,40.804377,0
                  8.715462,40.804377,0
                  8.715462,40.803166,0
                  8.715462,40.803159,0
                  8.715462,40.803152,0
                  8.715463,40.803146,0
                  8.715463,40.80314,0
                  8.715464,40.803133,0
                  8.715466,40.803127,0
                  8.715467,40.803121,0
                  8.715469,40.803115,0
                  8.715471,40.803109,0
                  8.715473,40.803103,0
                  8.715476,40.803098,0
                  8.715478,40.803092,0
                  8.715481,40.803087,0
                  8.715485,40.803081,0
                  8.715488,40.803076,0
                  8.715492,40.803071,0
                  8.715496,40.803065,0
                  8.715501,40.803061,0
                  8.715506,40.803056,0
                  8.715512,40.803051,0
                  8.715517,40.803047,0
                  8.715524,40.803042,0
                  8.71553,40.803038,0
                  8.715537,40.803034,0
                  8.715545,40.803029,0
                  8.715552,40.803025,0
                  8.71556,40.803022,0
                  8.715569,40.803018,0
                  8.715578,40.803014,0
                  8.715587,40.803011,0
                  8.715596,40.803007,0
                  8.715606,40.803004,0
                  8.715617,40.803001,0
                  8.715628,40.802998,0
                  8.715639,40.802995,0
                  8.715651,40.802992,0
                  8.715664,40.80299,0
                  8.715676,40.802987,0
                  8.71569,40.802985,0
                  8.715703,40.802982,0
                  8.715718,40.80298,0
                  8.715732,40.802978,0
                  8.715747,40.802976,0
                  8.715762,40.802974,0
                  8.715778,40.802972,0
                  8.715794,40.80297,0
                  8.715811,40.802969,0
                  8.715828,40.802967,0
                  8.715846,40.802966,0
                  8.715864,40.802965,0
                  8.715883,40.802964,0
                  8.715902,40.802963,0
                  8.715922,40.802962,0
                  8.715942,40.802961,0
                  8.715963,40.802961,0
                  8.715984,40.80296,0
                  8.716006,40.80296,0
                  8.716029,40.80296,0
                  8.716051,40.80296,0
                  8.716075,40.80296,0
                  8.716099,40.80296,0
                  8.716123,40.80296,0
                  8.716146,40.80296,0
                  8.716169,40.80296,0
                  8.716191,40.802961,0
                  8.716212,40.802961,0
                  8.716233,40.802962,0
                  8.716253,40.802963,0
                  8.716273,40.802964,0
                  8.716292,40.802965,0
                  8.716311,40.802966,0
                  8.716328,40.802967,0
                  8.716346,40.802969,0
                  8.716362,40.80297,0
                  8.716378,40.802972,0
                  8.716394,40.802974,0
                  8.716409,40.802976,0
                  8.716423,40.802978,0
                  8.716437,40.80298,0
                  8.716451,40.802982,0
                  8.716465,40.802985,0
                  8.716478,40.802987,0
                  8.716491,40.80299,0
                  8.716503,40.802993,0
                  8.716515,40.802996,0
                  8.716527,40.802998,0
                  8.716538,40.803001,0
                  8.716549,40.803004,0
                  8.71656,40.803008,0
                  8.71657,40.803011,0
                  8.716579,40.803014,0
                  8.716588,40.803018,0
                  8.716597,40.803022,0
                  8.716606,40.803025,0
                  8.716614,40.803029,0
                  8.716621,40.803034,0
                  8.716628,40.803038,0
                  8.716635,40.803042,0
                  8.716642,40.803047,0
                  8.716648,40.803051,0
                  8.716653,40.803056,0
                  8.716658,40.803061,0
                  8.716663,40.803065,0
                  8.716667,40.803071,0
                  8.716671,40.803076,0
                  8.716675,40.803081,0
                  8.716679,40.803087,0
                  8.716682,40.803092,0
                  8.716685,40.803098,0
                  8.716688,40.803103,0
                  8.716691,40.803109,0
                  8.716693,40.803115,0
                  8.716695,40.803121,0
                  8.716697,40.803127,0
                  8.716698,40.803133,0
                  8.716699,40.80314,0
                  8.7167,40.803146,0
                  8.716701,40.803152,0
                  8.716701,40.803159,0
                  8.716701,40.803166,0
                  8.716701,40.804377,0
                  8.717261,40.804377,0
                  8.717273,40.804378,0
                  8.717284,40.804379,0
                  8.717295,40.804382,0
                  8.717306,40.804387,0
                  8.717316,40.804392,0
                  8.717326,40.804399,0
                  8.717336,40.804407,0
                  8.717345,40.804416,0
                  8.717354,40.804426,0
                  8.717362,40.804438,0
                  8.71737,40.804451,0
                  8.717378,40.804465,0
                  8.717386,40.80448,0
                  8.717393,40.804497,0
                  8.7174,40.804514,0
                  8.717407,40.804533,0
                  8.717413,40.804553,0
                  8.717419,40.804575,0
                  8.717424,40.804597,0
                  8.717429,40.80462,0
                  8.717433,40.804645,0
                  8.717437,40.804671,0
                  8.717441,40.804697,0
                  8.717444,40.804725,0
                  8.717446,40.804754,0
                  8.717448,40.804785,0
                  8.71745,40.804816,0
                  8.717451,40.804848,0
                  8.717452,40.804882,0
                  8.717452,40.804917,0
                </coordinates>
              </LinearRing>
            </outerBoundaryIs>
          </Polygon>
          <Polygon>
            <outerBoundaryIs>
              <LinearRing>
                <tessellate>1</tessellate>
                <coordinates>
                  8.733036,40.805229,0
                  8.733035,40.805228,0
                  8.733035,40.805287,0
                  8.733033,40.805346,0
                  8.733031,40.805404,0
                  8.733028,40.805462,0
                  8.733023,40.805518,0
                  8.733018,40.805574,0
                  8.733012,40.80563,0
                  8.733005,40.805684,0
                  8.732998,40.805738,0
                  8.732989,40.805791,0
                  8.732979,40.805843,0
                  8.732969,40.805895,0
                  8.732957,40.805945,0
                  8.732945,40.805995,0
                  8.732932,40.806044,0
                  8.732918,40.806093,0
                  8.732903,40.80614,0
                  8.732886,40.806187,0
                  8.732869,40.806232,0
                  8.732851,40.806277,0
                  8.732831,40.806321,0
                  8.732811,40.806363,0
                  8.73279,40.806405,0
                  8.732767,40.806445,0
                  8.732744,40.806485,0
                  8.732719,40.806524,0
                  8.732694,40.806561,0
                  8.732668,40.806598,0
                  8.73264,40.806634,0
                  8.732612,40.806668,0
                  8.732582,40.806702,0
                  8.732551,40.806735,0
                  8.73252,40.806767,0
                  8.732487,40.806798,0
                  8.732453,40.806828,0
                  8.732417,40.806857,0
                  8.732381,40.806884,0
                  8.732344,40.806911,0
                  8.732306,40.806936,0
                  8.732266,40.806961,0
                  8.732225,40.806984,0
                  8.732184,40.807006,0
                  8.732141,40.807028,0
                  8.732097,40.807048,0
                  8.732052,40.807067,0
                  8.732005,40.807085,0
                  8.731958,40.807102,0
                  8.731909,40.807117,0
                  8.731859,40.807132,0
                  8.731808,40.807145,0
                  8.731756,40.807156,0
                  8.731702,40.807167,0
                  8.731648,40.807176,0
                  8.731592,40.807184,0
                  8.731535,40.807191,0
                  8.731476,40.807197,0
                  8.731417,40.807201,0
                  8.731356,40.807204,0
                  8.731294,40.807206,0
                  8.731231,40.807206,0
                  8.731214,40.807206,0
                  8.731196,40.807206,0
                  8.731179,40.807206,0
                  8.731162,40.807206,0
                  8.731145,40.807205,0
                  8.731127,40.807204,0
                  8.73111,40.807204,0
                  8.731093,40.807203,0
                  8.731077,40.807202,0
                  8.73106,40.807201,0
                  8.731043,40.8072,0
                  8.731026,40.807199,0
                  8.73101,40.807197,0
                  8.730993,40.807196,0
                  8.730977,40.807194,0
                  8.730977,40.806169,0
                  8.731004,40.806168,0
                  8.73103,40.806166,0
                  8.731056,40.806165,0
                  8.731082,40.806162,0
                  8.731107,40.806159,0
                  8.731131,40.806156,0
                  8.731155,40.806151,0
                  8.731179,40.806147,0
                  8.731202,40.806142,0
                  8.731224,40.806136,0
                  8.731246,40.80613,0
                  8.731268,40.806124,0
                  8.731289,40.806117,0
                  8.731309,40.806109,0
                  8.731329,40.806101,0
                  8.73135,40.806091,0
                  8.731371,40.806081,0
                  8.731391,40.80607,0
                  8.73141,40.806058,0
                  8.731429,40.806046,0
                  8.731448,40.806034,0
                  8.731465,40.80602,0
                  8.731483,40.806007,0
                  8.731499,40.805992,0
                  8.731515,40.805978,0
                  8.731531,40.805962,0
                  8.731546,40.805946,0
                  8.731561,40.80593,0
                  8.731574,40.805912,0
                  8.731588,40.805895,0
                  8.731601,40.805876,0
                  8.731613,40.805857,0
                  8.731625,40.805837,0
                  8.731637,40.805817,0
                  8.731648,40.805797,0
                  8.731659,40.805775,0
                  8.731669,40.805754,0
                  8.731678,40.805731,0
                  8.731687,40.805708,0
                  8.731696,40.805685,0
                  8.731704,40.805661,0
                  8.731711,40.805637,0
                  8.731718,40.805612,0
                  8.731725,40.805586,0
                  8.731731,40.80556,0
                  8.731737,40.805533,0
                  8.731742,40.805506,0
                  8.731747,40.805478,0
                  8.731751,40.805449,0
                  8.731755,40.80542,0
                  8.731759,40.805391,0
                  8.731762,40.805361,0
                  8.731765,40.80533,0
                  8.731768,40.805299,0
                  8.73177,40.805267,0
                  8.731771,40.805235,0
                  8.731773,40.805202,0
                  8.731774,40.805168,0
                  8.731774,40.805134,0
                  8.731775,40.8051,0
                  8.731774,40.805066,0
                  8.731774,40.805033,0
                  8.731772,40.805001,0
                  8.73177,40.804968,0
                  8.731768,40.804936,0
                  8.731765,40.804905,0
                  8.731762,40.804873,0
                  8.731758,40.804842,0
                  8.731754,40.804811,0
                  8.731749,40.804781,0
                  8.731743,40.804751,0
                  8.731737,40.804721,0
                  8.731731,40.804692,0
                  8.731724,40.804663,0
                  8.731716,40.804634,0
                  8.731708,40.804606,0
                  8.731699,40.804578,0
                  8.73169,40.804551,0
                  8.731681,40.804524,0
                  8.731671,40.804498,0
                  8.73166,40.804472,0
                  8.731649,40.804447,0
                  8.731638,40.804422,0
                  8.731626,40.804398,0
                  8.731613,40.804374,0
                  8.731601,40.80435,0
                  8.731587,40.804328,0
                  8.731573,40.804305,0
                  8.731559,40.804283,0
                  8.731544,40.804262,0
                  8.731529,40.804241,0
                  8.731514,40.804221,0
                  8.731497,40.804201,0
                  8.731481,40.804182,0
                  8.731463,40.804163,0
                  8.731446,40.804146,0
                  8.731428,40.804129,0
                  8.731409,40.804112,0
                  8.73139,40.804096,0
                  8.73137,40.804081,0
                  8.73135,40.804067,0
                  8.731329,40.804053,0
                  8.731307,40.80404,0
                  8.731285,40.804027,0
                  8.731263,40.804015,0
                  8.731246,40.804007,0
                  8.731229,40.803999,0
                  8.731211,40.803991,0
                  8.731193,40.803984,0
                  8.731175,40.803977,0
                  8.731157,40.80397,0
                  8.731138,40.803964,0
                  8.731119,40.803959,0
                  8.7311,40.803954,0
                  8.73108,40.803949,0
                  8.73106,40.803945,0
                  8.73104,40.803941,0
                  8.731019,40.803938,0
                  8.730999,40.803935,0
                  8.730977,40.803932,0
                  8.730977,40.802884,0
                  8.731035,40.802888,0
                  8.731092,40.802893,0
                  8.731148,40.802899,0
                  8.731203,40.802907,0
                  8.731258,40.802915,0
                  8.731311,40.802924,0
                  8.731364,40.802935,0
                  8.731416,40.802946,0
                  8.731468,40.802959,0
                  8.731518,40.802973,0
                  8.731568,40.802988,0
                  8.731617,40.803003,0
                  8.731666,40.80302,0
                  8.731713,40.803039,0
                  8.73176,40.803058,0
                  8.731815,40.803082,0
                  8.731869,40.803108,0
                  8.731921,40.803134,0
                  8.731972,40.803162,0
                  8.732022,40.803191,0
                  8.732071,40.803222,0
                  8.732119,40.803253,0
                  8.732166,40.803286,0
                  8.732211,40.80332,0
                  8.732255,40.803355,0
                  8.732298,40.803391,0
                  8.73234,40.803429,0
                  8.732381,40.803467,0
                  8.73242,40.803507,0
                  8.732459,40.803548,0
                  8.732496,40.80359,0
                  8.732532,40.803633,0
                  8.732567,40.803678,0
                  8.7326,40.803723,0
                  8.732632,40.80377,0
                  8.732663,40.803817,0
                  8.732693,40.803866,0
                  8.732722,40.803915,0
                  8.732749,40.803966,0
                  8.732776,40.804018,0
                  8.732801,40.804071,0
                  8.732825,40.804124,0
                  8.732847,40.804179,0
                  8.732869,40.804235,0
                  8.732889,40.804292,0
                  8.732908,40.80435,0
                  8.732926,40.804409,0
                  8.732942,40.804468,0
                  8.732957,40.804528,0
                  8.732971,40.804588,0
                  8.732983,40.804649,0
                  8.732994,40.804711,0
                  8.733004,40.804773,0
                  8.733012,40.804837,0
                  8.733019,40.8049,0
                  8.733025,40.804965,0
                  8.73303,40.80503,0
                  8.733033,40.805095,0
                  8.733035,40.805162,0
                  8.733036,40.805229,0
                </coordinates>
              </LinearRing>
            </outerBoundaryIs>
          </Polygon>
        </MultiGeometry>
      </Placemark>
      <Placemark>
        <name>Quadrivio</name>
        <styleUrl>#poly-F9F9F9-1200-255-nodesc</styleUrl>
        <MultiGeometry>
          <Polygon>
            <outerBoundaryIs>
              <LinearRing>
                <tessellate>1</tessellate>
                <coordinates>
                  8.705306,40.81422,0
                  8.705316,40.814259,0
                  8.705322,40.814334,0
                  8.705312,40.814405,0
                  8.705286,40.814471,0
                  8.705244,40.814532,0
                  8.705187,40.814588,0
                  8.705119,40.814633,0
                  8.705043,40.814667,0
                  8.704956,40.814689,0
                  8.70486,40.814701,0
                  8.70466,40.814702,0
                  8.704608,40.814701,0
                  8.704506,40.814689,0
                  8.704408,40.814667,0
                  8.704311,40.814633,0
                  8.704218,40.814588,0
                  8.704129,40.814532,0
                  8.704053,40.814471,0
                  8.70399,40.814405,0
                  8.70394,40.814334,0
                  8.703905,40.814259,0
                  8.703717,40.813599,0
                  8.703708,40.813559,0
                  8.703702,40.813484,0
                  8.703712,40.813414,0
                  8.703738,40.813349,0
                  8.70378,40.813288,0
                  8.703838,40.813232,0
                  8.703906,40.813187,0
                  8.703983,40.813154,0
                  8.704069,40.813131,0
                  8.704164,40.81312,0
                  8.704364,40.813119,0
                  8.704366,40.813119,0
                  8.70437,40.813118,0
                  8.704372,40.813118,0
                  8.704373,40.813117,0
                  8.704374,40.813115,0
                  8.704373,40.813115,0
                  8.704373,40.813113,0
                  8.704371,40.813111,0
                  8.704369,40.813109,0
                  8.704365,40.813107,0
                  8.70436,40.813105,0
                  8.704331,40.813092,0
                  8.704281,40.813065,0
                  8.70424,40.813035,0
                  8.704208,40.813001,0
                  8.704187,40.812963,0
                  8.70418,40.812943,0
                  8.704175,40.812909,0
                  8.704181,40.812879,0
                  8.704196,40.812853,0
                  8.704223,40.81283,0
                  8.704259,40.812812,0
                  8.704284,40.812803,0
                  8.704344,40.812788,0
                  8.704418,40.812777,0
                  8.704506,40.81277,0
                  8.704609,40.812766,0
                  8.704814,40.812766,0
                  8.704742,40.813062,0
                  8.704716,40.813062,0
                  8.704672,40.813066,0
                  8.704641,40.813074,0
                  8.704621,40.813086,0
                  8.704615,40.813101,0
                  8.704616,40.813111,0
                  8.704624,40.813127,0
                  8.704639,40.813143,0
                  8.704663,40.813161,0
                  8.704694,40.813178,0
                  8.704733,40.813196,0
                  8.704795,40.813226,0
                  8.704905,40.813291,0
                  8.704995,40.813367,0
                  8.705065,40.813452,0
                  8.705114,40.813547,0
                  8.705306,40.81422,0
                </coordinates>
              </LinearRing>
            </outerBoundaryIs>
            <innerBoundaryIs>
              <LinearRing>
                <tessellate>1</tessellate>
                <coordinates>
                  8.704856,40.814257,0
                  8.704856,40.814282,0
                  8.70485,40.814306,0
                  8.704839,40.814328,0
                  8.704822,40.814349,0
                  8.704801,40.814366,0
                  8.704777,40.81438,0
                  8.70475,40.81439,0
                  8.704719,40.814396,0
                  8.704685,40.814398,0
                  8.704613,40.814398,0
                  8.704578,40.814396,0
                  8.704544,40.81439,0
                  8.704511,40.81438,0
                  8.704479,40.814366,0
                  8.704448,40.814349,0
                  8.70442,40.814328,0
                  8.704396,40.814306,0
                  8.704377,40.814282,0
                  8.704363,40.814257,0
                  8.704352,40.814231,0
                  8.704172,40.813588,0
                  8.704167,40.813561,0
                  8.704167,40.813536,0
                  8.704173,40.813513,0
                  8.704184,40.813491,0
                  8.704201,40.813471,0
                  8.704222,40.813453,0
                  8.704246,40.813439,0
                  8.704274,40.813429,0
                  8.704304,40.813423,0
                  8.704338,40.813421,0
                  8.70441,40.813421,0
                  8.704445,40.813423,0
                  8.704479,40.813429,0
                  8.704512,40.813439,0
                  8.704544,40.813453,0
                  8.704575,40.813471,0
                  8.704603,40.813491,0
                  8.704627,40.813513,0
                  8.704646,40.813536,0
                  8.704661,40.813561,0
                  8.704671,40.813588,0
                  8.704851,40.814231,0
                  8.704856,40.814257,0
                </coordinates>
              </LinearRing>
            </innerBoundaryIs>
          </Polygon>
          <Polygon>
            <outerBoundaryIs>
              <LinearRing>
                <tessellate>1</tessellate>
                <coordinates>
                  8.710029,40.814675,0
                  8.709591,40.814675,0
                  8.709492,40.814323,0
                  8.709485,40.814323,0
                  8.709477,40.814324,0
                  8.709467,40.814325,0
                  8.709455,40.814325,0
                  8.709442,40.814326,0
                  8.709428,40.814326,0
                  8.709412,40.814326,0
                  8.709395,40.814326,0
                  8.709376,40.814327,0
                  8.709355,40.814327,0
                  8.709234,40.814327,0
                  8.709189,40.814325,0
                  8.709144,40.814322,0
                  8.709101,40.814316,0
                  8.709059,40.814308,0
                  8.709018,40.814298,0
                  8.708978,40.814285,0
                  8.70894,40.81427,0
                  8.708903,40.814253,0
                  8.708867,40.814233,0
                  8.708832,40.814211,0
                  8.7088,40.814188,0
                  8.708771,40.814164,0
                  8.708744,40.814139,0
                  8.70872,40.814112,0
                  8.708697,40.814085,0
                  8.708677,40.814055,0
                  8.708659,40.814025,0
                  8.708644,40.813993,0
                  8.708631,40.81396,0
                  8.70862,40.813926,0
                  8.708505,40.813519,0
                  8.708497,40.813484,0
                  8.708492,40.813451,0
                  8.708491,40.813418,0
                  8.708492,40.813388,0
                  8.708497,40.813358,0
                  8.708506,40.81333,0
                  8.708518,40.813303,0
                  8.708533,40.813277,0
                  8.708552,40.813253,0
                  8.708574,40.81323,0
                  8.708599,40.813209,0
                  8.708626,40.81319,0
                  8.708656,40.813173,0
                  8.708688,40.813159,0
                  8.708722,40.813146,0
                  8.708759,40.813136,0
                  8.708798,40.813129,0
                  8.70884,40.813123,0
                  8.708884,40.81312,0
                  8.70893,40.813119,0
                  8.709054,40.813119,0
                  8.709099,40.81312,0
                  8.709144,40.813123,0
                  8.709187,40.813129,0
                  8.70923,40.813137,0
                  8.709272,40.813148,0
                  8.709313,40.81316,0
                  8.709353,40.813175,0
                  8.709393,40.813193,0
                  8.709431,40.813213,0
                  8.709469,40.813235,0
                  8.709505,40.813258,0
                  8.709539,40.813283,0
                  8.709569,40.813309,0
                  8.709597,40.813336,0
                  8.709622,40.813364,0
                  8.709644,40.813393,0
                  8.709663,40.813423,0
                  8.70968,40.813454,0
                  8.709693,40.813486,0
                  8.709704,40.813519,0
                  8.710029,40.814675,0
                </coordinates>
              </LinearRing>
            </outerBoundaryIs>
            <innerBoundaryIs>
              <LinearRing>
                <tessellate>1</tessellate>
                <coordinates>
                  8.709412,40.814052,0
                  8.709406,40.814053,0
                  8.709398,40.814054,0
                  8.709388,40.814055,0
                  8.709375,40.814056,0
                  8.70936,40.814057,0
                  8.709343,40.814057,0
                  8.709324,40.814057,0
                  8.709303,40.814058,0
                  8.709279,40.814058,0
                  8.709238,40.814058,0
                  8.709211,40.814057,0
                  8.709186,40.814053,0
                  8.709163,40.814047,0
                  8.709142,40.814038,0
                  8.709123,40.814028,0
                  8.709107,40.814014,0
                  8.709092,40.813999,0
                  8.70908,40.813981,0
                  8.70907,40.81396,0
                  8.709062,40.813937,0
                  8.70894,40.813498,0
                  8.708937,40.813489,0
                  8.708936,40.813481,0
                  8.708936,40.813473,0
                  8.708936,40.813465,0
                  8.708937,40.813457,0
                  8.70894,40.813449,0
                  8.708943,40.813442,0
                  8.708947,40.813435,0
                  8.708952,40.813428,0
                  8.708957,40.813421,0
                  8.708964,40.813415,0
                  8.708971,40.813409,0
                  8.708978,40.813405,0
                  8.708986,40.8134,0
                  8.708995,40.813397,0
                  8.709004,40.813394,0
                  8.709013,40.813391,0
                  8.709023,40.81339,0
                  8.709034,40.813389,0
                  8.709045,40.813388,0
                  8.709091,40.813388,0
                  8.709102,40.813389,0
                  8.709113,40.81339,0
                  8.709124,40.813391,0
                  8.709135,40.813394,0
                  8.709146,40.813397,0
                  8.709157,40.8134,0
                  8.709167,40.813405,0
                  8.709178,40.81341,0
                  8.709188,40.813415,0
                  8.709198,40.813422,0
                  8.709208,40.813429,0
                  8.709217,40.813436,0
                  8.709225,40.813443,0
                  8.709233,40.81345,0
                  8.709239,40.813458,0
                  8.709245,40.813465,0
                  8.70925,40.813473,0
                  8.709254,40.813481,0
                  8.709258,40.81349,0
                  8.709261,40.813498,0
                  8.709416,40.814051,0
                  8.709412,40.814052,0
                </coordinates>
              </LinearRing>
            </innerBoundaryIs>
          </Polygon>
          <Polygon>
            <outerBoundaryIs>
              <LinearRing>
                <tessellate>1</tessellate>
                <coordinates>
                  8.706872,40.814282,0
                  8.706434,40.814282,0
                  8.706216,40.813504,0
                  8.706213,40.813496,0
                  8.706209,40.813487,0
                  8.706205,40.813479,0
                  8.7062,40.813471,0
                  8.706194,40.813463,0
                  8.706188,40.813456,0
                  8.70618,40.813448,0
                  8.706172,40.813441,0
                  8.706163,40.813434,0
                  8.706153,40.813427,0
                  8.706143,40.81342,0
                  8.706133,40.813414,0
                  8.706122,40.813409,0
                  8.706112,40.813405,0
                  8.706101,40.813401,0
                  8.70609,40.813398,0
                  8.706079,40.813396,0
                  8.706068,40.813394,0
                  8.706057,40.813393,0
                  8.706046,40.813392,0
                  8.706,40.813392,0
                  8.705989,40.813393,0
                  8.705978,40.813394,0
                  8.705968,40.813395,0
                  8.705959,40.813398,0
                  8.70595,40.813401,0
                  8.705942,40.813405,0
                  8.705934,40.813409,0
                  8.705926,40.813414,0
                  8.705919,40.81342,0
                  8.705913,40.813426,0
                  8.705907,40.813433,0
                  8.705903,40.81344,0
                  8.705899,40.813448,0
                  8.705896,40.813455,0
                  8.705893,40.813463,0
                  8.705892,40.813471,0
                  8.705891,40.813479,0
                  8.705892,40.813487,0
                  8.705893,40.813495,0
                  8.705895,40.813504,0
                  8.706113,40.814282,0
                  8.705674,40.814282,0
                  8.705459,40.813519,0
                  8.705451,40.813486,0
                  8.705447,40.813454,0
                  8.705446,40.813423,0
                  8.705449,40.813393,0
                  8.705455,40.813364,0
                  8.705464,40.813336,0
                  8.705477,40.813309,0
                  8.705493,40.813283,0
                  8.705513,40.813258,0
                  8.705536,40.813235,0
                  8.705562,40.813213,0
                  8.70559,40.813193,0
                  8.70562,40.813175,0
                  8.705651,40.81316,0
                  8.705685,40.813148,0
                  8.705721,40.813137,0
                  8.705759,40.813129,0
                  8.705799,40.813123,0
                  8.70584,40.81312,0
                  8.705884,40.813119,0
                  8.706008,40.813119,0
                  8.706052,40.81312,0
                  8.706096,40.813123,0
                  8.70614,40.813129,0
                  8.706182,40.813137,0
                  8.706224,40.813148,0
                  8.706265,40.81316,0
                  8.706305,40.813175,0
                  8.706345,40.813193,0
                  8.706384,40.813213,0
                  8.706422,40.813235,0
                  8.706458,40.813258,0
                  8.706492,40.813283,0
                  8.706522,40.813309,0
                  8.70655,40.813336,0
                  8.706575,40.813364,0
                  8.706597,40.813393,0
                  8.706617,40.813423,0
                  8.706633,40.813454,0
                  8.706647,40.813486,0
                  8.706658,40.813519,0
                  8.706872,40.814282,0
                </coordinates>
              </LinearRing>
            </outerBoundaryIs>
          </Polygon>
          <Polygon>
            <outerBoundaryIs>
              <LinearRing>
                <tessellate>1</tessellate>
                <coordinates>
                  8.713103,40.814282,0
                  8.712928,40.814023,0
                  8.712888,40.813964,0
                  8.712851,40.813907,0
                  8.712817,40.813853,0
                  8.712786,40.813802,0
                  8.712757,40.813753,0
                  8.712731,40.813707,0
                  8.712708,40.813664,0
                  8.712687,40.813623,0
                  8.712669,40.813585,0
                  8.712654,40.81355,0
                  8.712653,40.813547,0
                  8.712652,40.813545,0
                  8.712651,40.813543,0
                  8.712649,40.813542,0
                  8.712647,40.81354,0
                  8.712644,40.813539,0
                  8.712642,40.813538,0
                  8.712639,40.813537,0
                  8.712636,40.813537,0
                  8.712632,40.813537,0
                  8.712629,40.813537,0
                  8.712626,40.813537,0
                  8.712624,40.813538,0
                  8.712623,40.813539,0
                  8.712621,40.81354,0
                  8.71262,40.813542,0
                  8.71262,40.813543,0
                  8.712619,40.813545,0
                  8.71262,40.813547,0
                  8.71262,40.81355,0
                  8.712623,40.813568,0
                  8.712625,40.813587,0
                  8.712626,40.813606,0
                  8.712628,40.813627,0
                  8.712629,40.813649,0
                  8.712629,40.813672,0
                  8.71263,40.813696,0
                  8.712629,40.813722,0
                  8.712629,40.813748,0
                  8.712628,40.813775,0
                  8.712628,40.813788,0
                  8.712627,40.813803,0
                  8.712626,40.813821,0
                  8.712625,40.813842,0
                  8.712623,40.813865,0
                  8.712622,40.813891,0
                  8.71262,40.81392,0
                  8.712618,40.813952,0
                  8.712615,40.813986,0
                  8.712612,40.814023,0
                  8.712594,40.814282,0
                  8.712132,40.814282,0
                  8.712285,40.813272,0
                  8.712287,40.813259,0
                  8.712291,40.813246,0
                  8.712296,40.813234,0
                  8.712301,40.813223,0
                  8.712308,40.813211,0
                  8.712316,40.813201,0
                  8.712325,40.813191,0
                  8.712334,40.813181,0
                  8.712345,40.813172,0
                  8.712357,40.813163,0
                  8.71237,40.813155,0
                  8.712384,40.813147,0
                  8.712399,40.813141,0
                  8.712414,40.813135,0
                  8.712429,40.81313,0
                  8.712446,40.813126,0
                  8.712463,40.813123,0
                  8.71248,40.81312,0
                  8.712499,40.813119,0
                  8.712518,40.813119,0
                  8.712537,40.813119,0
                  8.712557,40.81312,0
                  8.712576,40.813122,0
                  8.712595,40.813125,0
                  8.712613,40.813129,0
                  8.712632,40.813134,0
                  8.71265,40.81314,0
                  8.712668,40.813146,0
                  8.712686,40.813153,0
                  8.712703,40.813161,0
                  8.71272,40.81317,0
                  8.712736,40.81318,0
                  8.712752,40.813189,0
                  8.712766,40.8132,0
                  8.71278,40.81321,0
                  8.712793,40.813222,0
                  8.712805,40.813234,0
                  8.712817,40.813246,0
                  8.712827,40.813259,0
                  8.712837,40.813272,0
                  8.713556,40.814282,0
                  8.713103,40.814282,0
                </coordinates>
              </LinearRing>
            </outerBoundaryIs>
          </Polygon>
          <Polygon>
            <outerBoundaryIs>
              <LinearRing>
                <tessellate>1</tessellate>
                <coordinates>
                  8.708272,40.813935,0
                  8.708281,40.813969,0
                  8.708286,40.814002,0
                  8.708288,40.814034,0
                  8.708288,40.814064,0
                  8.708284,40.814092,0
                  8.708277,40.81412,0
                  8.708268,40.814146,0
                  8.708255,40.81417,0
                  8.70824,40.814193,0
                  8.708221,40.814215,0
                  8.708198,40.814236,0
                  8.708173,40.814255,0
                  8.708144,40.814272,0
                  8.708113,40.814286,0
                  8.708079,40.814299,0
                  8.708042,40.814309,0
                  8.708002,40.814317,0
                  8.707959,40.814322,0
                  8.707913,40.814325,0
                  8.707865,40.814327,0
                  8.707703,40.814327,0
                  8.707651,40.814326,0
                  8.707602,40.814324,0
                  8.707553,40.814321,0
                  8.707507,40.814316,0
                  8.707462,40.81431,0
                  8.707418,40.814302,0
                  8.707377,40.814293,0
                  8.707336,40.814283,0
                  8.707298,40.814272,0
                  8.707261,40.814259,0
                  8.707305,40.814023,0
                  8.707334,40.814033,0
                  8.707364,40.814041,0
                  8.707394,40.814049,0
                  8.707426,40.814055,0
                  8.707458,40.814061,0
                  8.707491,40.814066,0
                  8.707525,40.814069,0
                  8.70756,40.814072,0
                  8.707595,40.814073,0
                  8.707632,40.814074,0
                  8.707716,40.814074,0
                  8.707745,40.814072,0
                  8.707771,40.814069,0
                  8.707793,40.814062,0
                  8.70781,40.814054,0
                  8.707824,40.814043,0
                  8.707835,40.814029,0
                  8.707841,40.814013,0
                  8.707843,40.813994,0
                  8.707842,40.813973,0
                  8.707837,40.813949,0
                  8.707817,40.813877,0
                  8.707812,40.813879,0
                  8.707804,40.81388,0
                  8.707795,40.813881,0
                  8.707784,40.813881,0
                  8.707771,40.813882,0
                  8.707757,40.813882,0
                  8.70774,40.813883,0
                  8.707722,40.813883,0
                  8.707702,40.813883,0
                  8.70768,40.813883,0
                  8.707567,40.813883,0
                  8.707517,40.813882,0
                  8.707468,40.813879,0
                  8.707422,40.813874,0
                  8.707377,40.813866,0
                  8.707334,40.813857,0
                  8.707293,40.813845,0
                  8.707254,40.813831,0
                  8.707216,40.813815,0
                  8.707181,40.813796,0
                  8.707147,40.813776,0
                  8.707119,40.813756,0
                  8.707093,40.813735,0
                  8.707069,40.813713,0
                  8.707047,40.813689,0
                  8.707026,40.813664,0
                  8.707008,40.813637,0
                  8.706992,40.81361,0
                  8.706978,40.813581,0
                  8.706965,40.813551,0
                  8.706955,40.813519,0
                  8.706946,40.813481,0
                  8.70694,40.813444,0
                  8.706938,40.81341,0
                  8.706939,40.813377,0
                  8.706944,40.813346,0
                  8.706952,40.813317,0
                  8.706964,40.81329,0
                  8.706979,40.813265,0
                  8.706998,40.813241,0
                  8.70702,40.813219,0
                  8.707044,40.8132,0
                  8.707071,40.813183,0
                  8.7071,40.813168,0
                  8.707132,40.813155,0
                  8.707167,40.813144,0
                  8.707204,40.813135,0
                  8.707244,40.813128,0
                  8.707287,40.813123,0
                  8.707332,40.81312,0
                  8.70738,40.813119,0
                  8.707533,40.813119,0
                  8.707578,40.81312,0
                  8.707622,40.813123,0
                  8.707664,40.813128,0
                  8.707706,40.813135,0
                  8.707746,40.813145,0
                  8.707786,40.813156,0
                  8.707824,40.81317,0
                  8.707861,40.813185,0
                  8.707896,40.813203,0
                  8.707931,40.813223,0
                  8.707964,40.813245,0
                  8.707994,40.813268,0
                  8.708022,40.813292,0
                  8.708048,40.813317,0
                  8.708071,40.813344,0
                  8.708091,40.813372,0
                  8.708109,40.813401,0
                  8.708125,40.813431,0
                  8.708138,40.813463,0
                  8.708149,40.813496,0
                  8.708272,40.813935,0
                </coordinates>
              </LinearRing>
            </outerBoundaryIs>
            <innerBoundaryIs>
              <LinearRing>
                <tessellate>1</tessellate>
                <coordinates>
                  8.707743,40.813628,0
                  8.707737,40.813629,0
                  8.707729,40.81363,0
                  8.707719,40.813631,0
                  8.707706,40.813632,0
                  8.707692,40.813632,0
                  8.707675,40.813633,0
                  8.707656,40.813633,0
                  8.707634,40.813633,0
                  8.707611,40.813633,0
                  8.707565,40.813633,0
                  8.707538,40.813632,0
                  8.707514,40.813629,0
                  8.707492,40.813624,0
                  8.707472,40.813616,0
                  8.707454,40.813606,0
                  8.707438,40.813594,0
                  8.707425,40.813579,0
                  8.707413,40.813563,0
                  8.707403,40.813544,0
                  8.707396,40.813523,0
                  8.707387,40.813492,0
                  8.707385,40.813483,0
                  8.707384,40.813475,0
                  8.707384,40.813466,0
                  8.707384,40.813458,0
                  8.707386,40.81345,0
                  8.707388,40.813442,0
                  8.707391,40.813435,0
                  8.707395,40.813428,0
                  8.7074,40.813421,0
                  8.707406,40.813414,0
                  8.707412,40.813408,0
                  8.707419,40.813402,0
                  8.707427,40.813397,0
                  8.707435,40.813393,0
                  8.707443,40.813389,0
                  8.707452,40.813386,0
                  8.707462,40.813383,0
                  8.707472,40.813382,0
                  8.707482,40.813381,0
                  8.707493,40.81338,0
                  8.70754,40.81338,0
                  8.707566,40.813382,0
                  8.70759,40.813385,0
                  8.707613,40.81339,0
                  8.707633,40.813398,0
                  8.707651,40.813407,0
                  8.707666,40.813419,0
                  8.70768,40.813433,0
                  8.707692,40.813449,0
                  8.707701,40.813468,0
                  8.707708,40.813488,0
                  8.707746,40.813626,0
                  8.707743,40.813628,0
                </coordinates>
              </LinearRing>
            </innerBoundaryIs>
          </Polygon>
          <Polygon>
            <outerBoundaryIs>
              <LinearRing>
                <tessellate>1</tessellate>
                <coordinates>
                  8.715673,40.813926,0
                  8.715681,40.813959,0
                  8.715685,40.813991,0
                  8.715686,40.814023,0
                  8.715684,40.814053,0
                  8.715678,40.814081,0
                  8.715668,40.814109,0
                  8.715656,40.814136,0
                  8.715639,40.814162,0
                  8.71562,40.814187,0
                  8.715597,40.814211,0
                  8.715571,40.814233,0
                  8.715543,40.814252,0
                  8.715513,40.81427,0
                  8.715482,40.814285,0
                  8.715448,40.814298,0
                  8.715412,40.814308,0
                  8.715374,40.814316,0
                  8.715334,40.814322,0
                  8.715292,40.814325,0
                  8.715248,40.814327,0
                  8.715124,40.814327,0
                  8.71508,40.814325,0
                  8.715036,40.814322,0
                  8.714993,40.814316,0
                  8.714951,40.814308,0
                  8.714909,40.814298,0
                  8.714868,40.814285,0
                  8.714828,40.81427,0
                  8.714788,40.814252,0
                  8.714749,40.814233,0
                  8.714711,40.814211,0
                  8.714675,40.814187,0
                  8.714641,40.814162,0
                  8.71461,40.814136,0
                  8.714582,40.814109,0
                  8.714557,40.814081,0
                  8.714535,40.814053,0
                  8.714515,40.814023,0
                  8.714499,40.813991,0
                  8.714485,40.813959,0
                  8.714474,40.813926,0
                  8.71436,40.813519,0
                  8.714352,40.813486,0
                  8.714348,40.813454,0
                  8.714347,40.813423,0
                  8.714349,40.813393,0
                  8.714355,40.813364,0
                  8.714365,40.813336,0
                  8.714378,40.813309,0
                  8.714394,40.813283,0
                  8.714414,40.813258,0
                  8.714437,40.813235,0
                  8.714463,40.813213,0
                  8.71449,40.813193,0
                  8.71452,40.813175,0
                  8.714552,40.81316,0
                  8.714586,40.813148,0
                  8.714622,40.813137,0
                  8.71466,40.813129,0
                  8.714699,40.813123,0
                  8.714741,40.81312,0
                  8.714785,40.813119,0
                  8.714909,40.813119,0
                  8.714953,40.81312,0
                  8.714997,40.813123,0
                  8.71504,40.813129,0
                  8.715083,40.813137,0
                  8.715124,40.813148,0
                  8.715166,40.81316,0
                  8.715206,40.813175,0
                  8.715245,40.813193,0
                  8.715284,40.813213,0
                  8.715322,40.813235,0
                  8.715359,40.813258,0
                  8.715392,40.813283,0
                  8.715423,40.813309,0
                  8.715451,40.813336,0
                  8.715476,40.813364,0
                  8.715498,40.813393,0
                  8.715517,40.813423,0
                  8.715534,40.813454,0
                  8.715548,40.813486,0
                  8.715559,40.813519,0
                  8.715673,40.813926,0
                </coordinates>
              </LinearRing>
            </outerBoundaryIs>
            <innerBoundaryIs>
              <LinearRing>
                <tessellate>1</tessellate>
                <coordinates>
                  8.715242,40.813954,0
                  8.715244,40.813963,0
                  8.715244,40.813971,0
                  8.715243,40.813979,0
                  8.715242,40.813987,0
                  8.71524,40.813995,0
                  8.715237,40.814003,0
                  8.715233,40.81401,0
                  8.715228,40.814017,0
                  8.715222,40.814024,0
                  8.715215,40.81403,0
                  8.715208,40.814036,0
                  8.7152,40.814041,0
                  8.715192,40.814046,0
                  8.715184,40.814049,0
                  8.715175,40.814052,0
                  8.715165,40.814055,0
                  8.715155,40.814056,0
                  8.715145,40.814057,0
                  8.715134,40.814058,0
                  8.715087,40.814058,0
                  8.715076,40.814057,0
                  8.715065,40.814056,0
                  8.715054,40.814055,0
                  8.715043,40.814052,0
                  8.715033,40.814049,0
                  8.715022,40.814046,0
                  8.715012,40.814041,0
                  8.715002,40.814036,0
                  8.714991,40.81403,0
                  8.714982,40.814024,0
                  8.714972,40.814017,0
                  8.714963,40.81401,0
                  8.714955,40.814003,0
                  8.714948,40.813995,0
                  8.714941,40.813987,0
                  8.714935,40.813979,0
                  8.71493,40.813971,0
                  8.714926,40.813963,0
                  8.714922,40.813954,0
                  8.714919,40.813945,0
                  8.714794,40.813498,0
                  8.714792,40.813489,0
                  8.714791,40.813481,0
                  8.71479,40.813473,0
                  8.714791,40.813465,0
                  8.714792,40.813457,0
                  8.714794,40.813449,0
                  8.714797,40.813442,0
                  8.714801,40.813435,0
                  8.714806,40.813428,0
                  8.714812,40.813421,0
                  8.714818,40.813415,0
                  8.714825,40.813409,0
                  8.714833,40.813405,0
                  8.714841,40.8134,0
                  8.714849,40.813397,0
                  8.714858,40.813394,0
                  8.714868,40.813391,0
                  8.714878,40.81339,0
                  8.714888,40.813389,0
                  8.714899,40.813388,0
                  8.714945,40.813388,0
                  8.714957,40.813389,0
                  8.714968,40.81339,0
                  8.714979,40.813391,0
                  8.71499,40.813394,0
                  8.715,40.813397,0
                  8.715011,40.8134,0
                  8.715022,40.813405,0
                  8.715032,40.81341,0
                  8.715042,40.813415,0
                  8.715053,40.813422,0
                  8.715062,40.813429,0
                  8.715071,40.813436,0
                  8.71508,40.813443,0
                  8.715087,40.81345,0
                  8.715094,40.813458,0
                  8.715099,40.813465,0
                  8.715105,40.813473,0
                  8.715109,40.813481,0
                  8.715112,40.81349,0
                  8.715115,40.813498,0
                  8.71524,40.813945,0
                  8.715242,40.813954,0
                </coordinates>
              </LinearRing>
            </innerBoundaryIs>
          </Polygon>
          <Polygon>
            <outerBoundaryIs>
              <LinearRing>
                <tessellate>1</tessellate>
                <coordinates>
                  8.711302,40.814255,0
                  8.711271,40.814269,0
                  8.711238,40.814281,0
                  8.711203,40.814291,0
                  8.711165,40.814301,0
                  8.711126,40.814309,0
                  8.711085,40.814315,0
                  8.711042,40.81432,0
                  8.710997,40.814324,0
                  8.71095,40.814326,0
                  8.7109,40.814327,0
                  8.710833,40.814327,0
                  8.710783,40.814325,0
                  8.710735,40.814322,0
                  8.710688,40.814317,0
                  8.710643,40.814309,0
                  8.710599,40.814299,0
                  8.710557,40.814286,0
                  8.710516,40.814272,0
                  8.710477,40.814255,0
                  8.71044,40.814236,0
                  8.710404,40.814215,0
                  8.710371,40.814193,0
                  8.710341,40.814169,0
                  8.710313,40.814144,0
                  8.710287,40.814117,0
                  8.710264,40.814089,0
                  8.710243,40.814059,0
                  8.710225,40.814028,0
                  8.710208,40.813996,0
                  8.710195,40.813962,0
                  8.710183,40.813926,0
                  8.709963,40.813143,0
                  8.710403,40.813143,0
                  8.710629,40.813951,0
                  8.710637,40.813974,0
                  8.710647,40.813994,0
                  8.710659,40.814012,0
                  8.710673,40.814027,0
                  8.710689,40.81404,0
                  8.710707,40.814051,0
                  8.710727,40.814059,0
                  8.71075,40.814065,0
                  8.710774,40.814068,0
                  8.7108,40.81407,0
                  8.710828,40.81407,0
                  8.710865,40.814069,0
                  8.710901,40.814068,0
                  8.710935,40.814065,0
                  8.710967,40.814062,0
                  8.710998,40.814057,0
                  8.711027,40.814051,0
                  8.711054,40.814045,0
                  8.711079,40.814037,0
                  8.711103,40.814029,0
                  8.711125,40.814019,0
                  8.711302,40.814255,0
                </coordinates>
              </LinearRing>
            </outerBoundaryIs>
          </Polygon>
          <Polygon>
            <outerBoundaryIs>
              <LinearRing>
                <tessellate>1</tessellate>
                <coordinates>
                  8.71421,40.814282,0
                  8.71377,40.814282,0
                  8.713451,40.813143,0
                  8.71389,40.813143,0
                  8.71421,40.814282,0
                </coordinates>
              </LinearRing>
            </outerBoundaryIs>
          </Polygon>
          <Polygon>
            <outerBoundaryIs>
              <LinearRing>
                <tessellate>1</tessellate>
                <coordinates>
                  8.711916,40.814282,0
                  8.711477,40.814282,0
                  8.711157,40.813143,0
                  8.711596,40.813143,0
                  8.711916,40.814282,0
                </coordinates>
              </LinearRing>
            </outerBoundaryIs>
          </Polygon>
          <Polygon>
            <outerBoundaryIs>
              <LinearRing>
                <tessellate>1</tessellate>
                <coordinates>
                  8.712027,40.814675,0
                  8.711587,40.814675,0
                  8.711512,40.814408,0
                  8.711952,40.814408,0
                  8.712027,40.814675,0
                </coordinates>
              </LinearRing>
            </outerBoundaryIs>
          </Polygon>
          <Polygon>
            <outerBoundaryIs>
              <LinearRing>
                <tessellate>1</tessellate>
                <coordinates>
                  8.71432,40.814675,0
                  8.713881,40.814675,0
                  8.713806,40.814408,0
                  8.714245,40.814408,0
                  8.71432,40.814675,0
                </coordinates>
              </LinearRing>
            </outerBoundaryIs>
          </Polygon>
        </MultiGeometry>
      </Placemark>
      <Placemark>
        <name>Tanca Noa</name>
        <styleUrl>#poly-F9F9F9-1200-255-nodesc</styleUrl>
        <MultiGeometry>
          <Polygon>
            <outerBoundaryIs>
              <LinearRing>
                <tessellate>1</tessellate>
                <coordinates>
                  8.720527,40.8371,0
                  8.720088,40.8371,0
                  8.719977,40.836708,0
                  8.719965,40.836665,0
                  8.719953,40.836621,0
                  8.719942,40.836577,0
                  8.719931,40.836532,0
                  8.71992,40.836487,0
                  8.719909,40.836441,0
                  8.719898,40.836395,0
                  8.719888,40.836348,0
                  8.719878,40.836301,0
                  8.719868,40.836253,0
                  8.719868,40.83625,0
                  8.719867,40.836246,0
                  8.719865,40.836243,0
                  8.719863,40.836241,0
                  8.719861,40.836239,0
                  8.719858,40.836237,0
                  8.719854,40.836235,0
                  8.719849,40.836234,0
                  8.719845,40.836234,0
                  8.719839,40.836234,0
                  8.719835,40.836234,0
                  8.719832,40.836234,0
                  8.719829,40.836235,0
                  8.719826,40.836236,0
                  8.719824,40.836237,0
                  8.719822,40.836239,0
                  8.71982,40.83624,0
                  8.719819,40.836242,0
                  8.719818,40.836245,0
                  8.719818,40.836247,0
                  8.719815,40.836277,0
                  8.719809,40.836311,0
                  8.719801,40.83635,0
                  8.719789,40.836394,0
                  8.719774,40.836443,0
                  8.719757,40.836497,0
                  8.719736,40.836556,0
                  8.719712,40.836619,0
                  8.719686,40.836688,0
                  8.719656,40.836761,0
                  8.719517,40.8371,0
                  8.719111,40.8371,0
                  8.718681,40.835568,0
                  8.719121,40.835568,0
                  8.719227,40.835946,0
                  8.71924,40.835991,0
                  8.719252,40.836035,0
                  8.719263,40.836078,0
                  8.719273,40.836119,0
                  8.719283,40.836159,0
                  8.719293,40.836197,0
                  8.719301,40.836234,0
                  8.719309,40.836269,0
                  8.719317,40.836303,0
                  8.719323,40.836335,0
                  8.719324,40.836339,0
                  8.719325,40.836343,0
                  8.719326,40.836346,0
                  8.719328,40.836348,0
                  8.719331,40.836351,0
                  8.719334,40.836353,0
                  8.719338,40.836354,0
                  8.719342,40.836355,0
                  8.719347,40.836356,0
                  8.719352,40.836356,0
                  8.719356,40.836356,0
                  8.719359,40.836355,0
                  8.719362,40.836355,0
                  8.719365,40.836354,0
                  8.719367,40.836352,0
                  8.719369,40.836351,0
                  8.719371,40.836349,0
                  8.719372,40.836346,0
                  8.719373,40.836344,0
                  8.719373,40.836341,0
                  8.719374,40.836325,0
                  8.719376,40.836308,0
                  8.719378,40.83629,0
                  8.719381,40.836271,0
                  8.719385,40.836252,0
                  8.719389,40.836233,0
                  8.719394,40.836213,0
                  8.7194,40.836192,0
                  8.719407,40.83617,0
                  8.719414,40.836148,0
                  8.719417,40.83614,0
                  8.71942,40.836129,0
                  8.719424,40.836117,0
                  8.71943,40.836103,0
                  8.719436,40.836086,0
                  8.719443,40.836068,0
                  8.719451,40.836047,0
                  8.719459,40.836024,0
                  8.719469,40.836,0
                  8.71948,40.835973,0
                  8.719601,40.835658,0
                  8.719611,40.835638,0
                  8.719623,40.835619,0
                  8.719638,40.835603,0
                  8.719655,40.835589,0
                  8.719675,40.835577,0
                  8.719698,40.835568,0
                  8.719723,40.83556,0
                  8.719751,40.835555,0
                  8.719781,40.835552,0
                  8.719814,40.835551,0
                  8.719837,40.835551,0
                  8.71986,40.835553,0
                  8.719882,40.835556,0
                  8.719904,40.83556,0
                  8.719925,40.835566,0
                  8.719947,40.835572,0
                  8.719967,40.83558,0
                  8.719988,40.835589,0
                  8.720008,40.835599,0
                  8.720028,40.835611,0
                  8.720047,40.835623,0
                  8.720064,40.835636,0
                  8.72008,40.83565,0
                  8.720095,40.835664,0
                  8.720108,40.835679,0
                  8.720119,40.835694,0
                  8.720129,40.83571,0
                  8.720138,40.835727,0
                  8.720145,40.835745,0
                  8.720151,40.835763,0
                  8.720527,40.8371,0
                </coordinates>
              </LinearRing>
            </outerBoundaryIs>
          </Polygon>
          <Polygon>
            <outerBoundaryIs>
              <LinearRing>
                <tessellate>1</tessellate>
                <coordinates>
                  8.712478,40.8371,0
                  8.711055,40.8371,0
                  8.710971,40.836798,0
                  8.711454,40.836798,0
                  8.711108,40.835568,0
                  8.711566,40.835568,0
                  8.711912,40.836798,0
                  8.712394,40.836798,0
                  8.712478,40.8371,0
                </coordinates>
              </LinearRing>
            </outerBoundaryIs>
          </Polygon>
          <Polygon>
            <outerBoundaryIs>
              <LinearRing>
                <tessellate>1</tessellate>
                <coordinates>
                  8.714944,40.836351,0
                  8.714952,40.836384,0
                  8.714956,40.836416,0
                  8.714957,40.836447,0
                  8.714954,40.836477,0
                  8.714949,40.836506,0
                  8.714939,40.836534,0
                  8.714926,40.836561,0
                  8.71491,40.836587,0
                  8.714891,40.836612,0
                  8.714868,40.836635,0
                  8.714842,40.836657,0
                  8.714814,40.836677,0
                  8.714784,40.836694,0
                  8.714752,40.836709,0
                  8.714719,40.836722,0
                  8.714683,40.836733,0
                  8.714645,40.836741,0
                  8.714605,40.836747,0
                  8.714563,40.83675,0
                  8.714519,40.836751,0
                  8.714395,40.836751,0
                  8.714351,40.83675,0
                  8.714307,40.836747,0
                  8.714264,40.836741,0
                  8.714222,40.836733,0
                  8.71418,40.836722,0
                  8.714139,40.836709,0
                  8.714099,40.836694,0
                  8.714059,40.836677,0
                  8.71402,40.836657,0
                  8.713982,40.836635,0
                  8.713946,40.836612,0
                  8.713912,40.836587,0
                  8.713881,40.836561,0
                  8.713853,40.836534,0
                  8.713828,40.836506,0
                  8.713806,40.836477,0
                  8.713786,40.836447,0
                  8.71377,40.836416,0
                  8.713756,40.836384,0
                  8.713745,40.836351,0
                  8.713525,40.835568,0
                  8.713965,40.835568,0
                  8.714189,40.836366,0
                  8.714192,40.836375,0
                  8.714195,40.836383,0
                  8.7142,40.836391,0
                  8.714205,40.836399,0
                  8.714211,40.836407,0
                  8.714217,40.836415,0
                  8.714225,40.836422,0
                  8.714233,40.836429,0
                  8.714242,40.836436,0
                  8.714251,40.836443,0
                  8.714261,40.836449,0
                  8.714271,40.836454,0
                  8.714281,40.836459,0
                  8.714292,40.836464,0
                  8.714302,40.836467,0
                  8.714313,40.83647,0
                  8.714324,40.836472,0
                  8.714335,40.836474,0
                  8.714346,40.836475,0
                  8.714357,40.836475,0
                  8.714403,40.836475,0
                  8.714414,40.836475,0
                  8.714425,40.836474,0
                  8.714435,40.836472,0
                  8.714444,40.83647,0
                  8.714453,40.836467,0
                  8.714462,40.836463,0
                  8.71447,40.836459,0
                  8.714477,40.836454,0
                  8.714484,40.836448,0
                  8.714491,40.836442,0
                  8.714496,40.836435,0
                  8.714501,40.836428,0
                  8.714505,40.836421,0
                  8.714508,40.836414,0
                  8.714511,40.836406,0
                  8.714512,40.836399,0
                  8.714513,40.836391,0
                  8.714513,40.836383,0
                  8.714512,40.836374,0
                  8.71451,40.836366,0
                  8.714286,40.835568,0
                  8.714724,40.835568,0
                  8.714944,40.836351,0
                </coordinates>
              </LinearRing>
            </outerBoundaryIs>
          </Polygon>
          <Polygon>
            <outerBoundaryIs>
              <LinearRing>
                <tessellate>1</tessellate>
                <coordinates>
                  8.713398,40.83636,0
                  8.713406,40.836394,0
                  8.713411,40.836427,0
                  8.713414,40.836458,0
                  8.713413,40.836488,0
                  8.713409,40.836517,0
                  8.713403,40.836544,0
                  8.713393,40.83657,0
                  8.71338,40.836595,0
                  8.713365,40.836618,0
                  8.713346,40.83664,0
                  8.713324,40.836661,0
                  8.713298,40.83668,0
                  8.71327,40.836697,0
                  8.713238,40.836711,0
                  8.713204,40.836723,0
                  8.713167,40.836733,0
                  8.713127,40.836741,0
                  8.713084,40.836747,0
                  8.713038,40.83675,0
                  8.71299,40.836751,0
                  8.712828,40.836751,0
                  8.712777,40.836751,0
                  8.712727,40.836749,0
                  8.712679,40.836745,0
                  8.712632,40.83674,0
                  8.712587,40.836734,0
                  8.712544,40.836727,0
                  8.712502,40.836718,0
                  8.712462,40.836708,0
                  8.712423,40.836696,0
                  8.712386,40.836684,0
                  8.712431,40.836448,0
                  8.712459,40.836457,0
                  8.712489,40.836466,0
                  8.71252,40.836473,0
                  8.712551,40.83648,0
                  8.712583,40.836486,0
                  8.712616,40.83649,0
                  8.71265,40.836494,0
                  8.712685,40.836496,0
                  8.71272,40.836498,0
                  8.712757,40.836498,0
                  8.712841,40.836498,0
                  8.712871,40.836497,0
                  8.712896,40.836493,0
                  8.712918,40.836487,0
                  8.712936,40.836478,0
                  8.71295,40.836467,0
                  8.71296,40.836454,0
                  8.712966,40.836437,0
                  8.712969,40.836419,0
                  8.712967,40.836398,0
                  8.712962,40.836374,0
                  8.712942,40.836302,0
                  8.712937,40.836303,0
                  8.712929,40.836304,0
                  8.71292,40.836305,0
                  8.712909,40.836306,0
                  8.712896,40.836307,0
                  8.712882,40.836307,0
                  8.712865,40.836308,0
                  8.712847,40.836308,0
                  8.712827,40.836308,0
                  8.712806,40.836308,0
                  8.712692,40.836308,0
                  8.712642,40.836307,0
                  8.712594,40.836304,0
                  8.712547,40.836299,0
                  8.712502,40.836291,0
                  8.712459,40.836281,0
                  8.712418,40.836269,0
                  8.712379,40.836256,0
                  8.712342,40.836239,0
                  8.712306,40.836221,0
                  8.712273,40.836201,0
                  8.712244,40.836181,0
                  8.712218,40.83616,0
                  8.712194,40.836137,0
                  8.712172,40.836114,0
                  8.712152,40.836089,0
                  8.712133,40.836062,0
                  8.712117,40.836035,0
                  8.712103,40.836006,0
                  8.712091,40.835975,0
                  8.712081,40.835944,0
                  8.712071,40.835906,0
                  8.712065,40.835869,0
                  8.712063,40.835835,0
                  8.712064,40.835802,0
                  8.712069,40.835771,0
                  8.712077,40.835742,0
                  8.712089,40.835715,0
                  8.712104,40.83569,0
                  8.712123,40.835666,0
                  8.712145,40.835644,0
                  8.712169,40.835625,0
                  8.712196,40.835608,0
                  8.712226,40.835593,0
                  8.712258,40.83558,0
                  8.712292,40.835569,0
                  8.71233,40.83556,0
                  8.71237,40.835553,0
                  8.712412,40.835548,0
                  8.712458,40.835545,0
                  8.712506,40.835544,0
                  8.712658,40.835544,0
                  8.712703,40.835545,0
                  8.712747,40.835548,0
                  8.71279,40.835553,0
                  8.712831,40.83556,0
                  8.712872,40.83557,0
                  8.712911,40.835581,0
                  8.712949,40.835595,0
                  8.712986,40.83561,0
                  8.713022,40.835628,0
                  8.713056,40.835648,0
                  8.713089,40.83567,0
                  8.71312,40.835692,0
                  8.713147,40.835717,0
                  8.713173,40.835742,0
                  8.713196,40.835769,0
                  8.713216,40.835797,0
                  8.713235,40.835826,0
                  8.71325,40.835856,0
                  8.713263,40.835888,0
                  8.713274,40.835921,0
                  8.713398,40.83636,0
                </coordinates>
              </LinearRing>
            </outerBoundaryIs>
            <innerBoundaryIs>
              <LinearRing>
                <tessellate>1</tessellate>
                <coordinates>
                  8.712868,40.836053,0
                  8.712862,40.836054,0
                  8.712854,40.836055,0
                  8.712844,40.836056,0
                  8.712832,40.836057,0
                  8.712817,40.836057,0
                  8.7128,40.836058,0
                  8.712781,40.836058,0
                  8.712759,40.836058,0
                  8.712736,40.836058,0
                  8.71269,40.836058,0
                  8.712663,40.836057,0
                  8.712639,40.836054,0
                  8.712617,40.836048,0
                  8.712597,40.836041,0
                  8.712579,40.836031,0
                  8.712563,40.836019,0
                  8.71255,40.836004,0
                  8.712538,40.835988,0
                  8.712529,40.835969,0
                  8.712521,40.835948,0
                  8.712512,40.835917,0
                  8.71251,40.835908,0
                  8.712509,40.835899,0
                  8.712509,40.835891,0
                  8.71251,40.835883,0
                  8.712511,40.835875,0
                  8.712513,40.835867,0
                  8.712517,40.83586,0
                  8.712521,40.835853,0
                  8.712525,40.835846,0
                  8.712531,40.835839,0
                  8.712538,40.835832,0
                  8.712545,40.835827,0
                  8.712552,40.835822,0
                  8.71256,40.835817,0
                  8.712569,40.835814,0
                  8.712578,40.835811,0
                  8.712587,40.835808,0
                  8.712597,40.835807,0
                  8.712608,40.835806,0
                  8.712619,40.835805,0
                  8.712665,40.835805,0
                  8.712691,40.835807,0
                  8.712716,40.83581,0
                  8.712738,40.835815,0
                  8.712758,40.835823,0
                  8.712776,40.835832,0
                  8.712792,40.835844,0
                  8.712805,40.835858,0
                  8.712817,40.835874,0
                  8.712826,40.835893,0
                  8.712833,40.835913,0
                  8.712871,40.836051,0
                  8.712868,40.836053,0
                </coordinates>
              </LinearRing>
            </innerBoundaryIs>
          </Polygon>
          <Polygon>
            <outerBoundaryIs>
              <LinearRing>
                <tessellate>1</tessellate>
                <coordinates>
                  8.717786,40.83636,0
                  8.717794,40.836394,0
                  8.7178,40.836427,0
                  8.717802,40.836458,0
                  8.717801,40.836488,0
                  8.717798,40.836517,0
                  8.717791,40.836544,0
                  8.717782,40.83657,0
                  8.717769,40.836595,0
                  8.717753,40.836618,0
                  8.717735,40.83664,0
                  8.717712,40.836661,0
                  8.717687,40.83668,0
                  8.717658,40.836697,0
                  8.717627,40.836711,0
                  8.717592,40.836723,0
                  8.717555,40.836733,0
                  8.717515,40.836741,0
                  8.717473,40.836747,0
                  8.717427,40.83675,0
                  8.717378,40.836751,0
                  8.717216,40.836751,0
                  8.717165,40.836751,0
                  8.717115,40.836749,0
                  8.717067,40.836745,0
                  8.717021,40.83674,0
                  8.716976,40.836734,0
                  8.716932,40.836727,0
                  8.71689,40.836718,0
                  8.71685,40.836708,0
                  8.716811,40.836696,0
                  8.716774,40.836684,0
                  8.716819,40.836448,0
                  8.716848,40.836457,0
                  8.716878,40.836466,0
                  8.716908,40.836473,0
                  8.716939,40.83648,0
                  8.716972,40.836486,0
                  8.717005,40.83649,0
                  8.717039,40.836494,0
                  8.717073,40.836496,0
                  8.717109,40.836498,0
                  8.717145,40.836498,0
                  8.71723,40.836498,0
                  8.717259,40.836497,0
                  8.717285,40.836493,0
                  8.717306,40.836487,0
                  8.717324,40.836478,0
                  8.717338,40.836467,0
                  8.717348,40.836454,0
                  8.717355,40.836437,0
                  8.717357,40.836419,0
                  8.717356,40.836398,0
                  8.717351,40.836374,0
                  8.717331,40.836302,0
                  8.717325,40.836303,0
                  8.717318,40.836304,0
                  8.717309,40.836305,0
                  8.717298,40.836306,0
                  8.717285,40.836307,0
                  8.71727,40.836307,0
                  8.717254,40.836308,0
                  8.717236,40.836308,0
                  8.717216,40.836308,0
                  8.717194,40.836308,0
                  8.717081,40.836308,0
                  8.717031,40.836307,0
                  8.716982,40.836304,0
                  8.716935,40.836299,0
                  8.716891,40.836291,0
                  8.716848,40.836281,0
                  8.716807,40.836269,0
                  8.716767,40.836256,0
                  8.71673,40.836239,0
                  8.716695,40.836221,0
                  8.716661,40.836201,0
                  8.716633,40.836181,0
                  8.716607,40.83616,0
                  8.716583,40.836137,0
                  8.71656,40.836114,0
                  8.71654,40.836089,0
                  8.716522,40.836062,0
                  8.716506,40.836035,0
                  8.716491,40.836006,0
                  8.716479,40.835975,0
                  8.716469,40.835944,0
                  8.71646,40.835906,0
                  8.716454,40.835869,0
                  8.716452,40.835835,0
                  8.716453,40.835802,0
                  8.716458,40.835771,0
                  8.716466,40.835742,0
                  8.716477,40.835715,0
                  8.716493,40.83569,0
                  8.716511,40.835666,0
                  8.716534,40.835644,0
                  8.716558,40.835625,0
                  8.716585,40.835608,0
                  8.716614,40.835593,0
                  8.716646,40.83558,0
                  8.716681,40.835569,0
                  8.716718,40.83556,0
                  8.716758,40.835553,0
                  8.716801,40.835548,0
                  8.716846,40.835545,0
                  8.716894,40.835544,0
                  8.717047,40.835544,0
                  8.717092,40.835545,0
                  8.717135,40.835548,0
                  8.717178,40.835553,0
                  8.71722,40.83556,0
                  8.71726,40.83557,0
                  8.717299,40.835581,0
                  8.717337,40.835595,0
                  8.717374,40.83561,0
                  8.71741,40.835628,0
                  8.717445,40.835648,0
                  8.717478,40.83567,0
                  8.717508,40.835692,0
                  8.717536,40.835717,0
                  8.717561,40.835742,0
                  8.717584,40.835769,0
                  8.717605,40.835797,0
                  8.717623,40.835826,0
                  8.717639,40.835856,0
                  8.717652,40.835888,0
                  8.717663,40.835921,0
                  8.717786,40.83636,0
                </coordinates>
              </LinearRing>
            </outerBoundaryIs>
            <innerBoundaryIs>
              <LinearRing>
                <tessellate>1</tessellate>
                <coordinates>
                  8.717256,40.836053,0
                  8.717251,40.836054,0
                  8.717243,40.836055,0
                  8.717233,40.836056,0
                  8.71722,40.836057,0
                  8.717205,40.836057,0
                  8.717188,40.836058,0
                  8.717169,40.836058,0
                  8.717148,40.836058,0
                  8.717124,40.836058,0
                  8.717078,40.836058,0
                  8.717052,40.836057,0
                  8.717028,40.836054,0
                  8.717006,40.836048,0
                  8.716986,40.836041,0
                  8.716968,40.836031,0
                  8.716952,40.836019,0
                  8.716938,40.836004,0
                  8.716927,40.835988,0
                  8.716917,40.835969,0
                  8.71691,40.835948,0
                  8.716901,40.835917,0
                  8.716899,40.835908,0
                  8.716898,40.835899,0
                  8.716897,40.835891,0
                  8.716898,40.835883,0
                  8.716899,40.835875,0
                  8.716902,40.835867,0
                  8.716905,40.83586,0
                  8.716909,40.835853,0
                  8.716914,40.835846,0
                  8.71692,40.835839,0
                  8.716926,40.835832,0
                  8.716933,40.835827,0
                  8.716941,40.835822,0
                  8.716949,40.835817,0
                  8.716957,40.835814,0
                  8.716966,40.835811,0
                  8.716976,40.835808,0
                  8.716986,40.835807,0
                  8.716996,40.835806,0
                  8.717007,40.835805,0
                  8.717053,40.835805,0
                  8.71708,40.835807,0
                  8.717104,40.83581,0
                  8.717126,40.835815,0
                  8.717147,40.835823,0
                  8.717164,40.835832,0
                  8.71718,40.835844,0
                  8.717194,40.835858,0
                  8.717205,40.835874,0
                  8.717215,40.835893,0
                  8.717222,40.835913,0
                  8.71726,40.836051,0
                  8.717256,40.836053,0
                </coordinates>
              </LinearRing>
            </innerBoundaryIs>
          </Polygon>
          <Polygon>
            <outerBoundaryIs>
              <LinearRing>
                <tessellate>1</tessellate>
                <coordinates>
                  8.723379,40.83636,0
                  8.723387,40.836394,0
                  8.723392,40.836427,0
                  8.723395,40.836458,0
                  8.723394,40.836488,0
                  8.72339,40.836517,0
                  8.723384,40.836544,0
                  8.723374,40.83657,0
                  8.723362,40.836595,0
                  8.723346,40.836618,0
                  8.723327,40.83664,0
                  8.723305,40.836661,0
                  8.723279,40.83668,0
                  8.723251,40.836697,0
                  8.723219,40.836711,0
                  8.723185,40.836723,0
                  8.723148,40.836733,0
                  8.723108,40.836741,0
                  8.723065,40.836747,0
                  8.723019,40.83675,0
                  8.722971,40.836751,0
                  8.722809,40.836751,0
                  8.722758,40.836751,0
                  8.722708,40.836749,0
                  8.72266,40.836745,0
                  8.722613,40.83674,0
                  8.722568,40.836734,0
                  8.722525,40.836727,0
                  8.722483,40.836718,0
                  8.722443,40.836708,0
                  8.722404,40.836696,0
                  8.722367,40.836684,0
                  8.722412,40.836448,0
                  8.72244,40.836457,0
                  8.72247,40.836466,0
                  8.722501,40.836473,0
                  8.722532,40.83648,0
                  8.722564,40.836486,0
                  8.722597,40.83649,0
                  8.722631,40.836494,0
                  8.722666,40.836496,0
                  8.722702,40.836498,0
                  8.722738,40.836498,0
                  8.722822,40.836498,0
                  8.722852,40.836497,0
                  8.722877,40.836493,0
                  8.722899,40.836487,0
                  8.722917,40.836478,0
                  8.722931,40.836467,0
                  8.722941,40.836454,0
                  8.722947,40.836437,0
                  8.72295,40.836419,0
                  8.722948,40.836398,0
                  8.722943,40.836374,0
                  8.722923,40.836302,0
                  8.722918,40.836303,0
                  8.72291,40.836304,0
                  8.722901,40.836305,0
                  8.72289,40.836306,0
                  8.722877,40.836307,0
                  8.722863,40.836307,0
                  8.722846,40.836308,0
                  8.722828,40.836308,0
                  8.722808,40.836308,0
                  8.722787,40.836308,0
                  8.722673,40.836308,0
                  8.722623,40.836307,0
                  8.722575,40.836304,0
                  8.722528,40.836299,0
                  8.722483,40.836291,0
                  8.72244,40.836281,0
                  8.722399,40.836269,0
                  8.72236,40.836256,0
                  8.722323,40.836239,0
                  8.722287,40.836221,0
                  8.722254,40.836201,0
                  8.722225,40.836181,0
                  8.722199,40.83616,0
                  8.722175,40.836137,0
                  8.722153,40.836114,0
                  8.722133,40.836089,0
                  8.722114,40.836062,0
                  8.722098,40.836035,0
                  8.722084,40.836006,0
                  8.722072,40.835975,0
                  8.722062,40.835944,0
                  8.722052,40.835906,0
                  8.722046,40.835869,0
                  8.722044,40.835835,0
                  8.722045,40.835802,0
                  8.72205,40.835771,0
                  8.722058,40.835742,0
                  8.72207,40.835715,0
                  8.722085,40.83569,0
                  8.722104,40.835666,0
                  8.722126,40.835644,0
                  8.72215,40.835625,0
                  8.722177,40.835608,0
                  8.722207,40.835593,0
                  8.722239,40.83558,0
                  8.722273,40.835569,0
                  8.722311,40.83556,0
                  8.722351,40.835553,0
                  8.722393,40.835548,0
                  8.722439,40.835545,0
                  8.722487,40.835544,0
                  8.722639,40.835544,0
                  8.722684,40.835545,0
                  8.722728,40.835548,0
                  8.722771,40.835553,0
                  8.722812,40.83556,0
                  8.722853,40.83557,0
                  8.722892,40.835581,0
                  8.72293,40.835595,0
                  8.722967,40.83561,0
                  8.723003,40.835628,0
                  8.723037,40.835648,0
                  8.72307,40.83567,0
                  8.723101,40.835692,0
                  8.723128,40.835717,0
                  8.723154,40.835742,0
                  8.723177,40.835769,0
                  8.723197,40.835797,0
                  8.723216,40.835826,0
                  8.723231,40.835856,0
                  8.723244,40.835888,0
                  8.723255,40.835921,0
                  8.723379,40.83636,0
                </coordinates>
              </LinearRing>
            </outerBoundaryIs>
            <innerBoundaryIs>
              <LinearRing>
                <tessellate>1</tessellate>
                <coordinates>
                  8.722849,40.836053,0
                  8.722843,40.836054,0
                  8.722835,40.836055,0
                  8.722825,40.836056,0
                  8.722813,40.836057,0
                  8.722798,40.836057,0
                  8.722781,40.836058,0
                  8.722762,40.836058,0
                  8.722741,40.836058,0
                  8.722717,40.836058,0
                  8.722671,40.836058,0
                  8.722645,40.836057,0
                  8.72262,40.836054,0
                  8.722598,40.836048,0
                  8.722578,40.836041,0
                  8.72256,40.836031,0
                  8.722545,40.836019,0
                  8.722531,40.836004,0
                  8.722519,40.835988,0
                  8.72251,40.835969,0
                  8.722502,40.835948,0
                  8.722493,40.835917,0
                  8.722491,40.835908,0
                  8.72249,40.835899,0
                  8.72249,40.835891,0
                  8.722491,40.835883,0
                  8.722492,40.835875,0
                  8.722494,40.835867,0
                  8.722498,40.83586,0
                  8.722502,40.835853,0
                  8.722507,40.835846,0
                  8.722512,40.835839,0
                  8.722519,40.835832,0
                  8.722526,40.835827,0
                  8.722533,40.835822,0
                  8.722541,40.835817,0
                  8.72255,40.835814,0
                  8.722559,40.835811,0
                  8.722568,40.835808,0
                  8.722578,40.835807,0
                  8.722589,40.835806,0
                  8.7226,40.835805,0
                  8.722646,40.835805,0
                  8.722672,40.835807,0
                  8.722697,40.83581,0
                  8.722719,40.835815,0
                  8.722739,40.835823,0
                  8.722757,40.835832,0
                  8.722773,40.835844,0
                  8.722786,40.835858,0
                  8.722798,40.835874,0
                  8.722807,40.835893,0
                  8.722814,40.835913,0
                  8.722852,40.836051,0
                  8.722849,40.836053,0
                </coordinates>
              </LinearRing>
            </innerBoundaryIs>
          </Polygon>
          <Polygon>
            <outerBoundaryIs>
              <LinearRing>
                <tessellate>1</tessellate>
                <coordinates>
                  8.716162,40.835848,0
                  8.716135,40.835838,0
                  8.716107,40.83583,0
                  8.716077,40.835822,0
                  8.716046,40.835815,0
                  8.716014,40.835809,0
                  8.715981,40.835805,0
                  8.715947,40.835801,0
                  8.715911,40.835799,0
                  8.715874,40.835797,0
                  8.715836,40.835796,0
                  8.715736,40.835796,0
                  8.715723,40.835797,0
                  8.715711,40.835798,0
                  8.715699,40.8358,0
                  8.715688,40.835802,0
                  8.715677,40.835805,0
                  8.715667,40.835809,0
                  8.715658,40.835814,0
                  8.715649,40.835819,0
                  8.715641,40.835826,0
                  8.715634,40.835832,0
                  8.715628,40.83584,0
                  8.715622,40.835847,0
                  8.715618,40.835855,0
                  8.715614,40.835864,0
                  8.715612,40.835872,0
                  8.71561,40.835881,0
                  8.715609,40.835891,0
                  8.71561,40.8359,0
                  8.715611,40.835911,0
                  8.715614,40.835921,0
                  8.715741,40.836374,0
                  8.715745,40.836384,0
                  8.715749,40.836395,0
                  8.715754,40.836405,0
                  8.715759,40.836414,0
                  8.715766,40.836423,0
                  8.715773,40.836432,0
                  8.715782,40.83644,0
                  8.715791,40.836448,0
                  8.7158,40.836456,0
                  8.715811,40.836463,0
                  8.715822,40.83647,0
                  8.715834,40.836476,0
                  8.715845,40.836481,0
                  8.715857,40.836486,0
                  8.715869,40.83649,0
                  8.715882,40.836493,0
                  8.715894,40.836495,0
                  8.715907,40.836497,0
                  8.71592,40.836498,0
                  8.715933,40.836498,0
                  8.716033,40.836498,0
                  8.71607,40.836498,0
                  8.716104,40.836496,0
                  8.716138,40.836494,0
                  8.716169,40.83649,0
                  8.7162,40.836486,0
                  8.716229,40.83648,0
                  8.716257,40.836473,0
                  8.716283,40.836466,0
                  8.716308,40.836457,0
                  8.716331,40.836448,0
                  8.716507,40.836684,0
                  8.716478,40.836696,0
                  8.716446,40.836708,0
                  8.716411,40.836718,0
                  8.716375,40.836727,0
                  8.716335,40.836734,0
                  8.716294,40.83674,0
                  8.71625,40.836745,0
                  8.716204,40.836749,0
                  8.716155,40.836751,0
                  8.716105,40.836751,0
                  8.715945,40.836751,0
                  8.715901,40.83675,0
                  8.715858,40.836747,0
                  8.715815,40.836741,0
                  8.715773,40.836733,0
                  8.715731,40.836723,0
                  8.71569,40.83671,0
                  8.71565,40.836695,0
                  8.715611,40.836678,0
                  8.715572,40.836658,0
                  8.715533,40.836637,0
                  8.715497,40.836613,0
                  8.715463,40.836589,0
                  8.715433,40.836563,0
                  8.715405,40.836537,0
                  8.715379,40.836509,0
                  8.715357,40.836481,0
                  8.715338,40.836451,0
                  8.715321,40.83642,0
                  8.715307,40.836389,0
                  8.715297,40.836356,0
                  8.715179,40.83594,0
                  8.715172,40.835907,0
                  8.715168,40.835875,0
                  8.715167,40.835844,0
                  8.71517,40.835814,0
                  8.715176,40.835786,0
                  8.715186,40.835758,0
                  8.715199,40.835732,0
                  8.715215,40.835706,0
                  8.715235,40.835682,0
                  8.715258,40.835658,0
                  8.715284,40.835636,0
                  8.715312,40.835617,0
                  8.715342,40.8356,0
                  8.715374,40.835585,0
                  8.715408,40.835572,0
                  8.715443,40.835562,0
                  8.715481,40.835554,0
                  8.715521,40.835548,0
                  8.715562,40.835545,0
                  8.715606,40.835544,0
                  8.715765,40.835544,0
                  8.715816,40.835544,0
                  8.715866,40.835546,0
                  8.715914,40.83555,0
                  8.715961,40.835554,0
                  8.716006,40.835561,0
                  8.716049,40.835568,0
                  8.71609,40.835577,0
                  8.716131,40.835587,0
                  8.716169,40.835598,0
                  8.716206,40.835611,0
                  8.716162,40.835848,0
                </coordinates>
              </LinearRing>
            </outerBoundaryIs>
          </Polygon>
          <Polygon>
            <outerBoundaryIs>
              <LinearRing>
                <tessellate>1</tessellate>
                <coordinates>
                  8.721879,40.836351,0
                  8.721886,40.836384,0
                  8.721891,40.836416,0
                  8.721892,40.836447,0
                  8.721889,40.836477,0
                  8.721883,40.836506,0
                  8.721874,40.836534,0
                  8.721861,40.836561,0
                  8.721845,40.836587,0
                  8.721825,40.836612,0
                  8.721802,40.836635,0
                  8.721777,40.836657,0
                  8.721749,40.836677,0
                  8.721719,40.836694,0
                  8.721687,40.836709,0
                  8.721653,40.836722,0
                  8.721617,40.836733,0
                  8.72158,40.836741,0
                  8.72154,40.836747,0
                  8.721498,40.83675,0
                  8.721454,40.836751,0
                  8.72133,40.836751,0
                  8.721286,40.83675,0
                  8.721242,40.836747,0
                  8.721199,40.836741,0
                  8.721156,40.836733,0
                  8.721115,40.836722,0
                  8.721074,40.836709,0
                  8.721034,40.836694,0
                  8.720994,40.836677,0
                  8.720955,40.836657,0
                  8.720917,40.836635,0
                  8.72088,40.836612,0
                  8.720847,40.836587,0
                  8.720816,40.836561,0
                  8.720788,40.836534,0
                  8.720763,40.836506,0
                  8.720741,40.836477,0
                  8.720721,40.836447,0
                  8.720705,40.836416,0
                  8.720691,40.836384,0
                  8.72068,40.836351,0
                  8.720565,40.835944,0
                  8.720558,40.835911,0
                  8.720553,40.835879,0
                  8.720552,40.835848,0
                  8.720555,40.835818,0
                  8.720561,40.835789,0
                  8.72057,40.835761,0
                  8.720583,40.835734,0
                  8.7206,40.835708,0
                  8.720619,40.835683,0
                  8.720642,40.83566,0
                  8.720668,40.835638,0
                  8.720696,40.835618,0
                  8.720726,40.8356,0
                  8.720758,40.835585,0
                  8.720792,40.835573,0
                  8.720827,40.835562,0
                  8.720865,40.835554,0
                  8.720905,40.835548,0
                  8.720947,40.835545,0
                  8.72099,40.835544,0
                  8.721114,40.835544,0
                  8.721159,40.835545,0
                  8.721203,40.835548,0
                  8.721246,40.835554,0
                  8.721288,40.835562,0
                  8.72133,40.835573,0
                  8.721371,40.835585,0
                  8.721411,40.8356,0
                  8.721451,40.835618,0
                  8.72149,40.835638,0
                  8.721528,40.83566,0
                  8.721564,40.835683,0
                  8.721598,40.835708,0
                  8.721629,40.835734,0
                  8.721656,40.835761,0
                  8.721681,40.835789,0
                  8.721704,40.835818,0
                  8.721723,40.835848,0
                  8.72174,40.835879,0
                  8.721753,40.835911,0
                  8.721764,40.835944,0
                  8.721879,40.836351,0
                </coordinates>
              </LinearRing>
            </outerBoundaryIs>
            <innerBoundaryIs>
              <LinearRing>
                <tessellate>1</tessellate>
                <coordinates>
                  8.721448,40.836379,0
                  8.721449,40.836387,0
                  8.72145,40.836396,0
                  8.721449,40.836404,0
                  8.721448,40.836412,0
                  8.721445,40.83642,0
                  8.721442,40.836427,0
                  8.721438,40.836435,0
                  8.721433,40.836442,0
                  8.721427,40.836449,0
                  8.721421,40.836455,0
                  8.721414,40.836461,0
                  8.721406,40.836466,0
                  8.721398,40.83647,0
                  8.721389,40.836474,0
                  8.72138,40.836477,0
                  8.721371,40.836479,0
                  8.721361,40.836481,0
                  8.72135,40.836482,0
                  8.721339,40.836482,0
                  8.721293,40.836482,0
                  8.721282,40.836482,0
                  8.721271,40.836481,0
                  8.72126,40.836479,0
                  8.721249,40.836477,0
                  8.721238,40.836474,0
                  8.721228,40.83647,0
                  8.721217,40.836466,0
                  8.721207,40.836461,0
                  8.721197,40.836455,0
                  8.721187,40.836449,0
                  8.721178,40.836442,0
                  8.721169,40.836435,0
                  8.721161,40.836427,0
                  8.721153,40.83642,0
                  8.721147,40.836412,0
                  8.721141,40.836404,0
                  8.721136,40.836396,0
                  8.721131,40.836387,0
                  8.721128,40.836379,0
                  8.721125,40.83637,0
                  8.721,40.835923,0
                  8.720997,40.835914,0
                  8.720996,40.835906,0
                  8.720996,40.835898,0
                  8.720996,40.83589,0
                  8.720998,40.835882,0
                  8.721,40.835874,0
                  8.721003,40.835867,0
                  8.721007,40.83586,0
                  8.721012,40.835853,0
                  8.721017,40.835846,0
                  8.721024,40.83584,0
                  8.721031,40.835834,0
                  8.721038,40.835829,0
                  8.721046,40.835825,0
                  8.721055,40.835822,0
                  8.721064,40.835819,0
                  8.721073,40.835816,0
                  8.721083,40.835815,0
                  8.721094,40.835814,0
                  8.721105,40.835813,0
                  8.721151,40.835813,0
                  8.721162,40.835814,0
                  8.721173,40.835815,0
                  8.721184,40.835816,0
                  8.721195,40.835819,0
                  8.721206,40.835822,0
                  8.721217,40.835825,0
                  8.721227,40.83583,0
                  8.721238,40.835835,0
                  8.721248,40.83584,0
                  8.721258,40.835847,0
                  8.721268,40.835854,0
                  8.721277,40.83586,0
                  8.721285,40.835868,0
                  8.721293,40.835875,0
                  8.721299,40.835882,0
                  8.721305,40.83589,0
                  8.72131,40.835898,0
                  8.721314,40.835906,0
                  8.721318,40.835914,0
                  8.721321,40.835923,0
                  8.721446,40.83637,0
                  8.721448,40.836379,0
                </coordinates>
              </LinearRing>
            </innerBoundaryIs>
          </Polygon>
        </MultiGeometry>
      </Placemark>
      <Placemark>
        <name>Tergu</name>
        <styleUrl>#poly-F9F9F9-1200-255-nodesc</styleUrl>
        <MultiGeometry>
          <Polygon>
            <outerBoundaryIs>
              <LinearRing>
                <tessellate>1</tessellate>
                <coordinates>
                  8.694758,40.857816,0
                  8.693336,40.857816,0
                  8.693252,40.857515,0
                  8.693734,40.857515,0
                  8.693388,40.856286,0
                  8.693846,40.856286,0
                  8.694192,40.857515,0
                  8.694674,40.857515,0
                  8.694758,40.857816,0
                </coordinates>
              </LinearRing>
            </outerBoundaryIs>
          </Polygon>
          <Polygon>
            <outerBoundaryIs>
              <LinearRing>
                <tessellate>1</tessellate>
                <coordinates>
                  8.698073,40.856212,0
                  8.69808,40.856249,0
                  8.698082,40.856283,0
                  8.698077,40.856315,0
                  8.698065,40.856345,0
                  8.698048,40.856372,0
                  8.698047,40.856374,0
                  8.698038,40.856382,0
                  8.698022,40.856397,0
                  8.697997,40.856418,0
                  8.697965,40.856447,0
                  8.697945,40.856464,0
                  8.697926,40.856484,0
                  8.697912,40.856504,0
                  8.697904,40.856525,0
                  8.697902,40.856546,0
                  8.697905,40.856567,0
                  8.697908,40.856577,0
                  8.697918,40.856596,0
                  8.697933,40.856616,0
                  8.697953,40.856638,0
                  8.697978,40.85666,0
                  8.697993,40.856672,0
                  8.698035,40.856705,0
                  8.698071,40.856733,0
                  8.6981,40.856756,0
                  8.698122,40.856775,0
                  8.698136,40.856788,0
                  8.698152,40.856805,0
                  8.698181,40.856841,0
                  8.698206,40.856879,0
                  8.698227,40.856919,0
                  8.698244,40.856961,0
                  8.69827,40.857054,0
                  8.698279,40.857088,0
                  8.698285,40.857154,0
                  8.698277,40.857215,0
                  8.698255,40.857272,0
                  8.69822,40.857324,0
                  8.698171,40.857371,0
                  8.698113,40.85741,0
                  8.698048,40.857438,0
                  8.697974,40.857457,0
                  8.697892,40.857467,0
                  8.697724,40.857468,0
                  8.69768,40.857467,0
                  8.697593,40.857457,0
                  8.697509,40.857438,0
                  8.697427,40.85741,0
                  8.697349,40.857372,0
                  8.697274,40.857325,0
                  8.697209,40.857273,0
                  8.697155,40.857216,0
                  8.697113,40.857155,0
                  8.697082,40.857089,0
                  8.697047,40.856968,0
                  8.697039,40.856936,0
                  8.697034,40.856873,0
                  8.697042,40.856815,0
                  8.697064,40.85676,0
                  8.6971,40.856711,0
                  8.697149,40.856666,0
                  8.697207,40.856629,0
                  8.697273,40.856602,0
                  8.697346,40.856584,0
                  8.697428,40.856574,0
                  8.697523,40.856573,0
                  8.697526,40.856573,0
                  8.697531,40.856572,0
                  8.697534,40.85657,0
                  8.697535,40.856566,0
                  8.697535,40.856561,0
                  8.697535,40.856558,0
                  8.697532,40.85655,0
                  8.697529,40.856543,0
                  8.697527,40.856538,0
                  8.697525,40.856534,0
                  8.697524,40.856531,0
                  8.697522,40.856518,0
                  8.697523,40.856491,0
                  8.697532,40.856464,0
                  8.697549,40.856437,0
                  8.697574,40.856408,0
                  8.697606,40.856379,0
                  8.69763,40.85635,0
                  8.697647,40.85632,0
                  8.697655,40.85629,0
                  8.697655,40.85626,0
                  8.697649,40.856233,0
                  8.697642,40.856213,0
                  8.697618,40.85618,0
                  8.697581,40.856155,0
                  8.697533,40.856138,0
                  8.697473,40.856129,0
                  8.697403,40.856128,0
                  8.697371,40.85613,0
                  8.697319,40.856142,0
                  8.697284,40.856166,0
                  8.697267,40.856202,0
                  8.697267,40.856249,0
                  8.697273,40.856278,0
                  8.697279,40.856297,0
                  8.697287,40.856317,0
                  8.697295,40.856338,0
                  8.697304,40.856359,0
                  8.697315,40.856381,0
                  8.696872,40.856288,0
                  8.696863,40.856252,0
                  8.696855,40.856184,0
                  8.69686,40.856124,0
                  8.696878,40.856069,0
                  8.696908,40.856022,0
                  8.696928,40.856,0
                  8.696979,40.855961,0
                  8.697043,40.85593,0
                  8.697119,40.855908,0
                  8.697207,40.855895,0
                  8.697307,40.855891,0
                  8.697418,40.855891,0
                  8.697511,40.855893,0
                  8.697599,40.855902,0
                  8.69768,40.855915,0
                  8.697755,40.855934,0
                  8.697824,40.855959,0
                  8.697863,40.855977,0
                  8.697931,40.856017,0
                  8.697987,40.856064,0
                  8.698031,40.856118,0
                  8.698062,40.856179,0
                  8.698073,40.856212,0
                </coordinates>
              </LinearRing>
            </outerBoundaryIs>
            <innerBoundaryIs>
              <LinearRing>
                <tessellate>1</tessellate>
                <coordinates>
                  8.697845,40.85711,0
                  8.697845,40.857127,0
                  8.697841,40.857142,0
                  8.697834,40.857156,0
                  8.697823,40.857169,0
                  8.697809,40.857181,0
                  8.697794,40.85719,0
                  8.697776,40.857196,0
                  8.697756,40.8572,0
                  8.697735,40.857201,0
                  8.69769,40.857201,0
                  8.697667,40.8572,0
                  8.697645,40.857196,0
                  8.697624,40.85719,0
                  8.697603,40.857181,0
                  8.697583,40.857169,0
                  8.697564,40.857156,0
                  8.697549,40.857142,0
                  8.697537,40.857127,0
                  8.697527,40.85711,0
                  8.69752,40.857093,0
                  8.697478,40.85694,0
                  8.697475,40.856923,0
                  8.697476,40.856907,0
                  8.697479,40.856892,0
                  8.697487,40.856878,0
                  8.697497,40.856864,0
                  8.697511,40.856853,0
                  8.697526,40.856844,0
                  8.697544,40.856837,0
                  8.697564,40.856833,0
                  8.697586,40.856832,0
                  8.697631,40.856832,0
                  8.697654,40.856833,0
                  8.697676,40.856836,0
                  8.697697,40.856841,0
                  8.697718,40.856849,0
                  8.697737,40.856858,0
                  8.697754,40.856869,0
                  8.697769,40.856881,0
                  8.69778,40.856895,0
                  8.697789,40.85691,0
                  8.697795,40.856926,0
                  8.697841,40.857093,0
                  8.697845,40.85711,0
                </coordinates>
              </LinearRing>
            </innerBoundaryIs>
          </Polygon>
          <Polygon>
            <outerBoundaryIs>
              <LinearRing>
                <tessellate>1</tessellate>
                <coordinates>
                  8.699877,40.857423,0
                  8.699439,40.857423,0
                  8.69922,40.856646,0
                  8.699218,40.856637,0
                  8.699214,40.856629,0
                  8.69921,40.856621,0
                  8.699205,40.856613,0
                  8.699199,40.856605,0
                  8.699192,40.856598,0
                  8.699185,40.85659,0
                  8.699177,40.856583,0
                  8.699168,40.856576,0
                  8.699158,40.856569,0
                  8.699148,40.856562,0
                  8.699137,40.856556,0
                  8.699127,40.856551,0
                  8.699116,40.856547,0
                  8.699106,40.856543,0
                  8.699095,40.85654,0
                  8.699084,40.856538,0
                  8.699073,40.856536,0
                  8.699062,40.856535,0
                  8.699051,40.856534,0
                  8.699005,40.856534,0
                  8.698994,40.856535,0
                  8.698983,40.856536,0
                  8.698973,40.856538,0
                  8.698964,40.85654,0
                  8.698955,40.856543,0
                  8.698946,40.856547,0
                  8.698938,40.856551,0
                  8.698931,40.856556,0
                  8.698924,40.856562,0
                  8.698918,40.856568,0
                  8.698912,40.856575,0
                  8.698907,40.856582,0
                  8.698903,40.85659,0
                  8.6989,40.856597,0
                  8.698898,40.856605,0
                  8.698897,40.856613,0
                  8.698896,40.856621,0
                  8.698896,40.856629,0
                  8.698897,40.856637,0
                  8.698899,40.856646,0
                  8.699118,40.857423,0
                  8.698678,40.857423,0
                  8.698464,40.856661,0
                  8.698456,40.856628,0
                  8.698452,40.856596,0
                  8.698451,40.856565,0
                  8.698453,40.856535,0
                  8.698459,40.856506,0
                  8.698469,40.856478,0
                  8.698482,40.856451,0
                  8.698498,40.856425,0
                  8.698518,40.8564,0
                  8.698541,40.856377,0
                  8.698567,40.856355,0
                  8.698594,40.856335,0
                  8.698624,40.856318,0
                  8.698656,40.856303,0
                  8.69869,40.85629,0
                  8.698726,40.856279,0
                  8.698764,40.856271,0
                  8.698803,40.856265,0
                  8.698845,40.856262,0
                  8.698889,40.856261,0
                  8.699012,40.856261,0
                  8.699057,40.856262,0
                  8.699101,40.856265,0
                  8.699144,40.856271,0
                  8.699187,40.856279,0
                  8.699228,40.85629,0
                  8.699269,40.856303,0
                  8.69931,40.856318,0
                  8.699349,40.856335,0
                  8.699388,40.856355,0
                  8.699426,40.856377,0
                  8.699463,40.8564,0
                  8.699496,40.856425,0
                  8.699527,40.856451,0
                  8.699555,40.856478,0
                  8.69958,40.856506,0
                  8.699602,40.856535,0
                  8.699621,40.856565,0
                  8.699638,40.856596,0
                  8.699652,40.856628,0
                  8.699663,40.856661,0
                  8.699877,40.857423,0
                </coordinates>
              </LinearRing>
            </outerBoundaryIs>
          </Polygon>
          <Polygon>
            <outerBoundaryIs>
              <LinearRing>
                <tessellate>1</tessellate>
                <coordinates>
                  8.695687,40.857068,0
                  8.695701,40.85714,0
                  8.695701,40.857206,0
                  8.695687,40.857266,0
                  8.695659,40.857319,0
                  8.695617,40.857366,0
                  8.695593,40.857385,0
                  8.695538,40.857418,0
                  8.695474,40.857442,0
                  8.6954,40.857459,0
                  8.695318,40.857467,0
                  8.695146,40.857468,0
                  8.695102,40.857467,0
                  8.695015,40.857458,0
                  8.694931,40.85744,0
                  8.694849,40.857412,0
                  8.694771,40.857376,0
                  8.694697,40.857331,0
                  8.694633,40.857281,0
                  8.69458,40.857227,0
                  8.694539,40.857168,0
                  8.694509,40.857106,0
                  8.694381,40.856657,0
                  8.694372,40.856622,0
                  8.694365,40.856558,0
                  8.694369,40.856498,0
                  8.694385,40.856445,0
                  8.694412,40.856397,0
                  8.694431,40.856375,0
                  8.694479,40.856334,0
                  8.694539,40.856302,0
                  8.694611,40.856279,0
                  8.694693,40.856265,0
                  8.694787,40.856261,0
                  8.694949,40.856261,0
                  8.69505,40.856263,0
                  8.695145,40.856272,0
                  8.695233,40.856285,0
                  8.695315,40.856304,0
                  8.695391,40.856328,0
                  8.695348,40.856565,0
                  8.695292,40.856547,0
                  8.695232,40.856532,0
                  8.695166,40.856522,0
                  8.695096,40.856516,0
                  8.69502,40.856514,0
                  8.694937,40.856514,0
                  8.694882,40.856519,0
                  8.694842,40.856533,0
                  8.694818,40.856558,0
                  8.694809,40.856593,0
                  8.694815,40.856638,0
                  8.694836,40.85671,0
                  8.694848,40.856708,0
                  8.694867,40.856706,0
                  8.694894,40.856705,0
                  8.694928,40.856704,0
                  8.69497,40.856704,0
                  8.695041,40.856704,0
                  8.695142,40.856708,0
                  8.695235,40.856721,0
                  8.695323,40.856742,0
                  8.695404,40.856772,0
                  8.695478,40.856811,0
                  8.69551,40.856832,0
                  8.695566,40.856876,0
                  8.695613,40.856925,0
                  8.69565,40.856979,0
                  8.695677,40.857037,0
                  8.695687,40.857068,0
                </coordinates>
              </LinearRing>
            </outerBoundaryIs>
            <innerBoundaryIs>
              <LinearRing>
                <tessellate>1</tessellate>
                <coordinates>
                  8.695268,40.857112,0
                  8.695267,40.857128,0
                  8.695264,40.857144,0
                  8.695256,40.857159,0
                  8.695246,40.857173,0
                  8.695232,40.857185,0
                  8.695217,40.857195,0
                  8.695199,40.857202,0
                  8.69518,40.857206,0
                  8.695158,40.857207,0
                  8.695112,40.857207,0
                  8.695062,40.857203,0
                  8.69502,40.85719,0
                  8.694986,40.857168,0
                  8.694961,40.857138,0
                  8.694945,40.857099,0
                  8.694906,40.856958,0
                  8.694916,40.856956,0
                  8.694935,40.856955,0
                  8.694962,40.856953,0
                  8.694997,40.856953,0
                  8.69504,40.856952,0
                  8.695062,40.856952,0
                  8.695089,40.856954,0
                  8.695115,40.856957,0
                  8.69514,40.856963,0
                  8.695163,40.856972,0
                  8.695186,40.856982,0
                  8.695206,40.856995,0
                  8.695224,40.85701,0
                  8.695238,40.857026,0
                  8.695248,40.857044,0
                  8.695256,40.857064,0
                  8.695265,40.857095,0
                  8.695268,40.857112,0
                </coordinates>
              </LinearRing>
            </innerBoundaryIs>
          </Polygon>
          <Polygon>
            <outerBoundaryIs>
              <LinearRing>
                <tessellate>1</tessellate>
                <coordinates>
                  8.697104,40.857396,0
                  8.697073,40.85741,0
                  8.69704,40.857422,0
                  8.697005,40.857433,0
                  8.696968,40.857442,0
                  8.696929,40.85745,0
                  8.696888,40.857457,0
                  8.696845,40.857462,0
                  8.6968,40.857465,0
                  8.696752,40.857467,0
                  8.696703,40.857468,0
                  8.696636,40.857468,0
                  8.696586,40.857467,0
                  8.696538,40.857464,0
                  8.696491,40.857458,0
                  8.696445,40.85745,0
                  8.696402,40.85744,0
                  8.69636,40.857428,0
                  8.696319,40.857413,0
                  8.69628,40.857397,0
                  8.696243,40.857378,0
                  8.696207,40.857357,0
                  8.696174,40.857334,0
                  8.696144,40.857311,0
                  8.696116,40.857285,0
                  8.69609,40.857259,0
                  8.696067,40.857231,0
                  8.696046,40.857201,0
                  8.696027,40.85717,0
                  8.696011,40.857137,0
                  8.695997,40.857103,0
                  8.695986,40.857068,0
                  8.695766,40.856286,0
                  8.696206,40.856286,0
                  8.696432,40.857093,0
                  8.69644,40.857115,0
                  8.69645,40.857135,0
                  8.696462,40.857153,0
                  8.696476,40.857169,0
                  8.696492,40.857182,0
                  8.69651,40.857192,0
                  8.69653,40.857201,0
                  8.696552,40.857207,0
                  8.696577,40.85721,0
                  8.696603,40.857211,0
                  8.696631,40.857211,0
                  8.696668,40.857211,0
                  8.696704,40.857209,0
                  8.696738,40.857207,0
                  8.69677,40.857203,0
                  8.6968,40.857199,0
                  8.696829,40.857193,0
                  8.696857,40.857186,0
                  8.696882,40.857179,0
                  8.696906,40.85717,0
                  8.696928,40.857161,0
                  8.697104,40.857396,0
                </coordinates>
              </LinearRing>
            </outerBoundaryIs>
          </Polygon>
        </MultiGeometry>
      </Placemark>
    </Folder>
  </Document>
</kml>
