<?xml version="1.0" encoding="UTF-8"?>
<kml xmlns="http://www.opengis.net/kml/2.2">
  <Document>
    <name>RIS26 - SS15/17 Sassari-Argentiera</name>
    <description/>
    <Style id="icon-1899-DB4436-normal">
      <IconStyle>
        <color>ff3644db</color>
        <scale>1</scale>
        <Icon>
          <href>https://www.gstatic.com/mapspro/images/stock/503-wht-blank_maps.png</href>
        </Icon>
        <hotSpot x="32" xunits="pixels" y="64" yunits="insetPixels"/>
      </IconStyle>
      <LabelStyle>
        <scale>0</scale>
      </LabelStyle>
    </Style>
    <Style id="icon-1899-DB4436-highlight">
      <IconStyle>
        <color>ff3644db</color>
        <scale>1</scale>
        <Icon>
          <href>https://www.gstatic.com/mapspro/images/stock/503-wht-blank_maps.png</href>
        </Icon>
        <hotSpot x="32" xunits="pixels" y="64" yunits="insetPixels"/>
      </IconStyle>
      <LabelStyle>
        <scale>1</scale>
      </LabelStyle>
    </Style>
    <StyleMap id="icon-1899-DB4436">
      <Pair>
        <key>normal</key>
        <styleUrl>#icon-1899-DB4436-normal</styleUrl>
      </Pair>
      <Pair>
        <key>highlight</key>
        <styleUrl>#icon-1899-DB4436-highlight</styleUrl>
      </Pair>
    </StyleMap>
    <Style id="icon-1899-DB4436-nodesc-normal">
      <IconStyle>
        <color>ff3644db</color>
        <scale>1</scale>
        <Icon>
          <href>https://www.gstatic.com/mapspro/images/stock/503-wht-blank_maps.png</href>
        </Icon>
        <hotSpot x="32" xunits="pixels" y="64" yunits="insetPixels"/>
      </IconStyle>
      <LabelStyle>
        <scale>0</scale>
      </LabelStyle>
      <BalloonStyle>
        <text><![CDATA[<h3>$[name]</h3>]]></text>
      </BalloonStyle>
    </Style>
    <Style id="icon-1899-DB4436-nodesc-highlight">
      <IconStyle>
        <color>ff3644db</color>
        <scale>1</scale>
        <Icon>
          <href>https://www.gstatic.com/mapspro/images/stock/503-wht-blank_maps.png</href>
        </Icon>
        <hotSpot x="32" xunits="pixels" y="64" yunits="insetPixels"/>
      </IconStyle>
      <LabelStyle>
        <scale>1</scale>
      </LabelStyle>
      <BalloonStyle>
        <text><![CDATA[<h3>$[name]</h3>]]></text>
      </BalloonStyle>
    </Style>
    <StyleMap id="icon-1899-DB4436-nodesc">
      <Pair>
        <key>normal</key>
        <styleUrl>#icon-1899-DB4436-nodesc-normal</styleUrl>
      </Pair>
      <Pair>
        <key>highlight</key>
        <styleUrl>#icon-1899-DB4436-nodesc-highlight</styleUrl>
      </Pair>
    </StyleMap>
    <Style id="line-ACA83A-8000-nodesc-normal">
      <LineStyle>
        <color>ff3aa8ac</color>
        <width>8</width>
      </LineStyle>
      <BalloonStyle>
        <text><![CDATA[<h3>$[name]</h3>]]></text>
      </BalloonStyle>
    </Style>
    <Style id="line-ACA83A-8000-nodesc-highlight">
      <LineStyle>
        <color>ff3aa8ac</color>
        <width>12</width>
      </LineStyle>
      <BalloonStyle>
        <text><![CDATA[<h3>$[name]</h3>]]></text>
      </BalloonStyle>
    </Style>
    <StyleMap id="line-ACA83A-8000-nodesc">
      <Pair>
        <key>normal</key>
        <styleUrl>#line-ACA83A-8000-nodesc-normal</styleUrl>
      </Pair>
      <Pair>
        <key>highlight</key>
        <styleUrl>#line-ACA83A-8000-nodesc-highlight</styleUrl>
      </Pair>
    </StyleMap>
    <Style id="line-FF0000-5000-nodesc-normal">
      <LineStyle>
        <color>ff0000ff</color>
        <width>5</width>
      </LineStyle>
      <BalloonStyle>
        <text><![CDATA[<h3>$[name]</h3>]]></text>
      </BalloonStyle>
    </Style>
    <Style id="line-FF0000-5000-nodesc-highlight">
      <LineStyle>
        <color>ff0000ff</color>
        <width>7.5</width>
      </LineStyle>
      <BalloonStyle>
        <text><![CDATA[<h3>$[name]</h3>]]></text>
      </BalloonStyle>
    </Style>
    <StyleMap id="line-FF0000-5000-nodesc">
      <Pair>
        <key>normal</key>
        <styleUrl>#line-FF0000-5000-nodesc-normal</styleUrl>
      </Pair>
      <Pair>
        <key>highlight</key>
        <styleUrl>#line-FF0000-5000-nodesc-highlight</styleUrl>
      </Pair>
    </StyleMap>
    <Style id="poly-000000-1000-128-nodesc-normal">
      <LineStyle>
        <color>ff000000</color>
        <width>1</width>
      </LineStyle>
      <PolyStyle>
        <color>80000000</color>
        <fill>1</fill>
        <outline>1</outline>
      </PolyStyle>
      <BalloonStyle>
        <text><![CDATA[<h3>$[name]</h3>]]></text>
      </BalloonStyle>
    </Style>
    <Style id="poly-000000-1000-128-nodesc-highlight">
      <LineStyle>
        <color>ff000000</color>
        <width>1.5</width>
      </LineStyle>
      <PolyStyle>
        <color>80000000</color>
        <fill>1</fill>
        <outline>1</outline>
      </PolyStyle>
      <BalloonStyle>
        <text><![CDATA[<h3>$[name]</h3>]]></text>
      </BalloonStyle>
    </Style>
    <StyleMap id="poly-000000-1000-128-nodesc">
      <Pair>
        <key>normal</key>
        <styleUrl>#poly-000000-1000-128-nodesc-normal</styleUrl>
      </Pair>
      <Pair>
        <key>highlight</key>
        <styleUrl>#poly-000000-1000-128-nodesc-highlight</styleUrl>
      </Pair>
    </StyleMap>
    <Style id="poly-000066-1000-191-nodesc-normal">
      <LineStyle>
        <color>ff660000</color>
        <width>1</width>
      </LineStyle>
      <PolyStyle>
        <color>bf660000</color>
        <fill>1</fill>
        <outline>1</outline>
      </PolyStyle>
      <BalloonStyle>
        <text><![CDATA[<h3>$[name]</h3>]]></text>
      </BalloonStyle>
    </Style>
    <Style id="poly-000066-1000-191-nodesc-highlight">
      <LineStyle>
        <color>ff660000</color>
        <width>1.5</width>
      </LineStyle>
      <PolyStyle>
        <color>bf660000</color>
        <fill>1</fill>
        <outline>1</outline>
      </PolyStyle>
      <BalloonStyle>
        <text><![CDATA[<h3>$[name]</h3>]]></text>
      </BalloonStyle>
    </Style>
    <StyleMap id="poly-000066-1000-191-nodesc">
      <Pair>
        <key>normal</key>
        <styleUrl>#poly-000066-1000-191-nodesc-normal</styleUrl>
      </Pair>
      <Pair>
        <key>highlight</key>
        <styleUrl>#poly-000066-1000-191-nodesc-highlight</styleUrl>
      </Pair>
    </StyleMap>
    <Style id="poly-0000FF-1200-128-nodesc-normal">
      <LineStyle>
        <color>ffff0000</color>
        <width>1.2</width>
      </LineStyle>
      <PolyStyle>
        <color>80ff0000</color>
        <fill>1</fill>
        <outline>1</outline>
      </PolyStyle>
      <BalloonStyle>
        <text><![CDATA[<h3>$[name]</h3>]]></text>
      </BalloonStyle>
    </Style>
    <Style id="poly-0000FF-1200-128-nodesc-highlight">
      <LineStyle>
        <color>ffff0000</color>
        <width>1.8</width>
      </LineStyle>
      <PolyStyle>
        <color>80ff0000</color>
        <fill>1</fill>
        <outline>1</outline>
      </PolyStyle>
      <BalloonStyle>
        <text><![CDATA[<h3>$[name]</h3>]]></text>
      </BalloonStyle>
    </Style>
    <StyleMap id="poly-0000FF-1200-128-nodesc">
      <Pair>
        <key>normal</key>
        <styleUrl>#poly-0000FF-1200-128-nodesc-normal</styleUrl>
      </Pair>
      <Pair>
        <key>highlight</key>
        <styleUrl>#poly-0000FF-1200-128-nodesc-highlight</styleUrl>
      </Pair>
    </StyleMap>
    <Style id="poly-D1D1D1-1200-255-nodesc-normal">
      <LineStyle>
        <color>ffd1d1d1</color>
        <width>1.2</width>
      </LineStyle>
      <PolyStyle>
        <color>ffd1d1d1</color>
        <fill>1</fill>
        <outline>1</outline>
      </PolyStyle>
      <BalloonStyle>
        <text><![CDATA[<h3>$[name]</h3>]]></text>
      </BalloonStyle>
    </Style>
    <Style id="poly-D1D1D1-1200-255-nodesc-highlight">
      <LineStyle>
        <color>ffd1d1d1</color>
        <width>1.8</width>
      </LineStyle>
      <PolyStyle>
        <color>ffd1d1d1</color>
        <fill>1</fill>
        <outline>1</outline>
      </PolyStyle>
      <BalloonStyle>
        <text><![CDATA[<h3>$[name]</h3>]]></text>
      </BalloonStyle>
    </Style>
    <StyleMap id="poly-D1D1D1-1200-255-nodesc">
      <Pair>
        <key>normal</key>
        <styleUrl>#poly-D1D1D1-1200-255-nodesc-normal</styleUrl>
      </Pair>
      <Pair>
        <key>highlight</key>
        <styleUrl>#poly-D1D1D1-1200-255-nodesc-highlight</styleUrl>
      </Pair>
    </StyleMap>
    <Style id="poly-F9F9F9-1200-255-nodesc-normal">
      <LineStyle>
        <color>fff9f9f9</color>
        <width>1.2</width>
      </LineStyle>
      <PolyStyle>
        <color>fff9f9f9</color>
        <fill>1</fill>
        <outline>1</outline>
      </PolyStyle>
      <BalloonStyle>
        <text><![CDATA[<h3>$[name]</h3>]]></text>
      </BalloonStyle>
    </Style>
    <Style id="poly-F9F9F9-1200-255-nodesc-highlight">
      <LineStyle>
        <color>fff9f9f9</color>
        <width>1.8</width>
      </LineStyle>
      <PolyStyle>
        <color>fff9f9f9</color>
        <fill>1</fill>
        <outline>1</outline>
      </PolyStyle>
      <BalloonStyle>
        <text><![CDATA[<h3>$[name]</h3>]]></text>
      </BalloonStyle>
    </Style>
    <StyleMap id="poly-F9F9F9-1200-255-nodesc">
      <Pair>
        <key>normal</key>
        <styleUrl>#poly-F9F9F9-1200-255-nodesc-normal</styleUrl>
      </Pair>
      <Pair>
        <key>highlight</key>
        <styleUrl>#poly-F9F9F9-1200-255-nodesc-highlight</styleUrl>
      </Pair>
    </StyleMap>
    <Style id="poly-FFDE23-1200-128-nodesc-normal">
      <LineStyle>
        <color>ff23deff</color>
        <width>1.2</width>
      </LineStyle>
      <PolyStyle>
        <color>8023deff</color>
        <fill>1</fill>
        <outline>1</outline>
      </PolyStyle>
      <BalloonStyle>
        <text><![CDATA[<h3>$[name]</h3>]]></text>
      </BalloonStyle>
    </Style>
    <Style id="poly-FFDE23-1200-128-nodesc-highlight">
      <LineStyle>
        <color>ff23deff</color>
        <width>1.8</width>
      </LineStyle>
      <PolyStyle>
        <color>8023deff</color>
        <fill>1</fill>
        <outline>1</outline>
      </PolyStyle>
      <BalloonStyle>
        <text><![CDATA[<h3>$[name]</h3>]]></text>
      </BalloonStyle>
    </Style>
    <StyleMap id="poly-FFDE23-1200-128-nodesc">
      <Pair>
        <key>normal</key>
        <styleUrl>#poly-FFDE23-1200-128-nodesc-normal</styleUrl>
      </Pair>
      <Pair>
        <key>highlight</key>
        <styleUrl>#poly-FFDE23-1200-128-nodesc-highlight</styleUrl>
      </Pair>
    </StyleMap>
    <Folder>
      <name>Access</name>
      <Placemark>
        <name>22</name>
        <styleUrl>#icon-1899-DB4436-nodesc</styleUrl>
        <Point>
          <coordinates>
            8.184686,40.749295,0
          </coordinates>
        </Point>
      </Placemark>
      <Placemark>
        <name>22 - 23</name>
        <styleUrl>#icon-1899-DB4436-nodesc</styleUrl>
        <Point>
          <coordinates>
            8.1886,40.748672,0
          </coordinates>
        </Point>
      </Placemark>
      <Placemark>
        <name>23</name>
        <styleUrl>#icon-1899-DB4436-nodesc</styleUrl>
        <Point>
          <coordinates>
            8.18467,40.74928,0
          </coordinates>
        </Point>
      </Placemark>
      <Placemark>
        <name>22 Walking Access</name>
        <styleUrl>#line-ACA83A-8000-nodesc</styleUrl>
        <LineString>
          <tessellate>1</tessellate>
          <coordinates>
            8.188399,40.748632,0
            8.1883,40.748628,0
            8.18765,40.748564,0
            8.18744,40.748553,0
            8.187148,40.748523,0
            8.186904,40.748535,0
            8.186782,40.748537,0
            8.186623,40.748544,0
            8.186475,40.748559,0
            8.186319,40.748581,0
            8.186212,40.748605,0
            8.186119,40.748633,0
            8.185936,40.748691,0
            8.185869,40.748712,0
            8.18572,40.748759,0
            8.185183,40.748958,0
            8.185034,40.74902,0
            8.184881,40.749099,0
            8.184877,40.749102,0
            8.184728,40.749185,0
            8.184754,40.749238,0
            8.184783,40.749319,0
            8.184804,40.749397,0
            8.184818,40.749502,0
            8.184825,40.749574,0
            8.184827,40.749601,0
            8.184817,40.749699,0
            8.184805,40.749753,0
            8.184798,40.74978,0
            8.184752,40.749865,0
            8.184725,40.749922,0
            8.184711,40.749952,0
            8.184683,40.750028,0
            8.184681,40.75006,0
            8.184684,40.750096,0
            8.184708,40.750165,0
            8.184752,40.750253,0
            8.184824,40.750378,0
            8.184862,40.750429,0
            8.184944,40.750535,0
            8.184984,40.750583,0
            8.18507,40.750684,0
            8.185112,40.750735,0
            8.185142,40.75077,0
            8.185173,40.750813,0
            8.185194,40.750848,0
            8.185205,40.750883,0
            8.185206,40.750897,0
            8.185209,40.750925,0
            8.18521,40.750964,0
            8.185199,40.751013,0
            8.18517,40.751122,0
            8.185168,40.751128,0
            8.185127,40.751231,0
            8.185085,40.751289,0
            8.185069,40.751312,0
            8.184992,40.751385,0
            8.184942,40.751432,0
            8.184901,40.75147,0
            8.184838,40.75154,0
            8.184797,40.751574,0
            8.184737,40.751624,0
            8.184703,40.751655,0
            8.184647,40.751705,0
            8.184576,40.751752,0
            8.184526,40.751772,0
            8.184488,40.751788,0
            8.184382,40.751814,0
            8.184299,40.751822,0
            8.184263,40.751825,0
            8.184139,40.751849,0
            8.18407,40.751867,0
            8.184052,40.751872,0
            8.183973,40.751907,0
            8.183874,40.751967,0
            8.18387,40.751969,0
            8.183801,40.752014,0
            8.183716,40.752076,0
            8.1837,40.752089,0
            8.18366,40.752123,0
            8.183595,40.75221,0
            8.183576,40.752241,0
            8.183503,40.752357,0
            8.183467,40.7524,0
            8.18343,40.752444,0
            8.183344,40.752554,0
            8.183305,40.752604,0
            8.183237,40.752714,0
            8.183203,40.752769,0
            8.183153,40.752883,0
            8.183122,40.752953,0
            8.183083,40.753054,0
            8.183057,40.75312,0
            8.183009,40.753239,0
            8.182981,40.753366,0
          </coordinates>
        </LineString>
      </Placemark>
      <Placemark>
        <name>23 Access</name>
        <styleUrl>#line-ACA83A-8000-nodesc</styleUrl>
        <LineString>
          <tessellate>1</tessellate>
          <coordinates>
            8.188399,40.748632,0
            8.1883,40.748628,0
            8.18765,40.748564,0
            8.18744,40.748553,0
            8.187148,40.748523,0
            8.186904,40.748535,0
            8.186782,40.748537,0
            8.186623,40.748544,0
            8.186475,40.748559,0
            8.186319,40.748581,0
            8.186212,40.748605,0
            8.186119,40.748633,0
            8.185936,40.748691,0
            8.185869,40.748712,0
            8.18572,40.748759,0
            8.185183,40.748958,0
            8.185034,40.74902,0
            8.184881,40.749099,0
            8.184877,40.749102,0
            8.184728,40.749185,0
            8.184487,40.749305,0
            8.184298,40.749376,0
            8.184221,40.749402,0
            8.184141,40.749411,0
            8.184107,40.749411,0
            8.184059,40.749405,0
            8.184053,40.749405,0
            8.184021,40.749394,0
            8.183939,40.749362,0
            8.183894,40.749327,0
            8.183835,40.749269,0
            8.183796,40.74922,0
            8.183764,40.749161,0
            8.183725,40.749022,0
            8.183698,40.748933,0
            8.183663,40.748872,0
            8.18359,40.748812,0
            8.183493,40.748765,0
            8.183432,40.748751,0
            8.183331,40.748734,0
            8.183175,40.74872,0
            8.183148,40.748715,0
            8.18306,40.748699,0
            8.182944,40.748668,0
            8.182876,40.748646,0
            8.182797,40.74861,0
            8.182605,40.748509,0
            8.182216,40.748262,0
            8.182061,40.748178,0
            8.181966,40.748142,0
            8.181872,40.748117,0
            8.181752,40.748102,0
            8.181729,40.748101,0
            8.181592,40.748092,0
            8.180543,40.748066,0
            8.180355,40.748072,0
            8.180254,40.748081,0
            8.180166,40.748092,0
            8.180083,40.74812,0
            8.179978,40.748156,0
            8.179848,40.748211,0
            8.179573,40.748326,0
            8.179199,40.748491,0
            8.179005,40.748539,0
            8.178898,40.748557,0
            8.178799,40.748562,0
            8.178772,40.748561,0
            8.178699,40.748558,0
            8.178571,40.748552,0
            8.178536,40.748546,0
            8.178505,40.74854,0
            8.178438,40.748517,0
            8.178324,40.748473,0
            8.178321,40.748472,0
            8.17816,40.74839,0
            8.178125,40.74837,0
            8.178057,40.74833,0
            8.177789,40.748195,0
            8.17773,40.748171,0
            8.17755,40.7481,0
            8.177518,40.748089,0
            8.177303,40.748014,0
            8.177088,40.747938,0
            8.177061,40.747929,0
            8.176778,40.747831,0
            8.176656,40.747806,0
            8.176648,40.747804,0
            8.176588,40.747796,0
            8.176451,40.747796,0
            8.176155,40.747811,0
            8.175938,40.747819,0
            8.175794,40.747824,0
            8.175701,40.747828,0
            8.175488,40.747838,0
            8.175464,40.747839,0
            8.175416,40.747842,0
            8.175331,40.747855,0
            8.175232,40.747877,0
            8.17505,40.747918,0
            8.174869,40.747977,0
            8.174609,40.748063,0
            8.174385,40.748144,0
            8.174357,40.748154,0
            8.174142,40.748229,0
            8.174131,40.748233,0
            8.173997,40.748272,0
            8.173915,40.748274,0
            8.173904,40.748274,0
            8.173818,40.748262,0
            8.173704,40.748231,0
            8.173688,40.748225,0
            8.173607,40.748198,0
            8.173481,40.748138,0
            8.173345,40.748073,0
            8.173286,40.748048,0
            8.173277,40.748046,0
            8.173234,40.748034,0
            8.173188,40.748026,0
            8.173047,40.748003,0
            8.173036,40.748001,0
            8.172722,40.748001,0
            8.172572,40.748005,0
            8.171861,40.748021,0
            8.171717,40.748025,0
            8.171624,40.74803,0
            8.171387,40.748045,0
            8.170537,40.748097,0
            8.17044,40.748104,0
            8.16936,40.74818,0
            8.168535,40.748236,0
            8.168455,40.748244,0
            8.168452,40.748244,0
            8.168372,40.748258,0
            8.168309,40.748274,0
            8.168261,40.74829,0
            8.168231,40.748301,0
            8.168194,40.748315,0
            8.168026,40.748392,0
            8.167419,40.748674,0
            8.16738,40.748692,0
            8.16681,40.748954,0
            8.166715,40.748997,0
            8.1666,40.749037,0
            8.166567,40.749048,0
            8.16644,40.74908,0
            8.166347,40.749097,0
            8.166266,40.749107,0
            8.166157,40.749112,0
            8.166055,40.749109,0
            8.165962,40.749095,0
            8.165874,40.749077,0
            8.165799,40.749056,0
            8.165716,40.749031,0
            8.165639,40.749001,0
            8.165568,40.748967,0
            8.165512,40.748931,0
            8.165492,40.748915,0
            8.16546,40.74889,0
            8.165415,40.748847,0
            8.16538,40.748803,0
            8.165357,40.748768,0
            8.165347,40.748755,0
            8.165323,40.74871,0
            8.165303,40.748659,0
            8.165295,40.748612,0
            8.165296,40.748597,0
            8.165299,40.748571,0
            8.165307,40.748531,0
            8.165326,40.748493,0
            8.16535,40.748453,0
            8.16537,40.748428,0
            8.165377,40.74842,0
            8.165411,40.748383,0
            8.165449,40.748352,0
            8.165496,40.748318,0
            8.165532,40.748299,0
            8.165555,40.748287,0
            8.165657,40.748248,0
            8.165798,40.748199,0
            8.165924,40.748159,0
            8.165963,40.74815,0
            8.166034,40.748135,0
            8.166194,40.748109,0
            8.166212,40.748106,0
            8.166373,40.748078,0
            8.166425,40.748068,0
            8.166504,40.748052,0
            8.166617,40.74802,0
            8.166647,40.748006,0
            8.166679,40.747992,0
            8.166735,40.747958,0
            8.166786,40.747916,0
            8.166821,40.747885,0
            8.166919,40.747796,0
            8.166977,40.74775,0
            8.166991,40.747738,0
            8.167049,40.747696,0
            8.167104,40.747665,0
            8.167162,40.747638,0
            8.167167,40.747636,0
            8.167233,40.747615,0
            8.167313,40.747595,0
            8.167387,40.747585,0
            8.167474,40.747573,0
            8.167619,40.747552,0
            8.167621,40.747551,0
            8.16768,40.747539,0
            8.167738,40.747519,0
            8.167776,40.747496,0
            8.167808,40.747467,0
            8.167827,40.747437,0
            8.16784,40.747408,0
            8.167844,40.74738,0
            8.167843,40.74735,0
            8.167835,40.747324,0
            8.167813,40.747292,0
            8.167809,40.747288,0
            8.167786,40.747265,0
            8.167742,40.747239,0
            8.167695,40.74722,0
            8.16763,40.747208,0
            8.167606,40.747208,0
            8.167561,40.747207,0
            8.167478,40.747216,0
            8.16734,40.747244,0
            8.16718,40.747273,0
            8.167143,40.74728,0
            8.166681,40.747365,0
            8.16645,40.747407,0
            8.16629,40.747437,0
            8.166144,40.747458,0
            8.166019,40.747472,0
            8.165985,40.747476,0
            8.16579,40.747494,0
            8.165749,40.747497,0
            8.165277,40.747533,0
            8.165022,40.747553,0
            8.164824,40.747564,0
            8.164611,40.747574,0
            8.164483,40.747576,0
            8.163654,40.747576,0
            8.16349,40.747574,0
            8.163284,40.747569,0
            8.163173,40.747558,0
            8.163144,40.747554,0
            8.163082,40.747546,0
            8.162969,40.747522,0
            8.162866,40.747495,0
            8.161714,40.747162,0
            8.161509,40.747109,0
            8.161352,40.747083,0
            8.16122,40.747075,0
            8.16111,40.747075,0
            8.16099,40.747082,0
            8.16086,40.747104,0
            8.16074,40.747132,0
            8.160637,40.747162,0
            8.160539,40.7472,0
            8.160433,40.74725,0
            8.16035,40.747296,0
            8.159757,40.747623,0
            8.159588,40.747725,0
            8.159249,40.747908,0
            8.159134,40.74797,0
            8.159069,40.747998,0
            8.159049,40.748004,0
            8.159005,40.748017,0
            8.15889,40.748038,0
            8.158755,40.748045,0
            8.158581,40.748039,0
            8.158226,40.748026,0
            8.157796,40.74801,0
            8.157407,40.747997,0
            8.157246,40.747988,0
            8.157134,40.747965,0
            8.157071,40.747944,0
            8.157031,40.747922,0
            8.156998,40.747904,0
            8.15697,40.747878,0
            8.156937,40.74782,0
            8.156927,40.74775,0
            8.156932,40.7477,0
            8.156933,40.747692,0
            8.156986,40.747503,0
            8.157091,40.747109,0
            8.157118,40.746995,0
            8.157118,40.746994,0
            8.157163,40.746898,0
            8.15733,40.746604,0
            8.157488,40.746332,0
            8.157504,40.7463,0
            8.157559,40.746183,0
            8.157581,40.746132,0
            8.157603,40.746082,0
            8.157642,40.745975,0
            8.15768,40.74585,0
            8.157704,40.745733,0
            8.157746,40.74561,0
            8.157854,40.745358,0
            8.157977,40.745096,0
            8.158116,40.7448,0
            8.158137,40.744759,0
            8.158209,40.74462,0
            8.158229,40.744592,0
            8.158266,40.744542,0
            8.158356,40.744438,0
            8.158667,40.744084,0
            8.158875,40.743839,0
            8.15892,40.743786,0
            8.159047,40.743621,0
            8.15912,40.743522,0
            8.159198,40.743424,0
            8.159299,40.743257,0
            8.159413,40.74304,0
            8.159502,40.742873,0
            8.15975,40.742404,0
            8.159864,40.74215,0
            8.159876,40.742108,0
            8.159878,40.74204,0
            8.159877,40.742027,0
            8.159876,40.742025,0
            8.159868,40.74196,0
            8.159849,40.741901,0
            8.159845,40.741892,0
          </coordinates>
        </LineString>
      </Placemark>
    </Folder>
    <Folder>
      <name>Areas</name>
      <Placemark>
        <name>22 - Spectator</name>
        <styleUrl>#poly-FFDE23-1200-128-nodesc</styleUrl>
        <Polygon>
          <outerBoundaryIs>
            <LinearRing>
              <tessellate>1</tessellate>
              <coordinates>
                8.181218,40.75446,0
                8.1812,40.754358,0
                8.181198,40.754341,0
                8.181196,40.754324,0
                8.181196,40.754307,0
                8.181197,40.75429,0
                8.181198,40.754274,0
                8.181201,40.754257,0
                8.181205,40.75424,0
                8.18121,40.754224,0
                8.181215,40.754207,0
                8.181298,40.753995,0
                8.181305,40.753978,0
                8.181313,40.753961,0
                8.181323,40.753945,0
                8.181333,40.753929,0
                8.181345,40.753913,0
                8.181357,40.753898,0
                8.181371,40.753883,0
                8.181385,40.753869,0
                8.181518,40.753746,0
                8.181533,40.753733,0
                8.181548,40.75372,0
                8.181565,40.753708,0
                8.181582,40.753697,0
                8.181599,40.753686,0
                8.181618,40.753676,0
                8.181637,40.753667,0
                8.181656,40.753658,0
                8.181676,40.75365,0
                8.181697,40.753643,0
                8.181718,40.753637,0
                8.181739,40.753631,0
                8.181761,40.753626,0
                8.181783,40.753622,0
                8.181805,40.753619,0
                8.181827,40.753616,0
                8.18185,40.753614,0
                8.182096,40.7536,0
                8.182118,40.7536,0
                8.182141,40.753599,0
                8.182164,40.7536,0
                8.182187,40.753602,0
                8.182209,40.753604,0
                8.182232,40.753608,0
                8.182254,40.753612,0
                8.182276,40.753617,0
                8.182297,40.753622,0
                8.182319,40.753629,0
                8.182339,40.753636,0
                8.182359,40.753644,0
                8.182379,40.753653,0
                8.182398,40.753662,0
                8.18253,40.75373,0
                8.182549,40.753741,0
                8.182567,40.753752,0
                8.182585,40.753764,0
                8.182602,40.753776,0
                8.182617,40.753789,0
                8.182633,40.753803,0
                8.182647,40.753817,0
                8.18266,40.753832,0
                8.182672,40.753847,0
                8.182684,40.753863,0
                8.182694,40.753879,0
                8.182703,40.753895,0
                8.182711,40.753912,0
                8.182718,40.753929,0
                8.182724,40.753946,0
                8.182729,40.753963,0
                8.182732,40.753981,0
                8.182735,40.753999,0
                8.182736,40.754017,0
                8.182741,40.754125,0
                8.182875,40.754194,0
                8.182894,40.754205,0
                8.182912,40.754216,0
                8.18293,40.754228,0
                8.182946,40.75424,0
                8.182962,40.754253,0
                8.182977,40.754266,0
                8.182991,40.75428,0
                8.183005,40.754295,0
                8.183017,40.75431,0
                8.183028,40.754325,0
                8.183038,40.754341,0
                8.183048,40.754357,0
                8.183056,40.754374,0
                8.183063,40.754391,0
                8.183069,40.754408,0
                8.183074,40.754425,0
                8.183077,40.754443,0
                8.18308,40.75446,0
                8.183082,40.754478,0
                8.183082,40.754496,0
                8.183081,40.754513,0
                8.183079,40.754531,0
                8.183076,40.754548,0
                8.183072,40.754566,0
                8.183067,40.754583,0
                8.18306,40.7546,0
                8.183053,40.754617,0
                8.183044,40.754633,0
                8.183035,40.754649,0
                8.183024,40.754665,0
                8.183012,40.75468,0
                8.183,40.754695,0
                8.182986,40.75471,0
                8.182972,40.754723,0
                8.182956,40.754737,0
                8.18294,40.754749,0
                8.182923,40.754761,0
                8.182905,40.754773,0
                8.182887,40.754784,0
                8.182868,40.754794,0
                8.182848,40.754803,0
                8.182828,40.754812,0
                8.182807,40.754819,0
                8.182785,40.754826,0
                8.182764,40.754833,0
                8.182741,40.754838,0
                8.182719,40.754843,0
                8.182696,40.754846,0
                8.182673,40.754849,0
                8.18265,40.754851,0
                8.182627,40.754852,0
                8.182604,40.754853,0
                8.18258,40.754852,0
                8.182557,40.75485,0
                8.182534,40.754848,0
                8.182511,40.754845,0
                8.182489,40.754841,0
                8.182466,40.754836,0
                8.182444,40.75483,0
                8.182423,40.754824,0
                8.182401,40.754816,0
                8.182381,40.754808,0
                8.182361,40.7548,0
                8.182341,40.75479,0
                8.182141,40.754686,0
                8.182114,40.754782,0
                8.182108,40.754799,0
                8.182101,40.754817,0
                8.182093,40.754834,0
                8.182084,40.754851,0
                8.182074,40.754867,0
                8.182063,40.754883,0
                8.182051,40.754898,0
                8.182038,40.754913,0
                8.182023,40.754928,0
                8.182008,40.754942,0
                8.181894,40.755042,0
                8.181878,40.755055,0
                8.181861,40.755068,0
                8.181844,40.75508,0
                8.181825,40.755091,0
                8.181806,40.755102,0
                8.181786,40.755112,0
                8.181766,40.755121,0
                8.181745,40.755129,0
                8.181723,40.755137,0
                8.181701,40.755144,0
                8.181679,40.75515,0
                8.181656,40.755155,0
                8.181633,40.755159,0
                8.181609,40.755162,0
                8.181586,40.755164,0
                8.181562,40.755166,0
                8.18131,40.755176,0
                8.181287,40.755177,0
                8.181263,40.755177,0
                8.18124,40.755175,0
                8.181217,40.755173,0
                8.181194,40.75517,0
                8.181171,40.755167,0
                8.181149,40.755162,0
                8.181127,40.755157,0
                8.181105,40.75515,0
                8.181084,40.755143,0
                8.181063,40.755135,0
                8.181042,40.755127,0
                8.181023,40.755117,0
                8.181004,40.755107,0
                8.180985,40.755097,0
                8.180968,40.755085,0
                8.180951,40.755073,0
                8.180934,40.75506,0
                8.180919,40.755047,0
                8.180905,40.755033,0
                8.180891,40.755019,0
                8.180879,40.755004,0
                8.180867,40.754988,0
                8.180856,40.754973,0
                8.180847,40.754957,0
                8.180838,40.75494,0
                8.180831,40.754923,0
                8.180825,40.754906,0
                8.180819,40.754889,0
                8.180815,40.754872,0
                8.180812,40.754854,0
                8.18081,40.754837,0
                8.18081,40.754819,0
                8.18081,40.754801,0
                8.180812,40.754784,0
                8.180814,40.754766,0
                8.180818,40.754749,0
                8.180823,40.754731,0
                8.180829,40.754714,0
                8.180836,40.754697,0
                8.180845,40.754681,0
                8.180854,40.754665,0
                8.180864,40.754649,0
                8.180876,40.754633,0
                8.180888,40.754618,0
                8.180901,40.754604,0
                8.180915,40.75459,0
                8.18093,40.754576,0
                8.180946,40.754563,0
                8.180963,40.754551,0
                8.180981,40.75454,0
                8.180999,40.754529,0
                8.181018,40.754518,0
                8.181037,40.754509,0
                8.181058,40.7545,0
                8.181078,40.754492,0
                8.181099,40.754485,0
                8.181121,40.754478,0
                8.181143,40.754472,0
                8.181165,40.754468,0
                8.181188,40.754464,0
                8.181211,40.754461,0
                8.181218,40.75446,0
              </coordinates>
            </LinearRing>
          </outerBoundaryIs>
        </Polygon>
      </Placemark>
      <Placemark>
        <name>23 - Spectator</name>
        <styleUrl>#poly-FFDE23-1200-128-nodesc</styleUrl>
        <Polygon>
          <outerBoundaryIs>
            <LinearRing>
              <tessellate>1</tessellate>
              <coordinates>
                8.160166,40.757372,0
                8.160171,40.757356,0
                8.160198,40.757273,0
                8.160178,40.757172,0
                8.160175,40.757153,0
                8.160173,40.757134,0
                8.160173,40.757115,0
                8.160174,40.757096,0
                8.160176,40.757077,0
                8.160205,40.756883,0
                8.160208,40.756866,0
                8.160212,40.756848,0
                8.160218,40.756831,0
                8.160225,40.756813,0
                8.160232,40.756796,0
                8.160241,40.75678,0
                8.160251,40.756764,0
                8.160262,40.756748,0
                8.160274,40.756732,0
                8.160287,40.756717,0
                8.160301,40.756703,0
                8.160316,40.756689,0
                8.160332,40.756676,0
                8.160349,40.756663,0
                8.160543,40.756523,0
                8.160559,40.756511,0
                8.160577,40.7565,0
                8.160595,40.75649,0
                8.160614,40.75648,0
                8.160633,40.756471,0
                8.160653,40.756463,0
                8.160802,40.756405,0
                8.160822,40.756398,0
                8.160842,40.756391,0
                8.160864,40.756385,0
                8.160885,40.75638,0
                8.160907,40.756375,0
                8.160929,40.756372,0
                8.160951,40.756369,0
                8.161373,40.756323,0
                8.161396,40.756321,0
                8.161419,40.75632,0
                8.161442,40.75632,0
                8.161466,40.75632,0
                8.161489,40.756322,0
                8.161512,40.756324,0
                8.161535,40.756327,0
                8.161557,40.756331,0
                8.16158,40.756336,0
                8.161602,40.756342,0
                8.161624,40.756348,0
                8.161645,40.756355,0
                8.161665,40.756363,0
                8.161686,40.756372,0
                8.161705,40.756382,0
                8.161724,40.756392,0
                8.161742,40.756403,0
                8.16176,40.756415,0
                8.161777,40.756427,0
                8.161793,40.75644,0
                8.161808,40.756453,0
                8.161822,40.756467,0
                8.161835,40.756482,0
                8.161847,40.756497,0
                8.161859,40.756512,0
                8.161869,40.756528,0
                8.161878,40.756544,0
                8.161887,40.756561,0
                8.161894,40.756578,0
                8.1619,40.756595,0
                8.161905,40.756612,0
                8.161909,40.756629,0
                8.161911,40.756647,0
                8.161913,40.756665,0
                8.161913,40.756682,0
                8.161913,40.7567,0
                8.161911,40.756718,0
                8.161908,40.756735,0
                8.161904,40.756753,0
                8.161898,40.75677,0
                8.161892,40.756787,0
                8.161885,40.756804,0
                8.161876,40.75682,0
                8.161867,40.756836,0
                8.161856,40.756852,0
                8.161845,40.756867,0
                8.161832,40.756882,0
                8.161818,40.756896,0
                8.161804,40.75691,0
                8.161789,40.756924,0
                8.161773,40.756936,0
                8.161756,40.756949,0
                8.161738,40.75696,0
                8.16172,40.756971,0
                8.1617,40.756981,0
                8.161681,40.75699,0
                8.16166,40.756999,0
                8.16164,40.757007,0
                8.161618,40.757014,0
                8.161596,40.75702,0
                8.161574,40.757026,0
                8.161552,40.75703,0
                8.161529,40.757034,0
                8.161506,40.757037,0
                8.161163,40.757074,0
                8.161147,40.75708,0
                8.161127,40.757095,0
                8.161125,40.757111,0
                8.16115,40.757236,0
                8.161153,40.757254,0
                8.161155,40.757272,0
                8.161155,40.75729,0
                8.161155,40.757308,0
                8.161153,40.757325,0
                8.16115,40.757343,0
                8.161146,40.757361,0
                8.161141,40.757379,0
                8.161118,40.757447,0
                8.161146,40.757534,0
                8.161151,40.757554,0
                8.161184,40.75769,0
                8.161187,40.757707,0
                8.16119,40.757724,0
                8.161191,40.757741,0
                8.161191,40.757758,0
                8.161191,40.757775,0
                8.161189,40.757792,0
                8.161186,40.757809,0
                8.161182,40.757826,0
                8.161178,40.757841,0
                8.161352,40.757859,0
                8.161373,40.757862,0
                8.161395,40.757865,0
                8.161416,40.75787,0
                8.161437,40.757874,0
                8.161458,40.75788,0
                8.161704,40.757953,0
                8.161726,40.75796,0
                8.161747,40.757967,0
                8.161767,40.757976,0
                8.161787,40.757985,0
                8.161806,40.757995,0
                8.161825,40.758005,0
                8.161843,40.758016,0
                8.16186,40.758028,0
                8.161876,40.758041,0
                8.161892,40.758054,0
                8.161906,40.758067,0
                8.16192,40.758082,0
                8.161933,40.758096,0
                8.161945,40.758111,0
                8.161956,40.758127,0
                8.161966,40.758143,0
                8.161975,40.758159,0
                8.162034,40.758276,0
                8.162042,40.758293,0
                8.162049,40.75831,0
                8.162054,40.758327,0
                8.162059,40.758344,0
                8.162062,40.758362,0
                8.162064,40.758379,0
                8.162066,40.758397,0
                8.162065,40.758415,0
                8.162064,40.758433,0
                8.162062,40.75845,0
                8.162058,40.758468,0
                8.162054,40.758485,0
                8.162048,40.758502,0
                8.162041,40.758519,0
                8.162033,40.758536,0
                8.162024,40.758552,0
                8.162014,40.758568,0
                8.162003,40.758584,0
                8.161991,40.758599,0
                8.161978,40.758614,0
                8.161964,40.758628,0
                8.161949,40.758642,0
                8.161934,40.758655,0
                8.161917,40.758667,0
                8.1619,40.758679,0
                8.161882,40.75869,0
                8.161863,40.758701,0
                8.161843,40.758711,0
                8.161823,40.75872,0
                8.161698,40.758773,0
                8.161679,40.758781,0
                8.161658,40.758788,0
                8.161637,40.758795,0
                8.161616,40.758801,0
                8.161595,40.758806,0
                8.161573,40.75881,0
                8.161551,40.758813,0
                8.161273,40.758851,0
                8.161029,40.758936,0
                8.161007,40.758943,0
                8.160985,40.758949,0
                8.160962,40.758955,0
                8.160939,40.758959,0
                8.160916,40.758963,0
                8.160893,40.758966,0
                8.160869,40.758968,0
                8.160845,40.758968,0
                8.160822,40.758969,0
                8.160798,40.758968,0
                8.160774,40.758966,0
                8.160751,40.758963,0
                8.160728,40.75896,0
                8.160705,40.758955,0
                8.160682,40.75895,0
                8.160538,40.758913,0
                8.160516,40.758907,0
                8.160493,40.7589,0
                8.160472,40.758892,0
                8.160451,40.758884,0
                8.16043,40.758874,0
                8.160411,40.758864,0
                8.160392,40.758853,0
                8.160373,40.758841,0
                8.160356,40.758828,0
                8.160339,40.758815,0
                8.160323,40.758802,0
                8.160309,40.758787,0
                8.160295,40.758772,0
                8.160166,40.758626,0
                8.160163,40.758622,0
                8.160049,40.75849,0
                8.159854,40.758353,0
                8.159839,40.758341,0
                8.159824,40.758329,0
                8.159809,40.758316,0
                8.159796,40.758303,0
                8.159783,40.75829,0
                8.159771,40.758276,0
                8.15976,40.758261,0
                8.15975,40.758246,0
                8.159551,40.757936,0
                8.159244,40.757656,0
                8.159231,40.757644,0
                8.159219,40.757631,0
                8.159207,40.757618,0
                8.159197,40.757604,0
                8.159033,40.757385,0
                8.159032,40.757384,0
                8.158944,40.757266,0
                8.158933,40.757251,0
                8.158924,40.757235,0
                8.158915,40.757219,0
                8.158908,40.757203,0
                8.158901,40.757187,0
                8.158895,40.757171,0
                8.158891,40.757154,0
                8.158887,40.757137,0
                8.158885,40.757121,0
                8.158854,40.756858,0
                8.158804,40.756666,0
                8.158622,40.75629,0
                8.15787,40.755472,0
                8.157855,40.755455,0
                8.157277,40.754742,0
                8.156853,40.754231,0
                8.156841,40.754215,0
                8.156829,40.754199,0
                8.156541,40.753759,0
                8.156531,40.753742,0
                8.156522,40.753725,0
                8.156514,40.753707,0
                8.156507,40.75369,0
                8.156501,40.753672,0
                8.156497,40.753653,0
                8.156385,40.753106,0
                8.156382,40.753088,0
                8.15638,40.753068,0
                8.15638,40.753049,0
                8.156381,40.75303,0
                8.156428,40.752409,0
                8.156395,40.751959,0
                8.156395,40.751955,0
                8.156368,40.7515,0
                8.156368,40.751481,0
                8.156369,40.751462,0
                8.156371,40.751443,0
                8.156374,40.751424,0
                8.156379,40.751405,0
                8.156385,40.751387,0
                8.156529,40.750998,0
                8.156536,40.750981,0
                8.156544,40.750964,0
                8.156553,40.750948,0
                8.156563,40.750931,0
                8.156574,40.750916,0
                8.156587,40.7509,0
                8.1566,40.750885,0
                8.156615,40.750871,0
                8.156918,40.750582,0
                8.156933,40.750568,0
                8.156949,40.750555,0
                8.156966,40.750543,0
                8.156984,40.750531,0
                8.157002,40.75052,0
                8.157021,40.750509,0
                8.15704,40.7505,0
                8.157452,40.750307,0
                8.157472,40.750298,0
                8.157493,40.75029,0
                8.157514,40.750283,0
                8.157536,40.750276,0
                8.157558,40.750271,0
                8.15758,40.750266,0
                8.157603,40.750262,0
                8.157626,40.750258,0
                8.157649,40.750256,0
                8.157672,40.750255,0
                8.157695,40.750254,0
                8.157718,40.750254,0
                8.157742,40.750255,0
                8.157765,40.750257,0
                8.157788,40.75026,0
                8.15781,40.750264,0
                8.157833,40.750268,0
                8.157855,40.750274,0
                8.157877,40.75028,0
                8.157898,40.750287,0
                8.157919,40.750295,0
                8.157939,40.750303,0
                8.157959,40.750312,0
                8.157978,40.750322,0
                8.157997,40.750333,0
                8.158015,40.750345,0
                8.158032,40.750357,0
                8.158048,40.750369,0
                8.158063,40.750383,0
                8.158078,40.750396,0
                8.158091,40.750411,0
                8.158104,40.750426,0
                8.158116,40.750441,0
                8.158126,40.750457,0
                8.158136,40.750473,0
                8.158145,40.750489,0
                8.158152,40.750506,0
                8.158159,40.750523,0
                8.158164,40.75054,0
                8.158168,40.750557,0
                8.158171,40.750575,0
                8.158173,40.750593,0
                8.158174,40.75061,0
                8.158174,40.750628,0
                8.158172,40.750646,0
                8.15817,40.750663,0
                8.158166,40.750681,0
                8.158161,40.750698,0
                8.158155,40.750715,0
                8.158148,40.750732,0
                8.15814,40.750748,0
                8.158131,40.750765,0
                8.158121,40.750781,0
                8.158109,40.750796,0
                8.158097,40.750811,0
                8.158084,40.750826,0
                8.15807,40.75084,0
                8.158055,40.750853,0
                8.158039,40.750866,0
                8.158022,40.750879,0
                8.158005,40.75089,0
                8.157987,40.750901,0
                8.157968,40.750912,0
                8.157948,40.750921,0
                8.157607,40.751081,0
                8.157415,40.751264,0
                8.157318,40.751526,0
                8.157341,40.751921,0
                8.157376,40.75239,0
                8.157377,40.75241,0
                8.157376,40.752431,0
                8.15733,40.753034,0
                8.157422,40.753488,0
                8.157667,40.753862,0
                8.15808,40.754359,0
                8.158082,40.754362,0
                8.158655,40.755068,0
                8.159434,40.755915,0
                8.159447,40.755931,0
                8.15946,40.755946,0
                8.159471,40.755963,0
                8.159481,40.75598,0
                8.15949,40.755997,0
                8.159706,40.756444,0
                8.159714,40.756461,0
                8.159721,40.75648,0
                8.159726,40.756498,0
                8.159789,40.756737,0
                8.159793,40.756756,0
                8.159796,40.756775,0
                8.15982,40.756979,0
                8.159857,40.757029,0
                8.159999,40.75722,0
                8.160166,40.757372,0
              </coordinates>
            </LinearRing>
          </outerBoundaryIs>
        </Polygon>
      </Placemark>
      <Placemark>
        <name>15  - Experience</name>
        <styleUrl>#poly-0000FF-1200-128-nodesc</styleUrl>
        <Polygon>
          <outerBoundaryIs>
            <LinearRing>
              <tessellate>1</tessellate>
              <coordinates>
                8.160369,40.757967,0
                8.160499,40.758084,0
                8.160501,40.758086,0
                8.160503,40.758088,0
                8.160505,40.75809,0
                8.160507,40.758093,0
                8.160508,40.758095,0
                8.16051,40.758097,0
                8.160511,40.7581,0
                8.160512,40.758102,0
                8.160513,40.758105,0
                8.160514,40.758108,0
                8.160515,40.75811,0
                8.160515,40.758113,0
                8.160516,40.758115,0
                8.160516,40.758118,0
                8.160516,40.758121,0
                8.160515,40.758123,0
                8.160515,40.758126,0
                8.160514,40.758129,0
                8.160514,40.758131,0
                8.160513,40.758134,0
                8.160512,40.758136,0
                8.160511,40.758139,0
                8.160509,40.758141,0
                8.160508,40.758144,0
                8.160506,40.758146,0
                8.160504,40.758148,0
                8.160502,40.75815,0
                8.1605,40.758153,0
                8.160498,40.758155,0
                8.160496,40.758157,0
                8.160493,40.758158,0
                8.16049,40.75816,0
                8.160488,40.758162,0
                8.160485,40.758163,0
                8.160482,40.758165,0
                8.160479,40.758166,0
                8.160476,40.758167,0
                8.160473,40.758169,0
                8.16047,40.75817,0
                8.160466,40.75817,0
                8.160463,40.758171,0
                8.160459,40.758172,0
                8.160456,40.758172,0
                8.160453,40.758173,0
                8.160449,40.758173,0
                8.160446,40.758173,0
                8.160442,40.758173,0
                8.160439,40.758173,0
                8.160435,40.758172,0
                8.160432,40.758172,0
                8.160428,40.758172,0
                8.160425,40.758171,0
                8.160422,40.75817,0
                8.160418,40.758169,0
                8.160415,40.758168,0
                8.160412,40.758167,0
                8.160409,40.758166,0
                8.160406,40.758164,0
                8.160403,40.758163,0
                8.1604,40.758161,0
                8.160398,40.758159,0
                8.160395,40.758158,0
                8.160393,40.758156,0
                8.16039,40.758154,0
                8.160253,40.75803,0
                8.160251,40.758028,0
                8.160249,40.758026,0
                8.160247,40.758024,0
                8.160245,40.758021,0
                8.160243,40.758019,0
                8.160242,40.758016,0
                8.160183,40.757908,0
                8.160182,40.757906,0
                8.160181,40.757903,0
                8.16018,40.757901,0
                8.160179,40.757898,0
                8.160178,40.757895,0
                8.160178,40.757893,0
                8.160178,40.75789,0
                8.160178,40.757888,0
                8.160178,40.757885,0
                8.160178,40.757883,0
                8.160189,40.75779,0
                8.160189,40.757787,0
                8.16019,40.757785,0
                8.16019,40.757782,0
                8.160191,40.75778,0
                8.160192,40.757777,0
                8.160194,40.757775,0
                8.160195,40.757772,0
                8.160197,40.75777,0
                8.160198,40.757768,0
                8.1602,40.757765,0
                8.160202,40.757763,0
                8.160204,40.757761,0
                8.160206,40.757759,0
                8.160209,40.757757,0
                8.160211,40.757755,0
                8.160214,40.757753,0
                8.160217,40.757752,0
                8.160219,40.75775,0
                8.160222,40.757749,0
                8.160225,40.757747,0
                8.160229,40.757746,0
                8.160232,40.757745,0
                8.160235,40.757744,0
                8.160238,40.757743,0
                8.160242,40.757743,0
                8.160245,40.757742,0
                8.160248,40.757742,0
                8.160252,40.757741,0
                8.160255,40.757741,0
                8.160259,40.757741,0
                8.160262,40.757741,0
                8.160266,40.757741,0
                8.160269,40.757741,0
                8.160273,40.757742,0
                8.160276,40.757742,0
                8.16028,40.757743,0
                8.160283,40.757744,0
                8.160286,40.757745,0
                8.160289,40.757746,0
                8.160292,40.757747,0
                8.160295,40.757748,0
                8.160298,40.75775,0
                8.160301,40.757751,0
                8.160304,40.757753,0
                8.160307,40.757755,0
                8.160309,40.757756,0
                8.160312,40.757758,0
                8.160314,40.75776,0
                8.160316,40.757762,0
                8.160318,40.757764,0
                8.16032,40.757767,0
                8.160322,40.757769,0
                8.160323,40.757771,0
                8.160325,40.757774,0
                8.160326,40.757776,0
                8.160327,40.757779,0
                8.160328,40.757781,0
                8.160329,40.757784,0
                8.16033,40.757786,0
                8.16033,40.757789,0
                8.16033,40.757792,0
                8.160331,40.757794,0
                8.160331,40.757797,0
                8.16033,40.7578,0
                8.160321,40.757879,0
                8.160369,40.757967,0
              </coordinates>
            </LinearRing>
          </outerBoundaryIs>
        </Polygon>
      </Placemark>
      <Placemark>
        <name>16  - Experience</name>
        <styleUrl>#poly-0000FF-1200-128-nodesc</styleUrl>
        <Polygon>
          <outerBoundaryIs>
            <LinearRing>
              <tessellate>1</tessellate>
              <coordinates>
                8.157166,40.75134,0
                8.157165,40.751342,0
                8.157163,40.751344,0
                8.157161,40.751347,0
                8.157159,40.751349,0
                8.157157,40.751351,0
                8.157155,40.751353,0
                8.157153,40.751355,0
                8.15715,40.751357,0
                8.157148,40.751359,0
                8.157145,40.75136,0
                8.157142,40.751362,0
                8.157139,40.751363,0
                8.157136,40.751365,0
                8.157133,40.751366,0
                8.15713,40.751367,0
                8.157127,40.751368,0
                8.157123,40.751369,0
                8.15712,40.75137,0
                8.157117,40.75137,0
                8.157113,40.751371,0
                8.15711,40.751371,0
                8.157106,40.751372,0
                8.157103,40.751372,0
                8.157099,40.751372,0
                8.157096,40.751372,0
                8.157092,40.751371,0
                8.157089,40.751371,0
                8.157086,40.75137,0
                8.157082,40.75137,0
                8.157079,40.751369,0
                8.157076,40.751368,0
                8.157072,40.751367,0
                8.157069,40.751366,0
                8.157066,40.751365,0
                8.157063,40.751363,0
                8.15706,40.751362,0
                8.157057,40.75136,0
                8.157055,40.751359,0
                8.157052,40.751357,0
                8.15705,40.751355,0
                8.157047,40.751353,0
                8.157045,40.751351,0
                8.157043,40.751349,0
                8.157041,40.751346,0
                8.157039,40.751344,0
                8.157038,40.751342,0
                8.157036,40.751339,0
                8.157035,40.751337,0
                8.157034,40.751335,0
                8.157033,40.751332,0
                8.157032,40.751329,0
                8.157031,40.751327,0
                8.157031,40.751324,0
                8.15703,40.751322,0
                8.15703,40.751319,0
                8.15703,40.751316,0
                8.15703,40.751314,0
                8.157031,40.751311,0
                8.157031,40.751308,0
                8.157032,40.751306,0
                8.157033,40.751303,0
                8.157034,40.751301,0
                8.157035,40.751298,0
                8.157036,40.751296,0
                8.157165,40.751077,0
                8.157166,40.751074,0
                8.157168,40.751072,0
                8.15717,40.75107,0
                8.157172,40.751067,0
                8.157174,40.751065,0
                8.157176,40.751063,0
                8.157179,40.751061,0
                8.157181,40.751059,0
                8.157184,40.751057,0
                8.1581,40.750472,0
                8.158102,40.750471,0
                8.158105,40.750469,0
                8.158108,40.750468,0
                8.158111,40.750466,0
                8.158114,40.750465,0
                8.158117,40.750464,0
                8.158121,40.750463,0
                8.158124,40.750462,0
                8.158127,40.750462,0
                8.158131,40.750461,0
                8.158134,40.75046,0
                8.158137,40.75046,0
                8.158141,40.75046,0
                8.158144,40.75046,0
                8.158148,40.75046,0
                8.158151,40.75046,0
                8.158155,40.75046,0
                8.158158,40.750461,0
                8.158162,40.750461,0
                8.158165,40.750462,0
                8.158168,40.750463,0
                8.158172,40.750464,0
                8.158175,40.750465,0
                8.158178,40.750466,0
                8.158181,40.750467,0
                8.158184,40.750469,0
                8.158187,40.75047,0
                8.15819,40.750472,0
                8.158192,40.750473,0
                8.158195,40.750475,0
                8.158197,40.750477,0
                8.1582,40.750479,0
                8.158202,40.750481,0
                8.158204,40.750483,0
                8.158206,40.750486,0
                8.158208,40.750488,0
                8.158209,40.75049,0
                8.158211,40.750493,0
                8.158212,40.750495,0
                8.158213,40.750498,0
                8.158214,40.7505,0
                8.158215,40.750503,0
                8.158215,40.750505,0
                8.158216,40.750508,0
                8.158216,40.750511,0
                8.158216,40.750513,0
                8.158216,40.750516,0
                8.158216,40.750519,0
                8.158216,40.750521,0
                8.158215,40.750524,0
                8.158214,40.750526,0
                8.158213,40.750529,0
                8.158212,40.750531,0
                8.158211,40.750534,0
                8.15821,40.750536,0
                8.158208,40.750539,0
                8.158207,40.750541,0
                8.158205,40.750543,0
                8.158203,40.750546,0
                8.158201,40.750548,0
                8.158198,40.75055,0
                8.158196,40.750552,0
                8.158194,40.750553,0
                8.158191,40.750555,0
                8.15736,40.751118,0
                8.157166,40.75134,0
              </coordinates>
            </LinearRing>
          </outerBoundaryIs>
        </Polygon>
      </Placemark>
      <Placemark>
        <name>Esclusive Stand</name>
        <styleUrl>#poly-000000-1000-128-nodesc</styleUrl>
        <Polygon>
          <outerBoundaryIs>
            <LinearRing>
              <tessellate>1</tessellate>
              <coordinates>
                8.158552,40.750133,0
                8.158447,40.749948,0
                8.158713,40.749865,0
                8.158827,40.750051,0
                8.158552,40.750133,0
              </coordinates>
            </LinearRing>
          </outerBoundaryIs>
        </Polygon>
      </Placemark>
    </Folder>
    <Folder>
      <name>NR</name>
      <Placemark>
        <name>15</name>
        <styleUrl>#icon-1899-DB4436-nodesc</styleUrl>
        <Point>
          <coordinates>
            8.160377,40.757951,0
          </coordinates>
        </Point>
      </Placemark>
      <Placemark>
        <name>16</name>
        <styleUrl>#icon-1899-DB4436-nodesc</styleUrl>
        <Point>
          <coordinates>
            8.157676,40.750907,0
          </coordinates>
        </Point>
      </Placemark>
      <Placemark>
        <name>22</name>
        <styleUrl>#icon-1899-DB4436-nodesc</styleUrl>
        <Point>
          <coordinates>
            8.180952,40.755215,0
          </coordinates>
        </Point>
      </Placemark>
      <Placemark>
        <name>23</name>
        <styleUrl>#icon-1899-DB4436-nodesc</styleUrl>
        <Point>
          <coordinates>
            8.159824,40.756056,0
          </coordinates>
        </Point>
      </Placemark>
    </Folder>
    <Folder>
      <name>Parking</name>
      <Placemark>
        <name>Camper Area</name>
        <styleUrl>#icon-1899-DB4436-nodesc</styleUrl>
        <Point>
          <coordinates>
            8.16241,40.761793,0
          </coordinates>
        </Point>
      </Placemark>
      <Placemark>
        <name>Camper Area</name>
        <styleUrl>#icon-1899-DB4436-nodesc</styleUrl>
        <Point>
          <coordinates>
            8.155561,40.747986,0
          </coordinates>
        </Point>
      </Placemark>
      <Placemark>
        <name>Camper Area</name>
        <styleUrl>#poly-000066-1000-191-nodesc</styleUrl>
        <Polygon>
          <outerBoundaryIs>
            <LinearRing>
              <tessellate>1</tessellate>
              <coordinates>
                8.162109,40.761305,0
                8.162152,40.761271,0
                8.162232,40.761274,0
                8.162242,40.761376,0
                8.16218,40.761528,0
                8.162195,40.761593,0
                8.162247,40.761656,0
                8.162359,40.761721,0
                8.162463,40.761781,0
                8.162508,40.761769,0
                8.162606,40.761784,0
                8.162672,40.76188,0
                8.162954,40.7621,0
                8.16301,40.7622,0
                8.163132,40.762262,0
                8.163343,40.762338,0
                8.163256,40.76238,0
                8.163088,40.762362,0
                8.163018,40.762385,0
                8.162982,40.762451,0
                8.162872,40.762501,0
                8.16282,40.762528,0
                8.162772,40.762522,0
                8.162744,40.762449,0
                8.162806,40.762413,0
                8.162867,40.762466,0
                8.16294,40.762438,0
                8.162952,40.762298,0
                8.16288,40.762169,0
                8.162807,40.762089,0
                8.162665,40.761991,0
                8.162631,40.76193,0
                8.162549,40.761912,0
                8.162501,40.761956,0
                8.162428,40.761886,0
                8.162463,40.761842,0
                8.162337,40.761761,0
                8.162163,40.761648,0
                8.16211,40.761599,0
                8.16212,40.761526,0
                8.162174,40.761407,0
                8.162166,40.761354,0
                8.162107,40.761318,0
                8.162109,40.761305,0
              </coordinates>
            </LinearRing>
          </outerBoundaryIs>
        </Polygon>
      </Placemark>
      <Placemark>
        <name>Parking Area</name>
        <styleUrl>#poly-000066-1000-191-nodesc</styleUrl>
        <Polygon>
          <outerBoundaryIs>
            <LinearRing>
              <tessellate>1</tessellate>
              <coordinates>
                8.161225,40.747009,0
                8.161126,40.746999,0
                8.160923,40.747025,0
                8.160785,40.747049,0
                8.160668,40.747083,0
                8.160612,40.747074,0
                8.1605,40.746918,0
                8.160304,40.74673,0
                8.160518,40.746241,0
                8.160635,40.746088,0
                8.160757,40.745992,0
                8.161492,40.746666,0
                8.16142,40.746721,0
                8.161376,40.746772,0
                8.161351,40.746853,0
                8.161352,40.746853,0
                8.161313,40.746877,0
                8.161276,40.746902,0
                8.161275,40.746987,0
                8.161225,40.747009,0
              </coordinates>
            </LinearRing>
          </outerBoundaryIs>
        </Polygon>
      </Placemark>
      <Placemark>
        <name>Parking Area</name>
        <styleUrl>#poly-000066-1000-191-nodesc</styleUrl>
        <Polygon>
          <outerBoundaryIs>
            <LinearRing>
              <tessellate>1</tessellate>
              <coordinates>
                8.15974,40.747148,0
                8.160241,40.746754,0
                8.160452,40.746955,0
                8.160568,40.747128,0
                8.159938,40.747461,0
                8.15974,40.747148,0
              </coordinates>
            </LinearRing>
          </outerBoundaryIs>
        </Polygon>
      </Placemark>
      <Placemark>
        <name>Parking Area</name>
        <styleUrl>#poly-000066-1000-191-nodesc</styleUrl>
        <Polygon>
          <outerBoundaryIs>
            <LinearRing>
              <tessellate>1</tessellate>
              <coordinates>
                8.159856,40.742663,0
                8.160552,40.742328,0
                8.160946,40.742488,0
                8.161069,40.742415,0
                8.161332,40.742401,0
                8.161446,40.742421,0
                8.161519,40.742479,0
                8.161565,40.742577,0
                8.161556,40.742752,0
                8.161433,40.742962,0
                8.161304,40.743111,0
                8.160852,40.743901,0
                8.160571,40.744119,0
                8.160455,40.744373,0
                8.16045,40.744643,0
                8.160167,40.744812,0
                8.159897,40.744855,0
                8.159674,40.744714,0
                8.159305,40.744378,0
                8.159102,40.744291,0
                8.158923,40.744209,0
                8.159378,40.743745,0
                8.159451,40.743453,0
                8.159944,40.743361,0
                8.159979,40.743124,0
                8.159674,40.743002,0
                8.159856,40.742663,0
              </coordinates>
            </LinearRing>
          </outerBoundaryIs>
        </Polygon>
      </Placemark>
      <Placemark>
        <name>Parking Area</name>
        <styleUrl>#poly-000066-1000-191-nodesc</styleUrl>
        <Polygon>
          <outerBoundaryIs>
            <LinearRing>
              <tessellate>1</tessellate>
              <coordinates>
                8.15295,40.748368,0
                8.152963,40.748065,0
                8.152976,40.748026,0
                8.153003,40.747977,0
                8.153081,40.747965,0
                8.153152,40.747962,0
                8.153174,40.747979,0
                8.153333,40.74799,0
                8.153349,40.74795,0
                8.153389,40.747941,0
                8.153446,40.747939,0
                8.153508,40.747948,0
                8.153532,40.74796,0
                8.153538,40.748018,0
                8.153912,40.748046,0
                8.153954,40.747786,0
                8.154171,40.747815,0
                8.154112,40.748069,0
                8.154602,40.748163,0
                8.154731,40.748184,0
                8.154838,40.748183,0
                8.154974,40.748155,0
                8.155414,40.748011,0
                8.155589,40.747934,0
                8.155769,40.747854,0
                8.156011,40.747687,0
                8.156129,40.747605,0
                8.156242,40.747509,0
                8.156403,40.747356,0
                8.156447,40.747311,0
                8.156497,40.747271,0
                8.156562,40.747203,0
                8.156614,40.747135,0
                8.156625,40.747096,0
                8.156715,40.747075,0
                8.156692,40.747153,0
                8.156618,40.747241,0
                8.156514,40.74735,0
                8.156321,40.747543,0
                8.156295,40.74757,0
                8.156298,40.747579,0
                8.15626,40.747611,0
                8.15623,40.747615,0
                8.156163,40.747661,0
                8.156067,40.747734,0
                8.155828,40.747896,0
                8.155651,40.747976,0
                8.155483,40.74805,0
                8.155206,40.748144,0
                8.154898,40.748232,0
                8.154827,40.748238,0
                8.15477,40.748236,0
                8.154676,40.748227,0
                8.154551,40.748202,0
                8.154433,40.748179,0
                8.154228,40.748141,0
                8.154185,40.748145,0
                8.154162,40.748132,0
                8.154126,40.748121,0
                8.154092,40.748117,0
                8.154051,40.748124,0
                8.154023,40.74813,0
                8.153999,40.748132,0
                8.15397,40.748122,0
                8.153961,40.74811,0
                8.153916,40.748104,0
                8.153112,40.748043,0
                8.153061,40.748401,0
                8.15295,40.748368,0
              </coordinates>
            </LinearRing>
          </outerBoundaryIs>
        </Polygon>
      </Placemark>
      <Placemark>
        <name>Parking Area</name>
        <styleUrl>#poly-000066-1000-191-nodesc</styleUrl>
        <Polygon>
          <outerBoundaryIs>
            <LinearRing>
              <tessellate>1</tessellate>
              <coordinates>
                8.161502,40.746656,0
                8.161111,40.746293,0
                8.160778,40.745983,0
                8.161065,40.745783,0
                8.16121,40.745721,0
                8.161428,40.745746,0
                8.161506,40.74583,0
                8.161579,40.745834,0
                8.161856,40.745736,0
                8.162073,40.745677,0
                8.16257,40.745827,0
                8.16267,40.745835,0
                8.163063,40.745661,0
                8.163327,40.745378,0
                8.163528,40.74549,0
                8.163518,40.745768,0
                8.16342,40.745933,0
                8.16332,40.745998,0
                8.163041,40.74614,0
                8.162878,40.746235,0
                8.162742,40.746252,0
                8.162322,40.746247,0
                8.162117,40.74627,0
                8.161855,40.746379,0
                8.161851,40.746382,0
                8.161841,40.746385,0
                8.161621,40.746555,0
                8.161535,40.746612,0
                8.161502,40.746656,0
              </coordinates>
            </LinearRing>
          </outerBoundaryIs>
        </Polygon>
      </Placemark>
      <Placemark>
        <name>Parking Spectator</name>
        <styleUrl>#icon-1899-DB4436-nodesc</styleUrl>
        <Point>
          <coordinates>
            8.15619,40.747611,0
          </coordinates>
        </Point>
      </Placemark>
      <Placemark>
        <name>Parking Spectator</name>
        <styleUrl>#icon-1899-DB4436-nodesc</styleUrl>
        <Point>
          <coordinates>
            8.160314,40.743468,0
          </coordinates>
        </Point>
      </Placemark>
      <Placemark>
        <name>Parking Spectator</name>
        <styleUrl>#icon-1899-DB4436-nodesc</styleUrl>
        <Point>
          <coordinates>
            8.1611638,40.7463634,0
          </coordinates>
        </Point>
      </Placemark>
      <Placemark>
        <name>Parking Media</name>
        <styleUrl>#icon-1899-DB4436-nodesc</styleUrl>
        <Point>
          <coordinates>
            8.160177,40.747121,0
          </coordinates>
        </Point>
      </Placemark>
    </Folder>
    <Folder>
      <name>Track</name>
      <Placemark>
        <name>START</name>
        <description>Km: 0.00</description>
        <styleUrl>#icon-1899-DB4436</styleUrl>
        <Point>
          <coordinates>
            8.192789,40.766554,0
          </coordinates>
        </Point>
      </Placemark>
      <Placemark>
        <name>SS15/17 Sassari-Argentiera - km. 7.10</name>
        <styleUrl>#line-FF0000-5000-nodesc</styleUrl>
        <LineString>
          <tessellate>1</tessellate>
          <coordinates>
            8.192789,40.766556,150.8
            8.192641,40.766626,150.8
            8.192441,40.766723,150.8
            8.192243,40.766822,152.06
            8.192047,40.766924,154.88
            8.19185,40.767025,157.7
            8.191654,40.767127,160.52
            8.191454,40.767223,166.68
            8.191414,40.767242,168.02
            8.191374,40.767262,169.35
            8.191334,40.767281,170.69
            8.191293,40.767299,170.99
            8.191247,40.767308,171.49
            8.191209,40.76729,172.3
            8.191203,40.767254,172.3
            8.191214,40.767219,172.3
            8.191224,40.767184,172.3
            8.191231,40.767149,172.3
            8.191236,40.767113,172.3
            8.191234,40.767077,172.3
            8.191229,40.767041,172.3
            8.191218,40.767006,172.3
            8.191203,40.766973,172.3
            8.191175,40.766944,172.3
            8.191142,40.766918,172.3
            8.191104,40.766896,172.3
            8.191067,40.766874,172.3
            8.191029,40.766852,172.3
            8.190991,40.76683,172.3
            8.19091,40.766776,172.3
            8.190848,40.766708,172.3
            8.190801,40.766634,172.3
            8.190768,40.766555,172.3
            8.190746,40.766426,172.3
            8.190733,40.766347,172.3
            8.190691,40.766274,172.3
            8.190634,40.766207,172.3
            8.190566,40.766147,172.3
            8.190445,40.766064,172.3
            8.190341,40.765983,172.3
            8.190261,40.765888,172.3
            8.190204,40.765783,172.3
            8.19015,40.765678,172.3
            8.190097,40.765538,172.3
            8.190085,40.765404,172.3
            8.190106,40.76527,172.3
            8.190115,40.765174,172.3
            8.190093,40.765081,172.3
            8.190041,40.764993,172.3
            8.189967,40.76491,172.3
            8.189868,40.764841,172.41
            8.189752,40.764788,178.61
            8.189587,40.764735,183
            8.189392,40.764685,183.12
            8.189162,40.764641,183.7
            8.188928,40.764611,183.7
            8.188693,40.764588,183.76
            8.188457,40.76457,187.26
            8.188365,40.764554,187.78
            8.18832,40.764543,188.06
            8.188277,40.764529,188.36
            8.188237,40.764509,188.5
            8.188201,40.764486,188.5
            8.188173,40.764457,188.5
            8.188147,40.764427,188.51
            8.188125,40.764395,188.68
            8.188106,40.764362,188.92
            8.188088,40.764329,189.17
            8.188013,40.764219,189.5
            8.187893,40.764064,190.49
            8.187764,40.763913,191.2
            8.187618,40.763772,191.23
            8.187454,40.763642,191.78
            8.187272,40.763526,192.54
            8.18713,40.76346,194.41
            8.186972,40.76342,194.9
            8.186806,40.763405,194.94
            8.186614,40.763389,196.3
            8.18638,40.763359,196.5
            8.186145,40.763335,196.7
            8.185907,40.76333,196.7
            8.185776,40.763332,196.78
            8.18567,40.763331,196.86
            8.185593,40.763332,197.81
            8.185517,40.763328,198.3
            8.18547,40.763322,198.3
            8.185425,40.763311,198.3
            8.185384,40.763294,198.3
            8.185345,40.763273,198.3
            8.185314,40.763246,198.3
            8.185287,40.763217,198.3
            8.185264,40.763185,198.3
            8.185248,40.763152,198.3
            8.185235,40.763117,198.3
            8.185218,40.763052,198.3
            8.185203,40.762988,198.3
            8.185194,40.762952,198.3
            8.185186,40.762917,198.3
            8.185177,40.762881,198.3
            8.18516,40.762848,198.3
            8.185134,40.762818,198.3
            8.185098,40.762794,198.3
            8.185056,40.762778,198.3
            8.185012,40.762764,198.3
            8.184967,40.762752,198.3
            8.18492,40.762746,198.3
            8.184874,40.76274,198.3
            8.18473,40.762723,199.12
            8.184496,40.762691,204.13
            8.18426,40.762667,204.3
            8.184025,40.762645,204.3
            8.183789,40.762624,204.3
            8.183554,40.762598,204.3
            8.183426,40.76257,204.43
            8.183313,40.762515,205.2
            8.183214,40.762447,205.2
            8.183096,40.762358,205.2
            8.182945,40.762239,204.87
            8.182878,40.762165,204.4
            8.18284,40.762096,203.93
            8.182827,40.762021,203.7
            8.18283,40.761945,203.7
            8.182837,40.76187,203.7
            8.182847,40.761722,203.7
            8.182844,40.761543,203.7
            8.18281,40.761449,203.7
            8.182772,40.761356,203.7
            8.182749,40.761213,203.7
            8.182746,40.761069,203.7
            8.182748,40.760889,203.7
            8.182722,40.760724,203.7
            8.182682,40.760587,203.7
            8.182684,40.760447,203.7
            8.18269,40.760306,203.7
            8.182709,40.760137,203.7
            8.182735,40.760004,203.7
            8.182732,40.759908,203.7
            8.182754,40.759814,203.7
            8.18277,40.75978,203.7
            8.182786,40.759746,203.7
            8.182799,40.759712,203.7
            8.182805,40.759676,203.7
            8.182803,40.75964,203.7
            8.182795,40.759605,203.7
            8.182784,40.75957,203.7
            8.182774,40.759535,203.7
            8.182764,40.7595,203.7
            8.182755,40.759464,203.7
            8.182707,40.759288,203.7
            8.182657,40.759112,203.7
            8.182606,40.758937,203.7
            8.18254,40.758764,203.7
            8.182498,40.758662,203.7
            8.182479,40.758594,203.57
            8.182482,40.758525,192.45
            8.182504,40.758458,183.54
            8.182538,40.758394,182.68
            8.182588,40.758336,182.46
            8.182667,40.758241,181.99
            8.182738,40.758101,179.4
            8.182773,40.757954,178.97
            8.182802,40.757778,177.81
            8.18282,40.757605,177
            8.182798,40.757508,176.57
            8.18276,40.757443,176.3
            8.182708,40.757385,176.3
            8.182642,40.757335,176.3
            8.182573,40.757288,176.3
            8.182481,40.757205,176.3
            8.18242,40.757107,176.3
            8.182376,40.757004,176.3
            8.182362,40.756892,176.3
            8.182375,40.75678,176.3
            8.182419,40.756635,176.3
            8.182498,40.756478,176.3
            8.182583,40.756322,176.3
            8.182691,40.756162,176.3
            8.182794,40.756,176.3
            8.182829,40.755923,176.3
            8.182842,40.755852,176.3
            8.182832,40.755782,176.3
            8.182804,40.755714,176.3
            8.182771,40.755647,176.3
            8.182744,40.755579,176.3
            8.182734,40.755508,176.3
            8.18274,40.755435,176.3
            8.182756,40.755364,176.3
            8.182771,40.755292,176.3
            8.182789,40.755129,176.3
            8.182778,40.75495,176.3
            8.18274,40.754772,176.3
            8.182726,40.754687,176.3
            8.182711,40.754596,176.3
            8.182698,40.754561,176.3
            8.182674,40.754531,176.3
            8.182641,40.754505,176.3
            8.182603,40.754484,176.3
            8.182564,40.754463,176.3
            8.182525,40.754443,176.3
            8.182485,40.754423,176.3
            8.182446,40.754403,176.3
            8.182407,40.754383,176.3
            8.18237,40.75436,164.97
            8.182341,40.754332,151.18
            8.182322,40.754299,145.13
            8.182314,40.754264,144
            8.182311,40.754228,144
            8.18231,40.754192,144
            8.18231,40.754156,144
            8.182308,40.75412,144
            8.182301,40.754085,144
            8.182283,40.754052,144
            8.182254,40.754024,144
            8.182216,40.754002,144
            8.182174,40.753986,144
            8.18213,40.753973,144
            8.182083,40.753969,144
            8.182036,40.753969,144
            8.18199,40.753976,144
            8.181945,40.753988,144
            8.181904,40.754005,144
            8.181865,40.754026,144
            8.181829,40.754049,144
            8.1818,40.754077,144
            8.181773,40.754107,144
            8.181741,40.754157,144
            8.181715,40.754225,144
            8.181704,40.754295,144
            8.181701,40.754387,144
            8.181702,40.75451,144
            8.181701,40.754607,144
            8.18169,40.754642,144
            8.181677,40.754677,144
            8.181661,40.754711,144
            8.181635,40.754741,144
            8.181605,40.754769,144
            8.181566,40.754789,144
            8.181522,40.754801,144
            8.181476,40.754811,144
            8.181429,40.754814,144
            8.181381,40.754817,144
            8.181325,40.754821,144
            8.181269,40.754825,144
            8.181046,40.754843,144
            8.180821,40.754837,144
            8.180597,40.754823,144
            8.180398,40.754836,144
            8.180286,40.754854,144
            8.180172,40.754861,144
            8.180059,40.754844,144
            8.179947,40.754825,144
            8.179743,40.754772,144
            8.179539,40.754692,144
            8.179337,40.754598,144
            8.179149,40.754488,144
            8.178984,40.754367,144
            8.178837,40.754234,144
            8.178713,40.75409,144
            8.178593,40.753944,144
            8.178476,40.753788,144
            8.178359,40.753635,144
            8.178329,40.753607,144
            8.178291,40.753586,144
            8.178248,40.75357,144
            8.178204,40.753558,144
            8.178157,40.753553,144
            8.178109,40.75355,144
            8.178063,40.753557,144
            8.178016,40.753563,144
            8.177969,40.75357,144
            8.177914,40.753577,144
            8.177859,40.753583,144
            8.177741,40.753588,144
            8.177627,40.753568,122.42
            8.177521,40.753531,119.6
            8.177421,40.753484,119.6
            8.177247,40.753392,119.6
            8.177062,40.75328,116.97
            8.176885,40.75316,115.44
            8.176769,40.753042,113.44
            8.176666,40.752918,111.34
            8.176572,40.75282,110.6
            8.176454,40.752741,110.6
            8.176324,40.752672,110.6
            8.176217,40.752629,110.6
            8.1761,40.752607,110.6
            8.17598,40.752601,110.6
            8.175932,40.752599,110.6
            8.175885,40.752596,110.6
            8.175839,40.752589,110.6
            8.175795,40.752575,110.6
            8.175754,40.752557,110.6
            8.175718,40.752534,110.6
            8.175684,40.752508,110.6
            8.175653,40.752481,110.6
            8.17563,40.75245,110.6
            8.175614,40.752417,110.6
            8.175605,40.752381,110.6
            8.175604,40.752346,110.6
            8.175608,40.75231,110.6
            8.175615,40.752274,110.6
            8.175626,40.752239,110.6
            8.175632,40.752204,110.6
            8.175633,40.752168,110.6
            8.175627,40.752132,110.6
            8.17561,40.752099,110.6
            8.175584,40.752069,110.6
            8.17555,40.752044,110.6
            8.175512,40.752022,110.6
            8.17547,40.752006,110.6
            8.175425,40.751995,110.6
            8.175378,40.751988,110.6
            8.175331,40.751984,110.6
            8.175284,40.751985,110.6
            8.17521,40.751988,110.6
            8.175136,40.751991,110.6
            8.174944,40.751986,110.6
            8.174755,40.751952,110.6
            8.174561,40.751952,110.6
            8.174358,40.751943,110.6
            8.174132,40.751915,110.6
            8.173898,40.751888,110.6
            8.17374,40.751901,110.6
            8.173586,40.751931,110.6
            8.173402,40.751979,110.6
            8.173179,40.752041,110.6
            8.172952,40.752093,110.6
            8.172749,40.752129,110.6
            8.172541,40.752142,110.6
            8.17235,40.752132,110.6
            8.17216,40.752113,110.6
            8.171925,40.752091,110.6
            8.171732,40.752082,110.6
            8.17162,40.752089,110.6
            8.17154,40.752097,110.6
            8.171344,40.752091,110.6
            8.171187,40.752063,110.6
            8.17104,40.752013,110.6
            8.170901,40.751951,110.6
            8.170737,40.751862,105.84
            8.170528,40.751776,75
            8.170314,40.751698,75
            8.170095,40.751628,73.07
            8.169912,40.75158,70.72
            8.169721,40.75155,67.3
            8.16953,40.75152,63.95
            8.169298,40.751482,61.52
            8.169066,40.751444,59.12
            8.168836,40.7514,57.55
            8.168611,40.751343,57.72
            8.168383,40.751292,57.47
            8.168166,40.751244,57
            8.168122,40.75123,57
            8.16808,40.751214,56.78
            8.168042,40.751193,56.34
            8.16801,40.751167,56.2
            8.167985,40.751136,56.24
            8.167962,40.751104,56.29
            8.167936,40.751074,56.3
            8.167904,40.751048,56.3
            8.167867,40.751026,56.3
            8.167776,40.750985,55.71
            8.16768,40.750949,53.76
            8.167583,40.750915,52
            8.167366,40.750852,51.9
            8.167156,40.750813,51.9
            8.166941,40.750791,51.9
            8.166706,40.750767,51.9
            8.166469,40.750751,51.29
            8.166232,40.750756,44.66
            8.165995,40.750763,42.6
            8.165778,40.750772,42.6
            8.165577,40.750812,42.6
            8.165377,40.750861,42.6
            8.165152,40.750916,42.6
            8.164923,40.750964,42.6
            8.16469,40.750999,42.6
            8.164454,40.751021,42.6
            8.164407,40.751021,42.6
            8.16436,40.751019,42.6
            8.164315,40.751007,42.6
            8.164272,40.750992,42.6
            8.164232,40.750973,42.6
            8.164192,40.750953,42.6
            8.164154,40.750931,42.6
            8.164118,40.750908,42.6
            8.164081,40.750885,42.6
            8.163918,40.750786,42.6
            8.163756,40.750707,42.6
            8.163579,40.750649,42.6
            8.163358,40.750589,42.6
            8.163135,40.750526,42.6
            8.162913,40.750464,42.6
            8.162686,40.75041,42.6
            8.162483,40.750378,42.6
            8.162277,40.750362,42.6
            8.162076,40.750323,42.6
            8.16185,40.750267,42.6
            8.161624,40.750212,42.6
            8.161398,40.750158,42.6
            8.161171,40.750104,42.6
            8.160944,40.750052,42.6
            8.160716,40.750002,42.6
            8.160504,40.749954,42.6
            8.160396,40.749925,42.6
            8.160299,40.749892,42.6
            8.160076,40.749832,42.6
            8.159853,40.749773,42.6
            8.159622,40.74974,42.6
            8.159388,40.749709,42.6
            8.159313,40.749697,42.6
            8.15924,40.749681,42.6
            8.159194,40.749671,42.6
            8.159149,40.749661,42.6
            8.159101,40.74966,42.6
            8.159063,40.749681,42.6
            8.159049,40.749715,42.6
            8.159069,40.749748,42.6
            8.159093,40.749779,42.6
            8.159116,40.749811,42.6
            8.159142,40.749841,42.6
            8.159167,40.749872,42.6
            8.159192,40.749908,42.6
            8.159261,40.750003,42.6
            8.159282,40.750048,42.6
            8.159292,40.750093,42.6
            8.159314,40.750143,42.6
            8.159338,40.750184,42.6
            8.159355,40.750212,42.6
            8.159375,40.750237,42.6
            8.159397,40.750269,42.6
            8.159418,40.750301,42.6
            8.159439,40.750334,42.6
            8.159451,40.750368,42.6
            8.159448,40.750403,42.6
            8.159422,40.750432,42.6
            8.159377,40.750444,42.6
            8.159331,40.750451,42.6
            8.159284,40.750457,42.6
            8.159237,40.750463,42.6
            8.159192,40.750474,42.6
            8.159147,40.750486,42.6
            8.159103,40.750499,42.6
            8.158967,40.750515,42.6
            8.158829,40.75051,42.6
            8.15869,40.75051,42.6
            8.158643,40.750512,42.6
            8.158596,40.750515,42.6
            8.158549,40.750521,42.6
            8.158505,40.750534,42.6
            8.158471,40.750558,42.6
            8.158459,40.750593,42.6
            8.158462,40.750629,42.6
            8.158482,40.750661,42.17
            8.158506,40.750692,38.71
            8.158531,40.750723,34.17
            8.158557,40.750753,29.63
            8.15859,40.750795,24.7
            8.158616,40.75084,23.7
            8.158672,40.750961,23.7
            8.158699,40.751087,23.7
            8.158742,40.751264,24.3
            8.158767,40.751372,24.4
            8.15879,40.751452,24.85
            8.158836,40.751526,25.2
            8.158905,40.751589,25.2
            8.158985,40.751645,25.41
            8.159067,40.751699,25.7
            8.159212,40.75179,26
            8.159375,40.751881,27.08
            8.159594,40.752004,28.5
            8.159789,40.752107,28.5
            8.159988,40.752205,28.5
            8.16018,40.75231,32.92
            8.160371,40.752418,37.3
            8.160554,40.752532,37.3
            8.160739,40.752644,38.12
            8.160822,40.75271,40.5
            8.16088,40.75279,40.48
            8.160943,40.752868,40.33
            8.161019,40.752935,40.3
            8.161109,40.752989,40.3
            8.16121,40.753034,40.3
            8.16131,40.753079,40.3
            8.161514,40.75317,40.3
            8.161716,40.753265,40.3
            8.161914,40.753364,40.3
            8.162116,40.75346,40.3
            8.162317,40.753555,40.3
            8.162436,40.753634,40.3
            8.162541,40.753724,40.3
            8.162688,40.753863,40.3
            8.162738,40.753917,40.3
            8.162769,40.753978,40.3
            8.162785,40.754043,40.3
            8.16279,40.754108,40.3
            8.162781,40.754174,40.3
            8.162765,40.754276,40.3
            8.162756,40.754393,40.3
            8.162774,40.754508,40.3
            8.162774,40.754625,40.3
            8.162759,40.754797,59.02
            8.162778,40.75496,67.2
            8.1628,40.755122,68.1
            8.162811,40.755302,68.73
            8.162842,40.75545,68.9
            8.162891,40.755595,69.18
            8.162924,40.755653,69.23
            8.162977,40.7557,69.58
            8.163036,40.755743,69.93
            8.163098,40.755784,70.09
            8.163185,40.755857,70.2
            8.16326,40.755937,70.2
            8.163336,40.756016,70.2
            8.163475,40.756162,70.2
            8.163516,40.756201,70.2
            8.163547,40.756245,70.2
            8.163567,40.756292,70.2
            8.16358,40.756341,70.2
            8.163592,40.75639,70.2
            8.163605,40.756438,70.2
            8.163672,40.756611,70.2
            8.163734,40.756754,70.2
            8.163789,40.756844,70.2
            8.163807,40.756878,70.2
            8.163818,40.756912,70.2
            8.163819,40.756948,70.2
            8.163806,40.756982,70.2
            8.163765,40.757001,70.2
            8.163719,40.757002,70.2
            8.163677,40.756985,70.2
            8.163637,40.756966,70.2
            8.163599,40.756945,70.2
            8.16356,40.756924,70.2
            8.163521,40.756903,70.2
            8.163389,40.75683,70.2
            8.163193,40.756728,70.2
            8.162987,40.75664,70.2
            8.162779,40.756571,70.2
            8.162656,40.756556,70.2
            8.162532,40.756557,70.2
            8.16241,40.75658,70.2
            8.162288,40.756601,70.2
            8.162079,40.756607,70.2
            8.161871,40.756608,70.2
            8.161656,40.756636,70.2
            8.161508,40.75666,70.2
            8.161381,40.756687,70.2
            8.161234,40.756715,70.2
            8.161007,40.756735,70.2
            8.160951,40.756747,70.2
            8.160901,40.756768,70.2
            8.160853,40.756793,70.2
            8.160807,40.75682,70.2
            8.160765,40.75685,70.2
            8.160722,40.756884,70.2
            8.160686,40.756923,70.2
            8.160661,40.756966,70.2
            8.160647,40.757013,70.2
            8.160633,40.757059,70.2
            8.160639,40.757106,70.2
            8.160649,40.757168,70.2
            8.16066,40.757229,70.2
            8.160661,40.75729,70.2
            8.160645,40.757351,70.2
            8.160639,40.757413,70.2
            8.160642,40.757474,70.2
            8.160672,40.75757,70.2
            8.160685,40.757604,70.2
            8.1607,40.757638,70.2
            8.160714,40.757673,70.2
            8.160723,40.757708,70.2
            8.160724,40.757744,70.2
            8.160715,40.757779,70.2
            8.1607,40.757813,70.2
            8.160679,40.757845,70.2
            8.160666,40.757879,70.2
            8.16067,40.757915,70.2
            8.160682,40.757949,70.2
            8.160702,40.757982,70.2
            8.160727,40.758013,70.2
            8.160752,40.758043,70.2
            8.160778,40.758073,70.2
            8.160803,40.758103,70.2
            8.160834,40.758131,70.2
            8.160873,40.75815,70.2
            8.160918,40.758159,70.2
            8.160966,40.758164,70.2
            8.161013,40.758168,70.2
            8.16106,40.758173,70.2
            8.161107,40.758177,70.2
            8.161154,40.758181,70.2
            8.161261,40.758196,70.2
            8.161308,40.758202,70.2
            8.161354,40.758209,70.2
            8.1614,40.75822,70.2
            8.161441,40.758237,70.2
            8.161483,40.758255,70.2
            8.161515,40.758281,70.2
            8.161544,40.758309,70.2
            8.161568,40.75834,70.2
            8.161577,40.758375,70.2
            8.161563,40.758409,70.2
            8.161525,40.75843,70.2
            8.16148,40.758442,70.2
            8.161433,40.758448,70.2
            8.161386,40.758454,70.2
            8.161339,40.75846,70.2
            8.161243,40.758474,70.2
            8.161151,40.758501,70.2
            8.161005,40.758553,70.2
            8.160962,40.758568,70.2
            8.160919,40.758582,70.2
            8.160873,40.758593,70.2
            8.160826,40.758597,70.2
            8.160781,40.758591,70.2
            8.160737,40.758576,70.2
            8.160697,40.758557,70.2
            8.160662,40.758533,70.2
            8.160632,40.758506,70.2
            8.160604,40.758476,70.2
            8.160579,40.758446,70.2
            8.160554,40.758416,70.2
            8.160528,40.758385,70.2
            8.160406,40.758264,70.2
            8.160258,40.758161,70.2
            8.160165,40.758064,70.2
            8.160089,40.757959,70.2
            8.159981,40.757803,70.2
            8.159866,40.757663,70.2
            8.159735,40.757532,70.2
            8.159595,40.757387,70.2
            8.159451,40.757244,70.2
            8.159361,40.757122,70.2
            8.159321,40.756995,70.2
            8.159308,40.756865,11.07
            8.159306,40.756702,11.03
            8.1593,40.756626,13.35
            8.159271,40.756553,16.93
            8.159231,40.756483,17
            8.159191,40.756412,17
            8.159119,40.756258,16.05
            8.159019,40.756094,11.9
            8.1589,40.755939,11.9
            8.158761,40.755778,12.04
            8.158639,40.755639,12.2
            8.158505,40.75549,12.2
            8.158369,40.755343,12
            8.158237,40.755193,11.7
            8.158118,40.755038,11.7
            8.157994,40.754895,11.97
            8.157866,40.754755,13.89
            8.15773,40.754608,14
            8.157603,40.754456,14
            8.157497,40.754295,11.61
            8.157393,40.754133,11.13
            8.157274,40.753984,11
            8.15715,40.753836,10.7
            8.157062,40.753719,10.7
            8.15699,40.753596,10.38
            8.156936,40.753461,9.9
            8.156921,40.75332,9.84
            8.156919,40.753178,9.8
            8.156915,40.752998,9.45
            8.156889,40.75282,8.5
            8.156851,40.752642,8.3
            8.156852,40.752495,8.11
            8.156866,40.752348,8.1
            8.156877,40.752168,7.64
            8.156869,40.751989,7.24
            8.156855,40.751811,7.2
            8.156865,40.751634,7.15
            8.156891,40.751455,6.74
            8.156939,40.751279,6.7
            8.157002,40.75112,6.7
            8.157046,40.751043,6.58
            8.157112,40.750976,6.4
            8.157192,40.750918,6.4
            8.157278,40.750865,6.4
            8.157451,40.750759,6.4
          </coordinates>
        </LineString>
      </Placemark>
      <Placemark>
        <name>FINISH</name>
        <description>Km: 7.10</description>
        <styleUrl>#icon-1899-DB4436</styleUrl>
        <Point>
          <coordinates>
            8.157449,40.750759,0
          </coordinates>
        </Point>
      </Placemark>
    </Folder>
    <Folder>
      <name>TXT</name>
      <Placemark>
        <name>Hospitality</name>
        <styleUrl>#poly-D1D1D1-1200-255-nodesc</styleUrl>
        <MultiGeometry>
          <Polygon>
            <outerBoundaryIs>
              <LinearRing>
                <tessellate>1</tessellate>
                <coordinates>
                  8.158366,40.749907,0
                  8.158384,40.749907,0
                  8.158388,40.749925,0
                  8.15841,40.749925,0
                  8.15841,40.749926,0
                  8.158414,40.749907,0
                  8.158434,40.749907,0
                  8.158413,40.750002,0
                  8.158387,40.750002,0
                  8.158366,40.749907,0
                </coordinates>
              </LinearRing>
            </outerBoundaryIs>
            <innerBoundaryIs>
              <LinearRing>
                <tessellate>1</tessellate>
                <coordinates>
                  8.158399,40.749985,0
                  8.15839,40.749938,0
                  8.158408,40.749938,0
                  8.158399,40.749985,0
                </coordinates>
              </LinearRing>
            </innerBoundaryIs>
          </Polygon>
          <Polygon>
            <outerBoundaryIs>
              <LinearRing>
                <tessellate>1</tessellate>
                <coordinates>
                  8.158624,40.749907,0
                  8.158644,40.749907,0
                  8.158644,40.749947,0
                  8.158668,40.750002,0
                  8.158648,40.750002,0
                  8.158635,40.749967,0
                  8.158621,40.750002,0
                  8.1586,40.750002,0
                  8.158624,40.749947,0
                  8.158624,40.749907,0
                </coordinates>
              </LinearRing>
            </outerBoundaryIs>
          </Polygon>
          <Polygon>
            <outerBoundaryIs>
              <LinearRing>
                <tessellate>1</tessellate>
                <coordinates>
                  8.1581,40.749905,0
                  8.158103,40.749905,0
                  8.158106,40.749906,0
                  8.158108,40.749906,0
                  8.158111,40.749906,0
                  8.158113,40.749907,0
                  8.158115,40.749908,0
                  8.158117,40.749908,0
                  8.158119,40.749909,0
                  8.158121,40.74991,0
                  8.158122,40.749912,0
                  8.158124,40.749913,0
                  8.158125,40.749914,0
                  8.158126,40.749916,0
                  8.158127,40.749917,0
                  8.158128,40.749919,0
                  8.158129,40.749921,0
                  8.15813,40.749923,0
                  8.15813,40.749925,0
                  8.15813,40.749927,0
                  8.15813,40.749929,0
                  8.15813,40.749979,0
                  8.15813,40.749982,0
                  8.15813,40.749984,0
                  8.15813,40.749986,0
                  8.158129,40.749988,0
                  8.158128,40.749989,0
                  8.158127,40.749991,0
                  8.158126,40.749993,0
                  8.158125,40.749994,0
                  8.158124,40.749996,0
                  8.158122,40.749997,0
                  8.158121,40.749998,0
                  8.158119,40.749999,0
                  8.158117,40.75,0
                  8.158115,40.750001,0
                  8.158113,40.750002,0
                  8.158111,40.750002,0
                  8.158108,40.750003,0
                  8.158106,40.750003,0
                  8.158103,40.750003,0
                  8.1581,40.750003,0
                  8.158097,40.750003,0
                  8.158095,40.750003,0
                  8.158092,40.750003,0
                  8.15809,40.750002,0
                  8.158087,40.750002,0
                  8.158085,40.750001,0
                  8.158083,40.75,0
                  8.158081,40.749999,0
                  8.15808,40.749998,0
                  8.158078,40.749997,0
                  8.158076,40.749996,0
                  8.158075,40.749994,0
                  8.158074,40.749993,0
                  8.158073,40.749991,0
                  8.158072,40.749989,0
                  8.158071,40.749988,0
                  8.158071,40.749986,0
                  8.158071,40.749984,0
                  8.15807,40.749982,0
                  8.15807,40.749979,0
                  8.15807,40.749929,0
                  8.15807,40.749927,0
                  8.158071,40.749925,0
                  8.158071,40.749923,0
                  8.158071,40.749921,0
                  8.158072,40.749919,0
                  8.158073,40.749917,0
                  8.158074,40.749916,0
                  8.158075,40.749914,0
                  8.158076,40.749913,0
                  8.158078,40.749912,0
                  8.15808,40.74991,0
                  8.158081,40.749909,0
                  8.158083,40.749908,0
                  8.158085,40.749908,0
                  8.158087,40.749907,0
                  8.15809,40.749906,0
                  8.158092,40.749906,0
                  8.158095,40.749906,0
                  8.158097,40.749905,0
                  8.1581,40.749905,0
                </coordinates>
              </LinearRing>
            </outerBoundaryIs>
            <innerBoundaryIs>
              <LinearRing>
                <tessellate>1</tessellate>
                <coordinates>
                  8.158104,40.749919,0
                  8.158105,40.74992,0
                  8.158107,40.74992,0
                  8.158108,40.749921,0
                  8.158109,40.749922,0
                  8.15811,40.749923,0
                  8.15811,40.749925,0
                  8.15811,40.749927,0
                  8.15811,40.749928,0
                  8.15811,40.74998,0
                  8.15811,40.749982,0
                  8.15811,40.749984,0
                  8.15811,40.749985,0
                  8.158109,40.749986,0
                  8.158108,40.749987,0
                  8.158107,40.749988,0
                  8.158105,40.749989,0
                  8.158104,40.749989,0
                  8.158102,40.74999,0
                  8.1581,40.74999,0
                  8.158098,40.74999,0
                  8.158097,40.749989,0
                  8.158095,40.749989,0
                  8.158094,40.749988,0
                  8.158093,40.749987,0
                  8.158092,40.749986,0
                  8.158091,40.749985,0
                  8.15809,40.749984,0
                  8.15809,40.749982,0
                  8.15809,40.74998,0
                  8.15809,40.749928,0
                  8.15809,40.749927,0
                  8.15809,40.749925,0
                  8.158091,40.749923,0
                  8.158092,40.749922,0
                  8.158093,40.749921,0
                  8.158094,40.74992,0
                  8.158095,40.74992,0
                  8.158097,40.749919,0
                  8.158098,40.749919,0
                  8.1581,40.749919,0
                  8.158102,40.749919,0
                  8.158104,40.749919,0
                </coordinates>
              </LinearRing>
            </innerBoundaryIs>
          </Polygon>
          <Polygon>
            <outerBoundaryIs>
              <LinearRing>
                <tessellate>1</tessellate>
                <coordinates>
                  8.158555,40.749907,0
                  8.158575,40.749907,0
                  8.158575,40.749988,0
                  8.158596,40.749988,0
                  8.158596,40.750002,0
                  8.158534,40.750002,0
                  8.158534,40.749988,0
                  8.158555,40.749988,0
                  8.158555,40.749907,0
                </coordinates>
              </LinearRing>
            </outerBoundaryIs>
          </Polygon>
          <Polygon>
            <outerBoundaryIs>
              <LinearRing>
                <tessellate>1</tessellate>
                <coordinates>
                  8.15833,40.749907,0
                  8.158349,40.749907,0
                  8.158349,40.749988,0
                  8.15837,40.749988,0
                  8.15837,40.750002,0
                  8.158309,40.750002,0
                  8.158309,40.749988,0
                  8.15833,40.749988,0
                  8.15833,40.749907,0
                </coordinates>
              </LinearRing>
            </outerBoundaryIs>
          </Polygon>
          <Polygon>
            <outerBoundaryIs>
              <LinearRing>
                <tessellate>1</tessellate>
                <coordinates>
                  8.157996,40.749907,0
                  8.158016,40.749907,0
                  8.158016,40.74995,0
                  8.158037,40.74995,0
                  8.158037,40.749907,0
                  8.158057,40.749907,0
                  8.158057,40.750002,0
                  8.158037,40.750002,0
                  8.158037,40.749963,0
                  8.158016,40.749963,0
                  8.158016,40.750002,0
                  8.157996,40.750002,0
                  8.157996,40.749907,0
                </coordinates>
              </LinearRing>
            </outerBoundaryIs>
          </Polygon>
          <Polygon>
            <outerBoundaryIs>
              <LinearRing>
                <tessellate>1</tessellate>
                <coordinates>
                  8.158169,40.749905,0
                  8.158172,40.749905,0
                  8.158177,40.749906,0
                  8.158182,40.749907,0
                  8.158186,40.749908,0
                  8.15819,40.74991,0
                  8.158193,40.749913,0
                  8.158195,40.749916,0
                  8.158197,40.749919,0
                  8.158198,40.749923,0
                  8.158199,40.749927,0
                  8.158199,40.74993,0
                  8.158199,40.749933,0
                  8.158198,40.749936,0
                  8.158197,40.749939,0
                  8.158196,40.749942,0
                  8.158194,40.749945,0
                  8.158192,40.749948,0
                  8.158189,40.749951,0
                  8.158186,40.749954,0
                  8.158182,40.749957,0
                  8.158177,40.74996,0
                  8.158175,40.749961,0
                  8.158172,40.749964,0
                  8.158169,40.749966,0
                  8.158167,40.749968,0
                  8.158165,40.74997,0
                  8.158163,40.749972,0
                  8.158162,40.749974,0
                  8.158161,40.749976,0
                  8.158161,40.749978,0
                  8.15816,40.74998,0
                  8.15816,40.749981,0
                  8.158161,40.749984,0
                  8.158162,40.749986,0
                  8.158164,40.749988,0
                  8.158167,40.749989,0
                  8.15817,40.74999,0
                  8.158171,40.74999,0
                  8.158173,40.749989,0
                  8.158174,40.749989,0
                  8.158176,40.749989,0
                  8.158177,40.749988,0
                  8.158178,40.749987,0
                  8.158179,40.749986,0
                  8.158179,40.749985,0
                  8.15818,40.749983,0
                  8.15818,40.749981,0
                  8.15818,40.749975,0
                  8.158199,40.749979,0
                  8.158199,40.749982,0
                  8.158198,40.749986,0
                  8.158197,40.74999,0
                  8.158195,40.749993,0
                  8.158193,40.749996,0
                  8.15819,40.749998,0
                  8.158186,40.75,0
                  8.158182,40.750002,0
                  8.158178,40.750003,0
                  8.158173,40.750003,0
                  8.15817,40.750003,0
                  8.158164,40.750003,0
                  8.15816,40.750002,0
                  8.158155,40.750001,0
                  8.158151,40.749999,0
                  8.158148,40.749997,0
                  8.158145,40.749994,0
                  8.158143,40.749991,0
                  8.158142,40.749988,0
                  8.158141,40.749984,0
                  8.15814,40.74998,0
                  8.158141,40.749978,0
                  8.158141,40.749975,0
                  8.158142,40.749972,0
                  8.158143,40.749969,0
                  8.158144,40.749966,0
                  8.158146,40.749963,0
                  8.158149,40.749961,0
                  8.158152,40.749958,0
                  8.158156,40.749955,0
                  8.15816,40.749952,0
                  8.158162,40.74995,0
                  8.158166,40.749947,0
                  8.158169,40.749945,0
                  8.158172,40.749943,0
                  8.158174,40.749941,0
                  8.158176,40.749939,0
                  8.158177,40.749937,0
                  8.158178,40.749935,0
                  8.158179,40.749933,0
                  8.158179,40.749931,0
                  8.158179,40.749928,0
                  8.158179,40.749927,0
                  8.158179,40.749926,0
                  8.158179,40.749924,0
                  8.158178,40.749923,0
                  8.158177,40.749922,0
                  8.158176,40.749921,0
                  8.158175,40.74992,0
                  8.158173,40.749919,0
                  8.158172,40.749919,0
                  8.15817,40.749919,0
                  8.158169,40.749919,0
                  8.158165,40.749919,0
                  8.158162,40.74992,0
                  8.15816,40.749922,0
                  8.158159,40.749925,0
                  8.158159,40.749928,0
                  8.15814,40.749935,0
                  8.15814,40.749929,0
                  8.15814,40.749925,0
                  8.158141,40.749921,0
                  8.158143,40.749917,0
                  8.158145,40.749914,0
                  8.158147,40.749911,0
                  8.158151,40.749909,0
                  8.158154,40.749908,0
                  8.158159,40.749906,0
                  8.158164,40.749906,0
                  8.158169,40.749905,0
                </coordinates>
              </LinearRing>
            </outerBoundaryIs>
          </Polygon>
          <Polygon>
            <outerBoundaryIs>
              <LinearRing>
                <tessellate>1</tessellate>
                <coordinates>
                  8.15821,40.749907,0
                  8.15823,40.749907,0
                  8.15823,40.749945,0
                  8.158239,40.749945,0
                  8.158242,40.749945,0
                  8.158245,40.749946,0
                  8.158248,40.749946,0
                  8.15825,40.749946,0
                  8.158252,40.749947,0
                  8.158254,40.749948,0
                  8.158256,40.749948,0
                  8.158258,40.749949,0
                  8.15826,40.74995,0
                  8.158262,40.749951,0
                  8.158263,40.749953,0
                  8.158264,40.749954,0
                  8.158265,40.749956,0
                  8.158266,40.749957,0
                  8.158267,40.749959,0
                  8.158268,40.749961,0
                  8.158268,40.749963,0
                  8.158269,40.749965,0
                  8.158269,40.749967,0
                  8.158269,40.749969,0
                  8.158269,40.749978,0
                  8.158269,40.749981,0
                  8.158269,40.749983,0
                  8.158268,40.749985,0
                  8.158268,40.749987,0
                  8.158267,40.749989,0
                  8.158266,40.74999,0
                  8.158265,40.749992,0
                  8.158264,40.749993,0
                  8.158263,40.749995,0
                  8.158262,40.749996,0
                  8.15826,40.749997,0
                  8.158258,40.749998,0
                  8.158256,40.749999,0
                  8.158254,40.75,0
                  8.158252,40.75,0
                  8.15825,40.750001,0
                  8.158248,40.750001,0
                  8.158245,40.750002,0
                  8.158242,40.750002,0
                  8.158239,40.750002,0
                  8.15821,40.750002,0
                  8.15821,40.749907,0
                </coordinates>
              </LinearRing>
            </outerBoundaryIs>
            <innerBoundaryIs>
              <LinearRing>
                <tessellate>1</tessellate>
                <coordinates>
                  8.15824,40.749959,0
                  8.158241,40.749959,0
                  8.158242,40.749959,0
                  8.158243,40.749959,0
                  8.158244,40.74996,0
                  8.158245,40.74996,0
                  8.158246,40.74996,0
                  8.158246,40.749961,0
                  8.158247,40.749961,0
                  8.158247,40.749962,0
                  8.158248,40.749962,0
                  8.158248,40.749963,0
                  8.158249,40.749964,0
                  8.158249,40.749965,0
                  8.158249,40.749966,0
                  8.158249,40.749967,0
                  8.158249,40.749968,0
                  8.158249,40.749979,0
                  8.158249,40.74998,0
                  8.158249,40.749981,0
                  8.158249,40.749982,0
                  8.158249,40.749983,0
                  8.158249,40.749984,0
                  8.158248,40.749984,0
                  8.158248,40.749985,0
                  8.158247,40.749986,0
                  8.158246,40.749987,0
                  8.158245,40.749987,0
                  8.158244,40.749988,0
                  8.158243,40.749988,0
                  8.158242,40.749988,0
                  8.158241,40.749988,0
                  8.15824,40.749988,0
                  8.158239,40.749988,0
                  8.15823,40.749988,0
                  8.15823,40.749959,0
                  8.158239,40.749959,0
                  8.15824,40.749959,0
                </coordinates>
              </LinearRing>
            </innerBoundaryIs>
          </Polygon>
          <Polygon>
            <outerBoundaryIs>
              <LinearRing>
                <tessellate>1</tessellate>
                <coordinates>
                  8.158443,40.749907,0
                  8.158496,40.749907,0
                  8.158496,40.74992,0
                  8.158463,40.74992,0
                  8.158463,40.750002,0
                  8.158443,40.750002,0
                  8.158443,40.749907,0
                </coordinates>
              </LinearRing>
            </outerBoundaryIs>
          </Polygon>
          <Polygon>
            <outerBoundaryIs>
              <LinearRing>
                <tessellate>1</tessellate>
                <coordinates>
                  8.158505,40.749907,0
                  8.158525,40.749907,0
                  8.158525,40.750002,0
                  8.158505,40.750002,0
                  8.158505,40.749907,0
                </coordinates>
              </LinearRing>
            </outerBoundaryIs>
          </Polygon>
          <Polygon>
            <outerBoundaryIs>
              <LinearRing>
                <tessellate>1</tessellate>
                <coordinates>
                  8.15828,40.749907,0
                  8.158299,40.749907,0
                  8.158299,40.750002,0
                  8.15828,40.750002,0
                  8.15828,40.749907,0
                </coordinates>
              </LinearRing>
            </outerBoundaryIs>
          </Polygon>
        </MultiGeometry>
      </Placemark>
      <Placemark>
        <name>Stand</name>
        <styleUrl>#poly-D1D1D1-1200-255-nodesc</styleUrl>
        <MultiGeometry>
          <Polygon>
            <outerBoundaryIs>
              <LinearRing>
                <tessellate>1</tessellate>
                <coordinates>
                  8.158451,40.749784,0
                  8.158469,40.749784,0
                  8.158472,40.749803,0
                  8.158495,40.749803,0
                  8.158499,40.749784,0
                  8.158518,40.749784,0
                  8.158498,40.749879,0
                  8.158471,40.749879,0
                  8.158451,40.749784,0
                </coordinates>
              </LinearRing>
            </outerBoundaryIs>
            <innerBoundaryIs>
              <LinearRing>
                <tessellate>1</tessellate>
                <coordinates>
                  8.158484,40.749863,0
                  8.158483,40.749863,0
                  8.158475,40.749816,0
                  8.158493,40.749816,0
                  8.158484,40.749863,0
                </coordinates>
              </LinearRing>
            </innerBoundaryIs>
          </Polygon>
          <Polygon>
            <outerBoundaryIs>
              <LinearRing>
                <tessellate>1</tessellate>
                <coordinates>
                  8.158528,40.749784,0
                  8.158545,40.749784,0
                  8.158545,40.749854,0
                  8.158546,40.749854,0
                  8.158569,40.749784,0
                  8.15859,40.749784,0
                  8.15859,40.749879,0
                  8.158572,40.749879,0
                  8.158572,40.749822,0
                  8.158553,40.749879,0
                  8.158528,40.749879,0
                  8.158528,40.749784,0
                </coordinates>
              </LinearRing>
            </outerBoundaryIs>
          </Polygon>
          <Polygon>
            <outerBoundaryIs>
              <LinearRing>
                <tessellate>1</tessellate>
                <coordinates>
                  8.158414,40.749784,0
                  8.158434,40.749784,0
                  8.158434,40.749866,0
                  8.158455,40.749866,0
                  8.158455,40.749879,0
                  8.158393,40.749879,0
                  8.158393,40.749866,0
                  8.158414,40.749866,0
                  8.158414,40.749784,0
                </coordinates>
              </LinearRing>
            </outerBoundaryIs>
          </Polygon>
          <Polygon>
            <outerBoundaryIs>
              <LinearRing>
                <tessellate>1</tessellate>
                <coordinates>
                  8.158357,40.749783,0
                  8.15836,40.749783,0
                  8.158366,40.749783,0
                  8.15837,40.749784,0
                  8.158374,40.749786,0
                  8.158378,40.749788,0
                  8.158381,40.74979,0
                  8.158384,40.749793,0
                  8.158385,40.749797,0
                  8.158387,40.7498,0
                  8.158387,40.749805,0
                  8.158387,40.749807,0
                  8.158387,40.749811,0
                  8.158387,40.749814,0
                  8.158386,40.749817,0
                  8.158384,40.74982,0
                  8.158383,40.749823,0
                  8.15838,40.749825,0
                  8.158378,40.749828,0
                  8.158374,40.749831,0
                  8.15837,40.749834,0
                  8.158366,40.749838,0
                  8.158364,40.749839,0
                  8.15836,40.749841,0
                  8.158357,40.749843,0
                  8.158355,40.749846,0
                  8.158353,40.749847,0
                  8.158351,40.749849,0
                  8.15835,40.749851,0
                  8.158349,40.749853,0
                  8.158349,40.749855,0
                  8.158349,40.749857,0
                  8.158349,40.749858,0
                  8.158349,40.749861,0
                  8.15835,40.749864,0
                  8.158352,40.749866,0
                  8.158355,40.749867,0
                  8.158358,40.749867,0
                  8.158359,40.749867,0
                  8.158361,40.749867,0
                  8.158363,40.749867,0
                  8.158364,40.749866,0
                  8.158365,40.749865,0
                  8.158366,40.749864,0
                  8.158367,40.749863,0
                  8.158368,40.749862,0
                  8.158368,40.74986,0
                  8.158368,40.749859,0
                  8.158368,40.749853,0
                  8.158387,40.749857,0
                  8.158387,40.749859,0
                  8.158386,40.749863,0
                  8.158385,40.749867,0
                  8.158383,40.74987,0
                  8.158381,40.749873,0
                  8.158378,40.749876,0
                  8.158375,40.749878,0
                  8.158371,40.749879,0
                  8.158366,40.74988,0
                  8.158361,40.749881,0
                  8.158358,40.749881,0
                  8.158353,40.749881,0
                  8.158348,40.74988,0
                  8.158343,40.749879,0
                  8.15834,40.749877,0
                  8.158336,40.749875,0
                  8.158334,40.749872,0
                  8.158331,40.749869,0
                  8.15833,40.749865,0
                  8.158329,40.749861,0
                  8.158329,40.749857,0
                  8.158329,40.749855,0
                  8.158329,40.749852,0
                  8.15833,40.749849,0
                  8.158331,40.749846,0
                  8.158333,40.749844,0
                  8.158335,40.749841,0
                  8.158337,40.749838,0
                  8.15834,40.749835,0
                  8.158344,40.749832,0
                  8.158348,40.749829,0
                  8.158351,40.749827,0
                  8.158354,40.749825,0
                  8.158357,40.749823,0
                  8.15836,40.74982,0
                  8.158362,40.749818,0
                  8.158364,40.749816,0
                  8.158365,40.749815,0
                  8.158366,40.749813,0
                  8.158367,40.74981,0
                  8.158367,40.749808,0
                  8.158368,40.749806,0
                  8.158368,40.749805,0
                  8.158367,40.749803,0
                  8.158367,40.749802,0
                  8.158366,40.7498,0
                  8.158365,40.749799,0
                  8.158364,40.749798,0
                  8.158363,40.749797,0
                  8.158362,40.749797,0
                  8.15836,40.749797,0
                  8.158358,40.749796,0
                  8.158357,40.749796,0
                  8.158354,40.749797,0
                  8.158351,40.749798,0
                  8.158349,40.7498,0
                  8.158347,40.749802,0
                  8.158347,40.749806,0
                  8.158328,40.749812,0
                  8.158328,40.749807,0
                  8.158329,40.749802,0
                  8.15833,40.749798,0
                  8.158331,40.749795,0
                  8.158333,40.749792,0
                  8.158336,40.749789,0
                  8.158339,40.749787,0
                  8.158343,40.749785,0
                  8.158347,40.749784,0
                  8.158352,40.749783,0
                  8.158357,40.749783,0
                </coordinates>
              </LinearRing>
            </outerBoundaryIs>
          </Polygon>
          <Polygon>
            <outerBoundaryIs>
              <LinearRing>
                <tessellate>1</tessellate>
                <coordinates>
                  8.158605,40.749784,0
                  8.158635,40.749784,0
                  8.158638,40.749784,0
                  8.15864,40.749784,0
                  8.158643,40.749785,0
                  8.158645,40.749785,0
                  8.158648,40.749786,0
                  8.15865,40.749786,0
                  8.158652,40.749787,0
                  8.158654,40.749788,0
                  8.158655,40.749789,0
                  8.158657,40.74979,0
                  8.158658,40.749791,0
                  8.158659,40.749793,0
                  8.158661,40.749794,0
                  8.158662,40.749796,0
                  8.158662,40.749798,0
                  8.158663,40.749799,0
                  8.158664,40.749801,0
                  8.158664,40.749803,0
                  8.158664,40.749805,0
                  8.158664,40.749808,0
                  8.158664,40.749856,0
                  8.158664,40.749858,0
                  8.158664,40.74986,0
                  8.158664,40.749862,0
                  8.158663,40.749864,0
                  8.158662,40.749866,0
                  8.158662,40.749868,0
                  8.158661,40.749869,0
                  8.158659,40.749871,0
                  8.158658,40.749872,0
                  8.158657,40.749873,0
                  8.158655,40.749875,0
                  8.158654,40.749876,0
                  8.158652,40.749876,0
                  8.15865,40.749877,0
                  8.158648,40.749878,0
                  8.158645,40.749878,0
                  8.158643,40.749879,0
                  8.15864,40.749879,0
                  8.158638,40.749879,0
                  8.158635,40.749879,0
                  8.158605,40.749879,0
                  8.158605,40.749784,0
                </coordinates>
              </LinearRing>
            </outerBoundaryIs>
            <innerBoundaryIs>
              <LinearRing>
                <tessellate>1</tessellate>
                <coordinates>
                  8.158635,40.749798,0
                  8.158636,40.749798,0
                  8.158637,40.749798,0
                  8.158638,40.749798,0
                  8.158639,40.749798,0
                  8.158639,40.749799,0
                  8.15864,40.749799,0
                  8.158641,40.749799,0
                  8.158641,40.7498,0
                  8.158642,40.7498,0
                  8.158643,40.749801,0
                  8.158643,40.749802,0
                  8.158644,40.749803,0
                  8.158644,40.749804,0
                  8.158644,40.749805,0
                  8.158644,40.749806,0
                  8.158644,40.749807,0
                  8.158644,40.749857,0
                  8.158644,40.749858,0
                  8.158644,40.749859,0
                  8.158644,40.74986,0
                  8.158644,40.749861,0
                  8.158643,40.749861,0
                  8.158643,40.749862,0
                  8.158643,40.749863,0
                  8.158642,40.749863,0
                  8.158642,40.749864,0
                  8.158641,40.749864,0
                  8.15864,40.749865,0
                  8.158639,40.749865,0
                  8.158638,40.749865,0
                  8.158637,40.749866,0
                  8.158636,40.749866,0
                  8.158635,40.749866,0
                  8.158634,40.749866,0
                  8.158624,40.749866,0
                  8.158624,40.749798,0
                  8.158634,40.749798,0
                  8.158635,40.749798,0
                </coordinates>
              </LinearRing>
            </innerBoundaryIs>
          </Polygon>
        </MultiGeometry>
      </Placemark>
      <Placemark>
        <name>Porto</name>
        <styleUrl>#poly-F9F9F9-1200-255-nodesc</styleUrl>
        <MultiGeometry>
          <Polygon>
            <outerBoundaryIs>
              <LinearRing>
                <tessellate>1</tessellate>
                <coordinates>
                  8.14963,40.752803,0
                  8.149639,40.752845,0
                  8.149644,40.752885,0
                  8.149645,40.752924,0
                  8.149641,40.75296,0
                  8.149633,40.752995,0
                  8.14962,40.753029,0
                  8.149603,40.753061,0
                  8.149581,40.753091,0
                  8.149555,40.753119,0
                  8.149524,40.753146,0
                  8.149492,40.75317,0
                  8.149457,40.753191,0
                  8.149419,40.75321,0
                  8.149378,40.753226,0
                  8.149334,40.753239,0
                  8.149287,40.753251,0
                  8.149238,40.753259,0
                  8.149186,40.753266,0
                  8.149131,40.753269,0
                  8.149073,40.753271,0
                  8.148998,40.753271,0
                  8.148942,40.753269,0
                  8.148887,40.753265,0
                  8.148834,40.753259,0
                  8.148782,40.75325,0
                  8.148731,40.753238,0
                  8.148681,40.753224,0
                  8.148633,40.753207,0
                  8.148586,40.753188,0
                  8.14854,40.753166,0
                  8.148495,40.753141,0
                  8.148452,40.753114,0
                  8.148413,40.753085,0
                  8.148376,40.753055,0
                  8.148343,40.753023,0
                  8.148313,40.752989,0
                  8.148286,40.752954,0
                  8.148263,40.752918,0
                  8.148243,40.75288,0
                  8.148226,40.75284,0
                  8.148213,40.752799,0
                  8.147907,40.751711,0
                  8.148367,40.751711,0
                  8.148511,40.752225,0
                  8.148618,40.752227,0
                  8.148719,40.752231,0
                  8.148815,40.75224,0
                  8.148906,40.752251,0
                  8.148991,40.752266,0
                  8.14907,40.752283,0
                  8.149144,40.752305,0
                  8.149213,40.752329,0
                  8.149276,40.752357,0
                  8.149334,40.752387,0
                  8.149375,40.752414,0
                  8.149414,40.752443,0
                  8.149449,40.752474,0
                  8.149482,40.752507,0
                  8.149512,40.752543,0
                  8.149538,40.752581,0
                  8.149562,40.752621,0
                  8.149583,40.752664,0
                  8.149601,40.752709,0
                  8.149617,40.752756,0
                  8.14963,40.752803,0
                </coordinates>
              </LinearRing>
            </outerBoundaryIs>
            <innerBoundaryIs>
              <LinearRing>
                <tessellate>1</tessellate>
                <coordinates>
                  8.149168,40.752797,0
                  8.149171,40.752811,0
                  8.149172,40.752825,0
                  8.149172,40.752839,0
                  8.149171,40.752851,0
                  8.149169,40.752864,0
                  8.149166,40.752876,0
                  8.149162,40.752887,0
                  8.149156,40.752898,0
                  8.149149,40.752908,0
                  8.14914,40.752919,0
                  8.14913,40.752929,0
                  8.149118,40.752938,0
                  8.149105,40.752945,0
                  8.149091,40.752952,0
                  8.149075,40.752957,0
                  8.149058,40.752961,0
                  8.14904,40.752964,0
                  8.14902,40.752966,0
                  8.148999,40.752967,0
                  8.148951,40.752967,0
                  8.14893,40.752966,0
                  8.148911,40.752965,0
                  8.148891,40.752962,0
                  8.148872,40.752958,0
                  8.148854,40.752954,0
                  8.148836,40.752948,0
                  8.148819,40.752941,0
                  8.148802,40.752933,0
                  8.148785,40.752925,0
                  8.148769,40.752915,0
                  8.148754,40.752904,0
                  8.14874,40.752893,0
                  8.148727,40.752882,0
                  8.148715,40.75287,0
                  8.148705,40.752857,0
                  8.148695,40.752844,0
                  8.148687,40.752831,0
                  8.14868,40.752817,0
                  8.148674,40.752803,0
                  8.148669,40.752788,0
                  8.148593,40.752515,0
                  8.148619,40.752515,0
                  8.148645,40.752515,0
                  8.148669,40.752516,0
                  8.148692,40.752516,0
                  8.148715,40.752517,0
                  8.148736,40.752518,0
                  8.148756,40.752519,0
                  8.148776,40.75252,0
                  8.148794,40.752521,0
                  8.148811,40.752523,0
                  8.148867,40.75253,0
                  8.148917,40.752541,0
                  8.148963,40.752554,0
                  8.149004,40.752571,0
                  8.149041,40.752591,0
                  8.149072,40.752614,0
                  8.149099,40.752641,0
                  8.149122,40.75267,0
                  8.149139,40.752703,0
                  8.149152,40.752739,0
                  8.149164,40.752782,0
                  8.149168,40.752797,0
                </coordinates>
              </LinearRing>
            </innerBoundaryIs>
          </Polygon>
          <Polygon>
            <outerBoundaryIs>
              <LinearRing>
                <tessellate>1</tessellate>
                <coordinates>
                  8.150943,40.752494,0
                  8.150951,40.752527,0
                  8.150955,40.752559,0
                  8.150956,40.75259,0
                  8.150954,40.75262,0
                  8.150948,40.752649,0
                  8.150938,40.752677,0
                  8.150926,40.752704,0
                  8.150909,40.75273,0
                  8.15089,40.752755,0
                  8.150867,40.752779,0
                  8.150841,40.752801,0
                  8.150813,40.75282,0
                  8.150783,40.752838,0
                  8.150752,40.752853,0
                  8.150718,40.752866,0
                  8.150682,40.752876,0
                  8.150644,40.752884,0
                  8.150604,40.75289,0
                  8.150562,40.752894,0
                  8.150518,40.752895,0
                  8.150394,40.752895,0
                  8.15035,40.752894,0
                  8.150306,40.75289,0
                  8.150263,40.752884,0
                  8.150221,40.752876,0
                  8.150179,40.752866,0
                  8.150138,40.752853,0
                  8.150098,40.752838,0
                  8.150058,40.75282,0
                  8.150019,40.752801,0
                  8.149981,40.752779,0
                  8.149945,40.752755,0
                  8.149911,40.75273,0
                  8.14988,40.752704,0
                  8.149852,40.752677,0
                  8.149827,40.752649,0
                  8.149805,40.75262,0
                  8.149785,40.75259,0
                  8.149769,40.752559,0
                  8.149755,40.752527,0
                  8.149744,40.752494,0
                  8.14963,40.752086,0
                  8.149622,40.752053,0
                  8.149618,40.752021,0
                  8.149617,40.75199,0
                  8.149619,40.75196,0
                  8.149625,40.751931,0
                  8.149635,40.751903,0
                  8.149648,40.751876,0
                  8.149664,40.75185,0
                  8.149684,40.751826,0
                  8.149707,40.751802,0
                  8.149733,40.75178,0
                  8.14976,40.75176,0
                  8.14979,40.751743,0
                  8.149822,40.751727,0
                  8.149856,40.751715,0
                  8.149892,40.751704,0
                  8.14993,40.751696,0
                  8.149969,40.75169,0
                  8.150011,40.751687,0
                  8.150055,40.751686,0
                  8.150178,40.751686,0
                  8.150223,40.751687,0
                  8.150267,40.75169,0
                  8.15031,40.751696,0
                  8.150353,40.751704,0
                  8.150394,40.751715,0
                  8.150435,40.751727,0
                  8.150476,40.751743,0
                  8.150515,40.75176,0
                  8.150554,40.75178,0
                  8.150592,40.751802,0
                  8.150629,40.751826,0
                  8.150662,40.75185,0
                  8.150693,40.751876,0
                  8.150721,40.751903,0
                  8.150746,40.751931,0
                  8.150768,40.75196,0
                  8.150787,40.75199,0
                  8.150804,40.752021,0
                  8.150818,40.752053,0
                  8.150829,40.752086,0
                  8.150943,40.752494,0
                </coordinates>
              </LinearRing>
            </outerBoundaryIs>
            <innerBoundaryIs>
              <LinearRing>
                <tessellate>1</tessellate>
                <coordinates>
                  8.150512,40.752522,0
                  8.150514,40.752531,0
                  8.150514,40.752539,0
                  8.150513,40.752547,0
                  8.150512,40.752555,0
                  8.15051,40.752563,0
                  8.150507,40.75257,0
                  8.150503,40.752578,0
                  8.150498,40.752585,0
                  8.150492,40.752592,0
                  8.150485,40.752598,0
                  8.150478,40.752604,0
                  8.15047,40.752609,0
                  8.150462,40.752613,0
                  8.150454,40.752617,0
                  8.150445,40.75262,0
                  8.150435,40.752623,0
                  8.150425,40.752624,0
                  8.150415,40.752625,0
                  8.150404,40.752626,0
                  8.150357,40.752626,0
                  8.150346,40.752625,0
                  8.150335,40.752624,0
                  8.150324,40.752623,0
                  8.150313,40.75262,0
                  8.150303,40.752617,0
                  8.150292,40.752613,0
                  8.150282,40.752609,0
                  8.150272,40.752604,0
                  8.150261,40.752598,0
                  8.150252,40.752592,0
                  8.150242,40.752585,0
                  8.150233,40.752578,0
                  8.150225,40.75257,0
                  8.150218,40.752563,0
                  8.150211,40.752555,0
                  8.150205,40.752547,0
                  8.1502,40.752539,0
                  8.150196,40.752531,0
                  8.150192,40.752522,0
                  8.150189,40.752513,0
                  8.150064,40.752065,0
                  8.150062,40.752057,0
                  8.150061,40.752048,0
                  8.15006,40.75204,0
                  8.150061,40.752032,0
                  8.150062,40.752024,0
                  8.150064,40.752017,0
                  8.150067,40.752009,0
                  8.150071,40.752002,0
                  8.150076,40.751995,0
                  8.150082,40.751989,0
                  8.150088,40.751982,0
                  8.150095,40.751977,0
                  8.150103,40.751972,0
                  8.150111,40.751968,0
                  8.150119,40.751964,0
                  8.150128,40.751961,0
                  8.150138,40.751959,0
                  8.150148,40.751957,0
                  8.150158,40.751956,0
                  8.150169,40.751956,0
                  8.150215,40.751956,0
                  8.150227,40.751956,0
                  8.150238,40.751957,0
                  8.150249,40.751959,0
                  8.15026,40.751961,0
                  8.15027,40.751964,0
                  8.150281,40.751968,0
                  8.150292,40.751972,0
                  8.150302,40.751977,0
                  8.150312,40.751983,0
                  8.150323,40.751989,0
                  8.150332,40.751996,0
                  8.150341,40.752003,0
                  8.150349,40.75201,0
                  8.150357,40.752017,0
                  8.150364,40.752025,0
                  8.150369,40.752033,0
                  8.150374,40.752041,0
                  8.150379,40.752049,0
                  8.150382,40.752057,0
                  8.150385,40.752065,0
                  8.15051,40.752513,0
                  8.150512,40.752522,0
                </coordinates>
              </LinearRing>
            </innerBoundaryIs>
          </Polygon>
          <Polygon>
            <outerBoundaryIs>
              <LinearRing>
                <tessellate>1</tessellate>
                <coordinates>
                  8.1547,40.752494,0
                  8.154708,40.752527,0
                  8.154712,40.752559,0
                  8.154713,40.75259,0
                  8.15471,40.75262,0
                  8.154704,40.752649,0
                  8.154695,40.752677,0
                  8.154682,40.752704,0
                  8.154666,40.75273,0
                  8.154647,40.752755,0
                  8.154624,40.752779,0
                  8.154598,40.752801,0
                  8.15457,40.75282,0
                  8.15454,40.752838,0
                  8.154508,40.752853,0
                  8.154475,40.752866,0
                  8.154439,40.752876,0
                  8.154401,40.752884,0
                  8.154361,40.75289,0
                  8.154319,40.752894,0
                  8.154275,40.752895,0
                  8.154151,40.752895,0
                  8.154107,40.752894,0
                  8.154063,40.75289,0
                  8.15402,40.752884,0
                  8.153978,40.752876,0
                  8.153936,40.752866,0
                  8.153895,40.752853,0
                  8.153855,40.752838,0
                  8.153815,40.75282,0
                  8.153776,40.752801,0
                  8.153738,40.752779,0
                  8.153701,40.752755,0
                  8.153668,40.75273,0
                  8.153637,40.752704,0
                  8.153609,40.752677,0
                  8.153584,40.752649,0
                  8.153562,40.75262,0
                  8.153542,40.75259,0
                  8.153526,40.752559,0
                  8.153512,40.752527,0
                  8.153501,40.752494,0
                  8.153387,40.752086,0
                  8.153379,40.752053,0
                  8.153375,40.752021,0
                  8.153374,40.75199,0
                  8.153376,40.75196,0
                  8.153382,40.751931,0
                  8.153392,40.751903,0
                  8.153404,40.751876,0
                  8.153421,40.75185,0
                  8.15344,40.751826,0
                  8.153464,40.751802,0
                  8.153489,40.75178,0
                  8.153517,40.75176,0
                  8.153547,40.751743,0
                  8.153579,40.751727,0
                  8.153613,40.751715,0
                  8.153649,40.751704,0
                  8.153686,40.751696,0
                  8.153726,40.75169,0
                  8.153768,40.751687,0
                  8.153812,40.751686,0
                  8.153935,40.751686,0
                  8.15398,40.751687,0
                  8.154024,40.75169,0
                  8.154067,40.751696,0
                  8.15411,40.751704,0
                  8.154151,40.751715,0
                  8.154192,40.751727,0
                  8.154233,40.751743,0
                  8.154272,40.75176,0
                  8.154311,40.75178,0
                  8.154349,40.751802,0
                  8.154386,40.751826,0
                  8.154419,40.75185,0
                  8.15445,40.751876,0
                  8.154478,40.751903,0
                  8.154503,40.751931,0
                  8.154525,40.75196,0
                  8.154544,40.75199,0
                  8.154561,40.752021,0
                  8.154575,40.752053,0
                  8.154585,40.752086,0
                  8.1547,40.752494,0
                </coordinates>
              </LinearRing>
            </outerBoundaryIs>
            <innerBoundaryIs>
              <LinearRing>
                <tessellate>1</tessellate>
                <coordinates>
                  8.154269,40.752522,0
                  8.15427,40.752531,0
                  8.154271,40.752539,0
                  8.15427,40.752547,0
                  8.154269,40.752555,0
                  8.154267,40.752563,0
                  8.154263,40.75257,0
                  8.154259,40.752578,0
                  8.154254,40.752585,0
                  8.154249,40.752592,0
                  8.154242,40.752598,0
                  8.154235,40.752604,0
                  8.154227,40.752609,0
                  8.154219,40.752613,0
                  8.154211,40.752617,0
                  8.154202,40.75262,0
                  8.154192,40.752623,0
                  8.154182,40.752624,0
                  8.154171,40.752625,0
                  8.15416,40.752626,0
                  8.154114,40.752626,0
                  8.154103,40.752625,0
                  8.154092,40.752624,0
                  8.154081,40.752623,0
                  8.15407,40.75262,0
                  8.15406,40.752617,0
                  8.154049,40.752613,0
                  8.154039,40.752609,0
                  8.154028,40.752604,0
                  8.154018,40.752598,0
                  8.154008,40.752592,0
                  8.153999,40.752585,0
                  8.15399,40.752578,0
                  8.153982,40.75257,0
                  8.153975,40.752563,0
                  8.153968,40.752555,0
                  8.153962,40.752547,0
                  8.153957,40.752539,0
                  8.153953,40.752531,0
                  8.153949,40.752522,0
                  8.153946,40.752513,0
                  8.153821,40.752065,0
                  8.153819,40.752057,0
                  8.153817,40.752048,0
                  8.153817,40.75204,0
                  8.153817,40.752032,0
                  8.153819,40.752024,0
                  8.153821,40.752017,0
                  8.153824,40.752009,0
                  8.153828,40.752002,0
                  8.153833,40.751995,0
                  8.153839,40.751989,0
                  8.153845,40.751982,0
                  8.153852,40.751977,0
                  8.15386,40.751972,0
                  8.153867,40.751968,0
                  8.153876,40.751964,0
                  8.153885,40.751961,0
                  8.153895,40.751959,0
                  8.153905,40.751957,0
                  8.153915,40.751956,0
                  8.153926,40.751956,0
                  8.153972,40.751956,0
                  8.153983,40.751956,0
                  8.153995,40.751957,0
                  8.154006,40.751959,0
                  8.154017,40.751961,0
                  8.154027,40.751964,0
                  8.154038,40.751968,0
                  8.154049,40.751972,0
                  8.154059,40.751977,0
                  8.154069,40.751983,0
                  8.154079,40.751989,0
                  8.154089,40.751996,0
                  8.154098,40.752003,0
                  8.154106,40.75201,0
                  8.154114,40.752017,0
                  8.15412,40.752025,0
                  8.154126,40.752033,0
                  8.154131,40.752041,0
                  8.154136,40.752049,0
                  8.154139,40.752057,0
                  8.154142,40.752065,0
                  8.154267,40.752513,0
                  8.154269,40.752522,0
                </coordinates>
              </LinearRing>
            </innerBoundaryIs>
          </Polygon>
          <Polygon>
            <outerBoundaryIs>
              <LinearRing>
                <tessellate>1</tessellate>
                <coordinates>
                  8.152413,40.752823,0
                  8.152382,40.752837,0
                  8.152349,40.752849,0
                  8.152314,40.75286,0
                  8.152277,40.752869,0
                  8.152238,40.752877,0
                  8.152196,40.752883,0
                  8.152153,40.752888,0
                  8.152108,40.752892,0
                  8.152061,40.752894,0
                  8.152012,40.752895,0
                  8.151944,40.752895,0
                  8.151894,40.752894,0
                  8.151846,40.75289,0
                  8.151799,40.752885,0
                  8.151754,40.752877,0
                  8.15171,40.752867,0
                  8.151668,40.752855,0
                  8.151628,40.75284,0
                  8.151589,40.752823,0
                  8.151551,40.752804,0
                  8.151515,40.752783,0
                  8.151483,40.752761,0
                  8.151452,40.752737,0
                  8.151424,40.752712,0
                  8.151399,40.752685,0
                  8.151375,40.752657,0
                  8.151354,40.752627,0
                  8.151336,40.752596,0
                  8.15132,40.752564,0
                  8.151306,40.75253,0
                  8.151294,40.752494,0
                  8.151075,40.751711,0
                  8.151514,40.751711,0
                  8.15174,40.752519,0
                  8.151748,40.752542,0
                  8.151758,40.752562,0
                  8.15177,40.752579,0
                  8.151784,40.752595,0
                  8.1518,40.752608,0
                  8.151818,40.752619,0
                  8.151839,40.752627,0
                  8.151861,40.752633,0
                  8.151885,40.752636,0
                  8.151912,40.752638,0
                  8.151939,40.752638,0
                  8.151976,40.752637,0
                  8.152012,40.752636,0
                  8.152046,40.752633,0
                  8.152078,40.752629,0
                  8.152109,40.752625,0
                  8.152138,40.752619,0
                  8.152165,40.752613,0
                  8.152191,40.752605,0
                  8.152214,40.752596,0
                  8.152237,40.752587,0
                  8.152413,40.752823,0
                </coordinates>
              </LinearRing>
            </outerBoundaryIs>
          </Polygon>
          <Polygon>
            <outerBoundaryIs>
              <LinearRing>
                <tessellate>1</tessellate>
                <coordinates>
                  8.153135,40.751964,0
                  8.153093,40.751964,0
                  8.153054,40.751965,0
                  8.153019,40.751967,0
                  8.152986,40.751969,0
                  8.152956,40.751972,0
                  8.152929,40.751975,0
                  8.152905,40.751979,0
                  8.152885,40.751984,0
                  8.152867,40.75199,0
                  8.152852,40.751996,0
                  8.152838,40.752004,0
                  8.152826,40.752013,0
                  8.152816,40.752024,0
                  8.152808,40.752037,0
                  8.152802,40.752051,0
                  8.152798,40.752066,0
                  8.152797,40.752083,0
                  8.152797,40.752102,0
                  8.1528,40.752122,0
                  8.152805,40.752143,0
                  8.1529,40.75248,0
                  8.15325,40.75248,0
                  8.153329,40.752762,0
                  8.152979,40.752762,0
                  8.153067,40.753074,0
                  8.152627,40.753074,0
                  8.152362,40.752129,0
                  8.152345,40.752047,0
                  8.152345,40.751974,0
                  8.152362,40.75191,0
                  8.152394,40.751854,0
                  8.152442,40.751806,0
                  8.152507,40.751767,0
                  8.152588,40.751737,0
                  8.152685,40.751716,0
                  8.152798,40.751703,0
                  8.152927,40.751699,0
                  8.15306,40.751699,0
                  8.153135,40.751964,0
                </coordinates>
              </LinearRing>
            </outerBoundaryIs>
          </Polygon>
        </MultiGeometry>
      </Placemark>
      <Placemark>
        <name>Palmas</name>
        <styleUrl>#poly-F9F9F9-1200-255-nodesc</styleUrl>
        <MultiGeometry>
          <Polygon>
            <outerBoundaryIs>
              <LinearRing>
                <tessellate>1</tessellate>
                <coordinates>
                  8.147387,40.750966,0
                  8.147397,40.751008,0
                  8.147402,40.751048,0
                  8.147403,40.751086,0
                  8.147399,40.751123,0
                  8.147391,40.751158,0
                  8.147378,40.751192,0
                  8.147361,40.751223,0
                  8.147339,40.751253,0
                  8.147313,40.751282,0
                  8.147282,40.751309,0
                  8.14725,40.751332,0
                  8.147214,40.751353,0
                  8.147176,40.751372,0
                  8.147135,40.751388,0
                  8.147092,40.751402,0
                  8.147045,40.751413,0
                  8.146996,40.751422,0
                  8.146944,40.751428,0
                  8.146889,40.751432,0
                  8.146831,40.751433,0
                  8.146756,40.751433,0
                  8.1467,40.751432,0
                  8.146645,40.751428,0
                  8.146592,40.751422,0
                  8.14654,40.751413,0
                  8.146489,40.751401,0
                  8.146439,40.751387,0
                  8.146391,40.75137,0
                  8.146344,40.75135,0
                  8.146298,40.751328,0
                  8.146253,40.751304,0
                  8.14621,40.751276,0
                  8.14617,40.751248,0
                  8.146134,40.751217,0
                  8.1461,40.751185,0
                  8.146071,40.751152,0
                  8.146044,40.751117,0
                  8.146021,40.75108,0
                  8.146,40.751042,0
                  8.145984,40.751003,0
                  8.14597,40.750962,0
                  8.145665,40.749873,0
                  8.146124,40.749873,0
                  8.146269,40.750388,0
                  8.146376,40.750389,0
                  8.146477,40.750394,0
                  8.146573,40.750402,0
                  8.146663,40.750414,0
                  8.146748,40.750428,0
                  8.146828,40.750446,0
                  8.146902,40.750467,0
                  8.14697,40.750492,0
                  8.147034,40.750519,0
                  8.147091,40.75055,0
                  8.147133,40.750576,0
                  8.147171,40.750605,0
                  8.147207,40.750636,0
                  8.14724,40.75067,0
                  8.147269,40.750706,0
                  8.147296,40.750744,0
                  8.14732,40.750784,0
                  8.147341,40.750827,0
                  8.147359,40.750872,0
                  8.147374,40.750919,0
                  8.147387,40.750966,0
                </coordinates>
              </LinearRing>
            </outerBoundaryIs>
            <innerBoundaryIs>
              <LinearRing>
                <tessellate>1</tessellate>
                <coordinates>
                  8.146925,40.75096,0
                  8.146928,40.750974,0
                  8.14693,40.750988,0
                  8.14693,40.751001,0
                  8.146929,40.751014,0
                  8.146927,40.751026,0
                  8.146924,40.751038,0
                  8.14692,40.751049,0
                  8.146914,40.75106,0
                  8.146907,40.75107,0
                  8.146898,40.751082,0
                  8.146888,40.751092,0
                  8.146876,40.7511,0
                  8.146863,40.751108,0
                  8.146849,40.751114,0
                  8.146833,40.75112,0
                  8.146816,40.751124,0
                  8.146798,40.751127,0
                  8.146778,40.751129,0
                  8.146757,40.751129,0
                  8.146708,40.751129,0
                  8.146688,40.751129,0
                  8.146668,40.751127,0
                  8.146649,40.751125,0
                  8.14663,40.751121,0
                  8.146612,40.751116,0
                  8.146594,40.751111,0
                  8.146576,40.751104,0
                  8.146559,40.751096,0
                  8.146543,40.751087,0
                  8.146527,40.751077,0
                  8.146512,40.751067,0
                  8.146498,40.751056,0
                  8.146485,40.751044,0
                  8.146473,40.751032,0
                  8.146462,40.75102,0
                  8.146453,40.751007,0
                  8.146445,40.750994,0
                  8.146438,40.75098,0
                  8.146432,40.750965,0
                  8.146427,40.750951,0
                  8.146351,40.750678,0
                  8.146377,40.750678,0
                  8.146402,40.750678,0
                  8.146427,40.750678,0
                  8.14645,40.750679,0
                  8.146472,40.75068,0
                  8.146494,40.75068,0
                  8.146514,40.750682,0
                  8.146533,40.750683,0
                  8.146552,40.750684,0
                  8.146569,40.750686,0
                  8.146624,40.750693,0
                  8.146675,40.750703,0
                  8.146721,40.750717,0
                  8.146762,40.750734,0
                  8.146798,40.750754,0
                  8.14683,40.750777,0
                  8.146857,40.750803,0
                  8.146879,40.750833,0
                  8.146897,40.750866,0
                  8.14691,40.750902,0
                  8.146922,40.750945,0
                  8.146925,40.75096,0
                </coordinates>
              </LinearRing>
            </innerBoundaryIs>
          </Polygon>
          <Polygon>
            <outerBoundaryIs>
              <LinearRing>
                <tessellate>1</tessellate>
                <coordinates>
                  8.15174,40.750657,0
                  8.151748,40.75069,0
                  8.151753,40.750722,0
                  8.151754,40.750753,0
                  8.151751,40.750783,0
                  8.151745,40.750812,0
                  8.151736,40.75084,0
                  8.151724,40.750867,0
                  8.151708,40.750893,0
                  8.151688,40.750918,0
                  8.151665,40.750941,0
                  8.15164,40.750963,0
                  8.151612,40.750983,0
                  8.151583,40.751001,0
                  8.151551,40.751016,0
                  8.151518,40.751028,0
                  8.151482,40.751039,0
                  8.151444,40.751047,0
                  8.151405,40.751053,0
                  8.151363,40.751056,0
                  8.151319,40.751057,0
                  8.151196,40.751057,0
                  8.151161,40.751057,0
                  8.151126,40.751054,0
                  8.151091,40.751051,0
                  8.151057,40.751045,0
                  8.151023,40.751038,0
                  8.150989,40.75103,0
                  8.150956,40.75102,0
                  8.150923,40.751009,0
                  8.15089,40.750996,0
                  8.150857,40.750982,0
                  8.150833,40.750996,0
                  8.150807,40.751009,0
                  8.150781,40.75102,0
                  8.150753,40.75103,0
                  8.150725,40.751038,0
                  8.150695,40.751045,0
                  8.150664,40.751051,0
                  8.150632,40.751054,0
                  8.150599,40.751057,0
                  8.150565,40.751057,0
                  8.150439,40.751057,0
                  8.150395,40.751056,0
                  8.150351,40.751053,0
                  8.150308,40.751047,0
                  8.150266,40.751039,0
                  8.150224,40.751028,0
                  8.150183,40.751016,0
                  8.150143,40.751001,0
                  8.150104,40.750983,0
                  8.150065,40.750963,0
                  8.150027,40.750941,0
                  8.149991,40.750918,0
                  8.149957,40.750893,0
                  8.149927,40.750867,0
                  8.149899,40.75084,0
                  8.149874,40.750812,0
                  8.149852,40.750783,0
                  8.149833,40.750753,0
                  8.149816,40.750722,0
                  8.149802,40.75069,0
                  8.149792,40.750657,0
                  8.149572,40.749873,0
                  8.150011,40.749873,0
                  8.150235,40.750672,0
                  8.150238,40.75068,0
                  8.150242,40.750689,0
                  8.150246,40.750697,0
                  8.150251,40.750705,0
                  8.150257,40.750713,0
                  8.150264,40.75072,0
                  8.150271,40.750728,0
                  8.150279,40.750735,0
                  8.150287,40.750742,0
                  8.150297,40.750748,0
                  8.150307,40.750755,0
                  8.150317,40.75076,0
                  8.150327,40.750765,0
                  8.150337,40.750769,0
                  8.150347,40.750773,0
                  8.150358,40.750776,0
                  8.150368,40.750778,0
                  8.150379,40.75078,0
                  8.15039,40.750781,0
                  8.150401,40.750781,0
                  8.150447,40.750781,0
                  8.150458,40.750781,0
                  8.150468,40.75078,0
                  8.150478,40.750778,0
                  8.150487,40.750776,0
                  8.150496,40.750773,0
                  8.150504,40.750769,0
                  8.150512,40.750765,0
                  8.15052,40.75076,0
                  8.150527,40.750755,0
                  8.150533,40.750748,0
                  8.150539,40.750742,0
                  8.150544,40.750735,0
                  8.150548,40.750728,0
                  8.150551,40.75072,0
                  8.150553,40.750713,0
                  8.150554,40.750705,0
                  8.150555,40.750697,0
                  8.150554,40.750689,0
                  8.150553,40.75068,0
                  8.150551,40.750672,0
                  8.150327,40.749873,0
                  8.150765,40.749873,0
                  8.150989,40.750672,0
                  8.150992,40.75068,0
                  8.150996,40.750689,0
                  8.151,40.750697,0
                  8.151005,40.750705,0
                  8.151011,40.750713,0
                  8.151018,40.75072,0
                  8.151025,40.750728,0
                  8.151033,40.750735,0
                  8.151041,40.750742,0
                  8.151051,40.750748,0
                  8.151061,40.750755,0
                  8.151071,40.75076,0
                  8.151081,40.750765,0
                  8.151091,40.750769,0
                  8.151102,40.750773,0
                  8.151112,40.750776,0
                  8.151123,40.750778,0
                  8.151134,40.75078,0
                  8.151145,40.750781,0
                  8.151156,40.750781,0
                  8.151205,40.750781,0
                  8.151216,40.750781,0
                  8.151226,40.75078,0
                  8.151236,40.750778,0
                  8.151245,40.750776,0
                  8.151254,40.750773,0
                  8.151262,40.750769,0
                  8.151269,40.750765,0
                  8.151276,40.75076,0
                  8.151283,40.750755,0
                  8.151289,40.750748,0
                  8.151294,40.750742,0
                  8.151299,40.750735,0
                  8.151303,40.750728,0
                  8.151305,40.75072,0
                  8.151307,40.750713,0
                  8.151309,40.750705,0
                  8.151309,40.750697,0
                  8.151308,40.750689,0
                  8.151307,40.75068,0
                  8.151305,40.750672,0
                  8.151081,40.749873,0
                  8.151521,40.749873,0
                  8.15174,40.750657,0
                </coordinates>
              </LinearRing>
            </outerBoundaryIs>
          </Polygon>
          <Polygon>
            <outerBoundaryIs>
              <LinearRing>
                <tessellate>1</tessellate>
                <coordinates>
                  8.154567,40.750259,0
                  8.154576,40.75031,0
                  8.154575,40.750357,0
                  8.154563,40.7504,0
                  8.154539,40.750439,0
                  8.154505,40.750475,0
                  8.15446,40.750506,0
                  8.154404,40.750533,0
                  8.154337,40.750557,0
                  8.154259,40.750576,0
                  8.15417,40.750592,0
                  8.154122,40.750599,0
                  8.15408,40.750608,0
                  8.154043,40.750617,0
                  8.154012,40.750626,0
                  8.153986,40.750637,0
                  8.153966,40.750648,0
                  8.15395,40.75066,0
                  8.153941,40.750672,0
                  8.153937,40.750686,0
                  8.153938,40.7507,0
                  8.153942,40.750715,0
                  8.153944,40.750721,0
                  8.153947,40.750727,0
                  8.15395,40.750733,0
                  8.153955,40.750739,0
                  8.153959,40.750745,0
                  8.153965,40.750751,0
                  8.153971,40.750756,0
                  8.153978,40.750762,0
                  8.153985,40.750767,0
                  8.153993,40.750772,0
                  8.154002,40.750776,0
                  8.154011,40.750781,0
                  8.15402,40.750784,0
                  8.15403,40.750787,0
                  8.15404,40.75079,0
                  8.15405,40.750792,0
                  8.154061,40.750794,0
                  8.154072,40.750795,0
                  8.154083,40.750796,0
                  8.154095,40.750796,0
                  8.15423,40.750796,0
                  8.154268,40.750796,0
                  8.154304,40.750794,0
                  8.154338,40.750792,0
                  8.154371,40.750788,0
                  8.154401,40.750784,0
                  8.15443,40.750779,0
                  8.154457,40.750772,0
                  8.154482,40.750765,0
                  8.154506,40.750757,0
                  8.154527,40.750747,0
                  8.154713,40.750992,0
                  8.154683,40.751004,0
                  8.15465,40.751015,0
                  8.154615,40.751025,0
                  8.154578,40.751034,0
                  8.154539,40.751041,0
                  8.154497,40.751047,0
                  8.154454,40.751052,0
                  8.154408,40.751055,0
                  8.154359,40.751057,0
                  8.154309,40.751057,0
                  8.154152,40.751057,0
                  8.154109,40.751056,0
                  8.154067,40.751054,0
                  8.154025,40.751049,0
                  8.153984,40.751042,0
                  8.153943,40.751034,0
                  8.153904,40.751023,0
                  8.153865,40.751011,0
                  8.153827,40.750997,0
                  8.153789,40.750981,0
                  8.153752,40.750963,0
                  8.153716,40.750942,0
                  8.153683,40.750921,0
                  8.153653,40.750899,0
                  8.153625,40.750875,0
                  8.153601,40.750851,0
                  8.153579,40.750825,0
                  8.153561,40.750799,0
                  8.153545,40.750771,0
                  8.153532,40.750742,0
                  8.153522,40.750713,0
                  8.153516,40.75069,0
                  8.153506,40.750637,0
                  8.153506,40.750589,0
                  8.153517,40.750544,0
                  8.153538,40.750504,0
                  8.15357,40.750468,0
                  8.153612,40.750436,0
                  8.153665,40.750408,0
                  8.153728,40.750384,0
                  8.153801,40.750364,0
                  8.153885,40.750349,0
                  8.153919,40.750343,0
                  8.15395,40.750338,0
                  8.153978,40.750332,0
                  8.154004,40.750327,0
                  8.154028,40.750321,0
                  8.15405,40.750315,0
                  8.154069,40.750309,0
                  8.154085,40.750303,0
                  8.1541,40.750296,0
                  8.154112,40.75029,0
                  8.154119,40.750285,0
                  8.154124,40.75028,0
                  8.154129,40.750275,0
                  8.154134,40.750269,0
                  8.154137,40.750263,0
                  8.154139,40.750257,0
                  8.15414,40.75025,0
                  8.15414,40.750243,0
                  8.15414,40.750236,0
                  8.154138,40.750228,0
                  8.154134,40.750216,0
                  8.154128,40.750201,0
                  8.15412,40.750187,0
                  8.15411,40.750174,0
                  8.154098,40.750164,0
                  8.154083,40.750155,0
                  8.154066,40.750147,0
                  8.154047,40.750142,0
                  8.154025,40.750138,0
                  8.154001,40.750135,0
                  8.153975,40.750134,0
                  8.153402,40.750134,0
                  8.153329,40.749873,0
                  8.153943,40.749873,0
                  8.153988,40.749874,0
                  8.154031,40.749877,0
                  8.154073,40.749881,0
                  8.154114,40.749887,0
                  8.154154,40.749895,0
                  8.154192,40.749904,0
                  8.154229,40.749916,0
                  8.154265,40.749929,0
                  8.154299,40.749943,0
                  8.154333,40.74996,0
                  8.154367,40.749979,0
                  8.154398,40.75,0
                  8.154427,40.750022,0
                  8.154453,40.750046,0
                  8.154477,40.750071,0
                  8.154498,40.750097,0
                  8.154516,40.750125,0
                  8.154532,40.750155,0
                  8.154546,40.750186,0
                  8.154556,40.750218,0
                  8.154567,40.750259,0
                </coordinates>
              </LinearRing>
            </outerBoundaryIs>
          </Polygon>
          <Polygon>
            <outerBoundaryIs>
              <LinearRing>
                <tessellate>1</tessellate>
                <coordinates>
                  8.148622,40.750666,0
                  8.14863,40.7507,0
                  8.148635,40.750733,0
                  8.148638,40.750764,0
                  8.148637,40.750794,0
                  8.148633,40.750823,0
                  8.148627,40.75085,0
                  8.148617,40.750876,0
                  8.148604,40.750901,0
                  8.148589,40.750924,0
                  8.14857,40.750946,0
                  8.148548,40.750967,0
                  8.148522,40.750986,0
                  8.148494,40.751003,0
                  8.148462,40.751017,0
                  8.148428,40.75103,0
                  8.148391,40.75104,0
                  8.148351,40.751047,0
                  8.148308,40.751053,0
                  8.148262,40.751056,0
                  8.148214,40.751057,0
                  8.148052,40.751057,0
                  8.148001,40.751057,0
                  8.147951,40.751055,0
                  8.147903,40.751051,0
                  8.147856,40.751047,0
                  8.147811,40.75104,0
                  8.147768,40.751033,0
                  8.147726,40.751024,0
                  8.147686,40.751014,0
                  8.147647,40.751003,0
                  8.14761,40.75099,0
                  8.147655,40.750753,0
                  8.147683,40.750763,0
                  8.147713,40.750772,0
                  8.147744,40.750779,0
                  8.147775,40.750786,0
                  8.147807,40.750792,0
                  8.14784,40.750796,0
                  8.147874,40.7508,0
                  8.147909,40.750802,0
                  8.147944,40.750804,0
                  8.147981,40.750804,0
                  8.148065,40.750804,0
                  8.148095,40.750803,0
                  8.14812,40.750799,0
                  8.148142,40.750793,0
                  8.14816,40.750784,0
                  8.148174,40.750773,0
                  8.148184,40.750759,0
                  8.14819,40.750743,0
                  8.148193,40.750724,0
                  8.148191,40.750703,0
                  8.148186,40.75068,0
                  8.148166,40.750608,0
                  8.148161,40.750609,0
                  8.148153,40.75061,0
                  8.148144,40.750611,0
                  8.148133,40.750612,0
                  8.14812,40.750612,0
                  8.148106,40.750613,0
                  8.148089,40.750613,0
                  8.148071,40.750614,0
                  8.148051,40.750614,0
                  8.14803,40.750614,0
                  8.147916,40.750614,0
                  8.147866,40.750613,0
                  8.147818,40.75061,0
                  8.147771,40.750604,0
                  8.147726,40.750597,0
                  8.147683,40.750587,0
                  8.147642,40.750575,0
                  8.147603,40.750561,0
                  8.147566,40.750545,0
                  8.14753,40.750527,0
                  8.147497,40.750506,0
                  8.147468,40.750486,0
                  8.147442,40.750465,0
                  8.147418,40.750443,0
                  8.147396,40.750419,0
                  8.147376,40.750394,0
                  8.147357,40.750368,0
                  8.147341,40.75034,0
                  8.147327,40.750311,0
                  8.147315,40.750281,0
                  8.147305,40.750249,0
                  8.147295,40.750211,0
                  8.147289,40.750174,0
                  8.147287,40.75014,0
                  8.147288,40.750107,0
                  8.147293,40.750076,0
                  8.147301,40.750047,0
                  8.147313,40.75002,0
                  8.147328,40.749994,0
                  8.147347,40.749971,0
                  8.147369,40.749949,0
                  8.147393,40.74993,0
                  8.14742,40.749913,0
                  8.14745,40.749898,0
                  8.147482,40.749884,0
                  8.147516,40.749873,0
                  8.147554,40.749864,0
                  8.147594,40.749857,0
                  8.147636,40.749852,0
                  8.147682,40.749849,0
                  8.14773,40.749848,0
                  8.147882,40.749848,0
                  8.147927,40.749849,0
                  8.147971,40.749852,0
                  8.148014,40.749858,0
                  8.148055,40.749865,0
                  8.148096,40.749874,0
                  8.148135,40.749886,0
                  8.148173,40.7499,0
                  8.14821,40.749915,0
                  8.148246,40.749933,0
                  8.14828,40.749953,0
                  8.148313,40.749974,0
                  8.148344,40.749997,0
                  8.148371,40.750021,0
                  8.148397,40.750047,0
                  8.14842,40.750074,0
                  8.14844,40.750101,0
                  8.148459,40.750131,0
                  8.148474,40.750161,0
                  8.148487,40.750193,0
                  8.148498,40.750226,0
                  8.148622,40.750666,0
                </coordinates>
              </LinearRing>
            </outerBoundaryIs>
            <innerBoundaryIs>
              <LinearRing>
                <tessellate>1</tessellate>
                <coordinates>
                  8.148092,40.750358,0
                  8.148086,40.750359,0
                  8.148078,40.75036,0
                  8.148068,40.750361,0
                  8.148056,40.750362,0
                  8.148041,40.750362,0
                  8.148024,40.750363,0
                  8.148005,40.750363,0
                  8.147983,40.750364,0
                  8.14796,40.750364,0
                  8.147914,40.750364,0
                  8.147887,40.750362,0
                  8.147863,40.750359,0
                  8.147841,40.750354,0
                  8.147821,40.750346,0
                  8.147803,40.750336,0
                  8.147787,40.750324,0
                  8.147774,40.750309,0
                  8.147762,40.750293,0
                  8.147753,40.750274,0
                  8.147745,40.750253,0
                  8.147736,40.750222,0
                  8.147734,40.750213,0
                  8.147733,40.750205,0
                  8.147733,40.750196,0
                  8.147734,40.750188,0
                  8.147735,40.75018,0
                  8.147737,40.750172,0
                  8.147741,40.750165,0
                  8.147745,40.750158,0
                  8.147749,40.750151,0
                  8.147755,40.750144,0
                  8.147762,40.750137,0
                  8.147769,40.750132,0
                  8.147776,40.750127,0
                  8.147784,40.750122,0
                  8.147793,40.750119,0
                  8.147802,40.750116,0
                  8.147811,40.750113,0
                  8.147821,40.750112,0
                  8.147832,40.750111,0
                  8.147843,40.75011,0
                  8.147889,40.75011,0
                  8.147915,40.750111,0
                  8.14794,40.750115,0
                  8.147962,40.75012,0
                  8.147982,40.750128,0
                  8.148,40.750137,0
                  8.148016,40.750149,0
                  8.148029,40.750163,0
                  8.148041,40.750179,0
                  8.14805,40.750198,0
                  8.148057,40.750218,0
                  8.148095,40.750357,0
                  8.148092,40.750358,0
                </coordinates>
              </LinearRing>
            </innerBoundaryIs>
          </Polygon>
          <Polygon>
            <outerBoundaryIs>
              <LinearRing>
                <tessellate>1</tessellate>
                <coordinates>
                  8.153239,40.750666,0
                  8.153247,40.7507,0
                  8.153253,40.750733,0
                  8.153255,40.750764,0
                  8.153254,40.750794,0
                  8.153251,40.750823,0
                  8.153244,40.75085,0
                  8.153235,40.750876,0
                  8.153222,40.750901,0
                  8.153206,40.750924,0
                  8.153188,40.750946,0
                  8.153165,40.750967,0
                  8.15314,40.750986,0
                  8.153111,40.751003,0
                  8.15308,40.751017,0
                  8.153045,40.75103,0
                  8.153008,40.75104,0
                  8.152968,40.751047,0
                  8.152926,40.751053,0
                  8.15288,40.751056,0
                  8.152831,40.751057,0
                  8.152669,40.751057,0
                  8.152618,40.751057,0
                  8.152568,40.751055,0
                  8.15252,40.751051,0
                  8.152474,40.751047,0
                  8.152429,40.75104,0
                  8.152385,40.751033,0
                  8.152343,40.751024,0
                  8.152303,40.751014,0
                  8.152264,40.751003,0
                  8.152227,40.75099,0
                  8.152272,40.750753,0
                  8.152301,40.750763,0
                  8.152331,40.750772,0
                  8.152361,40.750779,0
                  8.152392,40.750786,0
                  8.152425,40.750792,0
                  8.152458,40.750796,0
                  8.152492,40.7508,0
                  8.152526,40.750802,0
                  8.152562,40.750804,0
                  8.152598,40.750804,0
                  8.152683,40.750804,0
                  8.152712,40.750803,0
                  8.152738,40.750799,0
                  8.152759,40.750793,0
                  8.152777,40.750784,0
                  8.152791,40.750773,0
                  8.152801,40.750759,0
                  8.152808,40.750743,0
                  8.15281,40.750724,0
                  8.152809,40.750703,0
                  8.152804,40.75068,0
                  8.152784,40.750608,0
                  8.152778,40.750609,0
                  8.152771,40.75061,0
                  8.152762,40.750611,0
                  8.152751,40.750612,0
                  8.152738,40.750612,0
                  8.152723,40.750613,0
                  8.152707,40.750613,0
                  8.152689,40.750614,0
                  8.152669,40.750614,0
                  8.152647,40.750614,0
                  8.152534,40.750614,0
                  8.152484,40.750613,0
                  8.152435,40.75061,0
                  8.152388,40.750604,0
                  8.152344,40.750597,0
                  8.152301,40.750587,0
                  8.15226,40.750575,0
                  8.15222,40.750561,0
                  8.152183,40.750545,0
                  8.152148,40.750527,0
                  8.152114,40.750506,0
                  8.152086,40.750486,0
                  8.15206,40.750465,0
                  8.152035,40.750443,0
                  8.152013,40.750419,0
                  8.151993,40.750394,0
                  8.151975,40.750368,0
                  8.151959,40.75034,0
                  8.151944,40.750311,0
                  8.151932,40.750281,0
                  8.151922,40.750249,0
                  8.151913,40.750211,0
                  8.151907,40.750174,0
                  8.151905,40.75014,0
                  8.151906,40.750107,0
                  8.15191,40.750076,0
                  8.151919,40.750047,0
                  8.15193,40.75002,0
                  8.151946,40.749994,0
                  8.151964,40.749971,0
                  8.151986,40.749949,0
                  8.152011,40.74993,0
                  8.152038,40.749913,0
                  8.152067,40.749898,0
                  8.152099,40.749884,0
                  8.152134,40.749873,0
                  8.152171,40.749864,0
                  8.152211,40.749857,0
                  8.152254,40.749852,0
                  8.152299,40.749849,0
                  8.152347,40.749848,0
                  8.1525,40.749848,0
                  8.152545,40.749849,0
                  8.152588,40.749852,0
                  8.152631,40.749858,0
                  8.152673,40.749865,0
                  8.152713,40.749874,0
                  8.152752,40.749886,0
                  8.15279,40.7499,0
                  8.152827,40.749915,0
                  8.152863,40.749933,0
                  8.152898,40.749953,0
                  8.152931,40.749974,0
                  8.152961,40.749997,0
                  8.152989,40.750021,0
                  8.153014,40.750047,0
                  8.153037,40.750074,0
                  8.153058,40.750101,0
                  8.153076,40.750131,0
                  8.153092,40.750161,0
                  8.153105,40.750193,0
                  8.153116,40.750226,0
                  8.153239,40.750666,0
                </coordinates>
              </LinearRing>
            </outerBoundaryIs>
            <innerBoundaryIs>
              <LinearRing>
                <tessellate>1</tessellate>
                <coordinates>
                  8.152709,40.750358,0
                  8.152704,40.750359,0
                  8.152696,40.75036,0
                  8.152685,40.750361,0
                  8.152673,40.750362,0
                  8.152658,40.750362,0
                  8.152641,40.750363,0
                  8.152622,40.750363,0
                  8.152601,40.750364,0
                  8.152577,40.750364,0
                  8.152531,40.750364,0
                  8.152505,40.750362,0
                  8.152481,40.750359,0
                  8.152459,40.750354,0
                  8.152439,40.750346,0
                  8.152421,40.750336,0
                  8.152405,40.750324,0
                  8.152391,40.750309,0
                  8.15238,40.750293,0
                  8.15237,40.750274,0
                  8.152363,40.750253,0
                  8.152354,40.750222,0
                  8.152352,40.750213,0
                  8.152351,40.750205,0
                  8.15235,40.750196,0
                  8.152351,40.750188,0
                  8.152352,40.75018,0
                  8.152355,40.750172,0
                  8.152358,40.750165,0
                  8.152362,40.750158,0
                  8.152367,40.750151,0
                  8.152373,40.750144,0
                  8.152379,40.750137,0
                  8.152386,40.750132,0
                  8.152394,40.750127,0
                  8.152402,40.750122,0
                  8.15241,40.750119,0
                  8.152419,40.750116,0
                  8.152429,40.750113,0
                  8.152439,40.750112,0
                  8.152449,40.750111,0
                  8.15246,40.75011,0
                  8.152506,40.75011,0
                  8.152533,40.750111,0
                  8.152557,40.750115,0
                  8.152579,40.75012,0
                  8.1526,40.750128,0
                  8.152617,40.750137,0
                  8.152633,40.750149,0
                  8.152647,40.750163,0
                  8.152658,40.750179,0
                  8.152668,40.750198,0
                  8.152675,40.750218,0
                  8.152713,40.750357,0
                  8.152709,40.750358,0
                </coordinates>
              </LinearRing>
            </innerBoundaryIs>
          </Polygon>
          <Polygon>
            <outerBoundaryIs>
              <LinearRing>
                <tessellate>1</tessellate>
                <coordinates>
                  8.149415,40.750151,0
                  8.149407,40.750152,0
                  8.1494,40.750152,0
                  8.149393,40.750152,0
                  8.149386,40.750153,0
                  8.14938,40.750154,0
                  8.149374,40.750154,0
                  8.149368,40.750155,0
                  8.149362,40.750156,0
                  8.149357,40.750157,0
                  8.149352,40.750158,0
                  8.149342,40.750161,0
                  8.149332,40.750164,0
                  8.149324,40.750168,0
                  8.149316,40.750172,0
                  8.14931,40.750177,0
                  8.149304,40.750183,0
                  8.1493,40.75019,0
                  8.149296,40.750197,0
                  8.149294,40.750205,0
                  8.149293,40.750213,0
                  8.149293,40.750218,0
                  8.149293,40.750224,0
                  8.149293,40.75023,0
                  8.149294,40.750237,0
                  8.149295,40.750245,0
                  8.149297,40.750254,0
                  8.149299,40.750263,0
                  8.149301,40.750273,0
                  8.149304,40.750284,0
                  8.149307,40.750296,0
                  8.149619,40.751406,0
                  8.14918,40.751406,0
                  8.148861,40.750271,0
                  8.148851,40.75023,0
                  8.148843,40.750192,0
                  8.148838,40.750155,0
                  8.148836,40.750122,0
                  8.148837,40.75009,0
                  8.148841,40.750062,0
                  8.148847,40.750035,0
                  8.148857,40.750011,0
                  8.148869,40.749989,0
                  8.148884,40.74997,0
                  8.148906,40.749948,0
                  8.148934,40.749929,0
                  8.148966,40.749912,0
                  8.149004,40.749898,0
                  8.149046,40.749886,0
                  8.149094,40.749876,0
                  8.149146,40.749869,0
                  8.149204,40.749864,0
                  8.149266,40.749861,0
                  8.149334,40.749861,0
                  8.149415,40.750151,0
                </coordinates>
              </LinearRing>
            </outerBoundaryIs>
          </Polygon>
        </MultiGeometry>
      </Placemark>
      <Placemark>
        <name>Palmadula</name>
        <styleUrl>#poly-F9F9F9-1200-255-nodesc</styleUrl>
        <MultiGeometry>
          <Polygon>
            <outerBoundaryIs>
              <LinearRing>
                <tessellate>1</tessellate>
                <coordinates>
                  8.185824,40.754461,0
                  8.185833,40.754503,0
                  8.185839,40.754543,0
                  8.185839,40.754581,0
                  8.185835,40.754618,0
                  8.185827,40.754653,0
                  8.185814,40.754687,0
                  8.185797,40.754718,0
                  8.185775,40.754748,0
                  8.185749,40.754777,0
                  8.185719,40.754804,0
                  8.185686,40.754827,0
                  8.185651,40.754849,0
                  8.185613,40.754867,0
                  8.185572,40.754883,0
                  8.185528,40.754897,0
                  8.185482,40.754908,0
                  8.185432,40.754917,0
                  8.18538,40.754923,0
                  8.185325,40.754927,0
                  8.185267,40.754928,0
                  8.185192,40.754928,0
                  8.185136,40.754927,0
                  8.185082,40.754923,0
                  8.185028,40.754917,0
                  8.184976,40.754908,0
                  8.184925,40.754896,0
                  8.184875,40.754882,0
                  8.184827,40.754865,0
                  8.18478,40.754845,0
                  8.184734,40.754823,0
                  8.18469,40.754799,0
                  8.184646,40.754771,0
                  8.184607,40.754743,0
                  8.18457,40.754712,0
                  8.184537,40.75468,0
                  8.184507,40.754647,0
                  8.18448,40.754612,0
                  8.184457,40.754575,0
                  8.184437,40.754537,0
                  8.18442,40.754498,0
                  8.184407,40.754457,0
                  8.184101,40.753368,0
                  8.184561,40.753368,0
                  8.184705,40.753883,0
                  8.184812,40.753884,0
                  8.184913,40.753889,0
                  8.185009,40.753897,0
                  8.1851,40.753909,0
                  8.185185,40.753923,0
                  8.185264,40.753941,0
                  8.185338,40.753962,0
                  8.185407,40.753987,0
                  8.18547,40.754014,0
                  8.185528,40.754045,0
                  8.185569,40.754072,0
                  8.185608,40.7541,0
                  8.185643,40.754131,0
                  8.185676,40.754165,0
                  8.185706,40.754201,0
                  8.185733,40.754239,0
                  8.185757,40.754279,0
                  8.185778,40.754322,0
                  8.185796,40.754367,0
                  8.185811,40.754414,0
                  8.185824,40.754461,0
                </coordinates>
              </LinearRing>
            </outerBoundaryIs>
            <innerBoundaryIs>
              <LinearRing>
                <tessellate>1</tessellate>
                <coordinates>
                  8.185362,40.754455,0
                  8.185365,40.754469,0
                  8.185366,40.754483,0
                  8.185366,40.754496,0
                  8.185366,40.754509,0
                  8.185364,40.754521,0
                  8.18536,40.754533,0
                  8.185356,40.754544,0
                  8.18535,40.754555,0
                  8.185344,40.754565,0
                  8.185335,40.754577,0
                  8.185324,40.754587,0
                  8.185312,40.754595,0
                  8.185299,40.754603,0
                  8.185285,40.75461,0
                  8.185269,40.754615,0
                  8.185252,40.754619,0
                  8.185234,40.754622,0
                  8.185214,40.754624,0
                  8.185194,40.754624,0
                  8.185145,40.754624,0
                  8.185125,40.754624,0
                  8.185105,40.754622,0
                  8.185085,40.75462,0
                  8.185067,40.754616,0
                  8.185048,40.754611,0
                  8.18503,40.754606,0
                  8.185013,40.754599,0
                  8.184996,40.754591,0
                  8.184979,40.754582,0
                  8.184963,40.754572,0
                  8.184948,40.754562,0
                  8.184934,40.754551,0
                  8.184921,40.754539,0
                  8.184909,40.754527,0
                  8.184899,40.754515,0
                  8.184889,40.754502,0
                  8.184881,40.754489,0
                  8.184874,40.754475,0
                  8.184868,40.754461,0
                  8.184863,40.754446,0
                  8.184787,40.754173,0
                  8.184813,40.754173,0
                  8.184839,40.754173,0
                  8.184863,40.754173,0
                  8.184886,40.754174,0
                  8.184909,40.754175,0
                  8.18493,40.754176,0
                  8.18495,40.754177,0
                  8.18497,40.754178,0
                  8.184988,40.754179,0
                  8.185005,40.754181,0
                  8.185061,40.754188,0
                  8.185111,40.754198,0
                  8.185157,40.754212,0
                  8.185198,40.754229,0
                  8.185235,40.754249,0
                  8.185266,40.754272,0
                  8.185293,40.754298,0
                  8.185316,40.754328,0
                  8.185333,40.754361,0
                  8.185346,40.754397,0
                  8.185358,40.75444,0
                  8.185362,40.754455,0
                </coordinates>
              </LinearRing>
            </innerBoundaryIs>
          </Polygon>
          <Polygon>
            <outerBoundaryIs>
              <LinearRing>
                <tessellate>1</tessellate>
                <coordinates>
                  8.190177,40.754152,0
                  8.190185,40.754185,0
                  8.190189,40.754217,0
                  8.19019,40.754248,0
                  8.190188,40.754278,0
                  8.190182,40.754307,0
                  8.190173,40.754335,0
                  8.19016,40.754362,0
                  8.190144,40.754388,0
                  8.190125,40.754413,0
                  8.190102,40.754436,0
                  8.190076,40.754458,0
                  8.190049,40.754478,0
                  8.190019,40.754496,0
                  8.189988,40.754511,0
                  8.189954,40.754523,0
                  8.189919,40.754534,0
                  8.189881,40.754542,0
                  8.189841,40.754548,0
                  8.189799,40.754551,0
                  8.189756,40.754552,0
                  8.189632,40.754552,0
                  8.189597,40.754552,0
                  8.189562,40.754549,0
                  8.189528,40.754546,0
                  8.189493,40.75454,0
                  8.189459,40.754534,0
                  8.189426,40.754525,0
                  8.189392,40.754515,0
                  8.189359,40.754504,0
                  8.189326,40.754491,0
                  8.189294,40.754477,0
                  8.189269,40.754491,0
                  8.189244,40.754504,0
                  8.189217,40.754515,0
                  8.18919,40.754525,0
                  8.189161,40.754534,0
                  8.189131,40.75454,0
                  8.1891,40.754546,0
                  8.189069,40.754549,0
                  8.189036,40.754552,0
                  8.189002,40.754552,0
                  8.188875,40.754552,0
                  8.188831,40.754551,0
                  8.188787,40.754548,0
                  8.188744,40.754542,0
                  8.188702,40.754534,0
                  8.188661,40.754523,0
                  8.18862,40.754511,0
                  8.18858,40.754496,0
                  8.18854,40.754478,0
                  8.188502,40.754458,0
                  8.188464,40.754436,0
                  8.188427,40.754413,0
                  8.188394,40.754388,0
                  8.188363,40.754362,0
                  8.188336,40.754335,0
                  8.188311,40.754307,0
                  8.188288,40.754278,0
                  8.188269,40.754248,0
                  8.188253,40.754217,0
                  8.188239,40.754185,0
                  8.188228,40.754152,0
                  8.188008,40.753368,0
                  8.188448,40.753368,0
                  8.188671,40.754167,0
                  8.188674,40.754175,0
                  8.188678,40.754184,0
                  8.188683,40.754192,0
                  8.188688,40.7542,0
                  8.188694,40.754208,0
                  8.1887,40.754215,0
                  8.188707,40.754223,0
                  8.188715,40.75423,0
                  8.188724,40.754237,0
                  8.188733,40.754243,0
                  8.188743,40.75425,0
                  8.188753,40.754255,0
                  8.188763,40.75426,0
                  8.188773,40.754265,0
                  8.188784,40.754268,0
                  8.188794,40.754271,0
                  8.188805,40.754273,0
                  8.188815,40.754275,0
                  8.188826,40.754276,0
                  8.188837,40.754276,0
                  8.188883,40.754276,0
                  8.188894,40.754276,0
                  8.188904,40.754275,0
                  8.188914,40.754273,0
                  8.188924,40.754271,0
                  8.188933,40.754268,0
                  8.188941,40.754265,0
                  8.188949,40.75426,0
                  8.188956,40.754255,0
                  8.188963,40.75425,0
                  8.18897,40.754243,0
                  8.188975,40.754237,0
                  8.18898,40.75423,0
                  8.188984,40.754223,0
                  8.188987,40.754215,0
                  8.188989,40.754208,0
                  8.188991,40.7542,0
                  8.188991,40.754192,0
                  8.188991,40.754184,0
                  8.188989,40.754175,0
                  8.188987,40.754167,0
                  8.188764,40.753368,0
                  8.189202,40.753368,0
                  8.189425,40.754167,0
                  8.189428,40.754175,0
                  8.189432,40.754184,0
                  8.189437,40.754192,0
                  8.189442,40.7542,0
                  8.189448,40.754208,0
                  8.189454,40.754215,0
                  8.189461,40.754223,0
                  8.189469,40.75423,0
                  8.189478,40.754237,0
                  8.189487,40.754243,0
                  8.189497,40.75425,0
                  8.189507,40.754255,0
                  8.189517,40.75426,0
                  8.189528,40.754265,0
                  8.189538,40.754268,0
                  8.189549,40.754271,0
                  8.189559,40.754273,0
                  8.18957,40.754275,0
                  8.189581,40.754276,0
                  8.189593,40.754276,0
                  8.189641,40.754276,0
                  8.189652,40.754276,0
                  8.189662,40.754275,0
                  8.189672,40.754273,0
                  8.189681,40.754271,0
                  8.18969,40.754268,0
                  8.189698,40.754265,0
                  8.189706,40.75426,0
                  8.189713,40.754255,0
                  8.189719,40.75425,0
                  8.189726,40.754243,0
                  8.189731,40.754237,0
                  8.189735,40.75423,0
                  8.189739,40.754223,0
                  8.189742,40.754215,0
                  8.189744,40.754208,0
                  8.189745,40.7542,0
                  8.189745,40.754192,0
                  8.189745,40.754184,0
                  8.189744,40.754175,0
                  8.189741,40.754167,0
                  8.189518,40.753368,0
                  8.189957,40.753368,0
                  8.190177,40.754152,0
                </coordinates>
              </LinearRing>
            </outerBoundaryIs>
          </Polygon>
          <Polygon>
            <outerBoundaryIs>
              <LinearRing>
                <tessellate>1</tessellate>
                <coordinates>
                  8.193432,40.754901,0
                  8.192994,40.754901,0
                  8.192895,40.754548,0
                  8.192888,40.754549,0
                  8.19288,40.75455,0
                  8.19287,40.754551,0
                  8.192858,40.754551,0
                  8.192845,40.754551,0
                  8.192831,40.754552,0
                  8.192815,40.754552,0
                  8.192798,40.754552,0
                  8.192779,40.754552,0
                  8.192759,40.754552,0
                  8.192638,40.754552,0
                  8.192592,40.754551,0
                  8.192547,40.754548,0
                  8.192504,40.754542,0
                  8.192462,40.754534,0
                  8.192421,40.754524,0
                  8.192381,40.754511,0
                  8.192343,40.754496,0
                  8.192306,40.754478,0
                  8.19227,40.754459,0
                  8.192235,40.754437,0
                  8.192203,40.754414,0
                  8.192174,40.75439,0
                  8.192147,40.754365,0
                  8.192123,40.754338,0
                  8.1921,40.75431,0
                  8.19208,40.754281,0
                  8.192063,40.754251,0
                  8.192047,40.754219,0
                  8.192034,40.754186,0
                  8.192023,40.754152,0
                  8.191909,40.753744,0
                  8.1919,40.753709,0
                  8.191895,40.753676,0
                  8.191894,40.753644,0
                  8.191896,40.753613,0
                  8.191901,40.753583,0
                  8.191909,40.753555,0
                  8.191921,40.753528,0
                  8.191936,40.753502,0
                  8.191955,40.753478,0
                  8.191977,40.753455,0
                  8.192002,40.753434,0
                  8.192029,40.753415,0
                  8.192059,40.753398,0
                  8.192091,40.753384,0
                  8.192125,40.753371,0
                  8.192162,40.753361,0
                  8.192201,40.753353,0
                  8.192243,40.753348,0
                  8.192287,40.753344,0
                  8.192334,40.753343,0
                  8.192457,40.753343,0
                  8.192502,40.753345,0
                  8.192547,40.753348,0
                  8.19259,40.753354,0
                  8.192633,40.753362,0
                  8.192675,40.753372,0
                  8.192716,40.753385,0
                  8.192756,40.7534,0
                  8.192796,40.753418,0
                  8.192835,40.753437,0
                  8.192872,40.753459,0
                  8.192909,40.753483,0
                  8.192942,40.753508,0
                  8.192972,40.753534,0
                  8.193,40.753561,0
                  8.193025,40.753589,0
                  8.193047,40.753618,0
                  8.193066,40.753648,0
                  8.193083,40.753679,0
                  8.193096,40.753711,0
                  8.193107,40.753744,0
                  8.193432,40.754901,0
                </coordinates>
              </LinearRing>
            </outerBoundaryIs>
            <innerBoundaryIs>
              <LinearRing>
                <tessellate>1</tessellate>
                <coordinates>
                  8.192815,40.754278,0
                  8.192809,40.754279,0
                  8.192801,40.75428,0
                  8.192791,40.754281,0
                  8.192778,40.754282,0
                  8.192764,40.754282,0
                  8.192747,40.754283,0
                  8.192727,40.754283,0
                  8.192706,40.754283,0
                  8.192682,40.754283,0
                  8.192642,40.754283,0
                  8.192614,40.754282,0
                  8.192589,40.754279,0
                  8.192566,40.754272,0
                  8.192545,40.754264,0
                  8.192526,40.754253,0
                  8.19251,40.75424,0
                  8.192495,40.754224,0
                  8.192483,40.754206,0
                  8.192473,40.754186,0
                  8.192465,40.754163,0
                  8.192343,40.753723,0
                  8.192341,40.753714,0
                  8.192339,40.753706,0
                  8.192339,40.753698,0
                  8.192339,40.75369,0
                  8.192341,40.753682,0
                  8.192343,40.753674,0
                  8.192346,40.753667,0
                  8.19235,40.75366,0
                  8.192355,40.753653,0
                  8.192361,40.753646,0
                  8.192367,40.75364,0
                  8.192374,40.753635,0
                  8.192381,40.75363,0
                  8.192389,40.753625,0
                  8.192398,40.753622,0
                  8.192407,40.753619,0
                  8.192416,40.753616,0
                  8.192426,40.753615,0
                  8.192437,40.753614,0
                  8.192448,40.753613,0
                  8.192494,40.753613,0
                  8.192505,40.753614,0
                  8.192517,40.753615,0
                  8.192528,40.753616,0
                  8.192538,40.753619,0
                  8.192549,40.753622,0
                  8.19256,40.753626,0
                  8.19257,40.75363,0
                  8.192581,40.753635,0
                  8.192591,40.753641,0
                  8.192601,40.753647,0
                  8.192611,40.753654,0
                  8.19262,40.753661,0
                  8.192628,40.753668,0
                  8.192636,40.753675,0
                  8.192642,40.753683,0
                  8.192648,40.75369,0
                  8.192653,40.753698,0
                  8.192658,40.753706,0
                  8.192661,40.753715,0
                  8.192664,40.753723,0
                  8.192819,40.754276,0
                  8.192815,40.754278,0
                </coordinates>
              </LinearRing>
            </innerBoundaryIs>
          </Polygon>
          <Polygon>
            <outerBoundaryIs>
              <LinearRing>
                <tessellate>1</tessellate>
                <coordinates>
                  8.194885,40.754508,0
                  8.194447,40.754508,0
                  8.194228,40.753729,0
                  8.194226,40.753721,0
                  8.194222,40.753712,0
                  8.194218,40.753704,0
                  8.194213,40.753696,0
                  8.194207,40.753688,0
                  8.1942,40.753681,0
                  8.194193,40.753673,0
                  8.194185,40.753666,0
                  8.194176,40.753659,0
                  8.194166,40.753652,0
                  8.194156,40.753645,0
                  8.194145,40.753639,0
                  8.194135,40.753634,0
                  8.194124,40.75363,0
                  8.194114,40.753626,0
                  8.194103,40.753623,0
                  8.194092,40.753621,0
                  8.194081,40.753619,0
                  8.19407,40.753618,0
                  8.194059,40.753617,0
                  8.194013,40.753617,0
                  8.194002,40.753618,0
                  8.193991,40.753619,0
                  8.193981,40.753621,0
                  8.193972,40.753623,0
                  8.193963,40.753626,0
                  8.193954,40.75363,0
                  8.193946,40.753634,0
                  8.193939,40.753639,0
                  8.193932,40.753645,0
                  8.193926,40.753651,0
                  8.19392,40.753658,0
                  8.193915,40.753665,0
                  8.193911,40.753673,0
                  8.193908,40.75368,0
                  8.193906,40.753688,0
                  8.193905,40.753696,0
                  8.193904,40.753704,0
                  8.193904,40.753712,0
                  8.193905,40.75372,0
                  8.193907,40.753729,0
                  8.194126,40.754508,0
                  8.193686,40.754508,0
                  8.193472,40.753744,0
                  8.193464,40.753711,0
                  8.19346,40.753679,0
                  8.193459,40.753648,0
                  8.193461,40.753618,0
                  8.193467,40.753589,0
                  8.193477,40.753561,0
                  8.19349,40.753534,0
                  8.193506,40.753508,0
                  8.193526,40.753483,0
                  8.193549,40.753459,0
                  8.193575,40.753437,0
                  8.193603,40.753418,0
                  8.193632,40.7534,0
                  8.193664,40.753385,0
                  8.193698,40.753372,0
                  8.193734,40.753362,0
                  8.193772,40.753354,0
                  8.193811,40.753348,0
                  8.193853,40.753345,0
                  8.193897,40.753343,0
                  8.194021,40.753343,0
                  8.194065,40.753345,0
                  8.194109,40.753348,0
                  8.194152,40.753354,0
                  8.194195,40.753362,0
                  8.194237,40.753372,0
                  8.194278,40.753385,0
                  8.194318,40.7534,0
                  8.194357,40.753418,0
                  8.194396,40.753437,0
                  8.194434,40.753459,0
                  8.194471,40.753483,0
                  8.194504,40.753508,0
                  8.194535,40.753534,0
                  8.194563,40.753561,0
                  8.194588,40.753589,0
                  8.19461,40.753618,0
                  8.194629,40.753648,0
                  8.194646,40.753679,0
                  8.19466,40.753711,0
                  8.194671,40.753744,0
                  8.194885,40.754508,0
                </coordinates>
              </LinearRing>
            </outerBoundaryIs>
          </Polygon>
          <Polygon>
            <outerBoundaryIs>
              <LinearRing>
                <tessellate>1</tessellate>
                <coordinates>
                  8.187058,40.754161,0
                  8.187066,40.754195,0
                  8.187072,40.754228,0
                  8.187074,40.754259,0
                  8.187073,40.754289,0
                  8.18707,40.754318,0
                  8.187063,40.754345,0
                  8.187053,40.754371,0
                  8.187041,40.754396,0
                  8.187025,40.754419,0
                  8.187007,40.754441,0
                  8.186984,40.754462,0
                  8.186958,40.754481,0
                  8.18693,40.754498,0
                  8.186899,40.754512,0
                  8.186864,40.754525,0
                  8.186827,40.754535,0
                  8.186787,40.754542,0
                  8.186745,40.754548,0
                  8.186699,40.754551,0
                  8.18665,40.754552,0
                  8.186488,40.754552,0
                  8.186437,40.754552,0
                  8.186387,40.75455,0
                  8.186339,40.754546,0
                  8.186293,40.754542,0
                  8.186248,40.754536,0
                  8.186204,40.754528,0
                  8.186162,40.754519,0
                  8.186122,40.754509,0
                  8.186083,40.754498,0
                  8.186046,40.754485,0
                  8.186091,40.754248,0
                  8.18612,40.754258,0
                  8.18615,40.754267,0
                  8.18618,40.754274,0
                  8.186211,40.754281,0
                  8.186244,40.754287,0
                  8.186277,40.754291,0
                  8.186311,40.754295,0
                  8.186345,40.754297,0
                  8.186381,40.754299,0
                  8.186417,40.754299,0
                  8.186502,40.754299,0
                  8.186531,40.754298,0
                  8.186557,40.754294,0
                  8.186578,40.754288,0
                  8.186596,40.754279,0
                  8.18661,40.754268,0
                  8.18662,40.754254,0
                  8.186627,40.754238,0
                  8.186629,40.75422,0
                  8.186628,40.754198,0
                  8.186623,40.754175,0
                  8.186603,40.754103,0
                  8.186597,40.754104,0
                  8.18659,40.754105,0
                  8.186581,40.754106,0
                  8.18657,40.754107,0
                  8.186557,40.754107,0
                  8.186542,40.754108,0
                  8.186526,40.754108,0
                  8.186508,40.754109,0
                  8.186488,40.754109,0
                  8.186466,40.754109,0
                  8.186353,40.754109,0
                  8.186302,40.754108,0
                  8.186254,40.754105,0
                  8.186207,40.754099,0
                  8.186163,40.754092,0
                  8.18612,40.754082,0
                  8.186079,40.75407,0
                  8.186039,40.754056,0
                  8.186002,40.75404,0
                  8.185967,40.754022,0
                  8.185933,40.754001,0
                  8.185905,40.753981,0
                  8.185879,40.75396,0
                  8.185854,40.753938,0
                  8.185832,40.753914,0
                  8.185812,40.753889,0
                  8.185794,40.753863,0
                  8.185778,40.753835,0
                  8.185763,40.753806,0
                  8.185751,40.753776,0
                  8.185741,40.753744,0
                  8.185732,40.753706,0
                  8.185726,40.75367,0
                  8.185724,40.753635,0
                  8.185725,40.753602,0
                  8.185729,40.753571,0
                  8.185738,40.753542,0
                  8.185749,40.753515,0
                  8.185765,40.75349,0
                  8.185783,40.753466,0
                  8.185805,40.753444,0
                  8.18583,40.753425,0
                  8.185857,40.753408,0
                  8.185886,40.753393,0
                  8.185918,40.75338,0
                  8.185953,40.753369,0
                  8.18599,40.753359,0
                  8.18603,40.753352,0
                  8.186073,40.753347,0
                  8.186118,40.753344,0
                  8.186166,40.753343,0
                  8.186319,40.753343,0
                  8.186364,40.753344,0
                  8.186407,40.753348,0
                  8.18645,40.753353,0
                  8.186492,40.75336,0
                  8.186532,40.75337,0
                  8.186571,40.753381,0
                  8.186609,40.753395,0
                  8.186646,40.75341,0
                  8.186682,40.753428,0
                  8.186717,40.753448,0
                  8.18675,40.75347,0
                  8.18678,40.753492,0
                  8.186808,40.753517,0
                  8.186833,40.753542,0
                  8.186856,40.753569,0
                  8.186877,40.753597,0
                  8.186895,40.753626,0
                  8.186911,40.753656,0
                  8.186924,40.753688,0
                  8.186934,40.753721,0
                  8.187058,40.754161,0
                </coordinates>
              </LinearRing>
            </outerBoundaryIs>
            <innerBoundaryIs>
              <LinearRing>
                <tessellate>1</tessellate>
                <coordinates>
                  8.186528,40.753853,0
                  8.186523,40.753854,0
                  8.186515,40.753855,0
                  8.186504,40.753856,0
                  8.186492,40.753857,0
                  8.186477,40.753858,0
                  8.18646,40.753858,0
                  8.186441,40.753858,0
                  8.18642,40.753859,0
                  8.186396,40.753859,0
                  8.18635,40.753859,0
                  8.186324,40.753858,0
                  8.1863,40.753854,0
                  8.186278,40.753849,0
                  8.186258,40.753841,0
                  8.18624,40.753831,0
                  8.186224,40.753819,0
                  8.18621,40.753804,0
                  8.186199,40.753788,0
                  8.186189,40.753769,0
                  8.186182,40.753748,0
                  8.186173,40.753717,0
                  8.186171,40.753708,0
                  8.18617,40.7537,0
                  8.186169,40.753691,0
                  8.18617,40.753683,0
                  8.186171,40.753675,0
                  8.186174,40.753667,0
                  8.186177,40.75366,0
                  8.186181,40.753653,0
                  8.186186,40.753646,0
                  8.186192,40.753639,0
                  8.186198,40.753633,0
                  8.186205,40.753627,0
                  8.186213,40.753622,0
                  8.186221,40.753618,0
                  8.186229,40.753614,0
                  8.186238,40.753611,0
                  8.186248,40.753609,0
                  8.186258,40.753607,0
                  8.186268,40.753606,0
                  8.186279,40.753606,0
                  8.186325,40.753606,0
                  8.186352,40.753607,0
                  8.186376,40.75361,0
                  8.186398,40.753615,0
                  8.186419,40.753623,0
                  8.186436,40.753632,0
                  8.186452,40.753644,0
                  8.186466,40.753658,0
                  8.186477,40.753674,0
                  8.186487,40.753693,0
                  8.186494,40.753713,0
                  8.186532,40.753852,0
                  8.186528,40.753853,0
                </coordinates>
              </LinearRing>
            </innerBoundaryIs>
          </Polygon>
          <Polygon>
            <outerBoundaryIs>
              <LinearRing>
                <tessellate>1</tessellate>
                <coordinates>
                  8.191676,40.754161,0
                  8.191684,40.754195,0
                  8.191689,40.754228,0
                  8.191691,40.754259,0
                  8.191691,40.754289,0
                  8.191687,40.754318,0
                  8.191681,40.754345,0
                  8.191671,40.754371,0
                  8.191658,40.754396,0
                  8.191643,40.754419,0
                  8.191624,40.754441,0
                  8.191602,40.754462,0
                  8.191576,40.754481,0
                  8.191547,40.754498,0
                  8.191516,40.754512,0
                  8.191482,40.754525,0
                  8.191445,40.754535,0
                  8.191405,40.754542,0
                  8.191362,40.754548,0
                  8.191316,40.754551,0
                  8.191268,40.754552,0
                  8.191106,40.754552,0
                  8.191055,40.754552,0
                  8.191005,40.75455,0
                  8.190957,40.754546,0
                  8.19091,40.754542,0
                  8.190865,40.754536,0
                  8.190822,40.754528,0
                  8.19078,40.754519,0
                  8.19074,40.754509,0
                  8.190701,40.754498,0
                  8.190664,40.754485,0
                  8.190708,40.754248,0
                  8.190737,40.754258,0
                  8.190767,40.754267,0
                  8.190798,40.754274,0
                  8.190829,40.754281,0
                  8.190861,40.754287,0
                  8.190894,40.754291,0
                  8.190928,40.754295,0
                  8.190963,40.754297,0
                  8.190998,40.754299,0
                  8.191035,40.754299,0
                  8.191119,40.754299,0
                  8.191148,40.754298,0
                  8.191174,40.754294,0
                  8.191196,40.754288,0
                  8.191214,40.754279,0
                  8.191228,40.754268,0
                  8.191238,40.754254,0
                  8.191244,40.754238,0
                  8.191247,40.75422,0
                  8.191245,40.754198,0
                  8.19124,40.754175,0
                  8.19122,40.754103,0
                  8.191215,40.754104,0
                  8.191207,40.754105,0
                  8.191198,40.754106,0
                  8.191187,40.754107,0
                  8.191174,40.754107,0
                  8.19116,40.754108,0
                  8.191143,40.754108,0
                  8.191125,40.754109,0
                  8.191105,40.754109,0
                  8.191084,40.754109,0
                  8.19097,40.754109,0
                  8.19092,40.754108,0
                  8.190871,40.754105,0
                  8.190825,40.754099,0
                  8.19078,40.754092,0
                  8.190737,40.754082,0
                  8.190696,40.75407,0
                  8.190657,40.754056,0
                  8.19062,40.75404,0
                  8.190584,40.754022,0
                  8.190551,40.754001,0
                  8.190522,40.753981,0
                  8.190496,40.75396,0
                  8.190472,40.753938,0
                  8.19045,40.753914,0
                  8.19043,40.753889,0
                  8.190411,40.753863,0
                  8.190395,40.753835,0
                  8.190381,40.753806,0
                  8.190369,40.753776,0
                  8.190358,40.753744,0
                  8.190349,40.753706,0
                  8.190343,40.75367,0
                  8.190341,40.753635,0
                  8.190342,40.753602,0
                  8.190347,40.753571,0
                  8.190355,40.753542,0
                  8.190367,40.753515,0
                  8.190382,40.75349,0
                  8.190401,40.753466,0
                  8.190423,40.753444,0
                  8.190447,40.753425,0
                  8.190474,40.753408,0
                  8.190503,40.753393,0
                  8.190536,40.75338,0
                  8.19057,40.753369,0
                  8.190608,40.753359,0
                  8.190648,40.753352,0
                  8.19069,40.753347,0
                  8.190736,40.753344,0
                  8.190783,40.753343,0
                  8.190936,40.753343,0
                  8.190981,40.753344,0
                  8.191025,40.753348,0
                  8.191068,40.753353,0
                  8.191109,40.75336,0
                  8.191149,40.75337,0
                  8.191189,40.753381,0
                  8.191227,40.753395,0
                  8.191264,40.75341,0
                  8.1913,40.753428,0
                  8.191334,40.753448,0
                  8.191367,40.75347,0
                  8.191397,40.753492,0
                  8.191425,40.753517,0
                  8.191451,40.753542,0
                  8.191474,40.753569,0
                  8.191494,40.753597,0
                  8.191512,40.753626,0
                  8.191528,40.753656,0
                  8.191541,40.753688,0
                  8.191552,40.753721,0
                  8.191676,40.754161,0
                </coordinates>
              </LinearRing>
            </outerBoundaryIs>
            <innerBoundaryIs>
              <LinearRing>
                <tessellate>1</tessellate>
                <coordinates>
                  8.191146,40.753853,0
                  8.19114,40.753854,0
                  8.191132,40.753855,0
                  8.191122,40.753856,0
                  8.191109,40.753857,0
                  8.191095,40.753858,0
                  8.191078,40.753858,0
                  8.191059,40.753858,0
                  8.191037,40.753859,0
                  8.191014,40.753859,0
                  8.190968,40.753859,0
                  8.190941,40.753858,0
                  8.190917,40.753854,0
                  8.190895,40.753849,0
                  8.190875,40.753841,0
                  8.190857,40.753831,0
                  8.190841,40.753819,0
                  8.190828,40.753804,0
                  8.190816,40.753788,0
                  8.190807,40.753769,0
                  8.190799,40.753748,0
                  8.19079,40.753717,0
                  8.190788,40.753708,0
                  8.190787,40.7537,0
                  8.190787,40.753691,0
                  8.190787,40.753683,0
                  8.190789,40.753675,0
                  8.190791,40.753667,0
                  8.190794,40.75366,0
                  8.190798,40.753653,0
                  8.190803,40.753646,0
                  8.190809,40.753639,0
                  8.190816,40.753633,0
                  8.190823,40.753627,0
                  8.19083,40.753622,0
                  8.190838,40.753618,0
                  8.190846,40.753614,0
                  8.190855,40.753611,0
                  8.190865,40.753609,0
                  8.190875,40.753607,0
                  8.190886,40.753606,0
                  8.190897,40.753606,0
                  8.190943,40.753606,0
                  8.190969,40.753607,0
                  8.190994,40.75361,0
                  8.191016,40.753615,0
                  8.191036,40.753623,0
                  8.191054,40.753632,0
                  8.19107,40.753644,0
                  8.191083,40.753658,0
                  8.191095,40.753674,0
                  8.191104,40.753693,0
                  8.191111,40.753713,0
                  8.191149,40.753852,0
                  8.191146,40.753853,0
                </coordinates>
              </LinearRing>
            </innerBoundaryIs>
          </Polygon>
          <Polygon>
            <outerBoundaryIs>
              <LinearRing>
                <tessellate>1</tessellate>
                <coordinates>
                  8.197108,40.754161,0
                  8.197116,40.754195,0
                  8.197121,40.754228,0
                  8.197123,40.754259,0
                  8.197123,40.754289,0
                  8.197119,40.754318,0
                  8.197113,40.754345,0
                  8.197103,40.754371,0
                  8.19709,40.754396,0
                  8.197075,40.754419,0
                  8.197056,40.754441,0
                  8.197034,40.754462,0
                  8.197008,40.754481,0
                  8.196979,40.754498,0
                  8.196948,40.754512,0
                  8.196914,40.754525,0
                  8.196877,40.754535,0
                  8.196837,40.754542,0
                  8.196794,40.754548,0
                  8.196748,40.754551,0
                  8.1967,40.754552,0
                  8.196538,40.754552,0
                  8.196487,40.754552,0
                  8.196437,40.75455,0
                  8.196389,40.754546,0
                  8.196342,40.754542,0
                  8.196297,40.754536,0
                  8.196254,40.754528,0
                  8.196212,40.754519,0
                  8.196172,40.754509,0
                  8.196133,40.754498,0
                  8.196096,40.754485,0
                  8.19614,40.754248,0
                  8.196169,40.754258,0
                  8.196199,40.754267,0
                  8.19623,40.754274,0
                  8.196261,40.754281,0
                  8.196293,40.754287,0
                  8.196326,40.754291,0
                  8.19636,40.754295,0
                  8.196395,40.754297,0
                  8.19643,40.754299,0
                  8.196467,40.754299,0
                  8.196551,40.754299,0
                  8.19658,40.754298,0
                  8.196606,40.754294,0
                  8.196628,40.754288,0
                  8.196646,40.754279,0
                  8.19666,40.754268,0
                  8.19667,40.754254,0
                  8.196676,40.754238,0
                  8.196679,40.75422,0
                  8.196677,40.754198,0
                  8.196672,40.754175,0
                  8.196652,40.754103,0
                  8.196647,40.754104,0
                  8.196639,40.754105,0
                  8.19663,40.754106,0
                  8.196619,40.754107,0
                  8.196606,40.754107,0
                  8.196592,40.754108,0
                  8.196575,40.754108,0
                  8.196557,40.754109,0
                  8.196537,40.754109,0
                  8.196516,40.754109,0
                  8.196402,40.754109,0
                  8.196352,40.754108,0
                  8.196303,40.754105,0
                  8.196257,40.754099,0
                  8.196212,40.754092,0
                  8.196169,40.754082,0
                  8.196128,40.75407,0
                  8.196089,40.754056,0
                  8.196052,40.75404,0
                  8.196016,40.754022,0
                  8.195983,40.754001,0
                  8.195954,40.753981,0
                  8.195928,40.75396,0
                  8.195904,40.753938,0
                  8.195882,40.753914,0
                  8.195862,40.753889,0
                  8.195843,40.753863,0
                  8.195827,40.753835,0
                  8.195813,40.753806,0
                  8.195801,40.753776,0
                  8.19579,40.753744,0
                  8.195781,40.753706,0
                  8.195775,40.75367,0
                  8.195773,40.753635,0
                  8.195774,40.753602,0
                  8.195779,40.753571,0
                  8.195787,40.753542,0
                  8.195799,40.753515,0
                  8.195814,40.75349,0
                  8.195833,40.753466,0
                  8.195855,40.753444,0
                  8.195879,40.753425,0
                  8.195906,40.753408,0
                  8.195935,40.753393,0
                  8.195968,40.75338,0
                  8.196002,40.753369,0
                  8.19604,40.753359,0
                  8.19608,40.753352,0
                  8.196122,40.753347,0
                  8.196168,40.753344,0
                  8.196215,40.753343,0
                  8.196368,40.753343,0
                  8.196413,40.753344,0
                  8.196457,40.753348,0
                  8.1965,40.753353,0
                  8.196541,40.75336,0
                  8.196581,40.75337,0
                  8.196621,40.753381,0
                  8.196659,40.753395,0
                  8.196696,40.75341,0
                  8.196732,40.753428,0
                  8.196766,40.753448,0
                  8.196799,40.75347,0
                  8.196829,40.753492,0
                  8.196857,40.753517,0
                  8.196883,40.753542,0
                  8.196906,40.753569,0
                  8.196926,40.753597,0
                  8.196944,40.753626,0
                  8.19696,40.753656,0
                  8.196973,40.753688,0
                  8.196984,40.753721,0
                  8.197108,40.754161,0
                </coordinates>
              </LinearRing>
            </outerBoundaryIs>
            <innerBoundaryIs>
              <LinearRing>
                <tessellate>1</tessellate>
                <coordinates>
                  8.196578,40.753853,0
                  8.196572,40.753854,0
                  8.196564,40.753855,0
                  8.196554,40.753856,0
                  8.196541,40.753857,0
                  8.196527,40.753858,0
                  8.19651,40.753858,0
                  8.196491,40.753858,0
                  8.196469,40.753859,0
                  8.196446,40.753859,0
                  8.1964,40.753859,0
                  8.196373,40.753858,0
                  8.196349,40.753854,0
                  8.196327,40.753849,0
                  8.196307,40.753841,0
                  8.196289,40.753831,0
                  8.196273,40.753819,0
                  8.19626,40.753804,0
                  8.196248,40.753788,0
                  8.196239,40.753769,0
                  8.196231,40.753748,0
                  8.196222,40.753717,0
                  8.19622,40.753708,0
                  8.196219,40.7537,0
                  8.196219,40.753691,0
                  8.196219,40.753683,0
                  8.196221,40.753675,0
                  8.196223,40.753667,0
                  8.196226,40.75366,0
                  8.19623,40.753653,0
                  8.196235,40.753646,0
                  8.196241,40.753639,0
                  8.196248,40.753633,0
                  8.196255,40.753627,0
                  8.196262,40.753622,0
                  8.19627,40.753618,0
                  8.196278,40.753614,0
                  8.196287,40.753611,0
                  8.196297,40.753609,0
                  8.196307,40.753607,0
                  8.196318,40.753606,0
                  8.196329,40.753606,0
                  8.196375,40.753606,0
                  8.196401,40.753607,0
                  8.196426,40.75361,0
                  8.196448,40.753615,0
                  8.196468,40.753623,0
                  8.196486,40.753632,0
                  8.196502,40.753644,0
                  8.196515,40.753658,0
                  8.196527,40.753674,0
                  8.196536,40.753693,0
                  8.196543,40.753713,0
                  8.196581,40.753852,0
                  8.196578,40.753853,0
                </coordinates>
              </LinearRing>
            </innerBoundaryIs>
          </Polygon>
          <Polygon>
            <outerBoundaryIs>
              <LinearRing>
                <tessellate>1</tessellate>
                <coordinates>
                  8.187852,40.753646,0
                  8.187844,40.753647,0
                  8.187837,40.753647,0
                  8.187829,40.753647,0
                  8.187823,40.753648,0
                  8.187816,40.753649,0
                  8.18781,40.753649,0
                  8.187804,40.75365,0
                  8.187799,40.753651,0
                  8.187793,40.753652,0
                  8.187789,40.753653,0
                  8.187778,40.753656,0
                  8.187768,40.753659,0
                  8.18776,40.753663,0
                  8.187753,40.753667,0
                  8.187746,40.753673,0
                  8.187741,40.753678,0
                  8.187736,40.753685,0
                  8.187733,40.753692,0
                  8.187731,40.7537,0
                  8.187729,40.753708,0
                  8.187729,40.753713,0
                  8.187729,40.753719,0
                  8.187729,40.753725,0
                  8.18773,40.753732,0
                  8.187732,40.75374,0
                  8.187733,40.753749,0
                  8.187735,40.753758,0
                  8.187738,40.753768,0
                  8.187741,40.753779,0
                  8.187744,40.753791,0
                  8.188056,40.754901,0
                  8.187616,40.754901,0
                  8.187298,40.753766,0
                  8.187287,40.753725,0
                  8.18728,40.753687,0
                  8.187275,40.753651,0
                  8.187273,40.753617,0
                  8.187274,40.753586,0
                  8.187277,40.753557,0
                  8.187284,40.75353,0
                  8.187293,40.753506,0
                  8.187305,40.753484,0
                  8.18732,40.753465,0
                  8.187343,40.753443,0
                  8.18737,40.753424,0
                  8.187403,40.753407,0
                  8.18744,40.753393,0
                  8.187483,40.753381,0
                  8.18753,40.753371,0
                  8.187583,40.753364,0
                  8.18764,40.753359,0
                  8.187703,40.753356,0
                  8.18777,40.753356,0
                  8.187852,40.753646,0
                </coordinates>
              </LinearRing>
            </outerBoundaryIs>
          </Polygon>
          <Polygon>
            <outerBoundaryIs>
              <LinearRing>
                <tessellate>1</tessellate>
                <coordinates>
                  8.195583,40.753646,0
                  8.195575,40.753647,0
                  8.195567,40.753647,0
                  8.19556,40.753647,0
                  8.195553,40.753648,0
                  8.195547,40.753649,0
                  8.195541,40.753649,0
                  8.195535,40.75365,0
                  8.195529,40.753651,0
                  8.195524,40.753652,0
                  8.195519,40.753653,0
                  8.195509,40.753656,0
                  8.195499,40.753659,0
                  8.195491,40.753663,0
                  8.195483,40.753667,0
                  8.195477,40.753673,0
                  8.195472,40.753678,0
                  8.195467,40.753685,0
                  8.195464,40.753692,0
                  8.195461,40.7537,0
                  8.19546,40.753708,0
                  8.19546,40.753713,0
                  8.19546,40.753719,0
                  8.19546,40.753725,0
                  8.195461,40.753732,0
                  8.195462,40.75374,0
                  8.195464,40.753749,0
                  8.195466,40.753758,0
                  8.195469,40.753768,0
                  8.195471,40.753779,0
                  8.195475,40.753791,0
                  8.195786,40.754901,0
                  8.195347,40.754901,0
                  8.195029,40.753766,0
                  8.195018,40.753725,0
                  8.19501,40.753687,0
                  8.195006,40.753651,0
                  8.195004,40.753617,0
                  8.195005,40.753586,0
                  8.195008,40.753557,0
                  8.195015,40.75353,0
                  8.195024,40.753506,0
                  8.195036,40.753484,0
                  8.195051,40.753465,0
                  8.195073,40.753443,0
                  8.195101,40.753424,0
                  8.195133,40.753407,0
                  8.195171,40.753393,0
                  8.195213,40.753381,0
                  8.195261,40.753371,0
                  8.195313,40.753364,0
                  8.195371,40.753359,0
                  8.195433,40.753356,0
                  8.195501,40.753356,0
                  8.195583,40.753646,0
                </coordinates>
              </LinearRing>
            </outerBoundaryIs>
          </Polygon>
        </MultiGeometry>
      </Placemark>
      <Placemark>
        <name>15/17</name>
        <styleUrl>#poly-F9F9F9-1200-255-nodesc</styleUrl>
        <MultiGeometry>
          <Polygon>
            <outerBoundaryIs>
              <LinearRing>
                <tessellate>1</tessellate>
                <coordinates>
                  8.158097,40.762228,0
                  8.158097,40.762722,0
                  8.157405,40.762764,0
                  8.156734,40.76286,0
                  8.15609,40.763006,0
                  8.155476,40.7632,0
                  8.154894,40.763438,0
                  8.154351,40.763718,0
                  8.153848,40.764036,0
                  8.15339,40.764391,0
                  8.15298,40.764779,0
                  8.152623,40.765198,0
                  8.152321,40.765644,0
                  8.15208,40.766115,0
                  8.151901,40.766608,0
                  8.15179,40.767119,0
                  8.15175,40.767647,0
                  8.151099,40.767647,0
                  8.151143,40.767065,0
                  8.151265,40.766502,0
                  8.151461,40.765959,0
                  8.151728,40.76544,0
                  8.15206,40.764949,0
                  8.152454,40.764488,0
                  8.152906,40.764061,0
                  8.153411,40.76367,0
                  8.153966,40.763319,0
                  8.154566,40.763011,0
                  8.155206,40.76275,0
                  8.155884,40.762538,0
                  8.156595,40.762378,0
                  8.157334,40.762273,0
                  8.158097,40.762228,0
                </coordinates>
              </LinearRing>
            </outerBoundaryIs>
          </Polygon>
          <Polygon>
            <outerBoundaryIs>
              <LinearRing>
                <tessellate>1</tessellate>
                <coordinates>
                  8.165476,40.767647,0
                  8.164825,40.767647,0
                  8.164785,40.767121,0
                  8.164675,40.76661,0
                  8.164497,40.766119,0
                  8.164257,40.765649,0
                  8.163957,40.765204,0
                  8.163602,40.764786,0
                  8.163194,40.764399,0
                  8.162738,40.764044,0
                  8.162238,40.763725,0
                  8.161697,40.763445,0
                  8.161118,40.763207,0
                  8.160507,40.763012,0
                  8.159865,40.762865,0
                  8.159198,40.762767,0
                  8.158508,40.762722,0
                  8.158508,40.762229,0
                  8.159269,40.762276,0
                  8.160005,40.762383,0
                  8.160713,40.762544,0
                  8.161388,40.762757,0
                  8.162026,40.763019,0
                  8.162623,40.763327,0
                  8.163175,40.763678,0
                  8.163678,40.764068,0
                  8.164127,40.764495,0
                  8.164519,40.764955,0
                  8.16485,40.765446,0
                  8.165115,40.765963,0
                  8.165311,40.766505,0
                  8.165432,40.767067,0
                  8.165476,40.767647,0
                </coordinates>
              </LinearRing>
            </outerBoundaryIs>
          </Polygon>
          <Polygon>
            <outerBoundaryIs>
              <LinearRing>
                <tessellate>1</tessellate>
                <coordinates>
                  8.174127,40.773113,0
                  8.174127,40.772619,0
                  8.174807,40.772577,0
                  8.175466,40.772483,0
                  8.176099,40.772341,0
                  8.176704,40.772152,0
                  8.177277,40.771921,0
                  8.177814,40.771649,0
                  8.178311,40.77134,0
                  8.178767,40.770995,0
                  8.179175,40.770618,0
                  8.179534,40.770211,0
                  8.17984,40.769778,0
                  8.180088,40.76932,0
                  8.180276,40.76884,0
                  8.1804,40.768341,0
                  8.180456,40.767826,0
                  8.181108,40.767826,0
                  8.181048,40.768395,0
                  8.180913,40.768946,0
                  8.180706,40.769476,0
                  8.180433,40.769982,0
                  8.180097,40.770461,0
                  8.179701,40.77091,0
                  8.17925,40.771326,0
                  8.178748,40.771706,0
                  8.178198,40.772048,0
                  8.177605,40.772347,0
                  8.176973,40.772602,0
                  8.176305,40.772809,0
                  8.175605,40.772965,0
                  8.174878,40.773067,0
                  8.174127,40.773113,0
                </coordinates>
              </LinearRing>
            </outerBoundaryIs>
          </Polygon>
          <Polygon>
            <outerBoundaryIs>
              <LinearRing>
                <tessellate>1</tessellate>
                <coordinates>
                  8.181108,40.767515,0
                  8.180456,40.767515,0
                  8.1804,40.767,0
                  8.180276,40.766502,0
                  8.180088,40.766022,0
                  8.179839,40.765564,0
                  8.179534,40.76513,0
                  8.179175,40.764723,0
                  8.178766,40.764346,0
                  8.178311,40.764001,0
                  8.177813,40.763692,0
                  8.177276,40.76342,0
                  8.176704,40.763189,0
                  8.176099,40.763001,0
                  8.175466,40.762858,0
                  8.174807,40.762765,0
                  8.174127,40.762722,0
                  8.174127,40.762228,0
                  8.174878,40.762274,0
                  8.175605,40.762376,0
                  8.176305,40.762532,0
                  8.176973,40.762739,0
                  8.177605,40.762994,0
                  8.178198,40.763294,0
                  8.178748,40.763635,0
                  8.17925,40.764016,0
                  8.179701,40.764432,0
                  8.180096,40.764881,0
                  8.180433,40.76536,0
                  8.180706,40.765866,0
                  8.180912,40.766396,0
                  8.181048,40.766947,0
                  8.181108,40.767515,0
                </coordinates>
              </LinearRing>
            </outerBoundaryIs>
          </Polygon>
          <Polygon>
            <outerBoundaryIs>
              <LinearRing>
                <tessellate>1</tessellate>
                <coordinates>
                  8.166736,40.767826,0
                  8.167388,40.767826,0
                  8.167444,40.768341,0
                  8.167568,40.76884,0
                  8.167756,40.76932,0
                  8.168004,40.769778,0
                  8.16831,40.770211,0
                  8.168669,40.770618,0
                  8.169077,40.770995,0
                  8.169533,40.77134,0
                  8.17003,40.771649,0
                  8.170567,40.771921,0
                  8.17114,40.772152,0
                  8.171745,40.77234,0
                  8.172378,40.772483,0
                  8.173037,40.772577,0
                  8.173717,40.772619,0
                  8.173717,40.773113,0
                  8.172966,40.773067,0
                  8.172238,40.772965,0
                  8.171539,40.772809,0
                  8.170871,40.772602,0
                  8.170238,40.772347,0
                  8.169645,40.772048,0
                  8.169096,40.771706,0
                  8.168594,40.771326,0
                  8.168143,40.77091,0
                  8.167747,40.770461,0
                  8.167411,40.769982,0
                  8.167137,40.769476,0
                  8.166931,40.768946,0
                  8.166796,40.768395,0
                  8.166736,40.767826,0
                </coordinates>
              </LinearRing>
            </outerBoundaryIs>
          </Polygon>
          <Polygon>
            <outerBoundaryIs>
              <LinearRing>
                <tessellate>1</tessellate>
                <coordinates>
                  8.173717,40.762228,0
                  8.173717,40.762722,0
                  8.173037,40.762765,0
                  8.172378,40.762858,0
                  8.171745,40.763001,0
                  8.17114,40.763189,0
                  8.170567,40.76342,0
                  8.17003,40.763692,0
                  8.169533,40.764002,0
                  8.169077,40.764346,0
                  8.168669,40.764723,0
                  8.16831,40.76513,0
                  8.168004,40.765564,0
                  8.167756,40.766022,0
                  8.167568,40.766502,0
                  8.167444,40.767,0
                  8.167388,40.767515,0
                  8.166736,40.767515,0
                  8.166796,40.766947,0
                  8.166931,40.766396,0
                  8.167138,40.765866,0
                  8.167411,40.76536,0
                  8.167747,40.764881,0
                  8.168143,40.764432,0
                  8.168594,40.764016,0
                  8.169096,40.763635,0
                  8.169646,40.763294,0
                  8.170238,40.762994,0
                  8.170871,40.762739,0
                  8.171539,40.762532,0
                  8.172238,40.762376,0
                  8.172966,40.762274,0
                  8.173717,40.762228,0
                </coordinates>
              </LinearRing>
            </outerBoundaryIs>
          </Polygon>
          <Polygon>
            <outerBoundaryIs>
              <LinearRing>
                <tessellate>1</tessellate>
                <coordinates>
                  8.151109,40.767958,0
                  8.151761,40.767958,0
                  8.151833,40.768462,0
                  8.15197,40.768948,0
                  8.152168,40.769416,0
                  8.152425,40.769863,0
                  8.152735,40.770285,0
                  8.153097,40.770681,0
                  8.153507,40.771047,0
                  8.153961,40.771382,0
                  8.154456,40.771683,0
                  8.154988,40.771946,0
                  8.155555,40.77217,0
                  8.156153,40.772352,0
                  8.156778,40.772489,0
                  8.157427,40.772579,0
                  8.158097,40.77262,0
                  8.158097,40.773113,0
                  8.157356,40.77307,0
                  8.156638,40.772971,0
                  8.155947,40.77282,0
                  8.155286,40.772619,0
                  8.154659,40.772372,0
                  8.154071,40.772081,0
                  8.153524,40.771748,0
                  8.153023,40.771378,0
                  8.152571,40.770972,0
                  8.152172,40.770534,0
                  8.151831,40.770067,0
                  8.15155,40.769572,0
                  8.151333,40.769054,0
                  8.151185,40.768515,0
                  8.151109,40.767958,0
                </coordinates>
              </LinearRing>
            </outerBoundaryIs>
          </Polygon>
          <Polygon>
            <outerBoundaryIs>
              <LinearRing>
                <tessellate>1</tessellate>
                <coordinates>
                  8.158508,40.773113,0
                  8.158508,40.772619,0
                  8.159175,40.772576,0
                  8.159821,40.772484,0
                  8.160444,40.772346,0
                  8.161039,40.772163,0
                  8.161603,40.771938,0
                  8.162133,40.771675,0
                  8.162625,40.771374,0
                  8.163077,40.77104,0
                  8.163484,40.770674,0
                  8.163844,40.770279,0
                  8.164153,40.769858,0
                  8.164408,40.769412,0
                  8.164605,40.768946,0
                  8.164741,40.76846,0
                  8.164813,40.767958,0
                  8.165466,40.767958,0
                  8.165391,40.768514,0
                  8.165243,40.769052,0
                  8.165028,40.769568,0
                  8.164748,40.770062,0
                  8.164408,40.770528,0
                  8.164011,40.770966,0
                  8.163562,40.771371,0
                  8.163063,40.771741,0
                  8.162518,40.772073,0
                  8.161932,40.772365,0
                  8.161308,40.772613,0
                  8.16065,40.772814,0
                  8.159962,40.772967,0
                  8.159246,40.773067,0
                  8.158508,40.773113,0
                </coordinates>
              </LinearRing>
            </outerBoundaryIs>
          </Polygon>
          <Polygon>
            <outerBoundaryIs>
              <LinearRing>
                <tessellate>1</tessellate>
                <coordinates>
                  8.178262,40.770439,0
                  8.178263,40.770439,0
                  8.178263,40.770463,0
                  8.178263,40.770487,0
                  8.178263,40.77051,0
                  8.178262,40.770533,0
                  8.178262,40.770554,0
                  8.178261,40.770575,0
                  8.17826,40.770596,0
                  8.178259,40.770616,0
                  8.178257,40.770635,0
                  8.178256,40.770654,0
                  8.178254,40.770672,0
                  8.178253,40.770689,0
                  8.178251,40.770706,0
                  8.178249,40.770722,0
                  8.178247,40.770737,0
                  8.178244,40.770752,0
                  8.178242,40.770767,0
                  8.178239,40.770781,0
                  8.178236,40.770794,0
                  8.178233,40.770807,0
                  8.17823,40.77082,0
                  8.178227,40.770832,0
                  8.178223,40.770844,0
                  8.17822,40.770855,0
                  8.178216,40.770866,0
                  8.178212,40.770876,0
                  8.178208,40.770886,0
                  8.178204,40.770896,0
                  8.178199,40.770905,0
                  8.178195,40.770914,0
                  8.17819,40.770922,0
                  8.178185,40.770929,0
                  8.17818,40.770936,0
                  8.178174,40.770943,0
                  8.178169,40.77095,0
                  8.178163,40.770956,0
                  8.178157,40.770961,0
                  8.178151,40.770967,0
                  8.178145,40.770972,0
                  8.178138,40.770976,0
                  8.178131,40.77098,0
                  8.178124,40.770984,0
                  8.178117,40.770988,0
                  8.178109,40.770991,0
                  8.178101,40.770993,0
                  8.178093,40.770996,0
                  8.178085,40.770998,0
                  8.178077,40.771,0
                  8.178069,40.771002,0
                  8.17806,40.771003,0
                  8.17805,40.771005,0
                  8.178041,40.771006,0
                  8.178031,40.771007,0
                  8.178021,40.771008,0
                  8.178011,40.771009,0
                  8.178,40.77101,0
                  8.177989,40.77101,0
                  8.177978,40.77101,0
                  8.177967,40.771011,0
                  8.177955,40.771011,0
                  8.174197,40.771011,0
                  8.174191,40.771011,0
                  8.174185,40.77101,0
                  8.174179,40.771009,0
                  8.174173,40.771008,0
                  8.174167,40.771007,0
                  8.174161,40.771006,0
                  8.174155,40.771004,0
                  8.174149,40.771002,0
                  8.174144,40.770999,0
                  8.174138,40.770996,0
                  8.174133,40.770993,0
                  8.174128,40.77099,0
                  8.174122,40.770987,0
                  8.174117,40.770983,0
                  8.174112,40.770979,0
                  8.174107,40.770975,0
                  8.174103,40.77097,0
                  8.174098,40.770965,0
                  8.174093,40.77096,0
                  8.174089,40.770954,0
                  8.174085,40.770948,0
                  8.17408,40.770942,0
                  8.174076,40.770935,0
                  8.174072,40.770928,0
                  8.174068,40.77092,0
                  8.174064,40.770912,0
                  8.17406,40.770904,0
                  8.174056,40.770895,0
                  8.174053,40.770886,0
                  8.174049,40.770877,0
                  8.174045,40.770867,0
                  8.174042,40.770857,0
                  8.174039,40.770846,0
                  8.174035,40.770836,0
                  8.174032,40.770824,0
                  8.174029,40.770813,0
                  8.174026,40.770801,0
                  8.174024,40.770789,0
                  8.174021,40.770776,0
                  8.174018,40.770763,0
                  8.174016,40.77075,0
                  8.174014,40.770736,0
                  8.174011,40.770722,0
                  8.174009,40.770708,0
                  8.174007,40.770693,0
                  8.174005,40.770678,0
                  8.174004,40.770663,0
                  8.174002,40.770648,0
                  8.174,40.770632,0
                  8.173999,40.770615,0
                  8.173998,40.770598,0
                  8.173997,40.770581,0
                  8.173996,40.770563,0
                  8.173995,40.770545,0
                  8.173994,40.770526,0
                  8.173993,40.770507,0
                  8.173993,40.770488,0
                  8.173993,40.770469,0
                  8.173992,40.770449,0
                  8.173992,40.770428,0
                  8.173992,40.770388,0
                  8.173993,40.770349,0
                  8.173994,40.770311,0
                  8.173996,40.770275,0
                  8.173998,40.770241,0
                  8.174,40.770208,0
                  8.174003,40.770176,0
                  8.174007,40.770146,0
                  8.174011,40.770117,0
                  8.174015,40.77009,0
                  8.17402,40.770065,0
                  8.174025,40.77004,0
                  8.174031,40.770018,0
                  8.174037,40.769996,0
                  8.174044,40.769977,0
                  8.174051,40.769959,0
                  8.174059,40.769942,0
                  8.174066,40.769926,0
                  8.174075,40.769912,0
                  8.174084,40.769899,0
                  8.174093,40.769887,0
                  8.174103,40.769876,0
                  8.174113,40.769867,0
                  8.174124,40.769858,0
                  8.174135,40.769851,0
                  8.174146,40.769846,0
                  8.174159,40.769841,0
                  8.174171,40.769838,0
                  8.174184,40.769836,0
                  8.174198,40.769836,0
                  8.176853,40.769836,0
                  8.174623,40.764609,0
                  8.174618,40.764598,0
                  8.174613,40.764587,0
                  8.174609,40.764576,0
                  8.174605,40.764565,0
                  8.174601,40.764554,0
                  8.174598,40.764544,0
                  8.174596,40.764534,0
                  8.174594,40.764524,0
                  8.174592,40.764514,0
                  8.17459,40.764505,0
                  8.174589,40.764496,0
                  8.174589,40.764487,0
                  8.174589,40.764478,0
                  8.174589,40.76447,0
                  8.174589,40.764461,0
                  8.17459,40.764454,0
                  8.174591,40.764446,0
                  8.174593,40.764439,0
                  8.174596,40.764431,0
                  8.174599,40.764424,0
                  8.174603,40.764418,0
                  8.174607,40.764411,0
                  8.174613,40.764404,0
                  8.174618,40.764398,0
                  8.174624,40.764392,0
                  8.174631,40.764386,0
                  8.174639,40.76438,0
                  8.174647,40.764375,0
                  8.174655,40.764369,0
                  8.174664,40.764364,0
                  8.174674,40.764359,0
                  8.174684,40.764354,0
                  8.174696,40.764349,0
                  8.174708,40.764345,0
                  8.17472,40.76434,0
                  8.174734,40.764336,0
                  8.174748,40.764332,0
                  8.174763,40.764328,0
                  8.174778,40.764324,0
                  8.174794,40.764321,0
                  8.174811,40.764318,0
                  8.174829,40.764314,0
                  8.174847,40.764312,0
                  8.174866,40.764309,0
                  8.174886,40.764306,0
                  8.174907,40.764304,0
                  8.174928,40.764302,0
                  8.174951,40.7643,0
                  8.174975,40.764298,0
                  8.174999,40.764296,0
                  8.175025,40.764295,0
                  8.175051,40.764293,0
                  8.175078,40.764292,0
                  8.175107,40.764291,0
                  8.175136,40.764291,0
                  8.175166,40.76429,0
                  8.175197,40.764289,0
                  8.175229,40.764289,0
                  8.175262,40.764289,0
                  8.175296,40.764289,0
                  8.175321,40.764289,0
                  8.175346,40.764289,0
                  8.17537,40.764289,0
                  8.175393,40.764289,0
                  8.175416,40.764289,0
                  8.175439,40.76429,0
                  8.17546,40.76429,0
                  8.175482,40.76429,0
                  8.175503,40.764291,0
                  8.175523,40.764292,0
                  8.175543,40.764292,0
                  8.175562,40.764293,0
                  8.17558,40.764294,0
                  8.175599,40.764295,0
                  8.175616,40.764296,0
                  8.175633,40.764297,0
                  8.175649,40.764298,0
                  8.175665,40.7643,0
                  8.175681,40.764301,0
                  8.175697,40.764303,0
                  8.175711,40.764305,0
                  8.175726,40.764307,0
                  8.17574,40.764309,0
                  8.175754,40.764311,0
                  8.175767,40.764314,0
                  8.17578,40.764316,0
                  8.175793,40.764319,0
                  8.175805,40.764322,0
                  8.175817,40.764325,0
                  8.175828,40.764328,0
                  8.175839,40.764331,0
                  8.175849,40.764334,0
                  8.175859,40.764338,0
                  8.175869,40.764341,0
                  8.175879,40.764345,0
                  8.175888,40.764349,0
                  8.175897,40.764353,0
                  8.175906,40.764358,0
                  8.175914,40.764362,0
                  8.175922,40.764367,0
                  8.17593,40.764372,0
                  8.175937,40.764377,0
                  8.175944,40.764382,0
                  8.175951,40.764387,0
                  8.175958,40.764393,0
                  8.175964,40.764398,0
                  8.175969,40.764404,0
                  8.175975,40.76441,0
                  8.175981,40.764416,0
                  8.175986,40.764422,0
                  8.175991,40.764429,0
                  8.175996,40.764436,0
                  8.176001,40.764443,0
                  8.176006,40.764451,0
                  8.176011,40.764459,0
                  8.176015,40.764466,0
                  8.17602,40.764475,0
                  8.176024,40.764483,0
                  8.176029,40.764491,0
                  8.176033,40.7645,0
                  8.178111,40.769608,0
                  8.178116,40.769621,0
                  8.178121,40.769634,0
                  8.178127,40.769647,0
                  8.178132,40.76966,0
                  8.178136,40.769672,0
                  8.178141,40.769685,0
                  8.178146,40.769697,0
                  8.17815,40.769709,0
                  8.178155,40.769721,0
                  8.178159,40.769733,0
                  8.178163,40.769745,0
                  8.178167,40.769757,0
                  8.178171,40.769769,0
                  8.178175,40.76978,0
                  8.178179,40.769791,0
                  8.178183,40.769803,0
                  8.178187,40.769814,0
                  8.178191,40.769826,0
                  8.178194,40.769837,0
                  8.178198,40.769849,0
                  8.178201,40.769861,0
                  8.178204,40.769873,0
                  8.178207,40.769885,0
                  8.17821,40.769897,0
                  8.178213,40.769909,0
                  8.178216,40.769921,0
                  8.178218,40.769934,0
                  8.178221,40.769946,0
                  8.178223,40.769959,0
                  8.178226,40.769971,0
                  8.178228,40.769984,0
                  8.17823,40.769997,0
                  8.178232,40.77001,0
                  8.178234,40.770023,0
                  8.178236,40.770037,0
                  8.178238,40.77005,0
                  8.17824,40.770064,0
                  8.178242,40.770078,0
                  8.178244,40.770091,0
                  8.178245,40.770105,0
                  8.178247,40.77012,0
                  8.178248,40.770134,0
                  8.17825,40.770148,0
                  8.178251,40.770163,0
                  8.178252,40.770178,0
                  8.178254,40.770193,0
                  8.178255,40.770208,0
                  8.178256,40.770224,0
                  8.178257,40.77024,0
                  8.178258,40.770256,0
                  8.178259,40.770273,0
                  8.178259,40.77029,0
                  8.17826,40.770307,0
                  8.178261,40.770325,0
                  8.178261,40.770343,0
                  8.178261,40.770361,0
                  8.178262,40.77038,0
                  8.178262,40.770399,0
                  8.178262,40.770419,0
                  8.178262,40.770439,0
                </coordinates>
              </LinearRing>
            </outerBoundaryIs>
          </Polygon>
          <Polygon>
            <outerBoundaryIs>
              <LinearRing>
                <tessellate>1</tessellate>
                <coordinates>
                  8.162598,40.766535,0
                  8.162598,40.766536,0
                  8.162597,40.766599,0
                  8.162596,40.766662,0
                  8.162592,40.766723,0
                  8.162588,40.766784,0
                  8.162582,40.766843,0
                  8.162576,40.766902,0
                  8.162567,40.766959,0
                  8.162558,40.767016,0
                  8.162547,40.767071,0
                  8.162535,40.767125,0
                  8.162522,40.767178,0
                  8.162508,40.76723,0
                  8.162492,40.767281,0
                  8.162475,40.767331,0
                  8.162456,40.76738,0
                  8.162437,40.767428,0
                  8.162416,40.767475,0
                  8.162394,40.767521,0
                  8.162371,40.767566,0
                  8.162347,40.76761,0
                  8.162322,40.767653,0
                  8.162295,40.767695,0
                  8.162268,40.767735,0
                  8.162239,40.767775,0
                  8.162209,40.767814,0
                  8.162178,40.767851,0
                  8.162146,40.767888,0
                  8.162113,40.767923,0
                  8.162078,40.767957,0
                  8.162043,40.767991,0
                  8.162006,40.768023,0
                  8.161968,40.768054,0
                  8.161929,40.768084,0
                  8.161889,40.768113,0
                  8.161848,40.768141,0
                  8.161806,40.768168,0
                  8.161762,40.768194,0
                  8.161718,40.768219,0
                  8.161672,40.768242,0
                  8.161625,40.768265,0
                  8.161577,40.768287,0
                  8.161527,40.768307,0
                  8.161477,40.768327,0
                  8.161425,40.768345,0
                  8.161372,40.768363,0
                  8.161319,40.768379,0
                  8.161264,40.768394,0
                  8.161209,40.768409,0
                  8.161152,40.768422,0
                  8.161095,40.768433,0
                  8.161036,40.768444,0
                  8.160976,40.768454,0
                  8.160915,40.768462,0
                  8.160854,40.76847,0
                  8.160791,40.768476,0
                  8.160727,40.768481,0
                  8.160662,40.768485,0
                  8.160596,40.768488,0
                  8.160529,40.768489,0
                  8.160461,40.76849,0
                  8.160436,40.76849,0
                  8.160412,40.76849,0
                  8.160387,40.76849,0
                  8.160363,40.76849,0
                  8.160339,40.768489,0
                  8.160315,40.768489,0
                  8.160292,40.768489,0
                  8.160268,40.768488,0
                  8.160244,40.768488,0
                  8.160221,40.768488,0
                  8.160198,40.768487,0
                  8.160175,40.768487,0
                  8.160152,40.768486,0
                  8.16013,40.768485,0
                  8.160107,40.768485,0
                  8.160085,40.768484,0
                  8.160062,40.768483,0
                  8.160039,40.768482,0
                  8.160017,40.768481,0
                  8.159994,40.768479,0
                  8.159971,40.768478,0
                  8.159949,40.768476,0
                  8.159926,40.768474,0
                  8.159903,40.768472,0
                  8.159881,40.76847,0
                  8.159858,40.768468,0
                  8.159835,40.768466,0
                  8.159813,40.768463,0
                  8.15979,40.768461,0
                  8.159767,40.768458,0
                  8.159767,40.769887,0
                  8.162018,40.769887,0
                  8.162031,40.769888,0
                  8.162043,40.76989,0
                  8.162055,40.769893,0
                  8.162067,40.769897,0
                  8.162078,40.769902,0
                  8.162089,40.769909,0
                  8.162099,40.769917,0
                  8.162109,40.769927,0
                  8.162118,40.769937,0
                  8.162127,40.769949,0
                  8.162136,40.769962,0
                  8.162144,40.769976,0
                  8.162152,40.769992,0
                  8.162159,40.770008,0
                  8.162166,40.770026,0
                  8.162173,40.770046,0
                  8.162179,40.770067,0
                  8.162185,40.770089,0
                  8.16219,40.770113,0
                  8.162195,40.770139,0
                  8.1622,40.770166,0
                  8.162203,40.770194,0
                  8.162207,40.770224,0
                  8.16221,40.770256,0
                  8.162212,40.770289,0
                  8.162214,40.770323,0
                  8.162216,40.770359,0
                  8.162217,40.770397,0
                  8.162218,40.770436,0
                  8.162218,40.770476,0
                  8.162218,40.770497,0
                  8.162218,40.770517,0
                  8.162218,40.770537,0
                  8.162217,40.770557,0
                  8.162217,40.770576,0
                  8.162216,40.770594,0
                  8.162216,40.770612,0
                  8.162215,40.77063,0
                  8.162214,40.770647,0
                  8.162213,40.770664,0
                  8.162212,40.770681,0
                  8.162211,40.770697,0
                  8.16221,40.770713,0
                  8.162208,40.770728,0
                  8.162206,40.770743,0
                  8.162205,40.770758,0
                  8.162203,40.770772,0
                  8.162201,40.770786,0
                  8.162199,40.7708,0
                  8.162197,40.770813,0
                  8.162194,40.770826,0
                  8.162192,40.770838,0
                  8.162189,40.77085,0
                  8.162186,40.770862,0
                  8.162183,40.770873,0
                  8.16218,40.770884,0
                  8.162177,40.770894,0
                  8.162174,40.770904,0
                  8.16217,40.770914,0
                  8.162167,40.770923,0
                  8.162163,40.770932,0
                  8.16216,40.77094,0
                  8.162156,40.770948,0
                  8.162152,40.770956,0
                  8.162148,40.770963,0
                  8.162144,40.770971,0
                  8.162139,40.770977,0
                  8.162135,40.770984,0
                  8.16213,40.77099,0
                  8.162126,40.770996,0
                  8.162121,40.771002,0
                  8.162116,40.771007,0
                  8.162111,40.771011,0
                  8.162106,40.771016,0
                  8.162101,40.77102,0
                  8.162096,40.771024,0
                  8.162091,40.771028,0
                  8.162085,40.771031,0
                  8.16208,40.771035,0
                  8.162074,40.771038,0
                  8.162068,40.77104,0
                  8.162063,40.771043,0
                  8.162057,40.771045,0
                  8.162052,40.771047,0
                  8.162046,40.771048,0
                  8.16204,40.77105,0
                  8.162035,40.771051,0
                  8.162029,40.771051,0
                  8.162023,40.771052,0
                  8.162018,40.771052,0
                  8.159024,40.771052,0
                  8.159002,40.771051,0
                  8.158981,40.77105,0
                  8.158961,40.771048,0
                  8.158942,40.771045,0
                  8.158924,40.771042,0
                  8.158906,40.771037,0
                  8.158889,40.771032,0
                  8.158873,40.771026,0
                  8.158858,40.771019,0
                  8.158843,40.771012,0
                  8.15883,40.771003,0
                  8.158817,40.770994,0
                  8.158804,40.770984,0
                  8.158793,40.770973,0
                  8.158782,40.770962,0
                  8.158772,40.770949,0
                  8.158763,40.770936,0
                  8.158755,40.770921,0
                  8.158747,40.770905,0
                  8.15874,40.770889,0
                  8.158734,40.770871,0
                  8.158728,40.770852,0
                  8.158723,40.770833,0
                  8.158719,40.770812,0
                  8.158715,40.77079,0
                  8.158712,40.770767,0
                  8.15871,40.770743,0
                  8.158709,40.770718,0
                  8.158708,40.770692,0
                  8.158707,40.770665,0
                  8.158707,40.767763,0
                  8.158707,40.767737,0
                  8.158708,40.767712,0
                  8.15871,40.767688,0
                  8.158712,40.767665,0
                  8.158714,40.767643,0
                  8.158717,40.767622,0
                  8.158721,40.767603,0
                  8.158725,40.767584,0
                  8.158729,40.767567,0
                  8.158734,40.767551,0
                  8.15874,40.767536,0
                  8.158747,40.767522,0
                  8.158753,40.767509,0
                  8.158761,40.767497,0
                  8.158769,40.767486,0
                  8.158777,40.767477,0
                  8.158787,40.767468,0
                  8.158796,40.76746,0
                  8.158807,40.767452,0
                  8.158818,40.767445,0
                  8.158831,40.767439,0
                  8.158843,40.767433,0
                  8.158857,40.767428,0
                  8.158871,40.767424,0
                  8.158886,40.76742,0
                  8.158902,40.767417,0
                  8.158918,40.767415,0
                  8.158935,40.767413,0
                  8.158952,40.767413,0
                  8.158971,40.767412,0
                  8.158998,40.767412,0
                  8.159026,40.767413,0
                  8.159054,40.767413,0
                  8.159082,40.767414,0
                  8.159111,40.767416,0
                  8.15914,40.767417,0
                  8.159169,40.767419,0
                  8.159198,40.767421,0
                  8.159227,40.767423,0
                  8.159257,40.767426,0
                  8.159287,40.767429,0
                  8.159317,40.767432,0
                  8.159348,40.767435,0
                  8.159378,40.767439,0
                  8.159409,40.767442,0
                  8.15944,40.767446,0
                  8.159472,40.76745,0
                  8.159504,40.767454,0
                  8.159536,40.767457,0
                  8.159569,40.76746,0
                  8.159602,40.767463,0
                  8.159636,40.767465,0
                  8.15967,40.767467,0
                  8.159705,40.767469,0
                  8.159741,40.767471,0
                  8.159776,40.767472,0
                  8.159813,40.767473,0
                  8.159849,40.767474,0
                  8.159887,40.767474,0
                  8.159924,40.767474,0
                  8.159971,40.767474,0
                  8.160017,40.767473,0
                  8.160062,40.767471,0
                  8.160106,40.767469,0
                  8.160149,40.767467,0
                  8.160192,40.767463,0
                  8.160233,40.76746,0
                  8.160273,40.767455,0
                  8.160313,40.76745,0
                  8.160351,40.767444,0
                  8.160389,40.767438,0
                  8.160425,40.767431,0
                  8.160461,40.767424,0
                  8.160496,40.767416,0
                  8.160529,40.767407,0
                  8.160562,40.767398,0
                  8.160594,40.767389,0
                  8.160626,40.767378,0
                  8.160656,40.767367,0
                  8.160686,40.767356,0
                  8.160714,40.767343,0
                  8.160742,40.767331,0
                  8.160769,40.767317,0
                  8.160795,40.767303,0
                  8.160821,40.767289,0
                  8.160845,40.767273,0
                  8.160869,40.767258,0
                  8.160891,40.767241,0
                  8.160913,40.767224,0
                  8.160934,40.767206,0
                  8.160955,40.767188,0
                  8.160975,40.767169,0
                  8.160994,40.76715,0
                  8.161012,40.76713,0
                  8.16103,40.76711,0
                  8.161047,40.767089,0
                  8.161063,40.767068,0
                  8.161078,40.767046,0
                  8.161093,40.767024,0
                  8.161107,40.767001,0
                  8.16112,40.766977,0
                  8.161132,40.766953,0
                  8.161144,40.766929,0
                  8.161155,40.766904,0
                  8.161165,40.766878,0
                  8.161174,40.766852,0
                  8.161183,40.766826,0
                  8.161191,40.766799,0
                  8.161198,40.766771,0
                  8.161205,40.766743,0
                  8.161211,40.766714,0
                  8.161217,40.766685,0
                  8.161222,40.766656,0
                  8.161226,40.766626,0
                  8.16123,40.766596,0
                  8.161233,40.766565,0
                  8.161235,40.766533,0
                  8.161237,40.766502,0
                  8.161238,40.76647,0
                  8.161238,40.766437,0
                  8.161237,40.766399,0
                  8.161236,40.766361,0
                  8.161234,40.766324,0
                  8.161232,40.766288,0
                  8.161228,40.766253,0
                  8.161224,40.766218,0
                  8.161218,40.766185,0
                  8.161213,40.766152,0
                  8.161206,40.766119,0
                  8.161198,40.766088,0
                  8.16119,40.766057,0
                  8.161181,40.766027,0
                  8.161171,40.765998,0
                  8.161161,40.765969,0
                  8.16115,40.765941,0
                  8.161138,40.765914,0
                  8.161125,40.765887,0
                  8.161111,40.765861,0
                  8.161097,40.765835,0
                  8.161083,40.76581,0
                  8.161067,40.765786,0
                  8.161051,40.765763,0
                  8.161035,40.76574,0
                  8.161018,40.765718,0
                  8.161,40.765696,0
                  8.160981,40.765675,0
                  8.160962,40.765655,0
                  8.160942,40.765635,0
                  8.160922,40.765615,0
                  8.160901,40.765597,0
                  8.160879,40.765579,0
                  8.160856,40.765562,0
                  8.160833,40.765545,0
                  8.16081,40.765529,0
                  8.160785,40.765514,0
                  8.16076,40.765499,0
                  8.160735,40.765485,0
                  8.160709,40.765472,0
                  8.160682,40.76546,0
                  8.160654,40.765448,0
                  8.160626,40.765436,0
                  8.160598,40.765426,0
                  8.160568,40.765416,0
                  8.160538,40.765406,0
                  8.160508,40.765398,0
                  8.160476,40.76539,0
                  8.160445,40.765382,0
                  8.160412,40.765376,0
                  8.16038,40.765369,0
                  8.160347,40.765364,0
                  8.160313,40.765358,0
                  8.160279,40.765354,0
                  8.160245,40.76535,0
                  8.16021,40.765346,0
                  8.160175,40.765343,0
                  8.160139,40.76534,0
                  8.160102,40.765339,0
                  8.160066,40.765337,0
                  8.160028,40.765336,0
                  8.159991,40.765336,0
                  8.159948,40.765336,0
                  8.159905,40.765337,0
                  8.159864,40.765338,0
                  8.159823,40.76534,0
                  8.159784,40.765343,0
                  8.159744,40.765345,0
                  8.159706,40.765349,0
                  8.159669,40.765353,0
                  8.159632,40.765357,0
                  8.159596,40.765362,0
                  8.159561,40.765368,0
                  8.159527,40.765374,0
                  8.159493,40.765381,0
                  8.159461,40.765388,0
                  8.159429,40.765396,0
                  8.159398,40.765404,0
                  8.159368,40.765412,0
                  8.159338,40.76542,0
                  8.159309,40.765428,0
                  8.159281,40.765436,0
                  8.159253,40.765445,0
                  8.159226,40.765454,0
                  8.159199,40.765462,0
                  8.159173,40.765471,0
                  8.159148,40.76548,0
                  8.159123,40.765489,0
                  8.159099,40.765498,0
                  8.159076,40.765508,0
                  8.159053,40.765517,0
                  8.15903,40.765527,0
                  8.159009,40.765536,0
                  8.158988,40.765545,0
                  8.158968,40.765555,0
                  8.158948,40.765564,0
                  8.158929,40.765573,0
                  8.15891,40.765582,0
                  8.158892,40.765591,0
                  8.158875,40.765599,0
                  8.158858,40.765608,0
                  8.158841,40.765617,0
                  8.158825,40.765625,0
                  8.15881,40.765633,0
                  8.158795,40.765641,0
                  8.158781,40.765649,0
                  8.158767,40.765657,0
                  8.158754,40.765665,0
                  8.158742,40.765672,0
                  8.158729,40.765679,0
                  8.158718,40.765685,0
                  8.158706,40.765691,0
                  8.158695,40.765696,0
                  8.158685,40.7657,0
                  8.158675,40.765704,0
                  8.158666,40.765708,0
                  8.158657,40.765711,0
                  8.158648,40.765713,0
                  8.15864,40.765715,0
                  8.158633,40.765716,0
                  8.158626,40.765717,0
                  8.158619,40.765717,0
                  8.158614,40.765717,0
                  8.158609,40.765717,0
                  8.158603,40.765716,0
                  8.158598,40.765715,0
                  8.158594,40.765714,0
                  8.158589,40.765713,0
                  8.158584,40.765711,0
                  8.15858,40.76571,0
                  8.158575,40.765708,0
                  8.158571,40.765705,0
                  8.158567,40.765703,0
                  8.158562,40.7657,0
                  8.158558,40.765697,0
                  8.158555,40.765694,0
                  8.158551,40.765691,0
                  8.158547,40.765687,0
                  8.158543,40.765684,0
                  8.158539,40.76568,0
                  8.158535,40.765675,0
                  8.158532,40.76567,0
                  8.158528,40.765665,0
                  8.158525,40.76566,0
                  8.158521,40.765654,0
                  8.158518,40.765647,0
                  8.158515,40.765641,0
                  8.158511,40.765634,0
                  8.158508,40.765626,0
                  8.158505,40.765619,0
                  8.158502,40.765611,0
                  8.158499,40.765603,0
                  8.158496,40.765594,0
                  8.158493,40.765586,0
                  8.15849,40.765577,0
                  8.158488,40.765567,0
                  8.158485,40.765557,0
                  8.158483,40.765547,0
                  8.158481,40.765537,0
                  8.158479,40.765526,0
                  8.158477,40.765515,0
                  8.158475,40.765503,0
                  8.158473,40.765491,0
                  8.158472,40.765479,0
                  8.15847,40.765467,0
                  8.158469,40.765454,0
                  8.158467,40.76544,0
                  8.158466,40.765427,0
                  8.158465,40.765413,0
                  8.158464,40.765399,0
                  8.158463,40.765384,0
                  8.158462,40.765369,0
                  8.158461,40.765353,0
                  8.15846,40.765337,0
                  8.15846,40.765321,0
                  8.158459,40.765304,0
                  8.158459,40.765287,0
                  8.158458,40.76527,0
                  8.158458,40.765252,0
                  8.158458,40.765233,0
                  8.158457,40.765215,0
                  8.158457,40.765195,0
                  8.158457,40.765177,0
                  8.158458,40.76516,0
                  8.158458,40.765143,0
                  8.158458,40.765126,0
                  8.158458,40.76511,0
                  8.158458,40.765093,0
                  8.158459,40.765078,0
                  8.158459,40.765062,0
                  8.158459,40.765047,0
                  8.15846,40.765032,0
                  8.15846,40.765017,0
                  8.158461,40.765003,0
                  8.158461,40.764989,0
                  8.158462,40.764976,0
                  8.158463,40.764962,0
                  8.158463,40.764949,0
                  8.158464,40.764937,0
                  8.158465,40.764924,0
                  8.158466,40.764912,0
                  8.158467,40.764901,0
                  8.158468,40.764889,0
                  8.158469,40.764878,0
                  8.15847,40.764867,0
                  8.158471,40.764856,0
                  8.158472,40.764846,0
                  8.158473,40.764836,0
                  8.158475,40.764826,0
                  8.158476,40.764816,0
                  8.158478,40.764807,0
                  8.158479,40.764798,0
                  8.158481,40.76479,0
                  8.158483,40.764782,0
                  8.158484,40.764773,0
                  8.158486,40.764765,0
                  8.158488,40.764758,0
                  8.15849,40.76475,0
                  8.158492,40.764742,0
                  8.158494,40.764735,0
                  8.158496,40.764728,0
                  8.158499,40.764721,0
                  8.158501,40.764714,0
                  8.158503,40.764707,0
                  8.158506,40.7647,0
                  8.158508,40.764694,0
                  8.158511,40.764687,0
                  8.158514,40.764681,0
                  8.158517,40.764675,0
                  8.15852,40.764669,0
                  8.158523,40.764664,0
                  8.158527,40.764658,0
                  8.15853,40.764652,0
                  8.158534,40.764646,0
                  8.158538,40.764641,0
                  8.158543,40.764635,0
                  8.158547,40.76463,0
                  8.158552,40.764624,0
                  8.158557,40.764619,0
                  8.158562,40.764613,0
                  8.158567,40.764608,0
                  8.158573,40.764602,0
                  8.158579,40.764597,0
                  8.158585,40.764592,0
                  8.158593,40.764586,0
                  8.158601,40.76458,0
                  8.15861,40.764574,0
                  8.15862,40.764568,0
                  8.158631,40.764562,0
                  8.158643,40.764555,0
                  8.158656,40.764548,0
                  8.158669,40.764542,0
                  8.158683,40.764534,0
                  8.158698,40.764527,0
                  8.158714,40.764519,0
                  8.15873,40.764512,0
                  8.158748,40.764504,0
                  8.158766,40.764496,0
                  8.158785,40.764488,0
                  8.158805,40.76448,0
                  8.158825,40.764472,0
                  8.158846,40.764464,0
                  8.158868,40.764456,0
                  8.15889,40.764448,0
                  8.158913,40.76444,0
                  8.158936,40.764432,0
                  8.158961,40.764424,0
                  8.158986,40.764416,0
                  8.159011,40.764408,0
                  8.159038,40.7644,0
                  8.159065,40.764392,0
                  8.159093,40.764384,0
                  8.159121,40.764376,0
                  8.15915,40.764368,0
                  8.159179,40.764361,0
                  8.159208,40.764354,0
                  8.159238,40.764347,0
                  8.159269,40.76434,0
                  8.1593,40.764333,0
                  8.159332,40.764326,0
                  8.159364,40.76432,0
                  8.159396,40.764314,0
                  8.159429,40.764308,0
                  8.159463,40.764302,0
                  8.159497,40.764296,0
                  8.159531,40.76429,0
                  8.159566,40.764285,0
                  8.159601,40.76428,0
                  8.159637,40.764275,0
                  8.159672,40.764271,0
                  8.159708,40.764267,0
                  8.159745,40.764263,0
                  8.159781,40.76426,0
                  8.159818,40.764257,0
                  8.159856,40.764254,0
                  8.159893,40.764252,0
                  8.159931,40.76425,0
                  8.159969,40.764249,0
                  8.160007,40.764247,0
                  8.160045,40.764247,0
                  8.160084,40.764246,0
                  8.160123,40.764246,0
                  8.160197,40.764247,0
                  8.16027,40.764249,0
                  8.160342,40.764252,0
                  8.160413,40.764257,0
                  8.160483,40.764263,0
                  8.160552,40.764271,0
                  8.160621,40.764279,0
                  8.160688,40.76429,0
                  8.160755,40.764302,0
                  8.160821,40.764315,0
                  8.160885,40.764329,0
                  8.160949,40.764345,0
                  8.161013,40.764362,0
                  8.161075,40.764381,0
                  8.161136,40.764401,0
                  8.161196,40.764422,0
                  8.161255,40.764445,0
                  8.161313,40.764469,0
                  8.16137,40.764494,0
                  8.161425,40.76452,0
                  8.161479,40.764547,0
                  8.161533,40.764576,0
                  8.161585,40.764606,0
                  8.161635,40.764637,0
                  8.161685,40.764669,0
                  8.161734,40.764702,0
                  8.161781,40.764737,0
                  8.161827,40.764772,0
                  8.161872,40.764809,0
                  8.161916,40.764848,0
                  8.161959,40.764887,0
                  8.162,40.764928,0
                  8.162041,40.764971,0
                  8.162079,40.765014,0
                  8.162117,40.765058,0
                  8.162153,40.765104,0
                  8.162188,40.765151,0
                  8.162222,40.765199,0
                  8.162254,40.765248,0
                  8.162285,40.765298,0
                  8.162315,40.76535,0
                  8.162343,40.765402,0
                  8.16237,40.765456,0
                  8.162396,40.765511,0
                  8.16242,40.765568,0
                  8.162443,40.765625,0
                  8.162464,40.765683,0
                  8.162484,40.765743,0
                  8.162502,40.765803,0
                  8.162519,40.765865,0
                  8.162534,40.765927,0
                  8.162547,40.765991,0
                  8.162559,40.766055,0
                  8.162569,40.766121,0
                  8.162578,40.766187,0
                  8.162585,40.766255,0
                  8.162591,40.766324,0
                  8.162595,40.766394,0
                  8.162597,40.766464,0
                  8.162598,40.766535,0
                </coordinates>
              </LinearRing>
            </outerBoundaryIs>
          </Polygon>
          <Polygon>
            <outerBoundaryIs>
              <LinearRing>
                <tessellate>1</tessellate>
                <coordinates>
                  8.173472,40.764837,0
                  8.173473,40.764837,0
                  8.173472,40.764856,0
                  8.173472,40.764875,0
                  8.173472,40.764894,0
                  8.173472,40.764912,0
                  8.173471,40.76493,0
                  8.173471,40.764948,0
                  8.17347,40.764965,0
                  8.17347,40.764981,0
                  8.173469,40.764998,0
                  8.173468,40.765014,0
                  8.173467,40.765029,0
                  8.173465,40.765044,0
                  8.173464,40.765059,0
                  8.173463,40.765073,0
                  8.173461,40.765087,0
                  8.173459,40.7651,0
                  8.173457,40.765113,0
                  8.173455,40.765126,0
                  8.173453,40.765138,0
                  8.173451,40.76515,0
                  8.173449,40.765161,0
                  8.173446,40.765172,0
                  8.173444,40.765183,0
                  8.173441,40.765193,0
                  8.173438,40.765203,0
                  8.173435,40.765213,0
                  8.173432,40.765223,0
                  8.173428,40.765232,0
                  8.173425,40.765241,0
                  8.173421,40.76525,0
                  8.173417,40.765257,0
                  8.173414,40.765265,0
                  8.17341,40.765273,0
                  8.173406,40.76528,0
                  8.173402,40.765287,0
                  8.173398,40.765293,0
                  8.173394,40.765299,0
                  8.17339,40.765306,0
                  8.173385,40.765311,0
                  8.173381,40.765317,0
                  8.173377,40.765322,0
                  8.173372,40.765327,0
                  8.173367,40.765331,0
                  8.173363,40.765336,0
                  8.173358,40.76534,0
                  8.173353,40.765343,0
                  8.173347,40.765347,0
                  8.173342,40.76535,0
                  8.173337,40.765353,0
                  8.173332,40.765356,0
                  8.173327,40.765358,0
                  8.173321,40.76536,0
                  8.173316,40.765362,0
                  8.17331,40.765364,0
                  8.173305,40.765365,0
                  8.173299,40.765366,0
                  8.173293,40.765367,0
                  8.173288,40.765367,0
                  8.173282,40.765368,0
                  8.173276,40.765368,0
                  8.172242,40.765368,0
                  8.172242,40.770892,0
                  8.172242,40.770899,0
                  8.172242,40.770905,0
                  8.172241,40.770911,0
                  8.172241,40.770916,0
                  8.17224,40.770922,0
                  8.172239,40.770927,0
                  8.172238,40.770933,0
                  8.172236,40.770938,0
                  8.172235,40.770943,0
                  8.172233,40.770948,0
                  8.172231,40.770952,0
                  8.172229,40.770957,0
                  8.172227,40.770962,0
                  8.172224,40.770966,0
                  8.172222,40.77097,0
                  8.172219,40.770974,0
                  8.172216,40.770978,0
                  8.172212,40.770982,0
                  8.172208,40.770986,0
                  8.172204,40.77099,0
                  8.1722,40.770993,0
                  8.172195,40.770996,0
                  8.17219,40.771,0
                  8.172184,40.771003,0
                  8.172178,40.771006,0
                  8.172172,40.771009,0
                  8.172166,40.771012,0
                  8.172159,40.771014,0
                  8.172151,40.771017,0
                  8.172143,40.77102,0
                  8.172135,40.771022,0
                  8.172127,40.771024,0
                  8.172118,40.771027,0
                  8.172108,40.771029,0
                  8.172098,40.771031,0
                  8.172088,40.771033,0
                  8.172077,40.771035,0
                  8.172065,40.771036,0
                  8.172053,40.771038,0
                  8.17204,40.77104,0
                  8.172027,40.771041,0
                  8.172014,40.771043,0
                  8.171999,40.771044,0
                  8.171985,40.771045,0
                  8.17197,40.771046,0
                  8.171954,40.771047,0
                  8.171938,40.771048,0
                  8.171921,40.771049,0
                  8.171903,40.77105,0
                  8.171885,40.77105,0
                  8.171867,40.771051,0
                  8.171847,40.771051,0
                  8.171827,40.771052,0
                  8.171807,40.771052,0
                  8.171785,40.771053,0
                  8.171764,40.771053,0
                  8.171741,40.771053,0
                  8.171718,40.771053,0
                  8.171694,40.771053,0
                  8.17167,40.771053,0
                  8.17165,40.771053,0
                  8.17163,40.771053,0
                  8.171611,40.771053,0
                  8.171593,40.771053,0
                  8.171575,40.771053,0
                  8.171557,40.771053,0
                  8.17154,40.771053,0
                  8.171524,40.771053,0
                  8.171508,40.771053,0
                  8.171492,40.771053,0
                  8.171478,40.771052,0
                  8.171463,40.771052,0
                  8.171449,40.771052,0
                  8.171436,40.771052,0
                  8.171423,40.771051,0
                  8.17141,40.771051,0
                  8.171398,40.771051,0
                  8.171386,40.77105,0
                  8.171375,40.77105,0
                  8.171363,40.771049,0
                  8.171352,40.771048,0
                  8.171342,40.771048,0
                  8.171332,40.771047,0
                  8.171322,40.771046,0
                  8.171312,40.771046,0
                  8.171303,40.771045,0
                  8.171294,40.771044,0
                  8.171285,40.771043,0
                  8.171277,40.771042,0
                  8.171269,40.771041,0
                  8.171262,40.77104,0
                  8.171254,40.771039,0
                  8.171246,40.771037,0
                  8.171239,40.771036,0
                  8.171232,40.771035,0
                  8.171225,40.771033,0
                  8.171219,40.771032,0
                  8.171212,40.771031,0
                  8.171206,40.771029,0
                  8.1712,40.771028,0
                  8.171194,40.771026,0
                  8.171189,40.771025,0
                  8.171183,40.771023,0
                  8.171178,40.771021,0
                  8.171173,40.77102,0
                  8.171168,40.771018,0
                  8.171163,40.771016,0
                  8.171159,40.771014,0
                  8.171155,40.771012,0
                  8.17115,40.77101,0
                  8.171146,40.771008,0
                  8.171142,40.771006,0
                  8.171138,40.771004,0
                  8.171134,40.771001,0
                  8.17113,40.770999,0
                  8.171127,40.770996,0
                  8.171123,40.770994,0
                  8.171119,40.770991,0
                  8.171116,40.770989,0
                  8.171113,40.770986,0
                  8.169756,40.770056,0
                  8.169748,40.770051,0
                  8.169741,40.770045,0
                  8.169733,40.77004,0
                  8.169726,40.770034,0
                  8.16972,40.770029,0
                  8.169713,40.770024,0
                  8.169707,40.770018,0
                  8.1697,40.770013,0
                  8.169694,40.770008,0
                  8.169689,40.770003,0
                  8.169683,40.769998,0
                  8.169678,40.769993,0
                  8.169673,40.769988,0
                  8.169668,40.769983,0
                  8.169664,40.769978,0
                  8.16966,40.769973,0
                  8.169655,40.769968,0
                  8.169651,40.769963,0
                  8.169647,40.769958,0
                  8.169643,40.769952,0
                  8.169639,40.769946,0
                  8.169635,40.76994,0
                  8.169631,40.769934,0
                  8.169628,40.769928,0
                  8.169625,40.769921,0
                  8.169622,40.769914,0
                  8.169619,40.769907,0
                  8.169616,40.7699,0
                  8.169613,40.769893,0
                  8.169611,40.769885,0
                  8.169608,40.769877,0
                  8.169606,40.76987,0
                  8.169603,40.769862,0
                  8.169601,40.769853,0
                  8.169599,40.769845,0
                  8.169597,40.769836,0
                  8.169595,40.769827,0
                  8.169594,40.769818,0
                  8.169592,40.769809,0
                  8.169591,40.7698,0
                  8.169589,40.76979,0
                  8.169588,40.76978,0
                  8.169587,40.76977,0
                  8.169586,40.76976,0
                  8.169586,40.769749,0
                  8.169585,40.769738,0
                  8.169585,40.769727,0
                  8.169584,40.769715,0
                  8.169584,40.769703,0
                  8.169583,40.769691,0
                  8.169583,40.769678,0
                  8.169582,40.769665,0
                  8.169582,40.769651,0
                  8.169582,40.769637,0
                  8.169582,40.769623,0
                  8.169581,40.769608,0
                  8.169581,40.769593,0
                  8.169581,40.769577,0
                  8.169581,40.769561,0
                  8.169581,40.769545,0
                  8.169581,40.769519,0
                  8.169581,40.769494,0
                  8.169582,40.76947,0
                  8.169582,40.769446,0
                  8.169583,40.769424,0
                  8.169583,40.769402,0
                  8.169584,40.76938,0
                  8.169585,40.76936,0
                  8.169586,40.76934,0
                  8.169588,40.769322,0
                  8.169589,40.769304,0
                  8.169591,40.769286,0
                  8.169592,40.76927,0
                  8.169594,40.769254,0
                  8.169596,40.769239,0
                  8.169598,40.769225,0
                  8.1696,40.769212,0
                  8.169603,40.769199,0
                  8.169606,40.769186,0
                  8.169609,40.769175,0
                  8.169612,40.769163,0
                  8.169615,40.769153,0
                  8.169619,40.769143,0
                  8.169623,40.769133,0
                  8.169627,40.769124,0
                  8.169631,40.769116,0
                  8.169636,40.769108,0
                  8.169641,40.769101,0
                  8.169646,40.769094,0
                  8.169651,40.769088,0
                  8.169657,40.769082,0
                  8.169663,40.769077,0
                  8.169669,40.769072,0
                  8.169676,40.769068,0
                  8.169682,40.769064,0
                  8.169689,40.769061,0
                  8.169697,40.769059,0
                  8.169704,40.769057,0
                  8.169712,40.769055,0
                  8.16972,40.769054,0
                  8.169728,40.769054,0
                  8.169737,40.769053,0
                  8.169746,40.769054,0
                  8.169755,40.769055,0
                  8.169764,40.769056,0
                  8.169774,40.769058,0
                  8.169784,40.76906,0
                  8.169794,40.769063,0
                  8.169805,40.769066,0
                  8.169816,40.76907,0
                  8.169827,40.769074,0
                  8.169839,40.769078,0
                  8.169851,40.769083,0
                  8.169864,40.769088,0
                  8.169877,40.769094,0
                  8.16989,40.7691,0
                  8.169904,40.769106,0
                  8.169917,40.769112,0
                  8.169932,40.769119,0
                  8.169946,40.769127,0
                  8.170961,40.769719,0
                  8.170961,40.765368,0
                  8.169781,40.765368,0
                  8.169776,40.765368,0
                  8.16977,40.765368,0
                  8.169764,40.765367,0
                  8.169759,40.765366,0
                  8.169754,40.765365,0
                  8.169748,40.765364,0
                  8.169743,40.765362,0
                  8.169738,40.76536,0
                  8.169733,40.765358,0
                  8.169728,40.765356,0
                  8.169723,40.765353,0
                  8.169718,40.76535,0
                  8.169713,40.765347,0
                  8.169709,40.765344,0
                  8.169704,40.76534,0
                  8.1697,40.765336,0
                  8.169695,40.765332,0
                  8.169691,40.765327,0
                  8.169687,40.765322,0
                  8.169682,40.765317,0
                  8.169678,40.765311,0
                  8.169674,40.765306,0
                  8.16967,40.7653,0
                  8.169666,40.765294,0
                  8.169662,40.765287,0
                  8.169658,40.76528,0
                  8.169654,40.765273,0
                  8.16965,40.765266,0
                  8.169646,40.765258,0
                  8.169643,40.76525,0
                  8.169639,40.765241,0
                  8.169636,40.765232,0
                  8.169632,40.765223,0
                  8.169629,40.765214,0
                  8.169626,40.765204,0
                  8.169623,40.765194,0
                  8.16962,40.765183,0
                  8.169618,40.765172,0
                  8.169615,40.765161,0
                  8.169613,40.76515,0
                  8.169611,40.765138,0
                  8.169609,40.765126,0
                  8.169607,40.765113,0
                  8.169605,40.765101,0
                  8.169603,40.765087,0
                  8.169601,40.765074,0
                  8.1696,40.765059,0
                  8.169599,40.765045,0
                  8.169597,40.765029,0
                  8.169596,40.765014,0
                  8.169595,40.764998,0
                  8.169595,40.764982,0
                  8.169594,40.764965,0
                  8.169593,40.764948,0
                  8.169593,40.764931,0
                  8.169592,40.764913,0
                  8.169592,40.764894,0
                  8.169592,40.764876,0
                  8.169591,40.764857,0
                  8.169591,40.764837,0
                  8.169591,40.764818,0
                  8.169592,40.764799,0
                  8.169592,40.764781,0
                  8.169592,40.764763,0
                  8.169593,40.764745,0
                  8.169594,40.764728,0
                  8.169595,40.764711,0
                  8.169596,40.764695,0
                  8.169597,40.764679,0
                  8.169598,40.764664,0
                  8.1696,40.764649,0
                  8.169601,40.764634,0
                  8.169603,40.764619,0
                  8.169604,40.764606,0
                  8.169606,40.764592,0
                  8.169608,40.764579,0
                  8.16961,40.764566,0
                  8.169613,40.764553,0
                  8.169615,40.764541,0
                  8.169617,40.764529,0
                  8.16962,40.764517,0
                  8.169623,40.764506,0
                  8.169625,40.764496,0
                  8.169628,40.764485,0
                  8.169631,40.764475,0
                  8.169634,40.764466,0
                  8.169637,40.764456,0
                  8.169641,40.764448,0
                  8.169644,40.764439,0
                  8.169648,40.764431,0
                  8.169652,40.764423,0
                  8.169655,40.764416,0
                  8.169659,40.764408,0
                  8.169663,40.764401,0
                  8.169667,40.764395,0
                  8.169671,40.764388,0
                  8.169675,40.764382,0
                  8.169679,40.764377,0
                  8.169683,40.764371,0
                  8.169687,40.764366,0
                  8.169691,40.764362,0
                  8.169695,40.764357,0
                  8.169699,40.764353,0
                  8.169704,40.76435,0
                  8.169708,40.764346,0
                  8.169713,40.764343,0
                  8.169717,40.76434,0
                  8.169722,40.764337,0
                  8.169727,40.764334,0
                  8.169732,40.764332,0
                  8.169736,40.76433,0
                  8.169741,40.764328,0
                  8.169746,40.764326,0
                  8.169751,40.764324,0
                  8.169756,40.764323,0
                  8.169761,40.764322,0
                  8.169766,40.764321,0
                  8.169771,40.764321,0
                  8.169776,40.76432,0
                  8.169781,40.76432,0
                  8.173277,40.76432,0
                  8.173283,40.76432,0
                  8.173288,40.764321,0
                  8.173294,40.764321,0
                  8.173299,40.764322,0
                  8.173305,40.764323,0
                  8.17331,40.764324,0
                  8.173315,40.764326,0
                  8.173321,40.764328,0
                  8.173326,40.76433,0
                  8.173331,40.764332,0
                  8.173336,40.764334,0
                  8.173341,40.764337,0
                  8.173346,40.76434,0
                  8.173351,40.764343,0
                  8.173355,40.764346,0
                  8.17336,40.76435,0
                  8.173364,40.764353,0
                  8.173368,40.764357,0
                  8.173372,40.764362,0
                  8.173377,40.764366,0
                  8.173381,40.764371,0
                  8.173385,40.764377,0
                  8.173389,40.764382,0
                  8.173393,40.764388,0
                  8.173397,40.764395,0
                  8.173401,40.764401,0
                  8.173405,40.764408,0
                  8.173408,40.764416,0
                  8.173412,40.764423,0
                  8.173415,40.764431,0
                  8.173419,40.764439,0
                  8.173422,40.764448,0
                  8.173426,40.764456,0
                  8.173429,40.764466,0
                  8.173432,40.764475,0
                  8.173435,40.764485,0
                  8.173438,40.764496,0
                  8.173441,40.764506,0
                  8.173443,40.764517,0
                  8.173446,40.764529,0
                  8.173448,40.764541,0
                  8.173451,40.764553,0
                  8.173453,40.764566,0
                  8.173455,40.764579,0
                  8.173457,40.764592,0
                  8.173459,40.764606,0
                  8.173461,40.764619,0
                  8.173462,40.764634,0
                  8.173464,40.764649,0
                  8.173465,40.764664,0
                  8.173466,40.764679,0
                  8.173468,40.764695,0
                  8.173469,40.764711,0
                  8.173469,40.764728,0
                  8.17347,40.764745,0
                  8.173471,40.764763,0
                  8.173471,40.764781,0
                  8.173472,40.764799,0
                  8.173472,40.764818,0
                  8.173472,40.764837,0
                </coordinates>
              </LinearRing>
            </outerBoundaryIs>
          </Polygon>
          <Polygon>
            <outerBoundaryIs>
              <LinearRing>
                <tessellate>1</tessellate>
                <coordinates>
                  8.157868,40.764879,0
                  8.157868,40.764899,0
                  8.157868,40.764918,0
                  8.157868,40.764936,0
                  8.157868,40.764955,0
                  8.157867,40.764973,0
                  8.157867,40.76499,0
                  8.157866,40.765007,0
                  8.157866,40.765024,0
                  8.157865,40.76504,0
                  8.157864,40.765056,0
                  8.157863,40.765071,0
                  8.157861,40.765086,0
                  8.15786,40.765101,0
                  8.157859,40.765115,0
                  8.157857,40.765129,0
                  8.157855,40.765143,0
                  8.157853,40.765156,0
                  8.157851,40.765168,0
                  8.157849,40.76518,0
                  8.157847,40.765192,0
                  8.157845,40.765203,0
                  8.157842,40.765215,0
                  8.15784,40.765225,0
                  8.157837,40.765236,0
                  8.157834,40.765246,0
                  8.157831,40.765256,0
                  8.157828,40.765265,0
                  8.157824,40.765274,0
                  8.157821,40.765283,0
                  8.157817,40.765292,0
                  8.157813,40.7653,0
                  8.15781,40.765308,0
                  8.157806,40.765315,0
                  8.157802,40.765322,0
                  8.157798,40.765329,0
                  8.157794,40.765336,0
                  8.15779,40.765342,0
                  8.157786,40.765348,0
                  8.157781,40.765354,0
                  8.157777,40.765359,0
                  8.157773,40.765364,0
                  8.157768,40.765369,0
                  8.157763,40.765374,0
                  8.157759,40.765378,0
                  8.157754,40.765382,0
                  8.157749,40.765386,0
                  8.157743,40.765389,0
                  8.157738,40.765392,0
                  8.157733,40.765395,0
                  8.157728,40.765398,0
                  8.157722,40.7654,0
                  8.157717,40.765403,0
                  8.157712,40.765404,0
                  8.157706,40.765406,0
                  8.157701,40.765407,0
                  8.157695,40.765408,0
                  8.157689,40.765409,0
                  8.157684,40.76541,0
                  8.157678,40.76541,0
                  8.157672,40.76541,0
                  8.156638,40.76541,0
                  8.156638,40.770935,0
                  8.156638,40.770941,0
                  8.156638,40.770947,0
                  8.156637,40.770953,0
                  8.156637,40.770959,0
                  8.156636,40.770964,0
                  8.156635,40.77097,0
                  8.156634,40.770975,0
                  8.156632,40.77098,0
                  8.156631,40.770985,0
                  8.156629,40.77099,0
                  8.156627,40.770995,0
                  8.156625,40.770999,0
                  8.156623,40.771004,0
                  8.15662,40.771008,0
                  8.156618,40.771013,0
                  8.156615,40.771017,0
                  8.156612,40.771021,0
                  8.156608,40.771025,0
                  8.156604,40.771028,0
                  8.1566,40.771032,0
                  8.156596,40.771035,0
                  8.156591,40.771039,0
                  8.156586,40.771042,0
                  8.15658,40.771045,0
                  8.156574,40.771048,0
                  8.156568,40.771051,0
                  8.156561,40.771054,0
                  8.156554,40.771057,0
                  8.156547,40.771059,0
                  8.156539,40.771062,0
                  8.156531,40.771064,0
                  8.156523,40.771067,0
                  8.156514,40.771069,0
                  8.156504,40.771071,0
                  8.156494,40.771073,0
                  8.156484,40.771075,0
                  8.156473,40.771077,0
                  8.156461,40.771079,0
                  8.156449,40.771081,0
                  8.156436,40.771082,0
                  8.156423,40.771084,0
                  8.15641,40.771085,0
                  8.156395,40.771086,0
                  8.156381,40.771087,0
                  8.156366,40.771089,0
                  8.15635,40.77109,0
                  8.156334,40.77109,0
                  8.156317,40.771091,0
                  8.156299,40.771092,0
                  8.156281,40.771093,0
                  8.156263,40.771093,0
                  8.156243,40.771094,0
                  8.156223,40.771094,0
                  8.156203,40.771095,0
                  8.156181,40.771095,0
                  8.156159,40.771095,0
                  8.156137,40.771095,0
                  8.156114,40.771095,0
                  8.15609,40.771096,0
                  8.156066,40.771096,0
                  8.156046,40.771096,0
                  8.156026,40.771096,0
                  8.156007,40.771096,0
                  8.155988,40.771095,0
                  8.15597,40.771095,0
                  8.155953,40.771095,0
                  8.155936,40.771095,0
                  8.15592,40.771095,0
                  8.155904,40.771095,0
                  8.155888,40.771095,0
                  8.155873,40.771095,0
                  8.155859,40.771095,0
                  8.155845,40.771094,0
                  8.155832,40.771094,0
                  8.155819,40.771094,0
                  8.155806,40.771093,0
                  8.155794,40.771093,0
                  8.155782,40.771093,0
                  8.155771,40.771092,0
                  8.155759,40.771091,0
                  8.155748,40.771091,0
                  8.155738,40.77109,0
                  8.155728,40.771089,0
                  8.155718,40.771089,0
                  8.155708,40.771088,0
                  8.155699,40.771087,0
                  8.15569,40.771086,0
                  8.155681,40.771085,0
                  8.155673,40.771084,0
                  8.155665,40.771083,0
                  8.155657,40.771082,0
                  8.15565,40.771081,0
                  8.155642,40.77108,0
                  8.155635,40.771078,0
                  8.155628,40.771077,0
                  8.155621,40.771076,0
                  8.155615,40.771074,0
                  8.155608,40.771073,0
                  8.155602,40.771072,0
                  8.155596,40.77107,0
                  8.15559,40.771069,0
                  8.155584,40.771067,0
                  8.155579,40.771065,0
                  8.155574,40.771064,0
                  8.155568,40.771062,0
                  8.155564,40.77106,0
                  8.155559,40.771058,0
                  8.155555,40.771056,0
                  8.155551,40.771054,0
                  8.155546,40.771052,0
                  8.155542,40.77105,0
                  8.155538,40.771048,0
                  8.155534,40.771046,0
                  8.15553,40.771044,0
                  8.155526,40.771041,0
                  8.155523,40.771039,0
                  8.155519,40.771036,0
                  8.155515,40.771034,0
                  8.155512,40.771031,0
                  8.155509,40.771028,0
                  8.154152,40.770099,0
                  8.154144,40.770093,0
                  8.154137,40.770087,0
                  8.154129,40.770082,0
                  8.154122,40.770077,0
                  8.154116,40.770071,0
                  8.154109,40.770066,0
                  8.154102,40.770061,0
                  8.154096,40.770056,0
                  8.15409,40.770051,0
                  8.154085,40.770046,0
                  8.154079,40.770041,0
                  8.154074,40.770036,0
                  8.154069,40.770031,0
                  8.154064,40.770026,0
                  8.15406,40.770021,0
                  8.154055,40.770016,0
                  8.154051,40.770011,0
                  8.154047,40.770005,0
                  8.154043,40.77,0
                  8.154039,40.769994,0
                  8.154035,40.769989,0
                  8.154031,40.769983,0
                  8.154027,40.769976,0
                  8.154024,40.76997,0
                  8.154021,40.769963,0
                  8.154018,40.769957,0
                  8.154015,40.76995,0
                  8.154012,40.769942,0
                  8.154009,40.769935,0
                  8.154007,40.769927,0
                  8.154004,40.76992,0
                  8.154002,40.769912,0
                  8.153999,40.769904,0
                  8.153997,40.769896,0
                  8.153995,40.769887,0
                  8.153993,40.769879,0
                  8.153991,40.76987,0
                  8.15399,40.769861,0
                  8.153988,40.769851,0
                  8.153987,40.769842,0
                  8.153985,40.769832,0
                  8.153984,40.769822,0
                  8.153983,40.769812,0
                  8.153982,40.769802,0
                  8.153982,40.769791,0
                  8.153981,40.769781,0
                  8.15398,40.769769,0
                  8.15398,40.769758,0
                  8.15398,40.769746,0
                  8.153979,40.769733,0
                  8.153979,40.769721,0
                  8.153978,40.769707,0
                  8.153978,40.769694,0
                  8.153978,40.76968,0
                  8.153977,40.769665,0
                  8.153977,40.76965,0
                  8.153977,40.769635,0
                  8.153977,40.769619,0
                  8.153977,40.769603,0
                  8.153977,40.769587,0
                  8.153977,40.769561,0
                  8.153977,40.769536,0
                  8.153978,40.769512,0
                  8.153978,40.769489,0
                  8.153979,40.769466,0
                  8.153979,40.769444,0
                  8.15398,40.769423,0
                  8.153981,40.769402,0
                  8.153982,40.769383,0
                  8.153984,40.769364,0
                  8.153985,40.769346,0
                  8.153987,40.769329,0
                  8.153988,40.769312,0
                  8.15399,40.769297,0
                  8.153992,40.769282,0
                  8.153994,40.769268,0
                  8.153996,40.769254,0
                  8.153999,40.769241,0
                  8.154002,40.769229,0
                  8.154005,40.769217,0
                  8.154008,40.769206,0
                  8.154011,40.769195,0
                  8.154015,40.769185,0
                  8.154019,40.769176,0
                  8.154023,40.769167,0
                  8.154027,40.769158,0
                  8.154032,40.76915,0
                  8.154037,40.769143,0
                  8.154042,40.769136,0
                  8.154047,40.76913,0
                  8.154053,40.769124,0
                  8.154059,40.769119,0
                  8.154065,40.769114,0
                  8.154072,40.76911,0
                  8.154078,40.769107,0
                  8.154085,40.769104,0
                  8.154092,40.769101,0
                  8.1541,40.769099,0
                  8.154108,40.769098,0
                  8.154116,40.769097,0
                  8.154124,40.769096,0
                  8.154133,40.769096,0
                  8.154142,40.769096,0
                  8.154151,40.769097,0
                  8.15416,40.769098,0
                  8.15417,40.7691,0
                  8.15418,40.769103,0
                  8.15419,40.769105,0
                  8.154201,40.769109,0
                  8.154212,40.769112,0
                  8.154223,40.769116,0
                  8.154235,40.769121,0
                  8.154247,40.769125,0
                  8.15426,40.769131,0
                  8.154273,40.769136,0
                  8.154286,40.769142,0
                  8.1543,40.769148,0
                  8.154313,40.769155,0
                  8.154328,40.769162,0
                  8.154342,40.769169,0
                  8.155357,40.769762,0
                  8.155357,40.765411,0
                  8.154177,40.765411,0
                  8.154171,40.765411,0
                  8.154166,40.76541,0
                  8.15416,40.76541,0
                  8.154155,40.765409,0
                  8.15415,40.765408,0
                  8.154144,40.765406,0
                  8.154139,40.765405,0
                  8.154134,40.765403,0
                  8.154129,40.765401,0
                  8.154124,40.765398,0
                  8.154119,40.765396,0
                  8.154114,40.765393,0
                  8.154109,40.765389,0
                  8.154105,40.765386,0
                  8.1541,40.765382,0
                  8.154096,40.765378,0
                  8.154091,40.765374,0
                  8.154087,40.765369,0
                  8.154083,40.765364,0
                  8.154078,40.765359,0
                  8.154074,40.765354,0
                  8.15407,40.765348,0
                  8.154066,40.765342,0
                  8.154062,40.765336,0
                  8.154058,40.765329,0
                  8.154054,40.765323,0
                  8.15405,40.765315,0
                  8.154046,40.765308,0
                  8.154042,40.7653,0
                  8.154039,40.765292,0
                  8.154035,40.765284,0
                  8.154032,40.765275,0
                  8.154028,40.765266,0
                  8.154025,40.765256,0
                  8.154022,40.765246,0
                  8.154019,40.765236,0
                  8.154016,40.765226,0
                  8.154014,40.765215,0
                  8.154011,40.765204,0
                  8.154009,40.765192,0
                  8.154007,40.76518,0
                  8.154005,40.765168,0
                  8.154003,40.765156,0
                  8.154001,40.765143,0
                  8.153999,40.76513,0
                  8.153997,40.765116,0
                  8.153996,40.765102,0
                  8.153995,40.765087,0
                  8.153993,40.765072,0
                  8.153992,40.765056,0
                  8.153991,40.76504,0
                  8.15399,40.765024,0
                  8.15399,40.765008,0
                  8.153989,40.76499,0
                  8.153989,40.764973,0
                  8.153988,40.764955,0
                  8.153988,40.764937,0
                  8.153988,40.764918,0
                  8.153987,40.764899,0
                  8.153987,40.764879,0
                  8.153987,40.76486,0
                  8.153988,40.764841,0
                  8.153988,40.764823,0
                  8.153988,40.764805,0
                  8.153989,40.764788,0
                  8.15399,40.764771,0
                  8.153991,40.764754,0
                  8.153992,40.764737,0
                  8.153993,40.764722,0
                  8.153994,40.764706,0
                  8.153995,40.764691,0
                  8.153997,40.764676,0
                  8.153999,40.764662,0
                  8.154,40.764648,0
                  8.154002,40.764634,0
                  8.154004,40.764621,0
                  8.154006,40.764608,0
                  8.154009,40.764596,0
                  8.154011,40.764583,0
                  8.154013,40.764571,0
                  8.154016,40.76456,0
                  8.154018,40.764549,0
                  8.154021,40.764538,0
                  8.154024,40.764528,0
                  8.154027,40.764518,0
                  8.15403,40.764508,0
                  8.154033,40.764499,0
                  8.154037,40.76449,0
                  8.15404,40.764482,0
                  8.154044,40.764474,0
                  8.154048,40.764466,0
                  8.154051,40.764458,0
                  8.154055,40.764451,0
                  8.154059,40.764444,0
                  8.154063,40.764437,0
                  8.154067,40.764431,0
                  8.154071,40.764425,0
                  8.154075,40.764419,0
                  8.154079,40.764414,0
                  8.154083,40.764409,0
                  8.154087,40.764404,0
                  8.154091,40.7644,0
                  8.154095,40.764396,0
                  8.154099,40.764392,0
                  8.154104,40.764389,0
                  8.154108,40.764385,0
                  8.154113,40.764382,0
                  8.154118,40.764379,0
                  8.154123,40.764377,0
                  8.154127,40.764374,0
                  8.154132,40.764372,0
                  8.154137,40.76437,0
                  8.154142,40.764368,0
                  8.154147,40.764367,0
                  8.154152,40.764365,0
                  8.154157,40.764364,0
                  8.154162,40.764364,0
                  8.154167,40.764363,0
                  8.154172,40.764363,0
                  8.154177,40.764363,0
                  8.157673,40.764363,0
                  8.157679,40.764363,0
                  8.157684,40.764363,0
                  8.15769,40.764364,0
                  8.157695,40.764364,0
                  8.157701,40.764365,0
                  8.157706,40.764367,0
                  8.157711,40.764368,0
                  8.157717,40.76437,0
                  8.157722,40.764372,0
                  8.157727,40.764374,0
                  8.157732,40.764377,0
                  8.157737,40.764379,0
                  8.157742,40.764382,0
                  8.157747,40.764385,0
                  8.157751,40.764389,0
                  8.157756,40.764392,0
                  8.15776,40.764396,0
                  8.157764,40.7644,0
                  8.157768,40.764404,0
                  8.157773,40.764409,0
                  8.157777,40.764414,0
                  8.157781,40.764419,0
                  8.157785,40.764425,0
                  8.157789,40.764431,0
                  8.157793,40.764437,0
                  8.157797,40.764444,0
                  8.157801,40.764451,0
                  8.157804,40.764458,0
                  8.157808,40.764466,0
                  8.157811,40.764474,0
                  8.157815,40.764482,0
                  8.157818,40.76449,0
                  8.157822,40.764499,0
                  8.157825,40.764508,0
                  8.157828,40.764518,0
                  8.157831,40.764528,0
                  8.157834,40.764538,0
                  8.157836,40.764549,0
                  8.157839,40.76456,0
                  8.157842,40.764571,0
                  8.157844,40.764583,0
                  8.157846,40.764596,0
                  8.157849,40.764608,0
                  8.157851,40.764621,0
                  8.157853,40.764634,0
                  8.157855,40.764648,0
                  8.157857,40.764662,0
                  8.157858,40.764676,0
                  8.15786,40.764691,0
                  8.157861,40.764706,0
                  8.157862,40.764722,0
                  8.157864,40.764737,0
                  8.157865,40.764754,0
                  8.157865,40.764771,0
                  8.157866,40.764788,0
                  8.157867,40.764805,0
                  8.157867,40.764823,0
                  8.157868,40.764841,0
                  8.157868,40.76486,0
                  8.157868,40.764879,0
                </coordinates>
              </LinearRing>
            </outerBoundaryIs>
          </Polygon>
        </MultiGeometry>
      </Placemark>
    </Folder>
  </Document>
</kml>
