<?xml version="1.0" encoding="UTF-8"?>
<kml xmlns="http://www.opengis.net/kml/2.2">
  <Document>
    <name>RIS26 - SS2/5 Tula-Erula</name>
    <description/>
    <Style id="icon-1899-DB4436-normal">
      <IconStyle>
        <color>ff3644db</color>
        <scale>1</scale>
        <Icon>
          <href>https://www.gstatic.com/mapspro/images/stock/503-wht-blank_maps.png</href>
        </Icon>
        <hotSpot x="32" xunits="pixels" y="64" yunits="insetPixels"/>
      </IconStyle>
      <LabelStyle>
        <scale>0</scale>
      </LabelStyle>
    </Style>
    <Style id="icon-1899-DB4436-highlight">
      <IconStyle>
        <color>ff3644db</color>
        <scale>1</scale>
        <Icon>
          <href>https://www.gstatic.com/mapspro/images/stock/503-wht-blank_maps.png</href>
        </Icon>
        <hotSpot x="32" xunits="pixels" y="64" yunits="insetPixels"/>
      </IconStyle>
      <LabelStyle>
        <scale>1</scale>
      </LabelStyle>
    </Style>
    <StyleMap id="icon-1899-DB4436">
      <Pair>
        <key>normal</key>
        <styleUrl>#icon-1899-DB4436-normal</styleUrl>
      </Pair>
      <Pair>
        <key>highlight</key>
        <styleUrl>#icon-1899-DB4436-highlight</styleUrl>
      </Pair>
    </StyleMap>
    <Style id="icon-1899-DB4436-nodesc-normal">
      <IconStyle>
        <color>ff3644db</color>
        <scale>1</scale>
        <Icon>
          <href>https://www.gstatic.com/mapspro/images/stock/503-wht-blank_maps.png</href>
        </Icon>
        <hotSpot x="32" xunits="pixels" y="64" yunits="insetPixels"/>
      </IconStyle>
      <LabelStyle>
        <scale>0</scale>
      </LabelStyle>
      <BalloonStyle>
        <text><![CDATA[<h3>$[name]</h3>]]></text>
      </BalloonStyle>
    </Style>
    <Style id="icon-1899-DB4436-nodesc-highlight">
      <IconStyle>
        <color>ff3644db</color>
        <scale>1</scale>
        <Icon>
          <href>https://www.gstatic.com/mapspro/images/stock/503-wht-blank_maps.png</href>
        </Icon>
        <hotSpot x="32" xunits="pixels" y="64" yunits="insetPixels"/>
      </IconStyle>
      <LabelStyle>
        <scale>1</scale>
      </LabelStyle>
      <BalloonStyle>
        <text><![CDATA[<h3>$[name]</h3>]]></text>
      </BalloonStyle>
    </Style>
    <StyleMap id="icon-1899-DB4436-nodesc">
      <Pair>
        <key>normal</key>
        <styleUrl>#icon-1899-DB4436-nodesc-normal</styleUrl>
      </Pair>
      <Pair>
        <key>highlight</key>
        <styleUrl>#icon-1899-DB4436-nodesc-highlight</styleUrl>
      </Pair>
    </StyleMap>
    <Style id="line-ACA83A-8000-normal">
      <LineStyle>
        <color>ff3aa8ac</color>
        <width>8</width>
      </LineStyle>
    </Style>
    <Style id="line-ACA83A-8000-highlight">
      <LineStyle>
        <color>ff3aa8ac</color>
        <width>12</width>
      </LineStyle>
    </Style>
    <StyleMap id="line-ACA83A-8000">
      <Pair>
        <key>normal</key>
        <styleUrl>#line-ACA83A-8000-normal</styleUrl>
      </Pair>
      <Pair>
        <key>highlight</key>
        <styleUrl>#line-ACA83A-8000-highlight</styleUrl>
      </Pair>
    </StyleMap>
    <Style id="line-ACA83A-8000-nodesc-normal">
      <LineStyle>
        <color>ff3aa8ac</color>
        <width>8</width>
      </LineStyle>
      <BalloonStyle>
        <text><![CDATA[<h3>$[name]</h3>]]></text>
      </BalloonStyle>
    </Style>
    <Style id="line-ACA83A-8000-nodesc-highlight">
      <LineStyle>
        <color>ff3aa8ac</color>
        <width>12</width>
      </LineStyle>
      <BalloonStyle>
        <text><![CDATA[<h3>$[name]</h3>]]></text>
      </BalloonStyle>
    </Style>
    <StyleMap id="line-ACA83A-8000-nodesc">
      <Pair>
        <key>normal</key>
        <styleUrl>#line-ACA83A-8000-nodesc-normal</styleUrl>
      </Pair>
      <Pair>
        <key>highlight</key>
        <styleUrl>#line-ACA83A-8000-nodesc-highlight</styleUrl>
      </Pair>
    </StyleMap>
    <Style id="line-FF0000-5000-nodesc-normal">
      <LineStyle>
        <color>ff0000ff</color>
        <width>5</width>
      </LineStyle>
      <BalloonStyle>
        <text><![CDATA[<h3>$[name]</h3>]]></text>
      </BalloonStyle>
    </Style>
    <Style id="line-FF0000-5000-nodesc-highlight">
      <LineStyle>
        <color>ff0000ff</color>
        <width>7.5</width>
      </LineStyle>
      <BalloonStyle>
        <text><![CDATA[<h3>$[name]</h3>]]></text>
      </BalloonStyle>
    </Style>
    <StyleMap id="line-FF0000-5000-nodesc">
      <Pair>
        <key>normal</key>
        <styleUrl>#line-FF0000-5000-nodesc-normal</styleUrl>
      </Pair>
      <Pair>
        <key>highlight</key>
        <styleUrl>#line-FF0000-5000-nodesc-highlight</styleUrl>
      </Pair>
    </StyleMap>
    <Style id="poly-000066-1000-191-nodesc-normal">
      <LineStyle>
        <color>ff660000</color>
        <width>1</width>
      </LineStyle>
      <PolyStyle>
        <color>bf660000</color>
        <fill>1</fill>
        <outline>1</outline>
      </PolyStyle>
      <BalloonStyle>
        <text><![CDATA[<h3>$[name]</h3>]]></text>
      </BalloonStyle>
    </Style>
    <Style id="poly-000066-1000-191-nodesc-highlight">
      <LineStyle>
        <color>ff660000</color>
        <width>1.5</width>
      </LineStyle>
      <PolyStyle>
        <color>bf660000</color>
        <fill>1</fill>
        <outline>1</outline>
      </PolyStyle>
      <BalloonStyle>
        <text><![CDATA[<h3>$[name]</h3>]]></text>
      </BalloonStyle>
    </Style>
    <StyleMap id="poly-000066-1000-191-nodesc">
      <Pair>
        <key>normal</key>
        <styleUrl>#poly-000066-1000-191-nodesc-normal</styleUrl>
      </Pair>
      <Pair>
        <key>highlight</key>
        <styleUrl>#poly-000066-1000-191-nodesc-highlight</styleUrl>
      </Pair>
    </StyleMap>
    <Style id="poly-0000FF-1-128-nodesc-normal">
      <LineStyle>
        <color>ffff0000</color>
        <width>0.001</width>
      </LineStyle>
      <PolyStyle>
        <color>80ff0000</color>
        <fill>1</fill>
        <outline>1</outline>
      </PolyStyle>
      <BalloonStyle>
        <text><![CDATA[<h3>$[name]</h3>]]></text>
      </BalloonStyle>
    </Style>
    <Style id="poly-0000FF-1-128-nodesc-highlight">
      <LineStyle>
        <color>ffff0000</color>
        <width>0.0015</width>
      </LineStyle>
      <PolyStyle>
        <color>80ff0000</color>
        <fill>1</fill>
        <outline>1</outline>
      </PolyStyle>
      <BalloonStyle>
        <text><![CDATA[<h3>$[name]</h3>]]></text>
      </BalloonStyle>
    </Style>
    <StyleMap id="poly-0000FF-1-128-nodesc">
      <Pair>
        <key>normal</key>
        <styleUrl>#poly-0000FF-1-128-nodesc-normal</styleUrl>
      </Pair>
      <Pair>
        <key>highlight</key>
        <styleUrl>#poly-0000FF-1-128-nodesc-highlight</styleUrl>
      </Pair>
    </StyleMap>
    <Style id="poly-F9F9F9-1200-255-nodesc-normal">
      <LineStyle>
        <color>fff9f9f9</color>
        <width>1.2</width>
      </LineStyle>
      <PolyStyle>
        <color>fff9f9f9</color>
        <fill>1</fill>
        <outline>1</outline>
      </PolyStyle>
      <BalloonStyle>
        <text><![CDATA[<h3>$[name]</h3>]]></text>
      </BalloonStyle>
    </Style>
    <Style id="poly-F9F9F9-1200-255-nodesc-highlight">
      <LineStyle>
        <color>fff9f9f9</color>
        <width>1.8</width>
      </LineStyle>
      <PolyStyle>
        <color>fff9f9f9</color>
        <fill>1</fill>
        <outline>1</outline>
      </PolyStyle>
      <BalloonStyle>
        <text><![CDATA[<h3>$[name]</h3>]]></text>
      </BalloonStyle>
    </Style>
    <StyleMap id="poly-F9F9F9-1200-255-nodesc">
      <Pair>
        <key>normal</key>
        <styleUrl>#poly-F9F9F9-1200-255-nodesc-normal</styleUrl>
      </Pair>
      <Pair>
        <key>highlight</key>
        <styleUrl>#poly-F9F9F9-1200-255-nodesc-highlight</styleUrl>
      </Pair>
    </StyleMap>
    <Style id="poly-FFDE23-1-128-nodesc-normal">
      <LineStyle>
        <color>ff23deff</color>
        <width>0.001</width>
      </LineStyle>
      <PolyStyle>
        <color>8023deff</color>
        <fill>1</fill>
        <outline>1</outline>
      </PolyStyle>
      <BalloonStyle>
        <text><![CDATA[<h3>$[name]</h3>]]></text>
      </BalloonStyle>
    </Style>
    <Style id="poly-FFDE23-1-128-nodesc-highlight">
      <LineStyle>
        <color>ff23deff</color>
        <width>0.0015</width>
      </LineStyle>
      <PolyStyle>
        <color>8023deff</color>
        <fill>1</fill>
        <outline>1</outline>
      </PolyStyle>
      <BalloonStyle>
        <text><![CDATA[<h3>$[name]</h3>]]></text>
      </BalloonStyle>
    </Style>
    <StyleMap id="poly-FFDE23-1-128-nodesc">
      <Pair>
        <key>normal</key>
        <styleUrl>#poly-FFDE23-1-128-nodesc-normal</styleUrl>
      </Pair>
      <Pair>
        <key>highlight</key>
        <styleUrl>#poly-FFDE23-1-128-nodesc-highlight</styleUrl>
      </Pair>
    </StyleMap>
    <Folder>
      <name>Access</name>
      <Placemark>
        <name>03</name>
        <styleUrl>#icon-1899-DB4436-nodesc</styleUrl>
        <Point>
          <coordinates>
            8.983351,40.727843,0
          </coordinates>
        </Point>
      </Placemark>
      <Placemark>
        <name>03</name>
        <styleUrl>#icon-1899-DB4436-nodesc</styleUrl>
        <Point>
          <coordinates>
            8.983454,40.731195,0
          </coordinates>
        </Point>
      </Placemark>
      <Placemark>
        <name>03</name>
        <styleUrl>#icon-1899-DB4436-nodesc</styleUrl>
        <Point>
          <coordinates>
            8.983771,40.733289,0
          </coordinates>
        </Point>
      </Placemark>
      <Placemark>
        <name>03</name>
        <styleUrl>#icon-1899-DB4436-nodesc</styleUrl>
        <Point>
          <coordinates>
            8.983718,40.733835,0
          </coordinates>
        </Point>
      </Placemark>
      <Placemark>
        <name>03</name>
        <styleUrl>#icon-1899-DB4436-nodesc</styleUrl>
        <Point>
          <coordinates>
            8.960364,40.737822,0
          </coordinates>
        </Point>
      </Placemark>
      <Placemark>
        <name>03</name>
        <styleUrl>#icon-1899-DB4436-nodesc</styleUrl>
        <Point>
          <coordinates>
            8.954235,40.747676,0
          </coordinates>
        </Point>
      </Placemark>
      <Placemark>
        <name>03</name>
        <styleUrl>#icon-1899-DB4436-nodesc</styleUrl>
        <Point>
          <coordinates>
            8.955342,40.764917,0
          </coordinates>
        </Point>
      </Placemark>
      <Placemark>
        <name>03 bifacciale</name>
        <styleUrl>#icon-1899-DB4436-nodesc</styleUrl>
        <Point>
          <coordinates>
            8.948453,40.784931,0
          </coordinates>
        </Point>
      </Placemark>
      <Placemark>
        <name>04 bifacciale</name>
        <styleUrl>#icon-1899-DB4436-nodesc</styleUrl>
        <Point>
          <coordinates>
            8.972532,40.797211,0
          </coordinates>
        </Point>
      </Placemark>
      <Placemark>
        <name>03 Access TULA</name>
        <description><![CDATA[1: Accesso a senso unico fino allo start della PS.<br>One-way access until the SS start.<br>2: Dopo lo start, senso unico in uscita.<br>After the SS start, exit traffic only.]]></description>
        <styleUrl>#line-ACA83A-8000</styleUrl>
        <LineString>
          <tessellate>1</tessellate>
          <coordinates>
            8.983411,40.727817,226.3
            8.983316,40.728023,226.7
            8.983281,40.728185,228
            8.983269,40.72867,232.4
            8.983313,40.729203,236
            8.983329,40.729421,236
            8.983349,40.72961,232
            8.983418,40.7305,235
            8.983431,40.73059,235
            8.983444,40.730672,235
            8.983509,40.73111,238
            8.98334,40.731151,239
            8.983207,40.731193,240
            8.983184,40.731238,240
            8.983146,40.73131,240
            8.983038,40.731702,244.6
            8.983045,40.73177,248
            8.983246,40.732296,248
            8.983267,40.732353,248
            8.983297,40.732437,248
            8.983502,40.732916,249
            8.983572,40.73304,249
            8.983657,40.733117,249
            8.983768,40.733221,249
            8.983736,40.73327,251.3
            8.983729,40.733376,256
            8.983722,40.73349,256
            8.983761,40.733715,256
            8.98375,40.733768,256
            8.983667,40.733785,256
            8.983493,40.73382,256
            8.983099,40.733928,256
            8.982828,40.734045,256
            8.982643,40.73414,256
            8.982495,40.734207,256
            8.982335,40.734244,256
            8.982154,40.734263,256
            8.981912,40.734245,256
            8.981557,40.734226,256
            8.981121,40.734229,256
            8.980964,40.734227,256
            8.980779,40.734149,256
            8.980561,40.734028,256
            8.980366,40.733876,256
            8.980148,40.733848,256
            8.979764,40.73383,256
            8.979594,40.733767,256
            8.979408,40.733689,256
            8.979249,40.733648,256
            8.97915,40.733599,256
            8.979081,40.733525,256
            8.979002,40.733417,256
            8.978925,40.733362,256
            8.978547,40.733301,256
            8.978148,40.733158,256
            8.9776,40.733025,256
            8.977299,40.732956,256
            8.977177,40.732954,256
            8.976956,40.732942,256
            8.976829,40.732945,256
            8.976674,40.732871,256
            8.976563,40.732846,256
            8.976451,40.732849,256
            8.97636,40.732862,256
            8.976037,40.732956,256
            8.975874,40.732977,256
            8.97571,40.733005,256
            8.975634,40.733025,256
            8.975423,40.733013,256
            8.975017,40.732934,256
            8.974919,40.732939,256
            8.974745,40.732998,256
            8.974588,40.733018,256
            8.974401,40.733051,256
            8.974316,40.733032,256
            8.974136,40.732927,256
            8.973965,40.732805,256
            8.97386,40.732762,256
            8.973771,40.73274,256
            8.97361,40.732709,256
            8.973428,40.732694,256
            8.973308,40.732695,256
            8.973142,40.732719,256
            8.972983,40.732764,256
            8.972799,40.73284,256
            8.972616,40.732914,256
            8.972487,40.732935,256
            8.972481,40.732936,256
            8.972334,40.732959,256
            8.972295,40.732983,256
            8.972063,40.733122,256
            8.971858,40.733223,256
            8.971502,40.733363,256
            8.971375,40.733406,256
            8.971152,40.733443,256
            8.970853,40.733483,256
            8.970681,40.733517,256
            8.970523,40.733578,256
            8.970334,40.733685,256
            8.969947,40.733866,256
            8.969659,40.733981,256
            8.969447,40.734066,256
            8.96929,40.7341,256
            8.969196,40.734102,256
            8.968919,40.734054,256
            8.968772,40.734054,256
            8.968691,40.734051,256
            8.968591,40.7341,256
            8.968309,40.734268,256
            8.968122,40.73434,256
            8.967853,40.73445,256
            8.967307,40.734695,256
            8.967103,40.734793,256
            8.966937,40.734937,256
            8.96678,40.735034,256
            8.966778,40.735037,256
            8.966585,40.735174,256
            8.96641,40.735259,256
            8.966404,40.735264,256
            8.966402,40.735264,256
            8.966154,40.735343,256
            8.965909,40.735401,256
            8.965377,40.735461,256
            8.965257,40.735482,256
            8.96518,40.735526,256
            8.964792,40.735779,256
            8.964474,40.735969,256
            8.964251,40.736125,256
            8.964069,40.736229,256
            8.963813,40.73636,256
            8.96364,40.73646,256
            8.963404,40.736623,256
            8.9633,40.736678,256
            8.962999,40.736773,256
            8.962595,40.736873,256
            8.962108,40.73702,256
            8.961545,40.737208,256
            8.961153,40.737348,256
            8.960615,40.737532,256
            8.960454,40.737625,256
            8.960404,40.73768,256
            8.960367,40.737753,256
            8.960361,40.737782,467.7
            8.960343,40.737795,476
            8.96018,40.737891,477.1
            8.960102,40.73797,477.3
            8.960025,40.738176,477.6
            8.960135,40.739005,480
            8.960196,40.73941,481.7
            8.960191,40.739534,481.8
            8.960115,40.739752,480.7
            8.959936,40.740032,480.6
            8.959361,40.74047,481.5
            8.959157,40.740809,485.1
            8.958979,40.741202,490.8
            8.958729,40.741536,494.3
            8.958404,40.741805,498.8
            8.958031,40.742034,500.1
            8.957624,40.742253,502.9
            8.957165,40.742384,505.9
            8.956929,40.742398,508.1
            8.956537,40.74237,510.3
            8.955915,40.742288,512.2
            8.955774,40.742311,513.2
            8.955655,40.7424,514
            8.955594,40.742527,515.4
            8.955596,40.742879,516.3
            8.955791,40.743325,517
            8.955812,40.743404,517.1
            8.955806,40.743491,518.5
            8.955742,40.74361,518.8
            8.955376,40.744026,526.4
            8.95528,40.744165,526.7
            8.955089,40.744698,532.8
            8.954996,40.744853,535.5
            8.954905,40.744962,535.7
            8.954772,40.745072,538.7
            8.954579,40.745144,538.3
            8.954115,40.745247,543.8
            8.953762,40.745271,543.5
            8.953124,40.745276,546.4
            8.952707,40.745312,548.5
            8.95253,40.745351,548.2
            8.952417,40.74541,557
            8.952384,40.745493,558.2
            8.952387,40.745608,558.4
            8.952431,40.745716,558.6
            8.952496,40.745812,560.7
            8.953482,40.746871,573.2
            8.95403,40.747506,579.5
            8.954179,40.747598,578.2
            8.954257,40.747621,580
            8.954431,40.747672,585.4
            8.954768,40.74771,587.8
            8.955107,40.747826,589.1
            8.955205,40.747925,589.8
            8.955253,40.748073,590.5
            8.955303,40.748345,591.3
            8.955427,40.748482,590.9
            8.955595,40.74857,591.3
            8.955671,40.748663,591.3
            8.955681,40.748777,590.1
            8.955108,40.75018,611
            8.955129,40.750317,611
            8.955158,40.750342,611
            8.955248,40.75042,611
            8.955574,40.750524,610.4
            8.957135,40.750748,610
            8.957731,40.750866,610
            8.959541,40.751536,600
            8.960627,40.75193,600
            8.961778,40.752684,602
          </coordinates>
        </LineString>
      </Placemark>
      <Placemark>
        <name>03 Access ERULA</name>
        <styleUrl>#line-ACA83A-8000-nodesc</styleUrl>
        <LineString>
          <tessellate>1</tessellate>
          <coordinates>
            8.948514,40.784978,0
            8.948538,40.78496,0
            8.948589,40.784924,0
            8.948548,40.784886,0
            8.948512,40.78485,0
            8.948478,40.784806,0
            8.948445,40.784755,0
            8.948431,40.784714,0
            8.948428,40.784675,0
            8.948435,40.784643,0
            8.948474,40.784563,0
            8.948477,40.78456,0
            8.948542,40.784512,0
            8.948573,40.78449,0
            8.948631,40.78445,0
            8.948922,40.784245,0
            8.949005,40.784175,0
            8.949023,40.78416,0
            8.949062,40.78411,0
            8.949097,40.784072,0
            8.949117,40.784032,0
            8.949121,40.78402,0
            8.949138,40.783975,0
            8.949152,40.783904,0
            8.949159,40.783843,0
            8.949176,40.783698,0
            8.949208,40.783461,0
            8.949194,40.783364,0
            8.949185,40.783306,0
            8.94918,40.783271,0
            8.949159,40.783171,0
            8.949122,40.783068,0
            8.949076,40.782957,0
            8.949065,40.782931,0
            8.94898,40.782722,0
            8.948941,40.782628,0
            8.948892,40.782507,0
            8.948819,40.782354,0
            8.948757,40.782232,0
            8.948702,40.782095,0
            8.948671,40.78201,0
            8.948654,40.781943,0
            8.948652,40.781933,0
            8.948641,40.781886,0
            8.948659,40.781765,0
            8.94866,40.781759,0
            8.948662,40.781755,0
            8.94871,40.781673,0
            8.948789,40.781556,0
            8.948899,40.781426,0
            8.949067,40.781265,0
            8.949259,40.781032,0
            8.949415,40.780854,0
            8.949423,40.780845,0
            8.949482,40.780777,0
            8.949554,40.780708,0
            8.949597,40.780666,0
            8.949685,40.780546,0
            8.949698,40.780528,0
            8.949779,40.780393,0
            8.949784,40.780383,0
            8.949785,40.780381,0
            8.949884,40.780198,0
            8.949943,40.780056,0
            8.949947,40.780046,0
            8.95,40.779918,0
            8.950016,40.779873,0
            8.950064,40.779735,0
            8.950083,40.779701,0
            8.950137,40.779607,0
            8.950196,40.779505,0
            8.950298,40.779382,0
            8.950326,40.779348,0
            8.950426,40.77923,0
            8.950546,40.779087,0
            8.950553,40.779079,0
            8.950554,40.779078,0
            8.950684,40.778941,0
            8.950789,40.77883,0
            8.95082,40.778793,0
            8.950953,40.778632,0
            8.951007,40.778566,0
            8.951075,40.77849,0
            8.951214,40.778331,0
            8.95131,40.778222,0
            8.951338,40.778191,0
            8.951346,40.778182,0
            8.951474,40.778043,0
            8.951591,40.777915,0
            8.951879,40.777586,0
            8.95212,40.777312,0
            8.952536,40.776837,0
            8.952616,40.776747,0
            8.952661,40.776697,0
            8.952669,40.776688,0
            8.952794,40.776548,0
            8.952802,40.776539,0
            8.952935,40.77639,0
            8.953069,40.776241,0
            8.953162,40.776137,0
            8.953195,40.776089,0
            8.953304,40.775929,0
            8.953407,40.775779,0
            8.953425,40.775752,0
            8.953495,40.775604,0
            8.953497,40.775602,0
            8.953578,40.775445,0
            8.953578,40.775444,0
            8.95367,40.775278,0
            8.953706,40.775212,0
            8.953799,40.775047,0
            8.953838,40.774931,0
            8.953849,40.774899,0
            8.953851,40.774887,0
            8.953858,40.774843,0
            8.953866,40.774793,0
            8.953863,40.774764,0
            8.953854,40.774669,0
            8.953844,40.774557,0
            8.953803,40.77441,0
            8.953803,40.774408,0
            8.953796,40.774363,0
            8.953773,40.774202,0
            8.953729,40.774007,0
            8.953704,40.773898,0
            8.953651,40.773806,0
            8.953596,40.773711,0
            8.95353,40.773637,0
            8.953407,40.773501,0
            8.953399,40.773488,0
            8.953294,40.773326,0
            8.953284,40.773312,0
            8.953216,40.773208,0
            8.953182,40.773168,0
            8.953041,40.773004,0
            8.952966,40.772963,0
            8.952866,40.772936,0
            8.952734,40.772899,0
            8.952614,40.772871,0
            8.952605,40.772868,0
            8.952515,40.772839,0
            8.952418,40.772795,0
            8.952308,40.772738,0
            8.952207,40.772674,0
            8.952178,40.772656,0
            8.952022,40.772562,0
            8.951954,40.77252,0
            8.951857,40.772434,0
            8.951703,40.772297,0
            8.951686,40.772282,0
            8.951559,40.772154,0
            8.95145,40.772043,0
            8.951417,40.77201,0
            8.951153,40.771748,0
            8.951129,40.771723,0
            8.950993,40.771576,0
            8.950864,40.771435,0
            8.950856,40.771429,0
            8.950684,40.771282,0
            8.950653,40.771224,0
            8.950627,40.771168,0
            8.950592,40.77109,0
            8.950582,40.771068,0
            8.950531,40.770916,0
            8.950511,40.770857,0
            8.950471,40.770742,0
            8.950486,40.770643,0
            8.950511,40.770566,0
            8.950566,40.770391,0
            8.95059,40.770316,0
            8.950672,40.770048,0
            8.95072,40.76984,0
            8.950738,40.769765,0
            8.950758,40.769663,0
            8.950782,40.76954,0
            8.950791,40.769485,0
            8.950811,40.769351,0
            8.950856,40.769135,0
            8.950858,40.769128,0
            8.950896,40.768951,0
            8.950903,40.768918,0
            8.950935,40.768788,0
            8.950939,40.768774,0
            8.95096,40.768708,0
            8.950992,40.768638,0
            8.95103,40.768569,0
            8.951108,40.768439,0
            8.95113,40.768401,0
            8.951212,40.768277,0
            8.951255,40.768211,0
            8.951315,40.768115,0
            8.951366,40.768034,0
            8.951421,40.767954,0
            8.951508,40.76783,0
            8.951536,40.767797,0
            8.951557,40.767774,0
            8.951609,40.767725,0
            8.951669,40.767679,0
            8.951692,40.767662,0
            8.951712,40.767647,0
            8.951784,40.767598,0
            8.951874,40.767547,0
            8.951892,40.767536,0
            8.951979,40.767499,0
            8.952048,40.767475,0
            8.952084,40.767465,0
            8.952143,40.767449,0
            8.952222,40.767435,0
            8.952315,40.767424,0
            8.952318,40.767423,0
            8.952453,40.767415,0
            8.952552,40.767417,0
            8.952626,40.767418,0
            8.952811,40.767426,0
            8.952928,40.767428,0
            8.952997,40.767428,0
            8.953096,40.767416,0
            8.953169,40.767397,0
            8.953242,40.767376,0
            8.953252,40.767372,0
            8.953295,40.767352,0
            8.953377,40.767296,0
            8.953434,40.767257,0
            8.953548,40.767181,0
            8.953608,40.767135,0
            8.953698,40.767065,0
            8.95376,40.767009,0
            8.95385,40.766924,0
            8.953912,40.766859,0
            8.95399,40.766779,0
            8.954053,40.766715,0
            8.954123,40.766643,0
            8.954198,40.766572,0
            8.954202,40.766568,0
            8.954256,40.766527,0
            8.954334,40.766473,0
            8.954372,40.76645,0
            8.954419,40.766421,0
            8.954509,40.766373,0
            8.954563,40.766343,0
            8.954625,40.766309,0
            8.954707,40.766258,0
            8.954744,40.766228,0
            8.954746,40.766227,0
            8.954789,40.766185,0
            8.954831,40.766124,0
            8.954903,40.765994,0
            8.954979,40.765864,0
            8.955002,40.765821,0
            8.955027,40.765763,0
            8.955034,40.765738,0
            8.955084,40.765562,0
            8.955089,40.765545,0
            8.955131,40.765386,0
            8.955147,40.765328,0
            8.955178,40.76521,0
            8.955186,40.765183,0
            8.95521,40.765118,0
            8.955232,40.765087,0
            8.955248,40.765063,0
            8.955267,40.765045,0
            8.955282,40.765032,0
            8.95532,40.765014,0
            8.955378,40.764997,0
            8.955426,40.764988,0
            8.955484,40.764981,0
            8.955515,40.764977,0
            8.95572,40.764972,0
            8.955759,40.764972,0
            8.955958,40.76497,0
            8.956195,40.764969,0
            8.956433,40.764968,0
            8.956462,40.764967,0
            8.95667,40.764976,0
            8.956907,40.764985,0
            8.957382,40.765004,0
            8.957392,40.765004,0
            8.957613,40.765008,0
            8.957619,40.765009,0
            8.957853,40.765038,0
            8.958094,40.765067,0
            8.958322,40.765094,0
            8.958487,40.765114,0
            8.958557,40.765122,0
            8.959155,40.765193,0
            8.959261,40.765204,0
            8.959496,40.76523,0
            8.959694,40.765252,0
            8.959731,40.765256,0
            8.959967,40.765279,0
            8.960152,40.765297,0
            8.960438,40.765321,0
            8.960674,40.765341,0
            8.96091,40.765361,0
            8.960987,40.765367,0
            8.961478,40.765398,0
            8.96162,40.765403,0
            8.961858,40.765412,0
            8.961878,40.765413,0
            8.962095,40.765414,0
            8.962461,40.765415,0
            8.962624,40.765402,0
            8.962774,40.76538,0
            8.962803,40.765375,0
            8.96288,40.765362,0
            8.962974,40.765335,0
            8.963028,40.765319,0
            8.963115,40.765292,0
            8.963241,40.765247,0
            8.963244,40.765245,0
            8.963448,40.765153,0
            8.963457,40.765149,0
            8.963582,40.765076,0
            8.963637,40.765043,0
            8.96369,40.765011,0
            8.96381,40.764921,0
            8.963828,40.764908,0
            8.963844,40.764897,0
          </coordinates>
        </LineString>
      </Placemark>
      <Placemark>
        <name>04 ERULA Bus Shuttle</name>
        <styleUrl>#line-ACA83A-8000-nodesc</styleUrl>
        <LineString>
          <tessellate>1</tessellate>
          <coordinates>
            8.941852,40.792451,0
            8.941747,40.792357,0
            8.941704,40.7923,0
            8.941635,40.792218,0
            8.94162,40.792186,0
            8.94158,40.792102,0
            8.941518,40.791954,0
            8.941487,40.791841,0
            8.941505,40.79173,0
            8.941512,40.791711,0
            8.941568,40.791558,0
            8.941641,40.791375,0
            8.941677,40.791278,0
            8.94171,40.791188,0
            8.941767,40.791068,0
            8.941781,40.791039,0
            8.941945,40.790801,0
            8.942248,40.79049,0
            8.94253,40.7902,0
            8.942672,40.790056,0
            8.942905,40.78993,0
            8.942915,40.789925,0
            8.94294,40.789912,0
            8.943133,40.789812,0
            8.943306,40.789738,0
            8.9436,40.789572,0
            8.943642,40.789543,0
            8.943742,40.789467,0
            8.943832,40.789393,0
            8.943963,40.789276,0
            8.945048,40.788247,0
            8.945112,40.788186,0
            8.945196,40.788106,0
            8.94526,40.788045,0
            8.945344,40.787966,0
            8.94564,40.787684,0
            8.945727,40.787602,0
            8.946415,40.78695,0
            8.946452,40.786914,0
            8.946489,40.786879,0
            8.946616,40.786758,0
            8.946764,40.786618,0
            8.946827,40.786558,0
            8.946913,40.786477,0
            8.947568,40.785855,0
            8.947654,40.785774,0
            8.947716,40.785715,0
            8.947802,40.785634,0
            8.947864,40.785574,0
            8.948262,40.785197,0
            8.948304,40.78515,0
            8.948325,40.785125,0
            8.948439,40.785034,0
            8.948462,40.785016,0
            8.948538,40.78496,0
            8.948589,40.784924,0
            8.948753,40.784835,0
            8.948784,40.78482,0
            8.948876,40.784787,0
            8.949113,40.784734,0
            8.949344,40.784702,0
            8.949378,40.784698,0
            8.949435,40.784695,0
            8.94966,40.784685,0
            8.949672,40.784685,0
            8.949818,40.784686,0
            8.94991,40.784686,0
            8.949944,40.784686,0
            8.950055,40.784686,0
            8.950147,40.784686,0
            8.950293,40.784685,0
            8.950385,40.784685,0
            8.950396,40.784685,0
            8.95062,40.784712,0
            8.950763,40.784729,0
            8.950775,40.78473,0
            8.950851,40.784749,0
            8.951193,40.784834,0
            8.9519,40.785081,0
            8.952266,40.785194,0
            8.952726,40.785364,0
            8.952809,40.785395,0
            8.953235,40.785554,0
            8.953582,40.785744,0
            8.95433,40.786293,0
            8.954651,40.786484,0
            8.954757,40.786547,0
            8.955051,40.7867,0
            8.955247,40.786802,0
            8.955269,40.786813,0
            8.955444,40.786902,0
            8.95564,40.787003,0
            8.955838,40.787103,0
            8.956034,40.787204,0
            8.956232,40.787304,0
            8.956625,40.787506,0
            8.956822,40.787606,0
            8.95761,40.788008,0
            8.958004,40.788209,0
            8.958272,40.788346,0
            8.958398,40.78841,0
            8.958595,40.788511,0
            8.958642,40.788535,0
            8.958922,40.788771,0
            8.959026,40.788859,0
            8.959076,40.788907,0
            8.959668,40.78947,0
            8.959836,40.789602,0
            8.959902,40.789647,0
            8.960015,40.789706,0
            8.960156,40.78976,0
            8.960238,40.789781,0
            8.96033,40.789806,0
            8.960464,40.789837,0
            8.960518,40.789849,0
            8.960678,40.789883,0
            8.960692,40.789886,0
            8.96087,40.789926,0
            8.960971,40.789941,0
            8.961044,40.789946,0
            8.961113,40.789947,0
            8.961221,40.78994,0
            8.961341,40.789908,0
            8.961381,40.78989,0
            8.961424,40.789869,0
            8.961549,40.789809,0
            8.961579,40.789791,0
            8.961666,40.789739,0
            8.961758,40.789672,0
            8.961781,40.789656,0
            8.961922,40.789575,0
            8.962022,40.789542,0
            8.962137,40.789532,0
            8.962276,40.789538,0
            8.962397,40.789568,0
            8.962459,40.789587,0
            8.962529,40.789623,0
            8.962596,40.789674,0
            8.962598,40.789676,0
            8.962649,40.789727,0
            8.962692,40.789783,0
            8.962718,40.78983,0
            8.962725,40.789844,0
            8.962799,40.790063,0
            8.96283,40.790174,0
            8.96283,40.79018,0
            8.96283,40.790322,0
            8.962806,40.79045,0
            8.962802,40.790515,0
            8.962799,40.790577,0
            8.962815,40.790673,0
            8.96285,40.790789,0
            8.962922,40.790914,0
            8.963157,40.791214,0
            8.96324,40.791335,0
            8.96335,40.791495,0
            8.963459,40.791654,0
            8.963569,40.791814,0
            8.963789,40.792133,0
            8.963959,40.79238,0
            8.964057,40.792446,0
            8.964158,40.792503,0
            8.964355,40.792579,0
            8.964494,40.792611,0
            8.964639,40.792641,0
            8.964893,40.792655,0
            8.965052,40.792671,0
            8.965107,40.792676,0
            8.965286,40.792698,0
            8.965333,40.792704,0
            8.965517,40.792738,0
            8.965617,40.792756,0
            8.965704,40.792778,0
            8.96574,40.792796,0
            8.965778,40.792831,0
            8.965803,40.792857,0
            8.96584,40.792894,0
            8.965902,40.793008,0
            8.965943,40.793115,0
            8.965971,40.793214,0
            8.966021,40.793549,0
            8.966036,40.793652,0
            8.966112,40.793862,0
            8.96621,40.794115,0
            8.966263,40.794236,0
            8.966317,40.794312,0
            8.96639,40.794415,0
            8.966498,40.794536,0
            8.966614,40.794628,0
            8.966878,40.794779,0
            8.966945,40.794818,0
            8.966948,40.79482,0
            8.96706,40.794872,0
            8.967146,40.794913,0
            8.967276,40.794974,0
            8.967463,40.795062,0
            8.967751,40.795198,0
            8.968151,40.795393,0
            8.969045,40.79583,0
            8.969572,40.796087,0
            8.969951,40.796264,0
            8.970298,40.796427,0
            8.9705,40.796521,0
            8.970557,40.796548,0
            8.971712,40.797089,0
            8.971761,40.797112,0
            8.971769,40.797116,0
            8.971912,40.797186,0
            8.971969,40.797214,0
            8.972311,40.797382,0
            8.972339,40.797339,0
            8.972426,40.797209,0
            8.972445,40.797178,0
            8.972518,40.79706,0
            8.972546,40.797015,0
            8.972592,40.796938,0
            8.972627,40.796846,0
            8.972629,40.796842,0
            8.972656,40.796748,0
            8.97268,40.796671,0
            8.97273,40.796508,0
            8.972734,40.796496,0
            8.972779,40.796362,0
            8.972802,40.796321,0
            8.972816,40.796289,0
            8.972829,40.79627,0
            8.972842,40.796245,0
            8.97286,40.796209,0
            8.972874,40.796192,0
            8.972886,40.796176,0
            8.973004,40.796044,0
            8.973161,40.795906,0
            8.973212,40.795862,0
            8.973454,40.795624,0
            8.973467,40.795611,0
            8.973591,40.795456,0
            8.973708,40.795319,0
            8.973717,40.795308,0
            8.973757,40.795253,0
            8.973784,40.795224,0
            8.973814,40.795193,0
            8.973838,40.795169,0
            8.973882,40.795125,0
            8.973983,40.79507,0
            8.974039,40.795039,0
            8.974209,40.794974,0
            8.974224,40.794967,0
            8.974371,40.794907,0
            8.974489,40.794862,0
            8.974568,40.794828,0
            8.974621,40.794802,0
            8.974639,40.794793,0
            8.974704,40.794759,0
            8.974836,40.794693,0
            8.974836,40.794692,0
            8.974921,40.794635,0
            8.974984,40.794595,0
            8.975038,40.794561,0
            8.975064,40.794542,0
            8.975189,40.794452,0
            8.975311,40.794364,0
            8.975354,40.794323,0
            8.975501,40.794181,0
            8.975544,40.794139,0
            8.975621,40.794052,0
            8.975665,40.79399,0
            8.975721,40.79394,0
            8.975758,40.793915,0
            8.975843,40.793883,0
            8.975882,40.793876,0
            8.97595,40.793863,0
            8.975995,40.793857,0
            8.976048,40.793847,0
            8.976136,40.793831,0
            8.976151,40.793828,0
            8.976173,40.793818,0
            8.976192,40.7938,0
            8.976202,40.793784,0
            8.976208,40.793773,0
            8.976208,40.793769,0
            8.976208,40.793759,0
            8.976208,40.793744,0
            8.976208,40.793733,0
            8.976203,40.793722,0
            8.976197,40.793713,0
            8.976186,40.793702,0
            8.976168,40.793689,0
            8.976148,40.793678,0
            8.976119,40.79366,0
            8.976082,40.793629,0
            8.976081,40.793628,0
            8.976029,40.793581,0
            8.976008,40.793553,0
            8.976002,40.793539,0
            8.976001,40.793526,0
            8.976,40.79351,0
            8.976,40.793496,0
            8.976002,40.793468,0
            8.976004,40.79344,0
            8.97601,40.79342,0
            8.976026,40.793383,0
            8.976056,40.793351,0
            8.976078,40.793332,0
            8.976097,40.79331,0
            8.976148,40.793274,0
            8.976179,40.793246,0
            8.976214,40.793218,0
            8.976234,40.793201,0
            8.976247,40.793187,0
            8.976252,40.793174,0
            8.97628,40.793125,0
            8.976292,40.793094,0
            8.976302,40.793066,0
            8.976302,40.793046,0
            8.976303,40.793037,0
            8.976307,40.793,0
            8.97631,40.792977,0
            8.976312,40.792935,0
            8.976314,40.79291,0
            8.976316,40.792899,0
            8.976326,40.792754,0
            8.976334,40.792666,0
            8.976325,40.792603,0
            8.976317,40.792529,0
            8.976308,40.7925,0
            8.9763,40.79248,0
            8.976291,40.792465,0
            8.97628,40.792447,0
            8.976245,40.792409,0
            8.97622,40.792382,0
            8.9762,40.792355,0
            8.976174,40.79232,0
            8.976171,40.792311,0
            8.976157,40.792271,0
            8.97615,40.792233,0
            8.976151,40.792192,0
            8.976159,40.792161,0
            8.976167,40.792134,0
            8.976184,40.792075,0
            8.976194,40.79205,0
            8.976208,40.792005,0
            8.976224,40.79196,0
            8.976228,40.791948,0
            8.976262,40.791844,0
            8.976282,40.791784,0
            8.976303,40.791736,0
            8.976318,40.791703,0
            8.976369,40.791616,0
            8.976404,40.791558,0
            8.976422,40.79153,0
            8.976438,40.791508,0
            8.976478,40.791458,0
            8.976498,40.791434,0
            8.976542,40.791369,0
            8.976564,40.791343,0
            8.976579,40.791325,0
            8.976595,40.791302,0
            8.976619,40.791268,0
            8.976644,40.79123,0
            8.976686,40.791191,0
            8.976716,40.791165,0
            8.976729,40.791156,0
            8.976752,40.791138,0
            8.976827,40.791082,0
            8.976896,40.791034,0
            8.976901,40.791031,0
            8.976962,40.790992,0
            8.976995,40.790977,0
            8.977162,40.790884,0
            8.977227,40.790842,0
            8.97727,40.790817,0
            8.977278,40.790813,0
            8.977332,40.790782,0
            8.977383,40.790748,0
            8.977412,40.790712,0
            8.977428,40.790679,0
            8.977429,40.790676,0
            8.977434,40.79066,0
            8.977438,40.790644,0
            8.977444,40.790617,0
            8.977447,40.79059,0
            8.977443,40.790561,0
            8.977395,40.790507,0
            8.977349,40.790475,0
            8.977316,40.790463,0
            8.977243,40.790426,0
            8.977207,40.790407,0
            8.977204,40.790406,0
            8.97716,40.790361,0
            8.977144,40.790321,0
            8.977141,40.790292,0
            8.977155,40.790261,0
            8.977183,40.790236,0
            8.977224,40.790214,0
            8.977272,40.790195,0
            8.977319,40.790181,0
            8.977374,40.790161,0
            8.97742,40.79014,0
            8.977468,40.790111,0
            8.977505,40.790079,0
            8.977534,40.790032,0
            8.977539,40.790024,0
            8.977565,40.789968,0
            8.977615,40.789863,0
            8.97765,40.78979,0
            8.977749,40.78958,0
            8.97783,40.789414,0
            8.977861,40.789357,0
            8.977924,40.789241,0
            8.977952,40.789153,0
            8.977954,40.789108,0
            8.977949,40.789048,0
            8.977928,40.788964,0
            8.977906,40.788901,0
            8.977878,40.788853,0
            8.977868,40.78884,0
            8.977862,40.788831,0
            8.977848,40.788811,0
            8.977832,40.78879,0
            8.977814,40.788764,0
            8.977788,40.788734,0
            8.977771,40.78871,0
            8.977754,40.788682,0
            8.977744,40.788665,0
            8.977726,40.788633,0
            8.977717,40.788603,0
            8.977713,40.788579,0
            8.977712,40.788553,0
            8.977711,40.788522,0
            8.97771,40.7885,0
            8.97771,40.788475,0
            8.977707,40.78846,0
            8.977703,40.788446,0
            8.977696,40.788427,0
            8.977683,40.788408,0
            8.97767,40.788387,0
            8.977655,40.788365,0
            8.977637,40.788343,0
            8.977635,40.788341,0
            8.977614,40.788321,0
            8.977579,40.788282,0
            8.977542,40.788236,0
            8.977497,40.788193,0
            8.977466,40.788158,0
            8.977417,40.788106,0
            8.977384,40.788064,0
            8.977342,40.788015,0
            8.977269,40.787952,0
            8.977224,40.787901,0
            8.977182,40.787856,0
            8.977091,40.787752,0
            8.977069,40.787726,0
            8.977026,40.787658,0
            8.977001,40.78761,0
            8.976994,40.787588,0
            8.976986,40.78756,0
            8.97698,40.787501,0
            8.976975,40.787442,0
            8.976984,40.78741,0
            8.97699,40.787389,0
            8.977001,40.787344,0
            8.977026,40.787269,0
            8.977041,40.787236,0
            8.977066,40.787175,0
            8.977103,40.7871,0
            8.977144,40.787026,0
            8.977171,40.786963,0
            8.977194,40.786906,0
            8.977209,40.786839,0
            8.977217,40.786773,0
            8.977209,40.786735,0
            8.977194,40.78669,0
            8.977177,40.786643,0
            8.977152,40.786609,0
            8.977104,40.786578,0
            8.977088,40.786569,0
            8.977063,40.786556,0
            8.977012,40.786532,0
            8.976966,40.786514,0
            8.976899,40.786486,0
            8.976883,40.786478,0
            8.976854,40.786464,0
            8.976817,40.786439,0
            8.97677,40.786407,0
            8.976734,40.786366,0
            8.976693,40.786324,0
            8.976673,40.786292,0
            8.976659,40.786248,0
            8.976626,40.786187,0
            8.976612,40.78614,0
            8.976589,40.78608,0
            8.976568,40.786033,0
            8.976564,40.786014,0
            8.976556,40.785981,0
            8.976541,40.785941,0
            8.976538,40.785909,0
            8.97653,40.785856,0
            8.976529,40.785836,0
            8.976528,40.785805,0
            8.976537,40.785732,0
            8.976547,40.785697,0
            8.976566,40.785646,0
            8.976606,40.78558,0
            8.976651,40.785513,0
            8.97666,40.785496,0
            8.976683,40.785455,0
            8.976713,40.785398,0
            8.976749,40.785329,0
            8.97675,40.785327,0
            8.976771,40.785261,0
            8.976774,40.785225,0
            8.97677,40.785201,0
            8.976762,40.785174,0
            8.976751,40.785154,0
            8.976748,40.785148,0
            8.976724,40.785116,0
            8.976695,40.785086,0
            8.97666,40.785056,0
            8.976609,40.785029,0
            8.976538,40.78499,0
            8.976497,40.784967,0
            8.976469,40.784947,0
            8.976431,40.784927,0
            8.976407,40.784912,0
            8.976404,40.78491,0
            8.976363,40.784891,0
            8.976328,40.784868,0
            8.97628,40.784832,0
            8.976216,40.784782,0
            8.976188,40.78476,0
            8.976162,40.784736,0
            8.976128,40.784702,0
            8.976093,40.784668,0
            8.976078,40.784656,0
            8.976056,40.784636,0
            8.976023,40.784602,0
            8.976005,40.784578,0
            8.975981,40.784545,0
            8.975951,40.784504,0
            8.97595,40.784502,0
            8.975922,40.784468,0
            8.975877,40.784403,0
            8.975834,40.784348,0
            8.975822,40.784331,0
            8.975797,40.784278,0
            8.975776,40.784233,0
            8.97575,40.78418,0
            8.975744,40.784166,0
            8.975716,40.784087,0
            8.975699,40.784025,0
            8.975689,40.783978,0
            8.975675,40.783896,0
            8.97567,40.783815,0
            8.975656,40.783755,0
            8.975639,40.783677,0
            8.975631,40.783649,0
            8.975622,40.783616,0
            8.975602,40.78356,0
            8.975591,40.783487,0
            8.975586,40.783473,0
            8.97557,40.783421,0
            8.975547,40.783369,0
            8.975518,40.783313,0
            8.975513,40.783302,0
            8.975496,40.783256,0
            8.975475,40.783203,0
            8.975441,40.783131,0
            8.975439,40.783127,0
            8.975405,40.783063,0
            8.975381,40.78302,0
            8.975342,40.782969,0
            8.975341,40.782968,0
            8.975305,40.78292,0
            8.97528,40.782873,0
            8.975216,40.782785,0
            8.975174,40.782733,0
            8.975134,40.782668,0
            8.975073,40.782596,0
            8.975021,40.782539,0
            8.974978,40.782493,0
            8.974941,40.782448,0
            8.974918,40.782421,0
            8.974891,40.782387,0
            8.974864,40.782354,0
            8.97486,40.782349,0
            8.97484,40.782324,0
            8.974808,40.782277,0
            8.974769,40.782223,0
            8.974747,40.782173,0
            8.974729,40.78211,0
            8.974721,40.782058,0
            8.974716,40.782012,0
            8.974714,40.781979,0
            8.974713,40.781885,0
            8.974714,40.781832,0
            8.974714,40.781831,0
            8.974731,40.781771,0
            8.974756,40.781719,0
            8.974781,40.781669,0
            8.974785,40.781661,0
            8.974808,40.781618,0
            8.974836,40.781576,0
            8.974872,40.781525,0
            8.974928,40.781452,0
            8.974978,40.781392,0
            8.975021,40.781334,0
            8.975051,40.781285,0
            8.97513,40.781169,0
            8.975164,40.781116,0
            8.975193,40.781072,0
            8.975223,40.781026,0
            8.975224,40.781024,0
            8.975252,40.780963,0
            8.975258,40.780909,0
            8.975258,40.780847,0
            8.975258,40.780843,0
            8.975249,40.780778,0
            8.975235,40.780705,0
            8.975212,40.780611,0
            8.975201,40.780554,0
            8.975191,40.780492,0
            8.975179,40.78041,0
            8.975163,40.780313,0
            8.975146,40.780204,0
            8.975137,40.780134,0
            8.975135,40.780122,0
            8.975123,40.779957,0
            8.975123,40.779912,0
            8.975124,40.779874,0
            8.975127,40.779858,0
            8.975134,40.779838,0
            8.975146,40.779826,0
            8.97516,40.779819,0
            8.975176,40.779813,0
          </coordinates>
        </LineString>
      </Placemark>
    </Folder>
    <Folder>
      <name>Areas</name>
      <Placemark>
        <name>03</name>
        <styleUrl>#icon-1899-DB4436-nodesc</styleUrl>
        <Point>
          <coordinates>
            8.964833,40.762933,0
          </coordinates>
        </Point>
      </Placemark>
      <Placemark>
        <name>03 - Spectator</name>
        <styleUrl>#poly-FFDE23-1-128-nodesc</styleUrl>
        <MultiGeometry>
          <Polygon>
            <outerBoundaryIs>
              <LinearRing>
                <tessellate>1</tessellate>
                <coordinates>
                  8.96482,40.756289,0
                  8.964774,40.756053,0
                  8.964771,40.756035,0
                  8.964769,40.756017,0
                  8.964769,40.756,0
                  8.964769,40.755982,0
                  8.964771,40.755964,0
                  8.964774,40.755947,0
                  8.964778,40.755929,0
                  8.964783,40.755912,0
                  8.964789,40.755895,0
                  8.964796,40.755878,0
                  8.964805,40.755862,0
                  8.964814,40.755846,0
                  8.964825,40.75583,0
                  8.964836,40.755814,0
                  8.964848,40.7558,0
                  8.964862,40.755785,0
                  8.964876,40.755771,0
                  8.964891,40.755758,0
                  8.964907,40.755745,0
                  8.964924,40.755733,0
                  8.964942,40.755721,0
                  8.96496,40.75571,0
                  8.964979,40.7557,0
                  8.964999,40.755691,0
                  8.965019,40.755682,0
                  8.96504,40.755674,0
                  8.965061,40.755667,0
                  8.965083,40.75566,0
                  8.965105,40.755655,0
                  8.965127,40.75565,0
                  8.96515,40.755646,0
                  8.965173,40.755643,0
                  8.965196,40.755641,0
                  8.965219,40.75564,0
                  8.965243,40.755639,0
                  8.965266,40.75564,0
                  8.965289,40.755641,0
                  8.965312,40.755643,0
                  8.965335,40.755646,0
                  8.965358,40.75565,0
                  8.96538,40.755655,0
                  8.965402,40.755661,0
                  8.965424,40.755667,0
                  8.965445,40.755674,0
                  8.965466,40.755682,0
                  8.965486,40.755691,0
                  8.965506,40.7557,0
                  8.965525,40.75571,0
                  8.965543,40.755721,0
                  8.965561,40.755733,0
                  8.965578,40.755745,0
                  8.965594,40.755758,0
                  8.965609,40.755771,0
                  8.965623,40.755785,0
                  8.965637,40.7558,0
                  8.965649,40.755815,0
                  8.96566,40.75583,0
                  8.965671,40.755846,0
                  8.96568,40.755862,0
                  8.965689,40.755878,0
                  8.965696,40.755895,0
                  8.965702,40.755912,0
                  8.965707,40.75593,0
                  8.965711,40.755947,0
                  8.965755,40.756173,0
                  8.965985,40.757014,0
                  8.965989,40.757028,0
                  8.965992,40.757042,0
                  8.966129,40.757852,0
                  8.966167,40.758073,0
                  8.966284,40.75847,0
                  8.966586,40.759449,0
                  8.966933,40.760541,0
                  8.966939,40.760564,0
                  8.967022,40.760933,0
                  8.967026,40.760951,0
                  8.967028,40.76097,0
                  8.967029,40.760988,0
                  8.967029,40.761007,0
                  8.967017,40.761243,0
                  8.967015,40.761264,0
                  8.966966,40.761655,0
                  8.966963,40.76167,0
                  8.96696,40.761684,0
                  8.966956,40.761699,0
                  8.966686,40.762618,0
                  8.966528,40.763381,0
                  8.966427,40.764115,0
                  8.966413,40.764261,0
                  8.966459,40.764404,0
                  8.966527,40.764503,0
                  8.966727,40.764683,0
                  8.967055,40.764943,0
                  8.968098,40.765758,0
                  8.968104,40.765763,0
                  8.968812,40.76634,0
                  8.969008,40.766444,0
                  8.969119,40.76649,0
                  8.969192,40.766499,0
                  8.969333,40.766508,0
                  8.969355,40.766509,0
                  8.969377,40.766512,0
                  8.969398,40.766515,0
                  8.96942,40.766519,0
                  8.969537,40.766543,0
                  8.969559,40.766547,0
                  8.96958,40.766553,0
                  8.969601,40.766559,0
                  8.969622,40.766566,0
                  8.969642,40.766574,0
                  8.969661,40.766583,0
                  8.96968,40.766592,0
                  8.969699,40.766602,0
                  8.969716,40.766612,0
                  8.969734,40.766624,0
                  8.96975,40.766635,0
                  8.969802,40.766675,0
                  8.969818,40.766688,0
                  8.969834,40.766701,0
                  8.969848,40.766716,0
                  8.969862,40.76673,0
                  8.969875,40.766746,0
                  8.969886,40.766761,0
                  8.969897,40.766778,0
                  8.969906,40.766794,0
                  8.969915,40.766811,0
                  8.969922,40.766828,0
                  8.969928,40.766846,0
                  8.969933,40.766863,0
                  8.969937,40.766881,0
                  8.969939,40.766899,0
                  8.969941,40.766917,0
                  8.969941,40.766935,0
                  8.96994,40.766953,0
                  8.969938,40.766971,0
                  8.969935,40.766989,0
                  8.969924,40.767038,0
                  8.96992,40.767055,0
                  8.969914,40.767072,0
                  8.969908,40.767089,0
                  8.9699,40.767105,0
                  8.969892,40.767122,0
                  8.969882,40.767138,0
                  8.969871,40.767153,0
                  8.969859,40.767168,0
                  8.969847,40.767183,0
                  8.969833,40.767197,0
                  8.969819,40.767211,0
                  8.969734,40.767287,0
                  8.969817,40.76736,0
                  8.970607,40.767986,0
                  8.971916,40.769023,0
                  8.971928,40.769033,0
                  8.971939,40.769043,0
                  8.972442,40.769505,0
                  8.972457,40.769519,0
                  8.972471,40.769534,0
                  8.972484,40.76955,0
                  8.972495,40.769566,0
                  8.972506,40.769582,0
                  8.972516,40.769599,0
                  8.972524,40.769616,0
                  8.972532,40.769634,0
                  8.972538,40.769651,0
                  8.972543,40.769669,0
                  8.972573,40.769795,0
                  8.972577,40.769813,0
                  8.97258,40.76983,0
                  8.972581,40.769848,0
                  8.972581,40.769866,0
                  8.97258,40.769883,0
                  8.972578,40.769901,0
                  8.972575,40.769918,0
                  8.972571,40.769936,0
                  8.972565,40.769953,0
                  8.972559,40.76997,0
                  8.972551,40.769987,0
                  8.972542,40.770003,0
                  8.972533,40.770019,0
                  8.972522,40.770035,0
                  8.97251,40.77005,0
                  8.972498,40.770065,0
                  8.972484,40.770079,0
                  8.972469,40.770093,0
                  8.972454,40.770106,0
                  8.972438,40.770119,0
                  8.972421,40.770131,0
                  8.972403,40.770142,0
                  8.972384,40.770153,0
                  8.972365,40.770163,0
                  8.972345,40.770172,0
                  8.972325,40.770181,0
                  8.972304,40.770188,0
                  8.972282,40.770195,0
                  8.972261,40.770201,0
                  8.972238,40.770207,0
                  8.972216,40.770211,0
                  8.972193,40.770215,0
                  8.97217,40.770218,0
                  8.972147,40.77022,0
                  8.972124,40.770221,0
                  8.9721,40.770221,0
                  8.972077,40.77022,0
                  8.972054,40.770219,0
                  8.972031,40.770216,0
                  8.972008,40.770213,0
                  8.971986,40.770209,0
                  8.971963,40.770204,0
                  8.971941,40.770198,0
                  8.97192,40.770191,0
                  8.971899,40.770184,0
                  8.971878,40.770176,0
                  8.971858,40.770167,0
                  8.971838,40.770157,0
                  8.97182,40.770147,0
                  8.971801,40.770136,0
                  8.971784,40.770124,0
                  8.971767,40.770112,0
                  8.971752,40.770099,0
                  8.971737,40.770085,0
                  8.971723,40.770071,0
                  8.971709,40.770056,0
                  8.971697,40.770041,0
                  8.971686,40.770026,0
                  8.971676,40.77001,0
                  8.971667,40.769994,0
                  8.971659,40.769977,0
                  8.971652,40.76996,0
                  8.971646,40.769943,0
                  8.971641,40.769926,0
                  8.971633,40.769892,0
                  8.97122,40.769513,0
                  8.969922,40.768485,0
                  8.969125,40.767852,0
                  8.969111,40.767841,0
                  8.968852,40.767616,0
                  8.968838,40.767603,0
                  8.968824,40.767589,0
                  8.968811,40.767575,0
                  8.968799,40.76756,0
                  8.968788,40.767545,0
                  8.968778,40.76753,0
                  8.968769,40.767514,0
                  8.968761,40.767498,0
                  8.968754,40.767482,0
                  8.968748,40.767465,0
                  8.968743,40.767448,0
                  8.96874,40.767431,0
                  8.968719,40.767327,0
                  8.968716,40.76731,0
                  8.968715,40.767293,0
                  8.968714,40.767276,0
                  8.968715,40.767259,0
                  8.968716,40.767242,0
                  8.968718,40.767226,0
                  8.968722,40.767209,0
                  8.968727,40.767192,0
                  8.968732,40.767176,0
                  8.968739,40.767159,0
                  8.968741,40.767154,0
                  8.968737,40.767152,0
                  8.968533,40.767069,0
                  8.96851,40.767058,0
                  8.968487,40.767047,0
                  8.968228,40.766909,0
                  8.968208,40.766898,0
                  8.968189,40.766886,0
                  8.968171,40.766873,0
                  8.968153,40.76686,0
                  8.967415,40.766258,0
                  8.966374,40.765445,0
                  8.966372,40.765443,0
                  8.966032,40.765174,0
                  8.966012,40.765157,0
                  8.96577,40.764939,0
                  8.965754,40.764923,0
                  8.965739,40.764907,0
                  8.965725,40.764891,0
                  8.965713,40.764874,0
                  8.965593,40.764701,0
                  8.965583,40.764685,0
                  8.965573,40.764669,0
                  8.965565,40.764653,0
                  8.965558,40.764636,0
                  8.965552,40.764619,0
                  8.965474,40.764376,0
                  8.965469,40.764358,0
                  8.965465,40.764339,0
                  8.965462,40.76432,0
                  8.965461,40.764301,0
                  8.96546,40.764282,0
                  8.965462,40.764263,0
                  8.965483,40.764055,0
                  8.965484,40.764045,0
                  8.965587,40.763297,0
                  8.96559,40.763278,0
                  8.965753,40.762495,0
                  8.965758,40.762473,0
                  8.966025,40.761564,0
                  8.96607,40.761206,0
                  8.96608,40.761018,0
                  8.966008,40.760699,0
                  8.965664,40.759617,0
                  8.965663,40.759614,0
                  8.965361,40.758632,0
                  8.96536,40.75863,0
                  8.965237,40.758215,0
                  8.965233,40.758199,0
                  8.96523,40.758183,0
                  8.965189,40.757946,0
                  8.965189,40.757945,0
                  8.965054,40.757148,0
                  8.964824,40.756309,0
                  8.96482,40.756289,0
                </coordinates>
              </LinearRing>
            </outerBoundaryIs>
          </Polygon>
          <Polygon>
            <outerBoundaryIs>
              <LinearRing>
                <tessellate>1</tessellate>
                <coordinates>
                  8.965115,40.754937,0
                  8.965107,40.754925,0
                  8.965099,40.754909,0
                  8.965052,40.754817,0
                  8.965044,40.7548,0
                  8.965038,40.754784,0
                  8.965032,40.754767,0
                  8.965028,40.754751,0
                  8.965024,40.754734,0
                  8.965022,40.754717,0
                  8.965021,40.7547,0
                  8.96502,40.754683,0
                  8.965021,40.754665,0
                  8.965023,40.754648,0
                  8.965032,40.754584,0
                  8.965035,40.754566,0
                  8.96504,40.754549,0
                  8.965045,40.754531,0
                  8.965052,40.754514,0
                  8.965059,40.754497,0
                  8.965068,40.75448,0
                  8.965078,40.754464,0
                  8.965089,40.754448,0
                  8.965101,40.754433,0
                  8.965114,40.754418,0
                  8.965128,40.754403,0
                  8.965482,40.754053,0
                  8.965496,40.754039,0
                  8.965512,40.754026,0
                  8.965528,40.754014,0
                  8.965545,40.754002,0
                  8.965563,40.75399,0
                  8.965582,40.753979,0
                  8.965601,40.75397,0
                  8.965621,40.75396,0
                  8.965642,40.753952,0
                  8.965663,40.753944,0
                  8.965684,40.753937,0
                  8.965706,40.753931,0
                  8.965797,40.753908,0
                  8.965819,40.753903,0
                  8.965842,40.753898,0
                  8.965864,40.753895,0
                  8.965887,40.753892,0
                  8.96591,40.75389,0
                  8.965933,40.753889,0
                  8.965956,40.753889,0
                  8.965979,40.75389,0
                  8.966002,40.753891,0
                  8.966025,40.753894,0
                  8.966047,40.753897,0
                  8.96607,40.753901,0
                  8.966306,40.753949,0
                  8.966414,40.75395,0
                  8.966437,40.753951,0
                  8.96646,40.753952,0
                  8.966483,40.753955,0
                  8.966506,40.753958,0
                  8.966529,40.753962,0
                  8.966551,40.753968,0
                  8.966573,40.753973,0
                  8.966594,40.75398,0
                  8.966615,40.753987,0
                  8.966636,40.753996,0
                  8.966656,40.754005,0
                  8.966676,40.754014,0
                  8.966694,40.754025,0
                  8.966712,40.754036,0
                  8.96673,40.754048,0
                  8.966746,40.75406,0
                  8.966762,40.754073,0
                  8.966777,40.754087,0
                  8.966791,40.754101,0
                  8.966804,40.754116,0
                  8.966816,40.754131,0
                  8.966827,40.754146,0
                  8.966837,40.754162,0
                  8.966846,40.754178,0
                  8.966854,40.754195,0
                  8.966861,40.754212,0
                  8.966867,40.754229,0
                  8.966872,40.754246,0
                  8.966875,40.754264,0
                  8.966878,40.754282,0
                  8.966879,40.754299,0
                  8.966879,40.754317,0
                  8.966878,40.754335,0
                  8.966876,40.754352,0
                  8.966873,40.75437,0
                  8.966868,40.754387,0
                  8.966863,40.754404,0
                  8.966856,40.754421,0
                  8.966848,40.754438,0
                  8.96684,40.754454,0
                  8.96683,40.75447,0
                  8.966819,40.754486,0
                  8.966807,40.754501,0
                  8.966794,40.754516,0
                  8.966781,40.75453,0
                  8.966766,40.754544,0
                  8.966751,40.754557,0
                  8.966734,40.75457,0
                  8.966717,40.754582,0
                  8.966699,40.754593,0
                  8.966681,40.754604,0
                  8.966661,40.754614,0
                  8.966642,40.754623,0
                  8.966621,40.754631,0
                  8.9666,40.754639,0
                  8.966579,40.754646,0
                  8.966557,40.754652,0
                  8.966535,40.754657,0
                  8.966512,40.754661,0
                  8.966489,40.754665,0
                  8.966466,40.754668,0
                  8.966443,40.75467,0
                  8.96642,40.754671,0
                  8.966397,40.754671,0
                  8.966232,40.754668,0
                  8.966209,40.754668,0
                  8.966186,40.754666,0
                  8.966164,40.754664,0
                  8.966141,40.754661,0
                  8.966119,40.754657,0
                  8.966076,40.754648,0
                  8.966024,40.754699,0
                  8.966029,40.754705,0
                  8.96604,40.754721,0
                  8.96605,40.754738,0
                  8.966059,40.754754,0
                  8.966067,40.754771,0
                  8.966073,40.754788,0
                  8.966079,40.754806,0
                  8.966083,40.754823,0
                  8.966086,40.754841,0
                  8.966088,40.754859,0
                  8.966089,40.754877,0
                  8.966089,40.754895,0
                  8.966084,40.755004,0
                  8.966082,40.755021,0
                  8.96608,40.755039,0
                  8.966076,40.755056,0
                  8.966071,40.755074,0
                  8.966065,40.755091,0
                  8.966058,40.755107,0
                  8.96605,40.755124,0
                  8.966041,40.75514,0
                  8.966031,40.755156,0
                  8.965974,40.75524,0
                  8.965962,40.755255,0
                  8.96595,40.75527,0
                  8.965937,40.755285,0
                  8.965923,40.755299,0
                  8.965908,40.755312,0
                  8.965892,40.755325,0
                  8.965876,40.755338,0
                  8.965858,40.755349,0
                  8.96584,40.755361,0
                  8.965821,40.755371,0
                  8.965802,40.755381,0
                  8.965781,40.755389,0
                  8.965761,40.755398,0
                  8.96574,40.755405,0
                  8.965718,40.755412,0
                  8.965696,40.755417,0
                  8.965674,40.755422,0
                  8.965651,40.755426,0
                  8.965628,40.75543,0
                  8.965605,40.755432,0
                  8.965582,40.755433,0
                  8.965559,40.755434,0
                  8.965536,40.755434,0
                  8.965512,40.755433,0
                  8.965489,40.755431,0
                  8.965466,40.755428,0
                  8.965444,40.755424,0
                  8.965421,40.75542,0
                  8.965399,40.755415,0
                  8.965377,40.755408,0
                  8.965356,40.755401,0
                  8.965335,40.755394,0
                  8.965314,40.755385,0
                  8.965295,40.755376,0
                  8.965275,40.755366,0
                  8.965257,40.755355,0
                  8.965239,40.755344,0
                  8.965222,40.755332,0
                  8.965206,40.755319,0
                  8.96519,40.755306,0
                  8.965176,40.755292,0
                  8.965162,40.755278,0
                  8.96515,40.755263,0
                  8.965138,40.755248,0
                  8.965127,40.755232,0
                  8.965117,40.755216,0
                  8.965109,40.755199,0
                  8.965101,40.755183,0
                  8.965095,40.755166,0
                  8.965089,40.755149,0
                  8.965085,40.755131,0
                  8.965082,40.755114,0
                  8.96508,40.755096,0
                  8.965079,40.755078,0
                  8.965079,40.755061,0
                  8.965081,40.755043,0
                  8.965083,40.755025,0
                  8.965087,40.755008,0
                  8.965092,40.754991,0
                  8.965098,40.754974,0
                  8.965105,40.754957,0
                  8.965113,40.75494,0
                  8.965115,40.754937,0
                </coordinates>
              </LinearRing>
            </outerBoundaryIs>
          </Polygon>
        </MultiGeometry>
      </Placemark>
      <Placemark>
        <name>04</name>
        <styleUrl>#icon-1899-DB4436-nodesc</styleUrl>
        <Point>
          <coordinates>
            8.974233,40.777933,0
          </coordinates>
        </Point>
      </Placemark>
      <Placemark>
        <name>04 - Spectator</name>
        <styleUrl>#poly-FFDE23-1-128-nodesc</styleUrl>
        <MultiGeometry>
          <Polygon>
            <outerBoundaryIs>
              <LinearRing>
                <tessellate>1</tessellate>
                <coordinates>
                  8.970848,40.777,0
                  8.971002,40.776777,0
                  8.971013,40.776762,0
                  8.971025,40.776747,0
                  8.971039,40.776732,0
                  8.971053,40.776718,0
                  8.971068,40.776705,0
                  8.971084,40.776692,0
                  8.971101,40.77668,0
                  8.971118,40.776668,0
                  8.971136,40.776657,0
                  8.971155,40.776647,0
                  8.971175,40.776637,0
                  8.971195,40.776628,0
                  8.971216,40.77662,0
                  8.971237,40.776613,0
                  8.971258,40.776607,0
                  8.971281,40.776601,0
                  8.971303,40.776596,0
                  8.971326,40.776592,0
                  8.971348,40.776589,0
                  8.971372,40.776587,0
                  8.971395,40.776585,0
                  8.971418,40.776585,0
                  8.971441,40.776585,0
                  8.971464,40.776586,0
                  8.971488,40.776588,0
                  8.971511,40.776591,0
                  8.971533,40.776595,0
                  8.971556,40.776599,0
                  8.971578,40.776605,0
                  8.9716,40.776611,0
                  8.971621,40.776618,0
                  8.971642,40.776626,0
                  8.971662,40.776635,0
                  8.971682,40.776644,0
                  8.971701,40.776654,0
                  8.971719,40.776665,0
                  8.971737,40.776676,0
                  8.971754,40.776688,0
                  8.97177,40.776701,0
                  8.971786,40.776714,0
                  8.9718,40.776728,0
                  8.971814,40.776743,0
                  8.971826,40.776758,0
                  8.971838,40.776773,0
                  8.971848,40.776789,0
                  8.971858,40.776805,0
                  8.971867,40.776821,0
                  8.971874,40.776838,0
                  8.97188,40.776855,0
                  8.971886,40.776872,0
                  8.97189,40.77689,0
                  8.971893,40.776907,0
                  8.971895,40.776925,0
                  8.971895,40.776942,0
                  8.971895,40.77696,0
                  8.971893,40.776978,0
                  8.971891,40.776995,0
                  8.971887,40.777013,0
                  8.971882,40.77703,0
                  8.971876,40.777047,0
                  8.971869,40.777064,0
                  8.971861,40.77708,0
                  8.971851,40.777097,0
                  8.971841,40.777113,0
                  8.971749,40.777245,0
                  8.971756,40.777318,0
                  8.971817,40.777402,0
                  8.972106,40.77753,0
                  8.972629,40.777729,0
                  8.973023,40.77783,0
                  8.973044,40.777836,0
                  8.973064,40.777842,0
                  8.973084,40.777849,0
                  8.973103,40.777857,0
                  8.973122,40.777866,0
                  8.97314,40.777875,0
                  8.973158,40.777884,0
                  8.973175,40.777895,0
                  8.973389,40.778029,0
                  8.973405,40.77804,0
                  8.973421,40.778052,0
                  8.973436,40.778064,0
                  8.97345,40.778076,0
                  8.973464,40.778089,0
                  8.973476,40.778103,0
                  8.973488,40.778117,0
                  8.973618,40.778275,0
                  8.973631,40.778292,0
                  8.973642,40.778308,0
                  8.973652,40.778325,0
                  8.973661,40.778343,0
                  8.973669,40.77836,0
                  8.973733,40.77852,0
                  8.973785,40.7786,0
                  8.973866,40.778646,0
                  8.974302,40.778765,0
                  8.974886,40.778892,0
                  8.974907,40.778896,0
                  8.974927,40.778902,0
                  8.974947,40.778908,0
                  8.974967,40.778915,0
                  8.974986,40.778923,0
                  8.975223,40.779022,0
                  8.975247,40.779033,0
                  8.975269,40.779045,0
                  8.975604,40.779227,0
                  8.975621,40.779236,0
                  8.975753,40.779315,0
                  8.975771,40.779326,0
                  8.975789,40.779338,0
                  8.975805,40.779351,0
                  8.975821,40.779364,0
                  8.975836,40.779378,0
                  8.97585,40.779393,0
                  8.975862,40.779408,0
                  8.975874,40.779423,0
                  8.975885,40.779439,0
                  8.975895,40.779455,0
                  8.975904,40.779472,0
                  8.975912,40.779488,0
                  8.975918,40.779506,0
                  8.975924,40.779523,0
                  8.975941,40.779582,0
                  8.975945,40.7796,0
                  8.975948,40.779617,0
                  8.97595,40.779635,0
                  8.975951,40.779652,0
                  8.975951,40.77967,0
                  8.97595,40.779687,0
                  8.975947,40.779705,0
                  8.975944,40.779722,0
                  8.975939,40.77974,0
                  8.975933,40.779757,0
                  8.975926,40.779774,0
                  8.975918,40.77979,0
                  8.975909,40.779806,0
                  8.975899,40.779822,0
                  8.975888,40.779838,0
                  8.975876,40.779853,0
                  8.975863,40.779867,0
                  8.975849,40.779881,0
                  8.975834,40.779895,0
                  8.975819,40.779908,0
                  8.975802,40.77992,0
                  8.975785,40.779932,0
                  8.975767,40.779943,0
                  8.975766,40.779944,0
                  8.975768,40.779988,0
                  8.975768,40.780005,0
                  8.975767,40.780023,0
                  8.975764,40.780041,0
                  8.975761,40.780058,0
                  8.975757,40.780076,0
                  8.975751,40.780093,0
                  8.975744,40.78011,0
                  8.975737,40.780126,0
                  8.975728,40.780143,0
                  8.975718,40.780159,0
                  8.975707,40.780174,0
                  8.975695,40.78019,0
                  8.975682,40.780204,0
                  8.975668,40.780218,0
                  8.975654,40.780232,0
                  8.975638,40.780245,0
                  8.975622,40.780258,0
                  8.975605,40.78027,0
                  8.975587,40.780281,0
                  8.975568,40.780292,0
                  8.975549,40.780302,0
                  8.975529,40.780311,0
                  8.975508,40.780319,0
                  8.975487,40.780327,0
                  8.975466,40.780334,0
                  8.975444,40.78034,0
                  8.975422,40.780345,0
                  8.975399,40.780349,0
                  8.975376,40.780353,0
                  8.975353,40.780355,0
                  8.97533,40.780357,0
                  8.975307,40.780358,0
                  8.975284,40.780358,0
                  8.97526,40.780357,0
                  8.975237,40.780356,0
                  8.975214,40.780353,0
                  8.975191,40.78035,0
                  8.975169,40.780345,0
                  8.975146,40.78034,0
                  8.975125,40.780334,0
                  8.975103,40.780328,0
                  8.975082,40.78032,0
                  8.975061,40.780312,0
                  8.975041,40.780303,0
                  8.975022,40.780293,0
                  8.975003,40.780283,0
                  8.974985,40.780271,0
                  8.974968,40.78026,0
                  8.974951,40.780247,0
                  8.974936,40.780234,0
                  8.974921,40.78022,0
                  8.974907,40.780206,0
                  8.974894,40.780192,0
                  8.974882,40.780176,0
                  8.974871,40.780161,0
                  8.974861,40.780145,0
                  8.974852,40.780129,0
                  8.974844,40.780112,0
                  8.974837,40.780095,0
                  8.974832,40.780078,0
                  8.974827,40.780061,0
                  8.974823,40.780043,0
                  8.974821,40.780025,0
                  8.97482,40.780008,0
                  8.974815,40.779877,0
                  8.974815,40.779858,0
                  8.974816,40.779839,0
                  8.974819,40.77982,0
                  8.974823,40.779801,0
                  8.974828,40.779782,0
                  8.974852,40.779707,0
                  8.974853,40.779704,0
                  8.97474,40.779643,0
                  8.974575,40.779573,0
                  8.974027,40.779455,0
                  8.973996,40.779447,0
                  8.973478,40.779305,0
                  8.973457,40.779299,0
                  8.973436,40.779292,0
                  8.973415,40.779284,0
                  8.973395,40.779275,0
                  8.973375,40.779265,0
                  8.973356,40.779255,0
                  8.973129,40.779126,0
                  8.973109,40.779115,0
                  8.973091,40.779102,0
                  8.973073,40.77909,0
                  8.973057,40.779076,0
                  8.973041,40.779062,0
                  8.973026,40.779047,0
                  8.973012,40.779031,0
                  8.973,40.779015,0
                  8.972988,40.778999,0
                  8.972867,40.778816,0
                  8.972856,40.778797,0
                  8.972846,40.778778,0
                  8.972838,40.778759,0
                  8.97278,40.778616,0
                  8.972723,40.778546,0
                  8.972637,40.778492,0
                  8.972295,40.778404,0
                  8.972274,40.778398,0
                  8.972254,40.778392,0
                  8.972234,40.778385,0
                  8.971668,40.778169,0
                  8.971642,40.778158,0
                  8.971228,40.777976,0
                  8.971209,40.777966,0
                  8.971189,40.777956,0
                  8.971171,40.777946,0
                  8.971153,40.777935,0
                  8.971136,40.777923,0
                  8.97112,40.77791,0
                  8.971105,40.777897,0
                  8.97109,40.777883,0
                  8.971077,40.777869,0
                  8.971064,40.777854,0
                  8.971052,40.777839,0
                  8.970875,40.777597,0
                  8.970864,40.777582,0
                  8.970854,40.777565,0
                  8.970846,40.777549,0
                  8.970838,40.777532,0
                  8.970831,40.777515,0
                  8.970826,40.777498,0
                  8.970821,40.77748,0
                  8.970818,40.777463,0
                  8.970816,40.777445,0
                  8.970795,40.77719,0
                  8.970794,40.777172,0
                  8.970794,40.777154,0
                  8.970796,40.777136,0
                  8.970798,40.777118,0
                  8.970802,40.777101,0
                  8.970807,40.777083,0
                  8.970813,40.777066,0
                  8.97082,40.777049,0
                  8.970829,40.777032,0
                  8.970838,40.777016,0
                  8.970848,40.777,0
                </coordinates>
              </LinearRing>
            </outerBoundaryIs>
          </Polygon>
          <Polygon>
            <outerBoundaryIs>
              <LinearRing>
                <tessellate>1</tessellate>
                <coordinates>
                  8.968388,40.775034,0
                  8.968782,40.774923,0
                  8.968804,40.774917,0
                  8.968826,40.774912,0
                  8.968849,40.774908,0
                  8.968872,40.774905,0
                  8.968895,40.774903,0
                  8.968918,40.774901,0
                  8.968941,40.774901,0
                  8.968965,40.774901,0
                  8.968988,40.774902,0
                  8.969011,40.774904,0
                  8.969034,40.774907,0
                  8.969057,40.774911,0
                  8.969079,40.774915,0
                  8.969101,40.774921,0
                  8.969123,40.774927,0
                  8.969144,40.774934,0
                  8.969165,40.774942,0
                  8.969186,40.77495,0
                  8.969206,40.774959,0
                  8.969225,40.774969,0
                  8.969243,40.77498,0
                  8.969261,40.774992,0
                  8.969278,40.775004,0
                  8.969294,40.775016,0
                  8.96931,40.77503,0
                  8.969324,40.775044,0
                  8.969338,40.775058,0
                  8.96935,40.775073,0
                  8.969362,40.775088,0
                  8.969373,40.775104,0
                  8.969382,40.77512,0
                  8.969391,40.775136,0
                  8.969398,40.775153,0
                  8.969405,40.77517,0
                  8.96941,40.775187,0
                  8.969414,40.775205,0
                  8.969417,40.775222,0
                  8.969419,40.77524,0
                  8.96942,40.775257,0
                  8.96942,40.775275,0
                  8.969418,40.775293,0
                  8.969416,40.77531,0
                  8.969412,40.775328,0
                  8.969407,40.775345,0
                  8.969401,40.775362,0
                  8.969394,40.775379,0
                  8.969386,40.775396,0
                  8.969377,40.775412,0
                  8.969367,40.775428,0
                  8.969355,40.775443,0
                  8.969343,40.775458,0
                  8.96933,40.775473,0
                  8.969316,40.775487,0
                  8.969301,40.7755,0
                  8.969285,40.775513,0
                  8.969268,40.775526,0
                  8.969251,40.775537,0
                  8.969232,40.775548,0
                  8.969214,40.775559,0
                  8.969194,40.775568,0
                  8.969174,40.775577,0
                  8.969153,40.775585,0
                  8.969132,40.775593,0
                  8.969111,40.775599,0
                  8.969165,40.775646,0
                  8.969439,40.775882,0
                  8.969453,40.775894,0
                  8.969466,40.775907,0
                  8.969478,40.77592,0
                  8.969741,40.776218,0
                  8.969779,40.776247,0
                  8.969783,40.776243,0
                  8.970043,40.776036,0
                  8.970059,40.776024,0
                  8.970076,40.776012,0
                  8.970094,40.776001,0
                  8.970113,40.77599,0
                  8.970132,40.77598,0
                  8.970152,40.775971,0
                  8.970173,40.775963,0
                  8.970194,40.775955,0
                  8.970215,40.775949,0
                  8.970237,40.775943,0
                  8.97026,40.775937,0
                  8.970282,40.775933,0
                  8.970305,40.77593,0
                  8.970328,40.775927,0
                  8.970351,40.775925,0
                  8.970374,40.775925,0
                  8.970398,40.775925,0
                  8.970421,40.775925,0
                  8.970444,40.775927,0
                  8.970467,40.77593,0
                  8.97049,40.775933,0
                  8.970513,40.775938,0
                  8.970535,40.775943,0
                  8.970557,40.775949,0
                  8.970578,40.775955,0
                  8.970599,40.775963,0
                  8.97062,40.775971,0
                  8.97064,40.77598,0
                  8.970659,40.77599,0
                  8.970678,40.776001,0
                  8.970696,40.776012,0
                  8.970713,40.776024,0
                  8.970729,40.776036,0
                  8.970745,40.77605,0
                  8.97076,40.776063,0
                  8.970774,40.776077,0
                  8.970786,40.776092,0
                  8.970798,40.776107,0
                  8.970809,40.776123,0
                  8.970819,40.776139,0
                  8.970828,40.776155,0
                  8.970836,40.776172,0
                  8.970843,40.776189,0
                  8.970848,40.776206,0
                  8.970853,40.776223,0
                  8.970856,40.776241,0
                  8.970859,40.776258,0
                  8.97086,40.776276,0
                  8.97086,40.776294,0
                  8.970859,40.776311,0
                  8.970856,40.776329,0
                  8.970853,40.776347,0
                  8.970848,40.776364,0
                  8.970843,40.776381,0
                  8.970836,40.776398,0
                  8.970828,40.776415,0
                  8.970819,40.776431,0
                  8.970809,40.776447,0
                  8.970798,40.776463,0
                  8.970786,40.776478,0
                  8.970773,40.776492,0
                  8.970759,40.776507,0
                  8.970745,40.77652,0
                  8.970729,40.776533,0
                  8.970631,40.776611,0
                  8.970638,40.776622,0
                  8.970646,40.776638,0
                  8.970654,40.776655,0
                  8.97066,40.776671,0
                  8.970666,40.776688,0
                  8.97067,40.776705,0
                  8.970673,40.776723,0
                  8.970676,40.77674,0
                  8.970677,40.776757,0
                  8.970676,40.776775,0
                  8.970675,40.776792,0
                  8.970673,40.77681,0
                  8.97067,40.776827,0
                  8.970665,40.776844,0
                  8.97066,40.776861,0
                  8.970653,40.776878,0
                  8.970645,40.776894,0
                  8.970637,40.77691,0
                  8.970627,40.776926,0
                  8.970616,40.776941,0
                  8.970562,40.777014,0
                  8.97055,40.77703,0
                  8.970537,40.777045,0
                  8.970523,40.777059,0
                  8.970508,40.777073,0
                  8.970493,40.777086,0
                  8.970476,40.777099,0
                  8.970459,40.77711,0
                  8.970441,40.777122,0
                  8.970422,40.777132,0
                  8.970403,40.777142,0
                  8.970383,40.777151,0
                  8.970362,40.77716,0
                  8.970341,40.777168,0
                  8.970319,40.777174,0
                  8.970297,40.77718,0
                  8.970275,40.777185,0
                  8.970252,40.77719,0
                  8.970229,40.777193,0
                  8.970206,40.777196,0
                  8.970183,40.777198,0
                  8.97016,40.777198,0
                  8.970136,40.777198,0
                  8.970113,40.777198,0
                  8.97009,40.777196,0
                  8.970066,40.777193,0
                  8.970043,40.77719,0
                  8.970021,40.777185,0
                  8.969998,40.77718,0
                  8.969976,40.777174,0
                  8.969804,40.777123,0
                  8.969786,40.777117,0
                  8.969768,40.777111,0
                  8.969462,40.776997,0
                  8.969442,40.776989,0
                  8.969422,40.776981,0
                  8.969404,40.776971,0
                  8.969385,40.776962,0
                  8.969368,40.776951,0
                  8.969351,40.77694,0
                  8.969335,40.776928,0
                  8.969038,40.776703,0
                  8.969022,40.77669,0
                  8.969007,40.776677,0
                  8.968993,40.776663,0
                  8.96898,40.776649,0
                  8.968708,40.776341,0
                  8.968455,40.776123,0
                  8.96815,40.775861,0
                  8.968095,40.775826,0
                  8.968078,40.775815,0
                  8.968061,40.775803,0
                  8.968045,40.77579,0
                  8.96803,40.775776,0
                  8.968016,40.775762,0
                  8.968003,40.775748,0
                  8.96799,40.775733,0
                  8.967979,40.775718,0
                  8.967969,40.775702,0
                  8.967959,40.775686,0
                  8.967951,40.775669,0
                  8.967944,40.775653,0
                  8.967938,40.775636,0
                  8.967933,40.775619,0
                  8.967929,40.775601,0
                  8.967926,40.775584,0
                  8.967924,40.775566,0
                  8.967924,40.775548,0
                  8.967924,40.775531,0
                  8.967926,40.775513,0
                  8.967929,40.775496,0
                  8.967933,40.775478,0
                  8.967955,40.775394,0
                  8.96796,40.775377,0
                  8.967966,40.77536,0
                  8.967973,40.775344,0
                  8.967981,40.775327,0
                  8.96799,40.775311,0
                  8.968001,40.775296,0
                  8.968012,40.775281,0
                  8.968024,40.775266,0
                  8.968037,40.775251,0
                  8.968051,40.775238,0
                  8.968066,40.775224,0
                  8.968082,40.775212,0
                  8.968098,40.775199,0
                  8.968231,40.775107,0
                  8.968248,40.775095,0
                  8.968266,40.775084,0
                  8.968285,40.775074,0
                  8.968305,40.775064,0
                  8.968325,40.775056,0
                  8.968345,40.775048,0
                  8.968366,40.77504,0
                  8.968388,40.775034,0
                </coordinates>
              </LinearRing>
            </outerBoundaryIs>
          </Polygon>
          <Polygon>
            <outerBoundaryIs>
              <LinearRing>
                <tessellate>1</tessellate>
                <coordinates>
                  8.976282,40.778554,0
                  8.976292,40.778557,0
                  8.976292,40.778555,0
                  8.976296,40.778538,0
                  8.976301,40.77852,0
                  8.976306,40.778503,0
                  8.976313,40.778486,0
                  8.976321,40.77847,0
                  8.97633,40.778453,0
                  8.97634,40.778437,0
                  8.976351,40.778422,0
                  8.976363,40.778407,0
                  8.976376,40.778392,0
                  8.97639,40.778378,0
                  8.976405,40.778364,0
                  8.976421,40.778351,0
                  8.976437,40.778339,0
                  8.976455,40.778327,0
                  8.976473,40.778316,0
                  8.976492,40.778305,0
                  8.976511,40.778296,0
                  8.976531,40.778287,0
                  8.976552,40.778278,0
                  8.976573,40.778271,0
                  8.976594,40.778264,0
                  8.976616,40.778258,0
                  8.976638,40.778253,0
                  8.976661,40.778249,0
                  8.976684,40.778246,0
                  8.976707,40.778243,0
                  8.97673,40.778242,0
                  8.976753,40.778241,0
                  8.976777,40.778241,0
                  8.9768,40.778242,0
                  8.976823,40.778244,0
                  8.976846,40.778246,0
                  8.976869,40.77825,0
                  8.976891,40.778254,0
                  8.976913,40.778259,0
                  8.976935,40.778266,0
                  8.976957,40.778272,0
                  8.976978,40.77828,0
                  8.976998,40.778288,0
                  8.977018,40.778298,0
                  8.977037,40.778307,0
                  8.977056,40.778318,0
                  8.977074,40.778329,0
                  8.977091,40.778341,0
                  8.977108,40.778354,0
                  8.977123,40.778367,0
                  8.977138,40.778381,0
                  8.977151,40.778395,0
                  8.977164,40.77841,0
                  8.977176,40.778425,0
                  8.977187,40.778441,0
                  8.977197,40.778457,0
                  8.977206,40.778473,0
                  8.977213,40.77849,0
                  8.97722,40.778507,0
                  8.977226,40.778524,0
                  8.97723,40.778541,0
                  8.977233,40.778559,0
                  8.977236,40.778576,0
                  8.977237,40.778594,0
                  8.977247,40.77899,0
                  8.977247,40.779008,0
                  8.977245,40.779026,0
                  8.977243,40.779044,0
                  8.977239,40.779061,0
                  8.977234,40.779079,0
                  8.977228,40.779096,0
                  8.977221,40.779114,0
                  8.97715,40.779272,0
                  8.977185,40.779277,0
                  8.977207,40.779281,0
                  8.97723,40.779285,0
                  8.977252,40.779291,0
                  8.977274,40.779297,0
                  8.977295,40.779304,0
                  8.977316,40.779311,0
                  8.977337,40.77932,0
                  8.977356,40.779329,0
                  8.977376,40.779339,0
                  8.977394,40.77935,0
                  8.977412,40.779361,0
                  8.977429,40.779373,0
                  8.977445,40.779386,0
                  8.977461,40.779399,0
                  8.977475,40.779413,0
                  8.977489,40.779427,0
                  8.977502,40.779442,0
                  8.977514,40.779457,0
                  8.977524,40.779473,0
                  8.977534,40.779489,0
                  8.977543,40.779505,0
                  8.97755,40.779522,0
                  8.977557,40.779539,0
                  8.977562,40.779556,0
                  8.977567,40.779573,0
                  8.97757,40.779591,0
                  8.977572,40.779609,0
                  8.977573,40.779626,0
                  8.977573,40.779644,0
                  8.977571,40.779662,0
                  8.977569,40.779679,0
                  8.977565,40.779697,0
                  8.97756,40.779714,0
                  8.977554,40.779731,0
                  8.977547,40.779748,0
                  8.977539,40.779765,0
                  8.97753,40.779781,0
                  8.97752,40.779797,0
                  8.977509,40.779812,0
                  8.977497,40.779827,0
                  8.977484,40.779842,0
                  8.97747,40.779856,0
                  8.977455,40.77987,0
                  8.977439,40.779883,0
                  8.977422,40.779895,0
                  8.977405,40.779907,0
                  8.977387,40.779918,0
                  8.977368,40.779928,0
                  8.977348,40.779938,0
                  8.977329,40.779947,0
                  8.977329,40.779955,0
                  8.97733,40.779973,0
                  8.97733,40.779991,0
                  8.977328,40.780008,0
                  8.977325,40.780026,0
                  8.977321,40.780043,0
                  8.977316,40.780061,0
                  8.97731,40.780078,0
                  8.977303,40.780094,0
                  8.977294,40.780111,0
                  8.977285,40.780127,0
                  8.977274,40.780143,0
                  8.977263,40.780158,0
                  8.97725,40.780173,0
                  8.977237,40.780188,0
                  8.977223,40.780202,0
                  8.977208,40.780215,0
                  8.977192,40.780228,0
                  8.977175,40.78024,0
                  8.977157,40.780252,0
                  8.977139,40.780263,0
                  8.97712,40.780273,0
                  8.9771,40.780282,0
                  8.97708,40.780291,0
                  8.977059,40.780299,0
                  8.977038,40.780306,0
                  8.977016,40.780313,0
                  8.976994,40.780318,0
                  8.976972,40.780323,0
                  8.976949,40.780327,0
                  8.976926,40.78033,0
                  8.976903,40.780332,0
                  8.97688,40.780333,0
                  8.976856,40.780334,0
                  8.976833,40.780333,0
                  8.97681,40.780332,0
                  8.976787,40.78033,0
                  8.976764,40.780327,0
                  8.976741,40.780323,0
                  8.976719,40.780318,0
                  8.976697,40.780313,0
                  8.976675,40.780306,0
                  8.976654,40.780299,0
                  8.976633,40.780291,0
                  8.976613,40.780283,0
                  8.976593,40.780273,0
                  8.976574,40.780263,0
                  8.976556,40.780252,0
                  8.976538,40.780241,0
                  8.976521,40.780228,0
                  8.976505,40.780216,0
                  8.97649,40.780202,0
                  8.976484,40.780196,0
                  8.976464,40.780188,0
                  8.976444,40.780179,0
                  8.976425,40.780169,0
                  8.976407,40.780159,0
                  8.976389,40.780148,0
                  8.976363,40.78013,0
                  8.976346,40.780119,0
                  8.976331,40.780106,0
                  8.976315,40.780094,0
                  8.976301,40.78008,0
                  8.976288,40.780067,0
                  8.976275,40.780052,0
                  8.976263,40.780038,0
                  8.976252,40.780023,0
                  8.976243,40.780007,0
                  8.976234,40.779991,0
                  8.976226,40.779975,0
                  8.976219,40.779959,0
                  8.976213,40.779942,0
                  8.976209,40.779926,0
                  8.976205,40.779909,0
                  8.976192,40.779841,0
                  8.97619,40.779824,0
                  8.976188,40.779806,0
                  8.976188,40.779788,0
                  8.976189,40.77977,0
                  8.97619,40.779752,0
                  8.976194,40.779735,0
                  8.976198,40.779717,0
                  8.976203,40.7797,0
                  8.97621,40.779683,0
                  8.976246,40.779595,0
                  8.976254,40.779577,0
                  8.976263,40.77956,0
                  8.976266,40.779555,0
                  8.976208,40.779528,0
                  8.976189,40.779518,0
                  8.97617,40.779508,0
                  8.976152,40.779496,0
                  8.976135,40.779485,0
                  8.976118,40.779472,0
                  8.976103,40.779459,0
                  8.976088,40.779446,0
                  8.975989,40.779351,0
                  8.975971,40.779333,0
                  8.975764,40.779107,0
                  8.975751,40.779092,0
                  8.975739,40.779077,0
                  8.975729,40.779062,0
                  8.975719,40.779046,0
                  8.97571,40.779029,0
                  8.975702,40.779013,0
                  8.975696,40.778996,0
                  8.97569,40.778978,0
                  8.975686,40.778961,0
                  8.975682,40.778944,0
                  8.97568,40.778926,0
                  8.975679,40.778908,0
                  8.975679,40.778891,0
                  8.97568,40.778873,0
                  8.975683,40.778855,0
                  8.975686,40.778838,0
                  8.975691,40.77882,0
                  8.975697,40.778803,0
                  8.975704,40.778786,0
                  8.975712,40.77877,0
                  8.975721,40.778754,0
                  8.975731,40.778738,0
                  8.975742,40.778722,0
                  8.975754,40.778707,0
                  8.975767,40.778692,0
                  8.975781,40.778678,0
                  8.975796,40.778664,0
                  8.975811,40.778651,0
                  8.975828,40.778639,0
                  8.975845,40.778627,0
                  8.975863,40.778616,0
                  8.975882,40.778606,0
                  8.975901,40.778596,0
                  8.975921,40.778587,0
                  8.975942,40.778578,0
                  8.975963,40.778571,0
                  8.975984,40.778564,0
                  8.976006,40.778558,0
                  8.976029,40.778553,0
                  8.976051,40.778549,0
                  8.976074,40.778546,0
                  8.976097,40.778543,0
                  8.97612,40.778542,0
                  8.976144,40.778541,0
                  8.976167,40.778541,0
                  8.97619,40.778542,0
                  8.976213,40.778544,0
                  8.976236,40.778546,0
                  8.976259,40.77855,0
                  8.976282,40.778554,0
                </coordinates>
              </LinearRing>
            </outerBoundaryIs>
          </Polygon>
        </MultiGeometry>
      </Placemark>
      <Placemark>
        <name>Disability Point</name>
        <styleUrl>#icon-1899-DB4436-nodesc</styleUrl>
        <Point>
          <coordinates>
            8.965156,40.756432,0
          </coordinates>
        </Point>
      </Placemark>
      <Placemark>
        <name>04</name>
        <styleUrl>#icon-1899-DB4436-nodesc</styleUrl>
        <Point>
          <coordinates>
            8.9658306,40.762394,0
          </coordinates>
        </Point>
      </Placemark>
      <Placemark>
        <name>04 - Experience</name>
        <styleUrl>#poly-0000FF-1-128-nodesc</styleUrl>
        <Polygon>
          <outerBoundaryIs>
            <LinearRing>
              <tessellate>1</tessellate>
              <coordinates>
                8.966205,40.762103,0
                8.966035,40.762739,0
                8.966034,40.762742,0
                8.966033,40.762745,0
                8.966032,40.762747,0
                8.966031,40.76275,0
                8.966029,40.762752,0
                8.966028,40.762754,0
                8.966026,40.762757,0
                8.966024,40.762759,0
                8.966022,40.762761,0
                8.96602,40.762763,0
                8.966018,40.762765,0
                8.966015,40.762767,0
                8.966013,40.762769,0
                8.96601,40.762771,0
                8.966007,40.762772,0
                8.966004,40.762774,0
                8.966001,40.762775,0
                8.965998,40.762776,0
                8.965995,40.762778,0
                8.965992,40.762779,0
                8.965989,40.76278,0
                8.965986,40.76278,0
                8.965982,40.762781,0
                8.965979,40.762782,0
                8.965975,40.762782,0
                8.965972,40.762782,0
                8.965968,40.762783,0
                8.965965,40.762783,0
                8.965961,40.762783,0
                8.965958,40.762782,0
                8.965954,40.762782,0
                8.965951,40.762782,0
                8.965948,40.762781,0
                8.965944,40.76278,0
                8.965941,40.762779,0
                8.965938,40.762778,0
                8.965934,40.762777,0
                8.965931,40.762776,0
                8.965928,40.762775,0
                8.965925,40.762773,0
                8.965923,40.762772,0
                8.96592,40.76277,0
                8.965917,40.762769,0
                8.965915,40.762767,0
                8.965912,40.762765,0
                8.96591,40.762763,0
                8.965908,40.762761,0
                8.965906,40.762758,0
                8.965904,40.762756,0
                8.965902,40.762754,0
                8.965901,40.762752,0
                8.965899,40.762749,0
                8.965898,40.762747,0
                8.965897,40.762744,0
                8.965896,40.762742,0
                8.965895,40.762739,0
                8.965895,40.762736,0
                8.965894,40.762734,0
                8.965894,40.762731,0
                8.965894,40.762728,0
                8.965894,40.762726,0
                8.965894,40.762723,0
                8.965895,40.76272,0
                8.965895,40.762718,0
                8.966065,40.762082,0
                8.966066,40.762079,0
                8.966067,40.762077,0
                8.966068,40.762074,0
                8.966069,40.762072,0
                8.966071,40.762069,0
                8.966072,40.762067,0
                8.966074,40.762065,0
                8.966076,40.762062,0
                8.966078,40.76206,0
                8.96608,40.762058,0
                8.966082,40.762056,0
                8.966085,40.762054,0
                8.966087,40.762052,0
                8.96609,40.762051,0
                8.966093,40.762049,0
                8.966096,40.762047,0
                8.966099,40.762046,0
                8.966102,40.762045,0
                8.966105,40.762044,0
                8.966108,40.762043,0
                8.966111,40.762042,0
                8.966115,40.762041,0
                8.966118,40.76204,0
                8.966121,40.762039,0
                8.966125,40.762039,0
                8.966128,40.762039,0
                8.966132,40.762039,0
                8.966135,40.762038,0
                8.966139,40.762039,0
                8.966142,40.762039,0
                8.966146,40.762039,0
                8.966149,40.76204,0
                8.966152,40.76204,0
                8.966156,40.762041,0
                8.966159,40.762042,0
                8.966162,40.762043,0
                8.966166,40.762044,0
                8.966169,40.762045,0
                8.966172,40.762046,0
                8.966175,40.762048,0
                8.966178,40.762049,0
                8.96618,40.762051,0
                8.966183,40.762053,0
                8.966185,40.762054,0
                8.966188,40.762056,0
                8.96619,40.762058,0
                8.966192,40.762061,0
                8.966194,40.762063,0
                8.966196,40.762065,0
                8.966198,40.762067,0
                8.966199,40.76207,0
                8.966201,40.762072,0
                8.966202,40.762075,0
                8.966203,40.762077,0
                8.966204,40.76208,0
                8.966205,40.762082,0
                8.966205,40.762085,0
                8.966206,40.762087,0
                8.966206,40.76209,0
                8.966206,40.762093,0
                8.966206,40.762095,0
                8.966206,40.762098,0
                8.966205,40.762101,0
                8.966205,40.762103,0
              </coordinates>
            </LinearRing>
          </outerBoundaryIs>
        </Polygon>
      </Placemark>
      <Placemark>
        <name>05</name>
        <styleUrl>#icon-1899-DB4436-nodesc</styleUrl>
        <Point>
          <coordinates>
            8.968577,40.7672193,0
          </coordinates>
        </Point>
      </Placemark>
      <Placemark>
        <name>05 - Experience</name>
        <styleUrl>#poly-0000FF-1-128-nodesc</styleUrl>
        <Polygon>
          <outerBoundaryIs>
            <LinearRing>
              <tessellate>1</tessellate>
              <coordinates>
                8.968996,40.767224,0
                8.968996,40.767227,0
                8.968997,40.767229,0
                8.968997,40.767232,0
                8.968997,40.767235,0
                8.968997,40.767237,0
                8.968997,40.76724,0
                8.968996,40.767243,0
                8.968996,40.767245,0
                8.968995,40.767248,0
                8.968994,40.76725,0
                8.968993,40.767253,0
                8.968992,40.767255,0
                8.96899,40.767258,0
                8.968989,40.76726,0
                8.968987,40.767263,0
                8.968985,40.767265,0
                8.968983,40.767267,0
                8.968981,40.767269,0
                8.968979,40.767271,0
                8.968976,40.767273,0
                8.968974,40.767275,0
                8.968971,40.767277,0
                8.968968,40.767278,0
                8.968966,40.76728,0
                8.968963,40.767281,0
                8.96896,40.767282,0
                8.968956,40.767284,0
                8.968953,40.767285,0
                8.96895,40.767286,0
                8.968947,40.767286,0
                8.968943,40.767287,0
                8.96894,40.767288,0
                8.968937,40.767288,0
                8.968933,40.767289,0
                8.96893,40.767289,0
                8.968926,40.767289,0
                8.968923,40.767289,0
                8.968919,40.767289,0
                8.968916,40.767288,0
                8.968912,40.767288,0
                8.968909,40.767287,0
                8.968905,40.767286,0
                8.968902,40.767286,0
                8.968899,40.767285,0
                8.968896,40.767284,0
                8.968893,40.767282,0
                8.96889,40.767281,0
                8.968887,40.76728,0
                8.968884,40.767278,0
                8.968881,40.767277,0
                8.968878,40.767275,0
                8.968876,40.767273,0
                8.968522,40.767004,0
                8.968519,40.767002,0
                8.968517,40.767,0
                8.968515,40.766998,0
                8.968513,40.766996,0
                8.968511,40.766993,0
                8.968509,40.766991,0
                8.968508,40.766989,0
                8.968506,40.766986,0
                8.968505,40.766984,0
                8.968504,40.766981,0
                8.968503,40.766979,0
                8.968502,40.766976,0
                8.968502,40.766973,0
                8.968501,40.766971,0
                8.968501,40.766968,0
                8.968501,40.766966,0
                8.968501,40.766963,0
                8.968501,40.76696,0
                8.968502,40.766958,0
                8.968502,40.766955,0
                8.968503,40.766952,0
                8.968504,40.76695,0
                8.968505,40.766947,0
                8.968506,40.766945,0
                8.968508,40.766942,0
                8.968509,40.76694,0
                8.968511,40.766938,0
                8.968513,40.766935,0
                8.968515,40.766933,0
                8.968517,40.766931,0
                8.968519,40.766929,0
                8.968522,40.766927,0
                8.968524,40.766925,0
                8.968527,40.766924,0
                8.96853,40.766922,0
                8.968532,40.766921,0
                8.968535,40.766919,0
                8.968538,40.766918,0
                8.968542,40.766917,0
                8.968545,40.766916,0
                8.968548,40.766915,0
                8.968551,40.766914,0
                8.968555,40.766913,0
                8.968558,40.766912,0
                8.968562,40.766912,0
                8.968565,40.766912,0
                8.968568,40.766912,0
                8.968572,40.766911,0
                8.968575,40.766912,0
                8.968579,40.766912,0
                8.968582,40.766912,0
                8.968883,40.76702,0
                8.968996,40.767224,0
              </coordinates>
            </LinearRing>
          </outerBoundaryIs>
        </Polygon>
      </Placemark>
      <Placemark>
        <name>06</name>
        <styleUrl>#icon-1899-DB4436-nodesc</styleUrl>
        <Point>
          <coordinates>
            8.9746602,40.7795393,0
          </coordinates>
        </Point>
      </Placemark>
      <Placemark>
        <name>06 - Experience</name>
        <styleUrl>#poly-0000FF-1-128-nodesc</styleUrl>
        <Polygon>
          <outerBoundaryIs>
            <LinearRing>
              <tessellate>1</tessellate>
              <coordinates>
                8.974702,40.779492,0
                8.974698,40.779492,0
                8.974695,40.779492,0
                8.974691,40.779491,0
                8.974688,40.77949,0
                8.974685,40.77949,0
                8.974681,40.779489,0
                8.974678,40.779488,0
                8.974675,40.779486,0
                8.974672,40.779485,0
                8.974669,40.779484,0
                8.974666,40.779482,0
                8.974663,40.779481,0
                8.974661,40.779479,0
                8.974658,40.779477,0
                8.974656,40.779475,0
                8.974653,40.779473,0
                8.974651,40.779471,0
                8.974649,40.779469,0
                8.974647,40.779467,0
                8.974645,40.779465,0
                8.974644,40.779462,0
                8.974642,40.77946,0
                8.974641,40.779457,0
                8.97464,40.779455,0
                8.974639,40.779452,0
                8.974638,40.77945,0
                8.974637,40.779447,0
                8.974637,40.779444,0
                8.974637,40.779442,0
                8.974637,40.779439,0
                8.974637,40.779437,0
                8.974637,40.779434,0
                8.974637,40.779431,0
                8.974638,40.779429,0
                8.974638,40.779426,0
                8.974639,40.779423,0
                8.97464,40.779421,0
                8.974642,40.779418,0
                8.974643,40.779416,0
                8.974645,40.779414,0
                8.974646,40.779411,0
                8.974648,40.779409,0
                8.97465,40.779407,0
                8.974652,40.779405,0
                8.974654,40.779403,0
                8.974657,40.779401,0
                8.974659,40.779399,0
                8.974662,40.779397,0
                8.974665,40.779395,0
                8.974799,40.779318,0
                8.974802,40.779316,0
                8.974805,40.779315,0
                8.974808,40.779313,0
                8.974811,40.779312,0
                8.974814,40.779311,0
                8.974817,40.77931,0
                8.974821,40.779309,0
                8.974824,40.779309,0
                8.974827,40.779308,0
                8.974831,40.779307,0
                8.974834,40.779307,0
                8.974838,40.779307,0
                8.974841,40.779307,0
                8.974845,40.779307,0
                8.974848,40.779307,0
                8.974852,40.779307,0
                8.974855,40.779308,0
                8.974859,40.779308,0
                8.974862,40.779309,0
                8.974865,40.77931,0
                8.974869,40.779311,0
                8.974872,40.779312,0
                8.974875,40.779313,0
                8.974878,40.779314,0
                8.974881,40.779316,0
                8.974884,40.779317,0
                8.974887,40.779319,0
                8.974889,40.779321,0
                8.975041,40.779424,0
                8.975044,40.779426,0
                8.975046,40.779428,0
                8.975048,40.77943,0
                8.97505,40.779432,0
                8.975052,40.779434,0
                8.975054,40.779436,0
                8.975056,40.779439,0
                8.975058,40.779441,0
                8.975059,40.779443,0
                8.97506,40.779446,0
                8.975061,40.779448,0
                8.975062,40.779451,0
                8.975063,40.779454,0
                8.975064,40.779456,0
                8.975064,40.779459,0
                8.975064,40.779461,0
                8.975065,40.779464,0
                8.975064,40.779467,0
                8.975064,40.779469,0
                8.975064,40.779472,0
                8.975063,40.779475,0
                8.975062,40.779477,0
                8.975062,40.77948,0
                8.97506,40.779482,0
                8.975059,40.779485,0
                8.975058,40.779487,0
                8.975056,40.77949,0
                8.975055,40.779492,0
                8.975053,40.779494,0
                8.975051,40.779496,0
                8.975049,40.779498,0
                8.975046,40.7795,0
                8.975044,40.779502,0
                8.975041,40.779504,0
                8.975039,40.779506,0
                8.975036,40.779508,0
                8.975033,40.779509,0
                8.97503,40.779511,0
                8.975027,40.779512,0
                8.975024,40.779513,0
                8.975021,40.779514,0
                8.975018,40.779515,0
                8.975014,40.779516,0
                8.975011,40.779517,0
                8.975008,40.779517,0
                8.975004,40.779518,0
                8.975001,40.779518,0
                8.974997,40.779518,0
                8.974994,40.779518,0
                8.97499,40.779518,0
                8.974987,40.779518,0
                8.974702,40.779492,0
              </coordinates>
            </LinearRing>
          </outerBoundaryIs>
        </Polygon>
      </Placemark>
    </Folder>
    <Folder>
      <name>Parking</name>
      <Placemark>
        <name>Area Camper</name>
        <styleUrl>#poly-000066-1000-191-nodesc</styleUrl>
        <Polygon>
          <outerBoundaryIs>
            <LinearRing>
              <tessellate>1</tessellate>
              <coordinates>
                8.958068,40.762882,0
                8.957914,40.762741,0
                8.957669,40.762593,0
                8.957426,40.762559,0
                8.95727,40.762531,0
                8.957102,40.762426,0
                8.957038,40.762342,0
                8.958212,40.762048,0
                8.958237,40.762797,0
                8.958068,40.762882,0
              </coordinates>
            </LinearRing>
          </outerBoundaryIs>
        </Polygon>
      </Placemark>
      <Placemark>
        <name>Camper Area</name>
        <styleUrl>#icon-1899-DB4436-nodesc</styleUrl>
        <Point>
          <coordinates>
            8.9578,40.762453,0
          </coordinates>
        </Point>
      </Placemark>
      <Placemark>
        <name>Parking Area</name>
        <styleUrl>#poly-000066-1000-191-nodesc</styleUrl>
        <Polygon>
          <outerBoundaryIs>
            <LinearRing>
              <tessellate>1</tessellate>
              <coordinates>
                8.96178,40.75256,0
                8.961902,40.752448,0
                8.962528,40.752828,0
                8.963082,40.753265,0
                8.963491,40.753506,0
                8.963978,40.753934,0
                8.964112,40.754088,0
                8.964231,40.754156,0
                8.964463,40.754359,0
                8.964616,40.754429,0
                8.965044,40.754395,0
                8.965362,40.754306,0
                8.965405,40.754387,0
                8.96511,40.754807,0
                8.964937,40.754908,0
                8.964706,40.754948,0
                8.964613,40.754876,0
                8.96431,40.754482,0
                8.96406,40.754213,0
                8.963596,40.753809,0
                8.9628,40.753246,0
                8.96178,40.75256,0
              </coordinates>
            </LinearRing>
          </outerBoundaryIs>
        </Polygon>
      </Placemark>
      <Placemark>
        <name>Parking Area</name>
        <styleUrl>#poly-000066-1000-191-nodesc</styleUrl>
        <Polygon>
          <outerBoundaryIs>
            <LinearRing>
              <tessellate>1</tessellate>
              <coordinates>
                8.961172,40.765407,0
                8.959284,40.765242,0
                8.959294,40.76518,0
                8.961179,40.765345,0
                8.962045,40.765382,0
                8.962637,40.765367,0
                8.962976,40.765298,0
                8.963361,40.765155,0
                8.963737,40.764955,0
                8.964125,40.764668,0
                8.96441,40.764434,0
                8.964521,40.764369,0
                8.964572,40.764419,0
                8.964466,40.764481,0
                8.964184,40.764713,0
                8.96379,40.765003,0
                8.963404,40.76521,0
                8.963005,40.765358,0
                8.962649,40.76543,0
                8.962045,40.765446,0
                8.961172,40.765407,0
              </coordinates>
            </LinearRing>
          </outerBoundaryIs>
        </Polygon>
      </Placemark>
      <Placemark>
        <name>Parking Area</name>
        <styleUrl>#poly-000066-1000-191-nodesc</styleUrl>
        <Polygon>
          <outerBoundaryIs>
            <LinearRing>
              <tessellate>1</tessellate>
              <coordinates>
                8.967333,40.768699,0
                8.966494,40.769098,0
                8.96645,40.769045,0
                8.967287,40.768646,0
                8.967772,40.768388,0
                8.968345,40.768039,0
                8.96869,40.767821,0
                8.968743,40.767869,0
                8.968397,40.768088,0
                8.967822,40.768438,0
                8.967333,40.768699,0
              </coordinates>
            </LinearRing>
          </outerBoundaryIs>
        </Polygon>
      </Placemark>
      <Placemark>
        <name>Parking Area</name>
        <styleUrl>#poly-000066-1000-191-nodesc</styleUrl>
        <Polygon>
          <outerBoundaryIs>
            <LinearRing>
              <tessellate>1</tessellate>
              <coordinates>
                8.963938,40.764694,0
                8.963747,40.764128,0
                8.96381,40.763539,0
                8.964454,40.763263,0
                8.96471,40.763461,0
                8.964938,40.763712,0
                8.965132,40.763931,0
                8.963938,40.764694,0
              </coordinates>
            </LinearRing>
          </outerBoundaryIs>
        </Polygon>
      </Placemark>
      <Placemark>
        <name>Parking Area</name>
        <styleUrl>#poly-000066-1000-191-nodesc</styleUrl>
        <Polygon>
          <outerBoundaryIs>
            <LinearRing>
              <tessellate>1</tessellate>
              <coordinates>
                8.96294,40.753504,0
                8.963691,40.754013,0
                8.963867,40.754185,0
                8.963308,40.754304,0
                8.963139,40.754237,0
                8.963033,40.754163,0
                8.962923,40.754061,0
                8.962874,40.753983,0
                8.962783,40.753855,0
                8.962708,40.753722,0
                8.96294,40.753504,0
              </coordinates>
            </LinearRing>
          </outerBoundaryIs>
        </Polygon>
      </Placemark>
      <Placemark>
        <name>Parking Area</name>
        <styleUrl>#poly-000066-1000-191-nodesc</styleUrl>
        <Polygon>
          <outerBoundaryIs>
            <LinearRing>
              <tessellate>1</tessellate>
              <coordinates>
                8.975287,40.780977,0
                8.975013,40.781373,0
                8.97494,40.781344,0
                8.975206,40.780959,0
                8.975213,40.780878,0
                8.975162,40.780694,0
                8.975104,40.780349,0
                8.975045,40.779886,0
                8.975127,40.77988,0
                8.975187,40.780342,0
                8.975244,40.780684,0
                8.975296,40.780874,0
                8.975287,40.780977,0
              </coordinates>
            </LinearRing>
          </outerBoundaryIs>
        </Polygon>
      </Placemark>
      <Placemark>
        <name>Parking Spectator</name>
        <styleUrl>#icon-1899-DB4436-nodesc</styleUrl>
        <Point>
          <coordinates>
            8.963501,40.765139,0
          </coordinates>
        </Point>
      </Placemark>
      <Placemark>
        <name>Parking Spectator</name>
        <styleUrl>#icon-1899-DB4436-nodesc</styleUrl>
        <Point>
          <coordinates>
            8.96806,40.768212,0
          </coordinates>
        </Point>
      </Placemark>
      <Placemark>
        <name>Parking Spectator</name>
        <styleUrl>#icon-1899-DB4436-nodesc</styleUrl>
        <Point>
          <coordinates>
            8.964722,40.754593,0
          </coordinates>
        </Point>
      </Placemark>
    </Folder>
    <Folder>
      <name>Track</name>
      <Placemark>
        <name>START</name>
        <description>Km: 0.00</description>
        <styleUrl>#icon-1899-DB4436</styleUrl>
        <Point>
          <coordinates>
            8.964237,40.745221,0
          </coordinates>
        </Point>
      </Placemark>
      <Placemark>
        <name>SS2/5 Tula-Erula - km. 18.77</name>
        <styleUrl>#line-FF0000-5000-nodesc</styleUrl>
        <LineString>
          <tessellate>1</tessellate>
          <coordinates>
            8.964239,40.745222,430.47
            8.964175,40.745255,430
            8.964014,40.745324,430
            8.963827,40.745393,430
            8.963784,40.745408,430
            8.963744,40.745427,430.06
            8.963693,40.74546,430.58
            8.963681,40.745483,432.24
            8.963659,40.745516,435
            8.963642,40.74555,437.77
            8.963625,40.745584,439.42
            8.963608,40.745622,439.91
            8.963596,40.745674,439.96
            8.963591,40.745727,440
            8.963564,40.745856,440
            8.963551,40.745918,440
            8.963521,40.745978,440
            8.963422,40.74609,440.29
            8.963301,40.746194,444
            8.963154,40.746295,448.87
            8.962992,40.746423,454.5
            8.962861,40.746569,458.94
            8.962763,40.746726,459.92
            8.962699,40.746882,460.52
            8.962652,40.747041,464.48
            8.9626,40.747216,468.77
            8.962534,40.747389,470.56
            8.962446,40.747555,475.38
            8.962394,40.74762,478.87
            8.962362,40.747647,479.8
            8.962325,40.747669,479.99
            8.962287,40.74769,480
            8.962253,40.747715,480
            8.962225,40.747744,480
            8.962204,40.747776,480
            8.962198,40.747812,480
            8.962213,40.747845,480
            8.962249,40.747868,480
            8.962294,40.747878,480
            8.962341,40.747882,480
            8.962388,40.747879,480
            8.962435,40.747873,480
            8.962482,40.747867,480
            8.962528,40.747859,480
            8.962639,40.747835,0
            8.962709,40.747817,0
            8.962777,40.747793,480
            8.962837,40.74776,480
            8.962886,40.747718,480
            8.96293,40.747672,480
            8.96297,40.747625,479.98
            8.963076,40.747497,479.53
            8.963198,40.747342,476.48
            8.963318,40.747187,471.85
            8.96344,40.747055,470.01
            8.963473,40.747029,470
            8.963509,40.747007,470
            8.963549,40.746987,470
            8.963593,40.746973,470
            8.963638,40.746962,470
            8.963689,40.746962,470
            8.963736,40.746973,470
            8.963774,40.746996,470
            8.963805,40.747024,470
            8.963828,40.747056,470
            8.963841,40.747096,470
            8.963844,40.74713,470
            8.963849,40.747166,470.03
            8.963851,40.747207,470.4
            8.963848,40.747279,473.48
            8.963843,40.747355,477.16
            8.963836,40.74753,485.44
            8.963849,40.747601,488.97
            8.963871,40.747651,489.96
            8.963893,40.747683,490
            8.963919,40.747713,490
            8.963948,40.747741,490
            8.963983,40.747766,490
            8.964025,40.747783,490
            8.964072,40.747789,490
            8.964119,40.74779,490
            8.964166,40.747791,490
            8.964214,40.747791,490
            8.964261,40.747789,490
            8.964441,40.747772,490
            8.964535,40.747763,490
            8.964624,40.747781,490
            8.9647,40.747811,490.05
            8.964764,40.747865,490.48
            8.964833,40.747904,492.83
            8.964902,40.747927,495.41
            8.964988,40.747946,497.98
            8.965161,40.747976,499.97
            8.96531,40.748016,500
            8.965416,40.748052,500
            8.965494,40.748102,500
            8.965533,40.748147,500
            8.965574,40.748192,500
            8.965601,40.748221,500
            8.965633,40.748248,500
            8.965672,40.748269,500
            8.965714,40.748285,500
            8.965759,40.748297,500
            8.965805,40.748305,500
            8.965852,40.748309,500
            8.9659,40.748313,500
            8.965947,40.748316,500
            8.965994,40.748321,500
            8.96604,40.748329,500
            8.966085,40.748341,500
            8.966128,40.748356,500
            8.966165,40.748379,500
            8.966193,40.748408,500
            8.966218,40.748438,500
            8.96624,40.74847,500
            8.966257,40.748504,500
            8.96627,40.748538,500
            8.966296,40.748626,500
            8.966338,40.748776,500.34
            8.966395,40.748925,503.48
            8.966401,40.748987,506.23
            8.96638,40.749049,508.99
            8.966344,40.749152,510.26
            8.966329,40.749186,511.97
            8.966317,40.74922,515.61
            8.966316,40.749256,518.72
            8.966335,40.749287,519.83
            8.966371,40.74931,519.99
            8.966412,40.749328,520
            8.966455,40.749343,519.62
            8.9665,40.749355,518.35
            8.966545,40.749366,516.09
            8.96659,40.749377,513.44
            8.966669,40.7494,510.5
            8.966742,40.749432,510.01
            8.966799,40.74948,510
            8.966849,40.749532,510
            8.966893,40.749587,510
            8.966948,40.749664,510
            8.96697,40.749696,510
            8.966992,40.749728,510.89
            8.967012,40.749761,513.5
            8.967028,40.749794,516.93
            8.967033,40.74983,519.14
            8.967024,40.749865,519.85
            8.967003,40.749897,519.98
            8.966974,40.749925,520
            8.966939,40.74995,520.01
            8.966903,40.749973,520.05
            8.966867,40.749996,520.72
            8.966834,40.750022,522.86
            8.966806,40.750051,526.24
            8.966785,40.750084,528.78
            8.966772,40.750118,529.78
            8.966768,40.750154,529.98
            8.966783,40.750188,530
            8.966812,40.750215,530
            8.966848,40.750239,530
            8.966885,40.750261,530
            8.966923,40.750283,530
            8.966963,40.750302,530
            8.967003,40.750322,530
            8.967043,40.750342,530
            8.967236,40.750444,530
            8.967425,40.750554,530
            8.967609,40.750667,530
            8.967648,40.750688,530
            8.967687,40.750708,530
            8.967729,40.750725,530
            8.967773,40.750739,530
            8.967819,40.750745,530
            8.967866,40.750741,530
            8.967908,40.750725,530
            8.967938,40.750697,530
            8.967954,40.750664,530
            8.967964,40.750628,530
            8.967971,40.750593,530
            8.967974,40.750557,530
            8.967973,40.750513,530
            8.967969,40.750469,530
            8.967967,40.750425,530
            8.967969,40.750353,530
            8.967991,40.750282,530
            8.968034,40.750216,530
            8.96809,40.750157,530
            8.968152,40.750101,530
            8.968258,40.750005,530
            8.968407,40.749865,530
            8.968455,40.749779,530
            8.968474,40.749687,530
            8.968477,40.749592,530
            8.968492,40.749432,530
            8.968525,40.749254,530
            8.968559,40.749076,530
            8.968581,40.748897,530
            8.968587,40.748717,530
            8.968593,40.748681,530
            8.968604,40.748646,530
            8.96862,40.748612,530
            8.968643,40.748581,530
            8.968673,40.748553,530
            8.968707,40.748528,530
            8.968745,40.748507,530
            8.968786,40.74849,530
            8.968842,40.748472,530
            8.968901,40.748461,530
            8.968988,40.748451,530.21
            8.969076,40.748441,533.07
            8.969249,40.74842,537.73
            8.969465,40.748391,539.98
            8.969583,40.748366,539.99
            8.969679,40.748334,540
            8.969771,40.748297,540
            8.969859,40.748252,540
            8.9699,40.748234,540
            8.969942,40.748217,540
            8.969986,40.748205,540
            8.970033,40.748202,540
            8.970074,40.748215,540
            8.970088,40.748247,540
            8.970073,40.74828,540
            8.970047,40.74831,540
            8.970016,40.748338,540
            8.969985,40.748365,540
            8.969954,40.748393,540
            8.969923,40.74842,540
            8.969819,40.748515,540
            8.969671,40.748656,541.42
            8.969534,40.748802,546.1
            8.969418,40.748959,549.51
            8.969346,40.749113,549.98
            8.969298,40.749272,550
            8.96926,40.749449,550
            8.969237,40.749628,550
            8.969226,40.749808,550
            8.969196,40.749948,550.01
            8.969136,40.750082,550.56
            8.969043,40.750245,555.54
            8.968971,40.750405,559.27
            8.968941,40.75054,559.99
            8.968929,40.750677,560
            8.968924,40.750857,560
            8.968913,40.751036,560
            8.968883,40.751214,560
            8.968838,40.751391,560
            8.968802,40.75155,296.66
            8.968802,40.751647,48.26
            8.968835,40.75174,520.01
            8.968886,40.751829,197.8
            8.96896,40.751944,240.35
            8.969069,40.752104,496.13
            8.969156,40.752255,301.2
            8.969221,40.752412,59.84
            8.969279,40.752586,357.2
            8.969298,40.752639,455.84
            8.969311,40.752674,520.03
            8.969325,40.752709,567.59
            8.969344,40.752741,570.86
            8.969371,40.752771,569.21
            8.969407,40.752794,542.39
            8.969447,40.752814,407.4
            8.969489,40.75283,154.95
            8.969534,40.752842,6.35
            8.96958,40.752851,1.92
            8.969626,40.752859,44.95
            8.969672,40.752868,198.4
            8.969718,40.752879,394.91
            8.969762,40.752891,406.01
            8.969803,40.752909,211.68
            8.969836,40.752935,309.52
            8.96985,40.752969,558.1
            8.969847,40.753005,512.06
            8.969836,40.75304,331.37
            8.969815,40.753073,156.2
            8.969791,40.753103,287.98
            8.969764,40.753133,484.75
            8.969736,40.753162,563.57
            8.969706,40.75319,563.42
            8.969617,40.753272,346.85
            8.96947,40.75339,500.84
            8.969377,40.753497,567.53
            8.969352,40.753528,567.53
            8.969323,40.753556,567.53
            8.969287,40.753579,567.53
            8.969245,40.753596,567.53
            8.9692,40.753609,567.53
            8.969155,40.753619,567.53
            8.969111,40.753632,567.53
            8.969069,40.753649,567.53
            8.969036,40.753675,567.53
            8.969019,40.753708,567.53
            8.969026,40.753743,567.53
            8.969049,40.753774,567.53
            8.969083,40.753799,567.53
            8.969125,40.753817,567.53
            8.96917,40.753828,567.53
            8.969215,40.753839,567.53
            8.969261,40.753849,567.53
            8.969307,40.753858,567.53
            8.969353,40.753866,567.53
            8.969564,40.753879,567.53
            8.969745,40.753879,567.53
            8.969924,40.7539,567.53
            8.970097,40.75394,567.53
            8.970312,40.75401,567.53
            8.97054,40.754067,567.53
            8.970737,40.754118,567.53
            8.970905,40.754156,567.53
            8.971034,40.75421,567.53
            8.971087,40.754249,567.53
            8.971146,40.754281,567.53
            8.971347,40.754345,567.53
            8.971558,40.754388,567.53
            8.971784,40.754419,567.53
            8.972029,40.75443,567.53
            8.972273,40.75445,567.53
            8.972499,40.754483,567.53
            8.972662,40.75455,567.53
            8.972792,40.754624,567.53
            8.972886,40.754705,567.53
            8.972964,40.754815,567.53
            8.973029,40.754874,567.53
            8.973179,40.754967,567.53
            8.97324,40.755024,567.53
            8.973277,40.755087,567.53
            8.97329,40.755186,567.53
            8.973295,40.755237,567.53
            8.973296,40.755273,567.53
            8.973299,40.755309,567.53
            8.973304,40.755345,567.53
            8.973324,40.755377,567.53
            8.973349,40.755408,567.53
            8.973385,40.755431,567.53
            8.973422,40.755454,567.53
            8.973461,40.755474,567.53
            8.973504,40.75549,567.53
            8.973546,40.755506,567.47
            8.973676,40.755557,458.04
            8.973884,40.755642,149.07
            8.974088,40.755735,16.17
            8.974285,40.755835,268.35
            8.97448,40.755938,540.35
            8.974647,40.756048,599.57
            8.974773,40.756168,509.62
            8.974844,40.756268,181.15
            8.974885,40.756377,298.2
            8.974936,40.756485,417.56
            8.97503,40.756606,137.21
            8.97512,40.75668,191.57
            8.975188,40.756721,411.05
            8.975265,40.756752,596.69
            8.975349,40.756768,596.98
            8.975436,40.756774,596.06
            8.975523,40.756776,595.04
            8.975718,40.756801,507.45
            8.975906,40.756851,126.81
            8.976094,40.756903,277.29
            8.976319,40.756962,388.58
            8.976547,40.75701,63.17
            8.976777,40.757054,0
            8.977008,40.757098,0
            8.977054,40.757107,1.47
            8.9771,40.757116,41.19
            8.977146,40.757125,231.89
            8.977192,40.757134,458.55
            8.977235,40.757148,587.25
            8.977272,40.75717,582.67
            8.977294,40.757202,526.28
            8.977299,40.757237,290.16
            8.97729,40.757273,16.48
            8.977272,40.757306,14.55
            8.977253,40.757339,85.17
            8.977233,40.757372,246.49
            8.977214,40.757404,404.58
            8.977198,40.757438,535.48
            8.977193,40.757474,585.54
            8.977207,40.757508,584.89
            8.977239,40.757534,583.88
            8.977282,40.757549,582.48
            8.977329,40.757554,581.07
            8.977377,40.757553,580.19
            8.977424,40.757549,576.79
            8.977471,40.757544,551.85
            8.977517,40.757536,468.42
            8.977586,40.757515,266.34
            8.977653,40.757492,204.52
            8.977781,40.757433,334.24
            8.977942,40.757359,147.59
            8.978151,40.757273,565.47
            8.978315,40.757214,569.58
            8.978463,40.757134,568.19
            8.978501,40.757112,567.69
            8.978541,40.757093,567.11
            8.978587,40.757084,566.25
            8.978631,40.757094,564.03
            8.978662,40.757121,541.71
            8.978674,40.757155,441.71
            8.978677,40.757191,257.77
            8.978676,40.757227,115.23
            8.978674,40.757263,134.49
            8.97867,40.757299,285.35
            8.978666,40.757335,426.25
            8.978659,40.75737,526.39
            8.978639,40.757421,561.24
            8.978605,40.757468,561.2
            8.978564,40.757512,561.23
            8.978519,40.757554,423.53
            8.978471,40.757593,176.45
            8.978329,40.757714,487.35
            8.978155,40.757836,561.07
            8.977983,40.757941,560.89
            8.977946,40.757964,560.9
            8.977911,40.757988,561.01
            8.977885,40.758018,560.85
            8.977883,40.758053,559.83
            8.977918,40.758075,549.99
            8.977964,40.758079,427.62
            8.978012,40.758077,233.62
            8.978059,40.758072,136.49
            8.978106,40.758068,295.31
            8.978153,40.758062,485.87
            8.978199,40.758054,543.93
            8.978411,40.758007,297.74
            8.978618,40.757936,281.34
            8.978828,40.757852,154.07
            8.979021,40.757789,376.84
            8.979224,40.757745,54.13
            8.979429,40.757708,78
            8.97966,40.757665,385.72
            8.979885,40.75761,150.69
            8.979931,40.757598,91.3
            8.979976,40.757588,167.12
            8.980023,40.757581,323.89
            8.98007,40.757579,324.2
            8.980115,40.757588,266.04
            8.980148,40.757612,372.26
            8.980162,40.757645,365.45
            8.980155,40.75768,243.13
            8.980133,40.757712,326.93
            8.980104,40.75774,469.87
            8.980071,40.757767,521.83
            8.980036,40.75779,527.79
            8.979999,40.757813,527.95
            8.97996,40.757834,528.05
            8.979826,40.757901,528.59
            8.979622,40.757993,529.74
            8.979425,40.758094,530.67
            8.979226,40.758191,531.77
            8.979021,40.758282,533.13
            8.978817,40.758374,512.82
            8.978616,40.75847,150.34
            8.978444,40.758547,370.56
            8.978257,40.758601,196.76
            8.978066,40.758646,497.74
            8.978021,40.758659,531.58
            8.977979,40.758675,538.02
            8.97794,40.758696,539.65
            8.977907,40.758722,539.79
            8.977882,40.758752,539.86
            8.97786,40.758784,539.82
            8.977838,40.758816,539.71
            8.977808,40.758843,539.57
            8.977769,40.758864,539.49
            8.977727,40.75888,539.46
            8.977683,40.758894,534.79
            8.977638,40.758904,497.33
            8.977591,40.758913,421.06
            8.977545,40.758919,331.07
            8.977379,40.758942,35.29
            8.977143,40.758963,9.47
            8.97701,40.758978,249.82
            8.976885,40.759015,176.96
            8.976769,40.759066,3.18
            8.976654,40.75912,85.68
            8.976518,40.75917,354.51
            8.97637,40.759195,323.02
            8.976218,40.759205,39.17
            8.976053,40.759218,134.32
            8.975939,40.759231,298.23
            8.975841,40.759236,462.14
            8.975766,40.759233,516.03
            8.975698,40.759224,542.37
            8.975625,40.759213,524.49
            8.975564,40.759188,358.16
            8.975516,40.759151,162.15
            8.975464,40.759111,289.77
            8.97541,40.759068,413.21
            8.975264,40.758976,12.58
            8.975094,40.758889,19.55
            8.974957,40.758804,504.03
            8.974835,40.758683,536.52
            8.974724,40.758549,536.16
            8.974574,40.758409,535.55
            8.974422,40.758271,535.42
            8.974284,40.758125,538.13
            8.974217,40.758058,413.94
            8.974137,40.758002,349.62
            8.974042,40.75796,455.64
            8.97394,40.757928,542.77
            8.973785,40.75787,543.28
            8.97365,40.757788,177.43
            8.973542,40.757686,429.32
            8.973431,40.757566,231.37
            8.973292,40.75742,22.39
            8.973178,40.757292,312.03
            8.973092,40.757153,300.33
            8.973018,40.757009,291.69
            8.972963,40.756918,426.24
            8.972942,40.756886,490.54
            8.972919,40.756854,540.24
            8.97289,40.756826,554.5
            8.972855,40.756802,554.78
            8.972813,40.756785,554.93
            8.972768,40.756774,554.99
            8.972722,40.756768,555.02
            8.972674,40.756764,555.05
            8.972627,40.756761,555.09
            8.972525,40.756756,555.07
            8.972424,40.756748,554.6
            8.972188,40.756728,553.2
            8.971976,40.756697,552.29
            8.971831,40.756647,552.12
            8.971703,40.756575,552.21
            8.971565,40.756474,552.38
            8.971411,40.756345,552.18
            8.971243,40.756237,553.8
            8.971065,40.75614,556.4
            8.971027,40.756119,557.04
            8.97099,40.756096,557.54
            8.970959,40.756069,557.65
            8.970939,40.756037,558.26
            8.970932,40.756001,559.61
            8.970931,40.755965,560.54
            8.970938,40.75593,548.5
            8.970953,40.755895,440.15
            8.970974,40.755863,225.18
            8.970996,40.755832,178.74
            8.971019,40.7558,394.92
            8.971041,40.755768,540.03
            8.97111,40.755659,525.27
            8.971185,40.755533,566.47
            8.971202,40.755499,567.08
            8.971204,40.755464,567.6
            8.971188,40.755431,568.09
            8.971157,40.755404,568.55
            8.971121,40.75538,569.03
            8.971084,40.755358,569.68
            8.971045,40.755337,570.51
            8.970993,40.755308,571.71
            8.970946,40.755275,572.78
            8.970853,40.755186,574.96
            8.970804,40.755129,576.28
            8.970764,40.755068,574.54
            8.970744,40.755001,470.04
            8.970744,40.754933,205.31
            8.970758,40.754866,448.41
            8.970794,40.754784,578.93
            8.970861,40.754679,579.24
            8.97096,40.754574,579.58
            8.970992,40.754547,579.67
            8.971022,40.754519,579.77
            8.971048,40.754489,579.87
            8.971064,40.754456,579.72
            8.971065,40.75442,564.42
            8.971043,40.754389,371.53
            8.971,40.754371,312.23
            8.970951,40.754374,444.45
            8.970904,40.754381,382.36
            8.970862,40.754392,243.41
            8.970814,40.754402,117.12
            8.970757,40.754411,70.44
            8.970645,40.754432,145.46
            8.970503,40.754456,582.63
            8.970305,40.754479,585.62
            8.970053,40.754508,540.68
            8.969809,40.75455,276.29
            8.969564,40.754597,148.7
            8.969324,40.754654,540.12
            8.969122,40.754731,598.28
            8.968925,40.75481,599.57
            8.968718,40.754889,600.09
            8.968513,40.754971,600.57
            8.968357,40.755037,436.26
            8.96832,40.755054,274.39
            8.968269,40.755066,270.21
            8.968216,40.755068,481.76
            8.968169,40.755064,591.99
            8.968122,40.755059,601.48
            8.968074,40.755055,601.29
            8.968027,40.755053,596.89
            8.96779,40.755051,284.67
            8.967552,40.755053,354.98
            8.967315,40.755044,175.5
            8.967106,40.755027,435.25
            8.966914,40.754985,609.07
            8.966872,40.754969,609.25
            8.966836,40.754945,609.39
            8.966808,40.754916,609.02
            8.966793,40.754882,596.88
            8.966792,40.754847,514.24
            8.966799,40.754811,324.16
            8.966808,40.754776,122.67
            8.966819,40.75474,20.45
            8.966831,40.754706,0
            8.966857,40.754636,0
            8.966871,40.754601,5.75
            8.966883,40.754567,67.86
            8.966893,40.754532,237.89
            8.966895,40.754496,354.56
            8.966886,40.754461,301.58
            8.966866,40.754428,358.54
            8.966841,40.754397,536.23
            8.96681,40.75437,608.57
            8.966773,40.754348,608.32
            8.966731,40.754332,608.22
            8.966685,40.754324,605.22
            8.966637,40.754321,578.04
            8.96659,40.754318,486.53
            8.966543,40.754316,339.84
            8.966495,40.754314,218.98
            8.96626,40.754304,468.8
            8.966026,40.754271,609.63
            8.965981,40.754262,609.63
            8.965934,40.754256,609.63
            8.965889,40.754265,607.92
            8.965848,40.754284,601.33
            8.965814,40.754308,600
            8.965784,40.754336,600
            8.965755,40.754365,600
            8.965727,40.754394,600
            8.965692,40.754431,600
            8.965657,40.754467,600
            8.965555,40.754575,602.01
            8.965529,40.754605,605.26
            8.965505,40.754636,608.29
            8.965488,40.754669,609.71
            8.965487,40.754704,609.98
            8.965504,40.754737,610
            8.965531,40.754767,610
            8.965558,40.754796,610
            8.965581,40.754828,610
            8.965597,40.754861,610
            8.965604,40.754897,610
            8.965605,40.754933,610
            8.965601,40.754968,610
            8.96559,40.755003,610
            8.965572,40.755037,610
            8.965543,40.755082,610
            8.965513,40.755128,610
            8.965469,40.755196,610
            8.965372,40.75536,610
            8.965297,40.75553,610
            8.965248,40.755706,610
            8.965229,40.755885,610
            8.965241,40.756065,610
            8.965276,40.756242,614.57
            8.96533,40.756417,620
            8.965387,40.756592,620
            8.965435,40.756768,620
            8.965484,40.756943,620
            8.965526,40.757121,620
            8.965565,40.757297,620
            8.965593,40.757477,620
            8.965619,40.757656,620
            8.965647,40.757835,620
            8.96568,40.758013,620.71
            8.965721,40.75819,624.64
            8.965772,40.758366,629.07
            8.965829,40.75854,630
            8.965887,40.758715,630
            8.965943,40.75889,630
            8.965996,40.759065,630
            8.966046,40.759241,630
            8.966096,40.759417,630
            8.966145,40.759593,630
            8.966194,40.759769,630
            8.966246,40.759944,630
            8.966301,40.760119,630
            8.96636,40.760293,630
            8.966419,40.760467,630
            8.966471,40.760643,630
            8.966512,40.76082,630
            8.96654,40.760998,630
            8.966553,40.761178,630
            8.96654,40.761357,630
            8.966506,40.761535,630.09
            8.966462,40.761712,631.75
            8.966414,40.761888,636.05
            8.966363,40.762064,639.43
            8.966315,40.76224,640
            8.966268,40.762416,640
            8.966221,40.762593,640
            8.966175,40.762769,640
            8.96613,40.762946,640
            8.966094,40.763123,640
            8.966067,40.763302,640
            8.96604,40.763481,640
            8.96601,40.763659,640
            8.965979,40.763837,640
            8.96595,40.764016,640
            8.965935,40.764195,640
            8.96595,40.764358,640
            8.965995,40.764502,640
            8.966065,40.764616,640
            8.966163,40.764717,640
            8.966273,40.764811,640
            8.966428,40.764947,640
            8.966585,40.765083,640
            8.966745,40.765215,640
            8.966908,40.765346,640
            8.967072,40.765476,640
            8.967236,40.765606,640
            8.9674,40.765737,640
            8.967565,40.765866,640
            8.967734,40.765992,640
            8.967905,40.766117,640
            8.968071,40.766246,640
            8.968225,40.766382,640
            8.96838,40.766519,640
            8.968551,40.766643,640
            8.96872,40.766734,640
            8.968905,40.766805,640
            8.969078,40.766845,640
            8.969259,40.766855,640
            8.969306,40.766856,640
            8.969353,40.76686,640
            8.9694,40.766867,640
            8.969443,40.766882,640
            8.969473,40.766909,640
            8.969474,40.766945,0
            8.969451,40.766976,0
            8.96942,40.767003,0
            8.969386,40.767028,0
            8.969352,40.767054,0
            8.969321,40.767081,0
            8.969294,40.767111,640
            8.969261,40.767142,640
            8.969237,40.767174,640
            8.969211,40.767208,640
            8.969199,40.767239,640
            8.969188,40.767274,640
            8.969188,40.76731,640
            8.969196,40.767349,640
            8.969217,40.767389,640
            8.969262,40.767423,640
            8.969297,40.767452,640
            8.96933,40.767481,640
            8.969371,40.767515,0
            8.969475,40.767609,0
            8.969634,40.767726,0
            8.969793,40.767846,0
            8.969956,40.767977,0
            8.970117,40.768109,640
            8.970279,40.768241,640
            8.970442,40.768372,640
            8.970606,40.768502,640
            8.970778,40.768629,640
            8.970938,40.768763,640
            8.971099,40.768896,640
            8.971264,40.769027,640
            8.971424,40.769161,0
            8.971592,40.769291,640
            8.971747,40.769423,640
            8.971893,40.76956,640
            8.972028,40.769682,640
            8.972076,40.769742,640
            8.972107,40.769809,640
            8.972115,40.769884,640
            8.972109,40.769966,640
            8.972084,40.770035,640
            8.972029,40.770108,640
            8.971934,40.770175,640
            8.971841,40.770228,640
            8.971697,40.770306,640
            8.971504,40.770411,640
            8.971314,40.770519,640
            8.971123,40.770626,0
            8.970929,40.77073,0
            8.970734,40.770832,0
            8.970538,40.770934,640
            8.970354,40.771017,640
            8.970191,40.77106,640
            8.97,40.771078,640
            8.969818,40.77109,640
            8.969688,40.771142,640
            8.969575,40.771221,640
            8.969461,40.771295,640
            8.969285,40.771411,640
            8.969104,40.771527,640
            8.968938,40.771631,640
            8.968797,40.771681,640
            8.968616,40.771702,640
            8.968473,40.771712,640
            8.968328,40.771715,640
            8.968093,40.771736,640
            8.967902,40.771782,640
            8.967731,40.77186,640
            8.967693,40.771881,640
            8.967655,40.771902,640
            8.967619,40.771926,640
            8.967587,40.771952,640
            8.967561,40.771982,640
            8.967546,40.772016,640
            8.967538,40.772051,640
            8.967533,40.772087,640
            8.967533,40.772123,640
            8.967538,40.772159,640
            8.967556,40.772243,640
            8.967581,40.772354,638.15
            8.96758,40.772421,635.88
            8.967556,40.772483,633.62
            8.967517,40.772609,630
            8.967518,40.772671,630
            8.967537,40.77273,630
            8.967581,40.772779,630
            8.967624,40.772829,630
            8.967672,40.772876,630
            8.967735,40.772934,630
            8.967845,40.773045,630
            8.967936,40.773164,640
            8.967989,40.773302,640
            8.968006,40.773453,640
            8.968005,40.773536,640
            8.967983,40.773621,640
            8.967993,40.773726,640
            8.968047,40.773868,640
            8.968068,40.77392,640
            8.968086,40.773953,640
            8.968109,40.773985,640
            8.968136,40.774014,640
            8.968168,40.774041,640
            8.968205,40.774064,640
            8.968247,40.77408,640
            8.968292,40.77409,640
            8.968339,40.774097,640
            8.968386,40.774101,640
            8.968433,40.774102,640
            8.968542,40.774098,640
            8.96865,40.774094,640
            8.968828,40.774095,640
            8.969002,40.774126,640
            8.969173,40.774162,640
            8.969357,40.774173,640
            8.96954,40.774163,640
            8.969769,40.774143,640
            8.969853,40.774135,640
            8.969912,40.77413,640
            8.969971,40.774132,640
            8.970018,40.774138,640
            8.970063,40.774148,640
            8.970107,40.774163,640
            8.970146,40.774182,640
            8.97018,40.774207,640
            8.970207,40.774237,640
            8.97023,40.774268,640
            8.97025,40.774301,640
            8.970268,40.774334,640
            8.970284,40.774368,640
            8.970301,40.774409,640
            8.970317,40.774451,640
            8.970325,40.774487,640
            8.970328,40.774523,640
            8.970327,40.774559,640
            8.970317,40.774594,640
            8.970299,40.774627,640
            8.970271,40.774656,640
            8.970239,40.774683,640
            8.970207,40.774709,640
            8.970172,40.774734,640
            8.970136,40.774756,640
            8.969986,40.774829,640
            8.969823,40.774885,640
            8.969628,40.774938,640
            8.969536,40.774957,640
            8.969448,40.774996,640
            8.969258,40.775101,640
            8.969065,40.775202,640
            8.968891,40.775271,640
            8.96871,40.775328,640
            8.968516,40.77539,640
            8.968476,40.775409,640
            8.96844,40.775432,640
            8.968415,40.775462,640
            8.968405,40.775497,640
            8.968411,40.775532,640
            8.96843,40.775565,640
            8.968455,40.775595,640
            8.968482,40.775625,640
            8.96851,40.775654,640
            8.968547,40.775688,640
            8.968585,40.775722,640
            8.96875,40.775844,640
            8.968906,40.775963,640
            8.969042,40.776095,640
            8.96917,40.776232,640
            8.969311,40.776377,640
            8.96946,40.776517,640
            8.969626,40.776646,640
            8.969786,40.776737,640
            8.969945,40.7768,640
            8.97007,40.776835,640
            8.970117,40.776843,640
            8.970164,40.776847,640
            8.970211,40.776845,640
            8.970243,40.776823,640
            8.97023,40.776791,640
            8.970198,40.776765,640
            8.970168,40.776738,640
            8.970147,40.776706,640
            8.970133,40.776671,640
            8.970126,40.776636,640
            8.970125,40.7766,640
            8.97013,40.776564,640
            8.970141,40.776529,640
            8.970156,40.776492,640
            8.970176,40.776456,640
            8.970212,40.776418,640
            8.970252,40.776383,640
            8.970295,40.776349,640
            8.970341,40.776318,640
            8.970502,40.776216,640
            8.970664,40.776142,640
            8.970901,40.776076,640
            8.971124,40.776013,640
            8.971342,40.775942,640
            8.971553,40.77586,640
            8.971687,40.775791,640
            8.971797,40.775701,640
            8.971891,40.775602,640
            8.972011,40.775465,640
            8.972099,40.77536,640
            8.972188,40.775289,640
            8.972391,40.775222,640
            8.972556,40.775165,640
            8.972769,40.775086,640
            8.972978,40.774999,640
            8.973185,40.774912,640
            8.97339,40.77482,640
            8.97359,40.774724,640
            8.973791,40.774629,640
            8.974001,40.774545,640
            8.97421,40.774469,640
            8.974356,40.774417,640
            8.974508,40.774316,640
            8.974636,40.774187,640
            8.974743,40.774063,640
            8.974862,40.773907,640
            8.974993,40.773758,0
            8.975083,40.773667,640
            8.975157,40.773623,640
            8.975197,40.773603,640
            8.975239,40.773587,640
            8.975285,40.773579,640
            8.975333,40.77358,640
            8.975379,40.773588,640
            8.975421,40.773604,640
            8.975457,40.773627,640
            8.975487,40.773655,640
            8.975512,40.773685,640
            8.975532,40.773718,640
            8.97555,40.773751,640
            8.975571,40.773792,640
            8.975592,40.773834,640
            8.975678,40.774,640
            8.975768,40.774167,640
            8.975855,40.774334,640
            8.975939,40.774502,640
            8.976022,40.774671,640
            8.976105,40.774839,640
            8.976188,40.775008,640
            8.97627,40.775177,640
            8.976351,40.775346,640
            8.976427,40.775516,640
            8.976495,40.775688,0
            8.976558,40.775862,640
            8.976614,40.776037,640
            8.976662,40.776213,640
            8.976699,40.77639,640
            8.976719,40.776569,640
            8.976729,40.776749,640
            8.976731,40.776929,640
            8.976728,40.777109,640
            8.976728,40.777289,640
            8.97673,40.777469,640
            8.976736,40.777648,640
            8.976746,40.777828,640
            8.976759,40.778008,0
            8.976769,40.778187,0
            8.976772,40.778367,640
            8.976769,40.778547,640
            8.976764,40.778727,640
            8.976759,40.778907,640
            8.976754,40.778994,640
            8.976752,40.779035,640
            8.976744,40.779075,640
            8.976729,40.779115,640
            8.976711,40.779148,640
            8.976687,40.779179,640
            8.976658,40.779207,640
            8.976624,40.779232,640
            8.976582,40.779249,640
            8.976536,40.779251,640
            8.976493,40.779237,640
            8.976457,40.779214,640
            8.976427,40.779186,640
            8.9764,40.779157,640
            8.976375,40.779126,640
            8.97635,40.779095,640
            8.976296,40.779033,640
            8.976156,40.778888,640
            8.976006,40.778748,0
            8.975856,40.778609,0
            8.97571,40.778467,0
            8.975569,40.778322,0
            8.975438,40.778172,0
            8.975311,40.77802,0
            8.975192,40.777864,640
            8.97508,40.777706,640
            8.974959,40.777551,640
            8.974818,40.777406,640
            8.974665,40.777269,640
            8.974507,40.777134,640
            8.974354,40.776997,640
            8.974214,40.776852,640
            8.974109,40.776719,0
            8.974031,40.776575,0
            8.973969,40.776428,0
            8.973915,40.776253,640
            8.973877,40.776075,640
            8.973858,40.775896,640
            8.973856,40.77586,640
            8.973845,40.775826,640
            8.973807,40.77581,640
            8.973761,40.775802,640
            8.973714,40.775798,640
            8.973671,40.775811,640
            8.973631,40.77583,640
            8.973591,40.77585,640
            8.973552,40.77587,640
            8.973513,40.775891,640
            8.973419,40.77594,640
            8.973221,40.77604,640
            8.973026,40.776142,640
            8.972831,40.776245,640
            8.972634,40.776345,640
            8.972433,40.776441,640
            8.972231,40.776536,640
            8.972029,40.77663,640
            8.971826,40.776724,640
            8.97163,40.776825,640
            8.971444,40.776937,640
            8.971342,40.777011,640
            8.971314,40.77704,640
            8.971288,40.77707,640
            8.971265,40.777102,640
            8.971249,40.777135,640
            8.971243,40.777171,640
            8.971241,40.777207,640
            8.971244,40.777243,640
            8.971251,40.777278,640
            8.971262,40.777313,640
            8.971297,40.777412,640
            8.971312,40.777446,640
            8.971328,40.77748,640
            8.971344,40.777514,640
            8.971363,40.777547,640
            8.971385,40.777579,640
            8.971418,40.777605,640
            8.971452,40.77763,640
            8.971489,40.777652,640
            8.971527,40.777674,640
            8.971566,40.777694,640
            8.971718,40.777762,640
            8.971926,40.777849,640
            8.972137,40.777931,640
            8.972352,40.778007,640
            8.972572,40.778076,640
            8.97279,40.778146,640
            8.973002,40.778227,640
            8.97308,40.778268,640
            8.973147,40.77832,640
            8.973198,40.77838,640
            8.973235,40.778447,640
            8.973258,40.778517,640
            8.973287,40.778632,640
            8.973343,40.778737,640
            8.973432,40.778829,640
            8.97355,40.778907,640
            8.973683,40.778959,640
            8.973851,40.779008,640
            8.974074,40.779058,640
            8.974296,40.779121,640
            8.974521,40.77918,640
            8.974759,40.779231,640
            8.974904,40.779282,640
            8.975045,40.779353,640
            8.975181,40.779431,640
            8.975371,40.779538,640
            8.97541,40.779559,640
            8.975449,40.77958,640
            8.975478,40.779607,640
            8.975476,40.77964,640
            8.975445,40.779667,640
            8.975409,40.77969,640
            8.97538,40.779719,640
            8.975339,40.779757,640
            8.975307,40.779794,640
            8.975282,40.779854,640
            8.975267,40.779961,640
            8.975271,40.780076,640
            8.975298,40.780227,0
            8.97535,40.780378,550
            8.975417,40.780507,550
            8.975481,40.780594,550
            8.975526,40.78068,550
            8.975567,40.780855,550
            8.975609,40.781032,550
            8.975638,40.781211,550
            8.975654,40.78139,550
            8.975673,40.781569,550
            8.975696,40.781746,550
            8.975751,40.781877,550
            8.975857,40.782042,550
            8.975972,40.782183,550
            8.976109,40.782328,550
            8.976244,40.782477,550
            8.976379,40.782625,550
            8.97651,40.782774,550
            8.976641,40.782924,550
            8.976778,40.783072,550
            8.976924,40.783213,550
            8.977087,40.783345,0
            8.97724,40.783478,550
            8.977369,40.783634,550
            8.977509,40.783779,550
            8.977658,40.783923,550
            8.977821,40.784051,550
            8.977979,40.784185,550
            8.978135,40.784321,0
            8.978291,40.784456,0
            8.978446,40.784592,550
            8.978599,40.78473,550
            8.978749,40.784869,550
            8.978893,40.785012,550
            8.978922,40.785041,550
            8.978951,40.78507,550
            8.978983,40.785096,550
            8.979021,40.785117,550
            8.979065,40.785128,550
            8.979108,40.78512,550
            8.979131,40.78509,550
            8.979134,40.785055,550
            8.979129,40.785019,550
            8.979121,40.784984,550
            8.979113,40.784948,550
            8.979105,40.784913,550
            8.979096,40.784877,550
            8.979054,40.7847,550
            8.979015,40.784523,550
            8.97898,40.784345,550
            8.978947,40.784167,550
            8.97891,40.783989,550
            8.978852,40.783815,550
            8.978779,40.783644,0
            8.978692,40.783477,0
            8.978574,40.783322,0
            8.978454,40.783167,0
            8.978337,40.78301,550
            8.978225,40.782851,550
            8.978108,40.782695,550
            8.977986,40.78254,550
            8.977861,40.782387,550
            8.977753,40.782227,550
            8.97766,40.782062,550
            8.977584,40.781891,550
            8.977525,40.781717,550
            8.977466,40.781543,550
            8.977393,40.781372,0
            8.977304,40.781205,0
            8.977214,40.781039,0
            8.977123,40.780873,0
            8.977037,40.780705,0
            8.976969,40.780552,640
            8.976925,40.780394,640
            8.976894,40.780234,640
            8.976864,40.780055,640
            8.976858,40.78002,640
            8.976851,40.779984,640
            8.976841,40.779949,640
            8.976821,40.779917,640
            8.976786,40.779893,640
            8.976741,40.779881,640
            8.976696,40.77987,640
            8.976661,40.779848,640
            8.976649,40.779814,640
            8.976658,40.779779,640
            8.976677,40.779746,640
            8.976702,40.779715,640
            8.976728,40.779685,640
            8.976756,40.779656,640
            8.976789,40.77963,640
            8.976828,40.779611,640
            8.976874,40.779602,640
            8.976921,40.779602,640
            8.976968,40.779605,640
            8.977015,40.779611,640
            8.977062,40.779618,640
            8.977164,40.779631,640
            8.977275,40.779648,640
            8.977472,40.779669,640
            8.977616,40.779678,640
            8.977761,40.779679,640
            8.97794,40.779666,640
            8.978211,40.779627,640
            8.978441,40.779583,640
            8.978667,40.779527,0
            8.978769,40.779496,0
            8.978849,40.779468,160
            8.978929,40.77944,320
            8.979012,40.779421,480
            8.979098,40.779406,640
            8.979157,40.779395,640
            8.979205,40.779385,640
            8.979252,40.779367,640
            8.979291,40.779346,640
            8.979326,40.77932,640
            8.979348,40.779289,640
            8.979352,40.779256,640
            8.97934,40.779217,640
            8.979317,40.779179,640
            8.979284,40.779147,640
            8.979259,40.779116,640
            8.979232,40.779087,640
            8.979204,40.779058,0
            8.979095,40.778944,0
            8.978961,40.778795,0
            8.978828,40.778646,0
            8.978687,40.778501,0
            8.978546,40.778357,0
            8.978417,40.778222,640
            8.978367,40.778129,640
            8.978358,40.778008,640
            8.978358,40.777836,640
            8.978357,40.777636,640
            8.97833,40.7775,640
            8.978283,40.777413,640
            8.978198,40.777345,640
            8.978104,40.777275,640
            8.978007,40.777207,640
            8.977835,40.777083,640
            8.977733,40.776988,640
            8.977673,40.776897,640
            8.977652,40.776851,640
            8.977637,40.776803,640
            8.977633,40.776754,640
            8.977639,40.776705,640
            8.977657,40.776658,640
            8.977681,40.776613,640
            8.977709,40.776568,640
            8.977759,40.776476,640
            8.977783,40.77643,640
            8.977796,40.776382,640
            8.977802,40.776333,640
            8.977796,40.776284,640
            8.977778,40.776236,640
            8.97775,40.776192,640
            8.977714,40.77615,640
            8.977686,40.776121,640
            8.977657,40.776093,640
            8.977626,40.776066,640
            8.977596,40.776038,640
            8.977568,40.776009,640
            8.977549,40.775976,640
            8.977539,40.775941,640
            8.977536,40.775906,640
            8.977546,40.775871,640
            8.977571,40.775841,640
            8.977604,40.775815,640
            8.977638,40.77579,640
            8.977676,40.775768,640
            8.977716,40.775749,640
            8.977757,40.77573,0
            8.977886,40.775662,0
            8.978064,40.775546,0
            8.978174,40.775451,0
            8.97826,40.775345,0
            8.978309,40.775225,640
            8.978321,40.775125,640
            8.978311,40.775027,640
            8.978253,40.774927,640
            8.978178,40.774851,640
            8.978084,40.774762,640
            8.977947,40.774621,640
            8.977829,40.774466,640
            8.977726,40.774303,640
            8.977627,40.77414,640
            8.97753,40.773976,0
            8.977434,40.773811,640
            8.977341,40.773653,640
            8.977322,40.77362,640
            8.977307,40.773586,640
            8.977315,40.773551,640
            8.97734,40.77352,640
            8.977376,40.773497,640
            8.977421,40.773486,640
            8.977468,40.77348,640
            8.977515,40.773475,640
            8.977562,40.77347,640
            8.977609,40.773464,640
            8.977826,40.773435,640
            8.978059,40.773399,640
            8.978291,40.773363,640
            8.978525,40.773332,640
            8.978761,40.773311,640
            8.978997,40.773293,640
            8.979233,40.77327,640
            8.979418,40.773249,640
            8.979528,40.773262,640
            8.979603,40.773271,640
            8.979674,40.773277,640
            8.979722,40.773276,639.9
            8.979768,40.773271,639.26
            8.979813,40.773258,637.36
            8.979853,40.773239,634.66
            8.979892,40.773218,632.07
            8.979926,40.773193,630.35
            8.979953,40.773164,630.01
            8.979976,40.773132,630
            8.979996,40.7731,630
            8.980014,40.773066,630
            8.980026,40.773032,630
            8.980043,40.77293,630
            8.980047,40.772894,630
            8.980049,40.772858,630
            8.980052,40.772822,630
            8.980055,40.772786,630
            8.980062,40.772751,630
            8.980084,40.772719,630
            8.980126,40.772703,630
            8.980171,40.772711,630
            8.980206,40.772735,630
            8.98024,40.77276,630
            8.980273,40.772786,630
            8.980305,40.772813,630
            8.980366,40.772867,0
            8.980426,40.772922,0
            8.980577,40.773061,620
            8.98072,40.773205,620
            8.980813,40.773321,620
            8.980877,40.773448,620
            8.980919,40.773581,620
            8.980932,40.773652,620
            8.980936,40.773723,620
            8.980933,40.773759,620
            8.980924,40.773794,620
            8.980908,40.773828,620
            8.980883,40.773859,620
            8.980854,40.773887,620
            8.980822,40.773913,620
            8.980789,40.773939,620
            8.980756,40.773965,620
            8.980668,40.774033,620
            8.980561,40.774094,620
            8.980516,40.77412,620
            8.980469,40.774148,620
            8.98045,40.774169,620
            8.980449,40.774193,620
            8.980469,40.774216,620
            8.980497,40.774229,619.99
            8.980539,40.774229,619.99
            8.980571,40.77422,619.99
            8.980612,40.774206,619.8
            8.980656,40.774193,618.79
            8.980701,40.774183,616.44
            8.980747,40.774174,613.71
            8.98096,40.774151,610.1
            8.981172,40.774131,609.96
            8.981259,40.774121,608.74
            8.981334,40.7741,607.52
            8.981482,40.774041,600.76
            8.98162,40.77397,597.75
            8.981794,40.773868,592.53
            8.981971,40.773747,590
            8.982007,40.773723,590
            8.982053,40.773691,590
            8.982095,40.773675,590
            8.982137,40.773666,590
            8.982182,40.773664,590
            8.982231,40.773687,590
            8.982259,40.773721,590
            8.982266,40.77376,590
            8.982256,40.773805,590
            8.982224,40.773844,590
            8.982183,40.773873,590
            8.982144,40.7739,590
            8.982112,40.77392,590
            8.982065,40.773943,590
            8.982024,40.773971,590
            8.981983,40.774001,590
            8.981949,40.774026,590
            8.981912,40.77405,590
            8.981876,40.77408,589.97
            8.98186,40.774108,589.47
            8.981858,40.774133,588.34
            8.981873,40.774153,587.2
            8.981905,40.774165,584.09
            8.981943,40.774163,581.98
            8.982038,40.774138,580.8
            8.982087,40.774121,580.2
            8.982131,40.774111,580.02
            8.982179,40.774108,580
            8.982239,40.774107,580
            8.982337,40.774108,578.04
            8.982461,40.774093,576.08
            8.982615,40.774077,570
            8.982718,40.774053,570
            8.982812,40.774013,570
            8.982892,40.773957,569.94
            8.982954,40.77389,568.6
            8.983001,40.773813,565.85
            8.983023,40.77373,562.34
            8.983018,40.773646,560.34
            8.983006,40.773559,560
            8.98299,40.773476,560
            8.982953,40.773346,560
            8.982897,40.773273,560
            8.982826,40.773213,560
            8.98274,40.773165,560
            8.982647,40.773126,560
            8.982544,40.773096,560
            8.982392,40.773058,560.04
            8.982225,40.772999,562.57
            8.982182,40.772984,563.25
            8.982141,40.772966,568.77
            8.982102,40.772945,569.96
            8.982068,40.77292,570
            8.982041,40.77289,570
            8.98202,40.772858,570
            8.982002,40.772825,570
            8.981991,40.77279,570
            8.981988,40.772754,570
            8.981994,40.772718,569.65
            8.982006,40.772684,568.1
            8.982023,40.77265,565.26
            8.982041,40.772617,562.3
            8.982056,40.772583,560.58
            8.982077,40.772489,560.03
            8.98208,40.772454,560.01
            8.98208,40.772418,560
            8.982079,40.772382,560
            8.982083,40.772346,560
            8.982095,40.772311,560
            8.982116,40.772279,560
            8.982145,40.772251,560
            8.982178,40.772225,560
            8.982213,40.7722,560
            8.982249,40.772178,559.94
            8.982297,40.772149,559.04
            8.982342,40.772116,554.69
            8.982374,40.772087,551.64
            8.982402,40.772054,550.28
            8.982422,40.772022,550.03
            8.982437,40.771988,550
            8.982445,40.771952,550
            8.982446,40.771916,550
            8.982441,40.771881,550
            8.982429,40.771846,550
            8.982409,40.771814,550
            8.982381,40.771785,550
            8.982345,40.771761,550
            8.982304,40.771743,550
            8.98226,40.77173,551.89
            8.982215,40.771719,556.84
            8.98217,40.771707,560
            8.982128,40.77169,560
            8.982089,40.77167,560
            8.982053,40.771646,560
            8.982023,40.771619,560
            8.982001,40.771588,560
            8.981989,40.771553,560
            8.981982,40.771517,560
            8.981975,40.771482,560
            8.981961,40.771448,560
            8.981936,40.771417,560
            8.981902,40.771392,560
            8.981863,40.771373,560
            8.98182,40.771357,560
            8.981776,40.771344,560
            8.981731,40.771333,560
            8.981686,40.771321,560.36
            8.981641,40.771308,561.72
            8.981598,40.771294,564.03
            8.981555,40.771279,566.6
            8.981515,40.77126,568.72
            8.981483,40.771233,569.76
            8.981458,40.771203,569.98
            8.981439,40.77117,569.84
            8.981432,40.771135,569.24
            8.981439,40.771099,568.19
            8.981452,40.771065,566.95
            8.981469,40.771031,565.63
            8.981491,40.770999,564.25
            8.981516,40.770969,562.84
            8.981571,40.770898,560.09
            8.981623,40.770826,557.16
            8.98173,40.770665,550
            8.981842,40.770507,550
            8.981953,40.770348,550
            8.981974,40.770315,550
            8.981988,40.770281,550
            8.98199,40.770245,550
            8.981982,40.77021,550
            8.981961,40.770178,550
            8.98193,40.770151,550
            8.981891,40.77013,550
            8.981848,40.770114,550.02
            8.981805,40.7701,550.28
            8.981761,40.770085,551.36
            8.981718,40.770071,553.55
            8.981675,40.770056,556.23
            8.981632,40.77004,558.68
            8.981594,40.770019,559.79
            8.981567,40.76999,559.99
            8.981558,40.769955,560
            8.981573,40.769922,559.96
            8.981605,40.769896,559.6
            8.981643,40.769873,558.38
            8.98168,40.769851,556.13
            8.981717,40.769829,553.7
            8.981752,40.769804,552.07
            8.981786,40.769779,550.76
            8.981874,40.769706,550
            8.981923,40.769672,550
            8.981975,40.769642,550
            8.982031,40.769616,550
            8.982095,40.769605,550
            8.982161,40.769597,546.66
            8.982226,40.76959,542.1
            8.982291,40.769582,540.56
            8.982526,40.769556,540
            8.982762,40.769532,540
            8.982981,40.769508,530.73
            8.983164,40.769469,524
            8.983253,40.769431,520.79
            8.983331,40.769381,520.13
            8.98339,40.769319,520.02
            8.983433,40.769249,520
            8.983453,40.769173,520
            8.98346,40.769086,520
            8.98345,40.769,520
            8.98341,40.768865,520
            8.983327,40.768703,520.19
            8.983225,40.768541,525.98
            8.983203,40.768509,527.51
            8.983183,40.768477,528.68
            8.983164,40.768444,529.28
            8.983149,40.76841,529.64
            8.983142,40.768374,529.88
            8.983146,40.768339,529.98
            8.983156,40.768303,530
            8.98317,40.768269,530
            8.983186,40.768235,529.98
            8.983206,40.768203,529.61
            8.983281,40.768117,525.54
            8.98337,40.768039,521.74
            8.983525,40.767911,519.74
            8.983604,40.767853,518.5
            8.98369,40.767802,517.5
            8.983791,40.767772,514.36
            8.983898,40.767753,510.69
            8.984042,40.767733,510
            8.984263,40.767688,505.84
            8.984433,40.767634,497.3
            8.984583,40.767567,490
            8.984626,40.767541,490
            8.984669,40.767514,490
            8.984706,40.767484,490
            8.984736,40.767449,490
            8.984755,40.767416,490
            8.984771,40.767382,490
            8.984781,40.767347,490
            8.984784,40.767311,490
            8.98478,40.767276,490
            8.984768,40.767241,490
            8.984748,40.767209,490
            8.984722,40.767179,490
            8.984692,40.767151,490
            8.984659,40.767125,490
            8.984626,40.767099,490
            8.984592,40.767074,490
            8.984558,40.767049,490
            8.984405,40.766933,490
            8.984367,40.766903,490
            8.98433,40.766872,490
            8.984303,40.766843,490
            8.984278,40.766812,490
            8.984255,40.766781,490
            8.984244,40.766746,490
            8.984243,40.76671,490
            8.984247,40.766674,490
            8.98426,40.76664,490
            8.984284,40.766609,490
            8.984313,40.766581,490
            8.984343,40.766553,490
            8.984374,40.766526,490
            8.984405,40.766498,489.97
            8.984436,40.766471,487.92
            8.984584,40.766343,470
            8.984742,40.766247,468.72
            8.984923,40.766177,463.31
            8.985055,40.76611,461.87
            8.985168,40.766024,461.87
            8.985296,40.765904,461.87
            8.985339,40.765853,461.87
            8.985381,40.765802,461.87
            8.985406,40.765771,461.87
            8.985428,40.76574,461.87
            8.985442,40.765705,461.87
            8.985446,40.76567,461.87
            8.98544,40.765634,461.87
            8.985423,40.765601,461.87
            8.985396,40.765572,461.87
            8.985359,40.765549,461.87
            8.985316,40.765534,461.87
            8.98527,40.765524,461.87
            8.985224,40.765517,461.87
            8.985177,40.765512,461.87
            8.985129,40.765509,461.37
            8.985082,40.765508,457.94
            8.985035,40.765504,451.67
            8.984993,40.765489,450.09
            8.984971,40.76546,450
            8.98499,40.765431,450
            8.985033,40.765418,450
            8.98508,40.765414,450
            8.985127,40.765413,450
            8.985175,40.76541,450
            8.985221,40.765403,450
            8.985268,40.765395,449.66
            8.985313,40.765384,448.22
            8.985509,40.765336,440
            8.985569,40.765323,440
            8.98563,40.76531,440
            8.985676,40.765301,440
            8.985723,40.765297,440
            8.985771,40.765298,440
            8.985818,40.765304,440
            8.985863,40.765315,440
            8.985905,40.765331,440
            8.985941,40.765354,440
            8.98597,40.765382,440
            8.985991,40.765414,440
            8.986007,40.765448,440
            8.986016,40.765483,440
            8.986018,40.765519,440
            8.986014,40.765555,440
            8.986005,40.76559,440
            8.985993,40.765625,440
            8.985972,40.765682,440
            8.985957,40.765741,440
            8.985907,40.765911,440
            8.985839,40.766083,440
            8.985826,40.766118,440
            8.985814,40.766152,440
            8.985804,40.766187,440
            8.985808,40.766223,440
            8.985837,40.76625,439.99
            8.98588,40.766261,439.79
            8.985927,40.76626,438.44
            8.985974,40.766254,435.73
            8.986021,40.766247,433.52
            8.986067,40.76624,431.86
            8.986114,40.766232,430.64
            8.98616,40.766224,430.09
            8.986392,40.766185,430
            8.986628,40.766165,0
            8.986858,40.766143,410
            8.987083,40.766102,409.97
            8.987312,40.766053,408.98
            8.987358,40.766045,407.5
            8.987405,40.766039,404.96
            8.987452,40.766034,402.38
            8.987499,40.76603,400.79
            8.987546,40.766033,400.27
            8.987589,40.766048,400.21
            8.987621,40.766073,400.21
            8.98764,40.766105,400.21
            8.987644,40.766141,400.21
            8.987632,40.766175,400.21
            8.987612,40.766208,400.21
            8.98759,40.766239,400.21
            8.987569,40.766272,400.2
            8.987549,40.766304,400.15
            8.987529,40.766337,400.07
            8.987512,40.76637,400.01
            8.987503,40.766405,400
            8.987505,40.766441,400
            8.987518,40.766476,400
            8.987536,40.766509,400
            8.987555,40.766542,400
            8.987571,40.766576,400
            8.987582,40.766611,400
            8.987586,40.766646,400
            8.987581,40.766682,400
            8.987565,40.766716,400
            8.987542,40.766747,400
            8.987511,40.766774,400
            8.987477,40.766799,400
            8.987441,40.766823,400
            8.987405,40.766846,400
            8.987372,40.766872,400
            8.987343,40.7669,400
            8.987316,40.766943,400
            8.987299,40.766988,400
            8.98729,40.767034,400
            8.987287,40.767081,400
            8.987286,40.767144,400
            8.987269,40.767274,400
            8.987239,40.767422,400
            8.98723,40.7676,400
            8.987217,40.767777,400
            8.987216,40.767823,400
            8.987224,40.767869,400
            8.987239,40.767903,400
            8.98726,40.767935,399.99
            8.987285,40.767966,399.77
            8.987315,40.767994,398.63
            8.987353,40.768015,396.26
            8.987395,40.768033,393.44
            8.987438,40.768048,391.24
            8.987483,40.76806,390.22
            8.987528,40.768069,390.01
            8.987575,40.768077,390
            8.987622,40.768077,390
            8.987665,40.768061,390
            8.987682,40.768028,390
            8.987673,40.767993,390
            8.987654,40.76796,390
            8.987635,40.767927,390
            8.987618,40.767893,390
            8.987606,40.767858,390
            8.987598,40.767823,390
            8.987594,40.767787,390
            8.987585,40.76767,390
            8.987589,40.76761,390
            8.987593,40.767572,390
            8.9876,40.767534,389.98
            8.987614,40.7675,389.9
            8.987635,40.767468,389.7
            8.98766,40.767437,389.35
            8.98769,40.76741,388.24
            8.987729,40.767389,385.97
            8.987771,40.767371,383.31
            8.987813,40.767356,381.24
            8.987857,40.767342,380.28
            8.987901,40.767328,380.03
            8.987945,40.767315,380
            8.987994,40.767297,380
            8.988041,40.767276,380
            8.988081,40.767248,380
            8.988115,40.767216,380
            8.988142,40.767181,380
            8.988168,40.767144,380
            8.988195,40.767108,380
            8.988275,40.767035,375.61
            8.988404,40.766948,370
            8.988536,40.766864,370
            8.988612,40.766805,370
            8.988638,40.766776,370
            8.988659,40.766743,370
            8.988676,40.76671,370
            8.988691,40.766676,370
            8.988711,40.766643,370
            8.98874,40.766615,370
            8.988776,40.766592,370
            8.988816,40.766572,370
            8.988859,40.766557,370
            8.988902,40.766542,370
            8.988943,40.766524,355.74
            8.988981,40.766503,340
            8.989018,40.766481,340
            8.989173,40.76638,340
            8.989235,40.766339,340
            8.989298,40.766297,340
            8.989333,40.766273,340
            8.989364,40.766246,340
            8.989388,40.766215,340
            8.989403,40.766181,340.01
            8.989407,40.766145,340.08
            8.989404,40.76611,340.4
            8.989397,40.766074,341.22
            8.989387,40.766039,342.58
            8.989376,40.766004,344.27
            8.989357,40.765923,348.05
            8.989354,40.765842,349.72
            8.989376,40.765765,349.99
            8.989416,40.7657,349.74
            8.989475,40.765643,345.4
            8.989548,40.765598,340.35
            8.989614,40.765564,340
            8.989676,40.765526,340
            8.989728,40.76548,340
            8.989766,40.765427,340
            8.989793,40.76537,340
            8.98982,40.765313,339.77
            8.989908,40.765197,335.04
            8.99004,40.765088,330.37
            8.990092,40.765038,330.14
            8.990144,40.765,330.08
            8.990182,40.764961,330.02
            8.990208,40.764925,330
            8.990221,40.764881,330
            8.990218,40.764831,330
            8.990206,40.764787,330
            8.990191,40.764745,329.99
            8.990173,40.764702,329.96
            8.990148,40.764654,329.88
            8.990123,40.764587,328.26
            8.990089,40.764428,322.52
            8.990051,40.764298,320.01
            8.989974,40.764179,320
            8.98988,40.764077,320
            8.9898,40.76397,320
            8.989743,40.763854,320
            8.989721,40.763803,320
            8.989701,40.76375,320
            8.989691,40.763715,320
            8.989685,40.76368,320
            8.989687,40.763644,320
            8.989701,40.763611,320
            8.989737,40.763589,320
            8.989783,40.763583,320
            8.98983,40.763587,320
            8.989873,40.763602,320
            8.989905,40.763628,320
            8.989926,40.76366,320
            8.989945,40.763693,320
            8.989966,40.763725,320
            8.989991,40.763755,320
            8.990018,40.763785,320
            8.990153,40.763912,320
            8.990309,40.764032,0
            8.990484,40.764154,310
            8.990605,40.76427,310
            8.990693,40.764374,310
            8.990732,40.764414,310
            8.990765,40.76444,309.91
            8.990801,40.764463,309.21
            8.990841,40.764483,306.83
            8.990884,40.764497,303.24
            8.990931,40.764503,300.75
            8.990977,40.764498,300.05
            8.991018,40.764481,300
            8.991051,40.764456,300
            8.991079,40.764427,300
            8.991104,40.764396,300
            8.991128,40.764365,300
            8.991151,40.764334,300
            8.991176,40.764303,300
            8.991203,40.764273,300
            8.991232,40.764245,300
            8.991267,40.764221,300
            8.991308,40.764203,300
            8.991353,40.764191,300
            8.9914,40.764185,300
            8.991447,40.764186,300
            8.991494,40.76419,300
            8.99154,40.764199,300
            8.991585,40.764211,300
            8.991629,40.764224,300
            8.991673,40.764237,300
            8.991806,40.76427,300
            8.991988,40.764316,300
            8.992082,40.764352,300
            8.99216,40.764404,300
            8.992227,40.764465,300
            8.992291,40.764528,300
            8.992417,40.764631,300
            8.992588,40.764746,0
            8.992633,40.764775,0
            8.992679,40.764804,0
            8.992723,40.764835,0
            8.992761,40.764869,0
            8.99279,40.764909,0
            8.992808,40.764952,0
            8.992818,40.764996,0
            8.992823,40.765041,0
            8.992826,40.765101,0
            8.992829,40.765162,0
            8.99283,40.765256,0
            8.992829,40.765292,0
            8.992824,40.765328,0
            8.992813,40.765363,290
            8.992787,40.765392,290
            8.992747,40.765411,290
            8.992703,40.765423,290
            8.992655,40.765422,290
            8.992608,40.76542,290
            8.992561,40.765414,290
            8.992518,40.765399,290
            8.992477,40.765382,290
            8.992436,40.765363,290
            8.992397,40.765343,290
            8.992359,40.765321,290
            8.992202,40.765234,290
            8.992101,40.765188,290
            8.992009,40.765161,290
            8.99191,40.765154,290
            8.991812,40.765161,0
            8.991718,40.765185,0
            8.991617,40.765231,0
            8.991531,40.765291,0
            8.99144,40.765376,280
            8.991325,40.765493,280
            8.991191,40.765641,280
            8.991153,40.765689,280
            8.991126,40.76574,280
            8.991116,40.765775,280
            8.991111,40.765811,280
            8.991111,40.765846,0
            8.991113,40.765882,280
            8.991121,40.765918,280
            8.991137,40.765952,280
            8.991161,40.765982,280
            8.991194,40.766008,280
            8.991234,40.766027,280
            8.991278,40.766039,280
            8.991324,40.766049,280
            8.991371,40.766055,280
            8.991418,40.766057,279.16
            8.991466,40.766056,275.86
            8.991513,40.766053,271.71
            8.991566,40.766045,270
            8.991617,40.766033,270.05
            8.991662,40.766023,270.47
            8.991708,40.766013,271.66
            8.991755,40.766007,273.48
            8.991802,40.766007,274.89
            8.991846,40.766019,274.66
            8.991883,40.766041,273.09
            8.991915,40.766067,271.4
            8.991942,40.766097,270.4
            8.991965,40.766128,270.06
            8.991986,40.76616,270
            8.992014,40.766206,0
            8.992042,40.766252,270
            8.992132,40.766373,270
            8.992235,40.766465,270
            8.992357,40.76652,270
            8.992427,40.76655,270
            8.992495,40.766588,270
            8.992557,40.766629,270
            8.992619,40.766691,270
            8.992654,40.76673,270
            8.99267,40.766767,270
            8.99266,40.766795,270
            8.992645,40.766824,270
            8.992601,40.766853,270
            8.992517,40.766901,270
            8.992475,40.766934,270
            8.992401,40.766979,260.52
            8.992218,40.767106,269.18
            8.992186,40.767133,269.92
            8.992157,40.767162,269.98
            8.992135,40.767193,269.86
            8.992124,40.767228,269.35
            8.992125,40.767264,267.98
            8.992135,40.767299,265.82
            8.992149,40.767334,263.34
            8.992165,40.767368,261.23
            8.992185,40.7674,260.21
            8.992208,40.767432,260.02
            8.992285,40.76754,260
            8.992326,40.767618,0
            8.992341,40.767652,0
            8.992351,40.767687,0
            8.992355,40.767723,0
            8.992352,40.767759,0
            8.99234,40.767793,0
            8.99232,40.767826,0
            8.992298,40.767858,0
            8.992274,40.767889,0
            8.992252,40.767921,0
            8.992182,40.768056,260
            8.99214,40.768198,260
            8.992128,40.768265,260
            8.992126,40.768301,260
            8.992126,40.768337,260
            8.992129,40.768372,260
            8.992139,40.768407,260
            8.99216,40.768439,260
            8.992197,40.768481,260
            8.992247,40.768503,260
            8.992286,40.768513,260
            8.99236,40.768521,260
            8.99242,40.768521,260
            8.992465,40.768514,260
            8.992514,40.768501,260
            8.992558,40.768484,0
            8.992619,40.76846,0
            8.992677,40.768427,0
            8.992733,40.768392,0
            8.992832,40.76831,0
            8.992932,40.768228,0
            8.993005,40.768131,0
            8.993057,40.768025,0
            8.993109,40.767928,0
            8.993187,40.767842,0
            8.993285,40.767768,0
            8.993387,40.767697,0
            8.993562,40.767576,0
            8.993735,40.767472,250.6
            8.99381,40.767442,254.9
            8.993889,40.767425,279.5
            8.993973,40.76742,279.5
            8.994057,40.767416,279.5
            8.994141,40.767414,280.44
            8.994379,40.767412,278.89
            8.994576,40.76741,273.38
            8.994771,40.76743,270.95
            8.994849,40.767439,270.08
            8.994927,40.767448,269.22
            8.995005,40.767437,268.84
            8.995082,40.767426,268.49
            8.99516,40.767414,268.14
            8.995237,40.767403,267.79
            8.995429,40.767352,267.62
            8.995619,40.767299,267.48
            8.995847,40.767248,265.84
            8.996069,40.767226,264.79
            8.996116,40.767223,264.61
            8.996164,40.767222,264.44
            8.996211,40.767225,264.31
            8.996257,40.767232,264.19
            8.996299,40.76725,264.12
            8.996339,40.76727,263.95
            8.996372,40.767295,263.57
            8.996404,40.767322,263.2
            8.996429,40.767352,262.88
            8.996453,40.767383,262.57
            8.996474,40.767416,262.3
            8.996516,40.767488,261.18
            8.996588,40.767637,257.82
            8.996645,40.76781,256.6
            8.996664,40.767961,254.74
            8.996689,40.768105,252.78
            8.99674,40.768246,250.57
            8.996818,40.768379,248.03
            8.996916,40.768504,245.24
            8.997044,40.768614,242.85
            8.997077,40.76864,242.29
            8.99711,40.768666,241.72
            8.997143,40.768691,241.17
            8.997183,40.768711,240.67
            8.997228,40.768723,240.27
            8.997273,40.768734,239.88
            8.997318,40.768746,239.48
            8.997363,40.768757,239.08
            8.997408,40.768768,238.74
            8.997554,40.768771,238.44
            8.997646,40.768763,237.99
            8.997735,40.768746,237.52
            8.997817,40.768713,237.04
            8.997891,40.768671,236.87
            8.997961,40.768626,236.82
            8.998084,40.768549,236.59
            8.998251,40.768462,235.29
            8.998349,40.768421,234.3
            8.998434,40.768402,233.86
            8.998539,40.768389,233.4
            8.998663,40.768392,232.47
            8.998797,40.768414,232.47
            8.998893,40.768421,232.47
            8.999035,40.768407,231.6
            8.999152,40.768373,231.6
            8.999205,40.768356,231.6
            8.999304,40.768341,230.95
            8.999414,40.768332,230.54
            8.999489,40.768332,230.25
            8.999533,40.768338,230.25
            8.999565,40.768343,229.97
            8.999618,40.768358,229.64
            8.999665,40.768378,229.43
          </coordinates>
        </LineString>
      </Placemark>
      <Placemark>
        <name>FINISH</name>
        <description>Km: 18.77</description>
        <styleUrl>#icon-1899-DB4436</styleUrl>
        <Point>
          <coordinates>
            8.999662,40.768379,0
          </coordinates>
        </Point>
      </Placemark>
    </Folder>
    <Folder>
      <name>TXT</name>
      <Placemark>
        <name>02-05</name>
        <styleUrl>#poly-F9F9F9-1200-255-nodesc</styleUrl>
        <MultiGeometry>
          <Polygon>
            <outerBoundaryIs>
              <LinearRing>
                <tessellate>1</tessellate>
                <coordinates>
                  8.9328658,40.7517849,0
                  8.9328658,40.7522779,0
                  8.9321729,40.7523209,0
                  8.9315029,40.7524169,0
                  8.9308579,40.7525629,0
                  8.9302439,40.7527569,0
                  8.9296629,40.7529949,0
                  8.9291189,40.7532749,0
                  8.9286159,40.7535929,0
                  8.9281579,40.7539479,0
                  8.9277479,40.7543359,0
                  8.9273909,40.7547549,0
                  8.9270889,40.7552009,0
                  8.9268479,40.7556719,0
                  8.9266699,40.7561649,0
                  8.9265589,40.7566759,0
                  8.9265179,40.7572039,0
                  8.9258669,40.7572039,0
                  8.9259109,40.7566229,0
                  8.9260329,40.7560589,0
                  8.9262299,40.7555159,0
                  8.9264959,40.7549969,0
                  8.9268279,40.7545059,0
                  8.9272229,40.7540449,0
                  8.9276739,40.7536169,0
                  8.9281799,40.7532269,0
                  8.9287339,40.7528759,0
                  8.9293339,40.7525679,0
                  8.9299749,40.7523069,0
                  8.9306519,40.7520939,0
                  8.9313629,40.7519349,0
                  8.9321019,40.7518299,0
                  8.9328658,40.7517849,0
                </coordinates>
              </LinearRing>
            </outerBoundaryIs>
          </Polygon>
          <Polygon>
            <outerBoundaryIs>
              <LinearRing>
                <tessellate>1</tessellate>
                <coordinates>
                  8.9402438,40.7572039,0
                  8.9395928,40.7572039,0
                  8.9395528,40.7566779,0
                  8.9394428,40.7561669,0
                  8.9392648,40.7556759,0
                  8.9390248,40.7552059,0
                  8.9387248,40.7547609,0
                  8.9383698,40.7543429,0
                  8.9379618,40.7539559,0
                  8.9375068,40.7536009,0
                  8.9370058,40.7532819,0
                  8.9364648,40.7530019,0
                  8.9358868,40.7527629,0
                  8.9352748,40.7525689,0
                  8.9346338,40.7524219,0
                  8.9339658,40.7523239,0
                  8.9332758,40.7522789,0
                  8.9332758,40.7517849,0
                  8.9340368,40.7518329,0
                  8.9347728,40.7519389,0
                  8.9354808,40.7521009,0
                  8.9361558,40.7523139,0
                  8.9367938,40.7525759,0
                  8.9373908,40.7528839,0
                  8.9379428,40.7532349,0
                  8.9384458,40.7536249,0
                  8.9388948,40.7540519,0
                  8.9392878,40.7545119,0
                  8.9396178,40.7550029,0
                  8.9398838,40.7555199,0
                  8.9400788,40.7560619,0
                  8.9402008,40.7566239,0
                  8.9402438,40.7572039,0
                </coordinates>
              </LinearRing>
            </outerBoundaryIs>
          </Polygon>
          <Polygon>
            <outerBoundaryIs>
              <LinearRing>
                <tessellate>1</tessellate>
                <coordinates>
                  8.9488947,40.7626699,0
                  8.9488947,40.7621769,0
                  8.9495747,40.7621339,0
                  8.9502337,40.7620399,0
                  8.9508667,40.7618979,0
                  8.9514717,40.7617099,0
                  8.9520447,40.7614789,0
                  8.9525817,40.7612069,0
                  8.9530797,40.7608969,0
                  8.9535347,40.7605529,0
                  8.9539427,40.7601759,0
                  8.9543017,40.7597689,0
                  8.9546077,40.7593349,0
                  8.9548557,40.7588769,0
                  8.9550436,40.7583969,0
                  8.9551676,40.7578979,0
                  8.9552236,40.7573839,0
                  8.9558756,40.7573839,0
                  8.9558156,40.7579519,0
                  8.9556806,40.7585029,0
                  8.9554746,40.7590329,0
                  8.9552006,40.7595389,0
                  8.9548647,40.7600179,0
                  8.9544687,40.7604669,0
                  8.9540177,40.7608829,0
                  8.9535157,40.7612639,0
                  8.9529667,40.7616049,0
                  8.9523737,40.7619049,0
                  8.9517407,40.7621589,0
                  8.9510727,40.7623659,0
                  8.9503737,40.7625229,0
                  8.9496457,40.7626249,0
                  8.9488947,40.7626699,0
                </coordinates>
              </LinearRing>
            </outerBoundaryIs>
          </Polygon>
          <Polygon>
            <outerBoundaryIs>
              <LinearRing>
                <tessellate>1</tessellate>
                <coordinates>
                  8.9558756,40.7570719,0
                  8.9552236,40.7570719,0
                  8.9551676,40.7565569,0
                  8.9550436,40.7560589,0
                  8.9548557,40.7555789,0
                  8.9546067,40.7551209,0
                  8.9543017,40.7546869,0
                  8.9539427,40.7542799,0
                  8.9535337,40.7539029,0
                  8.9530787,40.7535579,0
                  8.9525817,40.7532489,0
                  8.9520447,40.7529769,0
                  8.9514717,40.7527459,0
                  8.9508667,40.7525569,0
                  8.9502337,40.7524149,0
                  8.9495747,40.7523209,0
                  8.9488947,40.7522789,0
                  8.9488947,40.7517849,0
                  8.9496457,40.7518309,0
                  8.9503737,40.7519329,0
                  8.9510727,40.7520889,0
                  8.9517407,40.7522959,0
                  8.9523727,40.7525509,0
                  8.9529657,40.7528509,0
                  8.9535157,40.7531919,0
                  8.9540177,40.7535729,0
                  8.9544687,40.7539889,0
                  8.9548647,40.7544379,0
                  8.9552006,40.7549169,0
                  8.9554736,40.7554229,0
                  8.9556806,40.7559529,0
                  8.9558156,40.7565039,0
                  8.9558756,40.7570719,0
                </coordinates>
              </LinearRing>
            </outerBoundaryIs>
          </Polygon>
          <Polygon>
            <outerBoundaryIs>
              <LinearRing>
                <tessellate>1</tessellate>
                <coordinates>
                  8.9484847,40.7517849,0
                  8.9484847,40.7522789,0
                  8.9478047,40.7523209,0
                  8.9471457,40.7524149,0
                  8.9465127,40.7525579,0
                  8.9459077,40.7527459,0
                  8.9453357,40.7529769,0
                  8.9447977,40.7532489,0
                  8.9443007,40.7535589,0
                  8.9438457,40.7539029,0
                  8.9434368,40.7542799,0
                  8.9430778,40.7546869,0
                  8.9427728,40.7551209,0
                  8.9425238,40.7555789,0
                  8.9423358,40.7560589,0
                  8.9422118,40.7565569,0
                  8.9421558,40.7570719,0
                  8.9415038,40.7570719,0
                  8.9415638,40.7565039,0
                  8.9416998,40.7559529,0
                  8.9419058,40.7554229,0
                  8.9421788,40.7549169,0
                  8.9425158,40.7544379,0
                  8.9429108,40.7539889,0
                  8.9433618,40.7535729,0
                  8.9438637,40.7531919,0
                  8.9444137,40.7528509,0
                  8.9450067,40.7525509,0
                  8.9456387,40.7522959,0
                  8.9463067,40.7520889,0
                  8.9470067,40.7519329,0
                  8.9477337,40.7518309,0
                  8.9484847,40.7517849,0
                </coordinates>
              </LinearRing>
            </outerBoundaryIs>
          </Polygon>
          <Polygon>
            <outerBoundaryIs>
              <LinearRing>
                <tessellate>1</tessellate>
                <coordinates>
                  8.9415038,40.7573839,0
                  8.9421558,40.7573839,0
                  8.9422118,40.7578979,0
                  8.9423358,40.7583969,0
                  8.9425238,40.7588769,0
                  8.9427728,40.7593349,0
                  8.9430778,40.7597689,0
                  8.9434368,40.7601749,0
                  8.9438457,40.7605519,0
                  8.9443007,40.7608969,0
                  8.9447977,40.7612069,0
                  8.9453357,40.7614779,0
                  8.9459077,40.7617099,0
                  8.9465127,40.7618979,0
                  8.9471457,40.7620399,0
                  8.9478047,40.7621339,0
                  8.9484847,40.7621769,0
                  8.9484847,40.7626699,0
                  8.9477337,40.7626249,0
                  8.9470067,40.7625229,0
                  8.9463067,40.7623659,0
                  8.9456387,40.7621589,0
                  8.9450067,40.7619049,0
                  8.9444137,40.7616049,0
                  8.9438637,40.7612639,0
                  8.9433618,40.7608829,0
                  8.9429108,40.7604669,0
                  8.9425148,40.7600179,0
                  8.9421788,40.7595389,0
                  8.9419058,40.7590329,0
                  8.9416988,40.7585029,0
                  8.9415638,40.7579519,0
                  8.9415038,40.7573839,0
                </coordinates>
              </LinearRing>
            </outerBoundaryIs>
          </Polygon>
          <Polygon>
            <outerBoundaryIs>
              <LinearRing>
                <tessellate>1</tessellate>
                <coordinates>
                  8.9258769,40.7575149,0
                  8.9265289,40.7575149,0
                  8.9266019,40.7580189,0
                  8.9267379,40.7585059,0
                  8.9269369,40.7589739,0
                  8.9271929,40.7594199,0
                  8.9275029,40.7598429,0
                  8.9278649,40.7602379,0
                  8.9282749,40.7606049,0
                  8.9287289,40.7609399,0
                  8.9292239,40.7612399,0
                  8.9297569,40.7615029,0
                  8.9303229,40.7617269,0
                  8.9309209,40.7619089,0
                  8.9315459,40.7620469,0
                  8.9321959,40.7621369,0
                  8.9328658,40.7621769,0
                  8.9328658,40.7626709,0
                  8.9321249,40.7626279,0
                  8.9314069,40.7625289,0
                  8.9307149,40.7623779,0
                  8.9300539,40.7621769,0
                  8.9294279,40.7619289,0
                  8.9288389,40.7616379,0
                  8.9282919,40.7613059,0
                  8.9277909,40.7609349,0
                  8.9273389,40.7605299,0
                  8.9269409,40.7600919,0
                  8.9265989,40.7596239,0
                  8.9263179,40.7591299,0
                  8.9261009,40.7586119,0
                  8.9259529,40.7580729,0
                  8.9258769,40.7575149,0
                </coordinates>
              </LinearRing>
            </outerBoundaryIs>
          </Polygon>
          <Polygon>
            <outerBoundaryIs>
              <LinearRing>
                <tessellate>1</tessellate>
                <coordinates>
                  8.9332758,40.7626699,0
                  8.9332758,40.7621759,0
                  8.9339428,40.7621339,0
                  8.9345888,40.7620419,0
                  8.9352118,40.7619029,0
                  8.9358068,40.7617199,0
                  8.9363708,40.7614959,0
                  8.9369008,40.7612319,0
                  8.9373938,40.7609319,0
                  8.9378448,40.7605969,0
                  8.9382528,40.7602309,0
                  8.9386128,40.7598359,0
                  8.9389218,40.7594149,0
                  8.9391758,40.7589689,0
                  8.9393728,40.7585029,0
                  8.9395098,40.7580169,0
                  8.9395808,40.7575149,0
                  8.9402338,40.7575149,0
                  8.9401588,40.7580709,0
                  8.9400108,40.7586089,0
                  8.9397958,40.7591259,0
                  8.9395158,40.7596189,0
                  8.9391758,40.7600859,0
                  8.9387788,40.7605229,0
                  8.9383298,40.7609279,0
                  8.9378308,40.7612979,0
                  8.9372868,40.7616309,0
                  8.9367008,40.7619219,0
                  8.9360768,40.7621699,0
                  8.9354178,40.7623719,0
                  8.9347298,40.7625239,0
                  8.9340148,40.7626249,0
                  8.9332758,40.7626699,0
                </coordinates>
              </LinearRing>
            </outerBoundaryIs>
          </Polygon>
          <Polygon>
            <outerBoundaryIs>
              <LinearRing>
                <tessellate>1</tessellate>
                <coordinates>
                  8.9351768,40.7543779,0
                  8.9351738,40.7543769,0
                  8.9351738,40.7543959,0
                  8.9351738,40.7544149,0
                  8.9351738,40.7544329,0
                  8.9351728,40.7544509,0
                  8.9351728,40.7544689,0
                  8.9351718,40.7544859,0
                  8.9351708,40.7545029,0
                  8.9351698,40.7545199,0
                  8.9351688,40.7545359,0
                  8.9351668,40.7545519,0
                  8.9351658,40.7545679,0
                  8.9351648,40.7545829,0
                  8.9351628,40.7545979,0
                  8.9351608,40.7546129,0
                  8.9351588,40.7546269,0
                  8.9351568,40.7546409,0
                  8.9351548,40.7546549,0
                  8.9351528,40.7546679,0
                  8.9351508,40.7546809,0
                  8.9351478,40.7546929,0
                  8.9351458,40.7547049,0
                  8.9351428,40.7547169,0
                  8.9351398,40.7547279,0
                  8.9351368,40.7547389,0
                  8.9351338,40.7547499,0
                  8.9351308,40.7547599,0
                  8.9351268,40.7547699,0
                  8.9351238,40.7547789,0
                  8.9351198,40.7547879,0
                  8.9351158,40.7547969,0
                  8.9351118,40.7548059,0
                  8.9351078,40.7548139,0
                  8.9351038,40.7548219,0
                  8.9350988,40.7548299,0
                  8.9350948,40.7548369,0
                  8.9350898,40.7548439,0
                  8.9350858,40.7548509,0
                  8.9350808,40.7548569,0
                  8.9350758,40.7548629,0
                  8.9350708,40.7548689,0
                  8.9350658,40.7548739,0
                  8.9350608,40.7548789,0
                  8.9350558,40.7548839,0
                  8.9350498,40.7548879,0
                  8.9350438,40.7548919,0
                  8.9350388,40.7548959,0
                  8.9350338,40.7548999,0
                  8.9350278,40.7549039,0
                  8.9350218,40.7549069,0
                  8.9350168,40.7549099,0
                  8.9350108,40.7549129,0
                  8.9350048,40.7549149,0
                  8.9349988,40.7549169,0
                  8.9349928,40.7549189,0
                  8.9349868,40.7549209,0
                  8.9349798,40.7549219,0
                  8.9349738,40.7549229,0
                  8.9349678,40.7549229,0
                  8.9349608,40.7549239,0
                  8.9349538,40.7549239,0
                  8.9324638,40.7549239,0
                  8.9332028,40.7557229,0
                  8.9332758,40.7558009,0
                  8.9333468,40.7558769,0
                  8.9334168,40.7559509,0
                  8.9334838,40.7560249,0
                  8.9335498,40.7560969,0
                  8.9336138,40.7561679,0
                  8.9336748,40.7562379,0
                  8.9337348,40.7563059,0
                  8.9337928,40.7563739,0
                  8.9338478,40.7564399,0
                  8.9339018,40.7565039,0
                  8.9339538,40.7565679,0
                  8.9340038,40.7566299,0
                  8.9340518,40.7566899,0
                  8.9340978,40.7567499,0
                  8.9341418,40.7568089,0
                  8.9341848,40.7568669,0
                  8.9342268,40.7569239,0
                  8.9342668,40.7569809,0
                  8.9343058,40.7570359,0
                  8.9343438,40.7570919,0
                  8.9343798,40.7571459,0
                  8.9344148,40.7571999,0
                  8.9344478,40.7572529,0
                  8.9344808,40.7573059,0
                  8.9345108,40.7573569,0
                  8.9345408,40.7574079,0
                  8.9345688,40.7574579,0
                  8.9345958,40.7575079,0
                  8.9346208,40.7575569,0
                  8.9346448,40.7576049,0
                  8.9346678,40.7576529,0
                  8.9346898,40.7576999,0
                  8.9347108,40.7577479,0
                  8.9347308,40.7577939,0
                  8.9347488,40.7578399,0
                  8.9347668,40.7578859,0
                  8.9347828,40.7579319,0
                  8.9347978,40.7579759,0
                  8.9348118,40.7580209,0
                  8.9348248,40.7580649,0
                  8.9348368,40.7581089,0
                  8.9348478,40.7581519,0
                  8.9348578,40.7581949,0
                  8.9348658,40.7582379,0
                  8.9348738,40.7582799,0
                  8.9348798,40.7583219,0
                  8.9348868,40.7583639,0
                  8.9348928,40.7584059,0
                  8.9348978,40.7584489,0
                  8.9349028,40.7584909,0
                  8.9349078,40.7585339,0
                  8.9349118,40.7585769,0
                  8.9349148,40.7586189,0
                  8.9349178,40.7586619,0
                  8.9349198,40.7587049,0
                  8.9349218,40.7587479,0
                  8.9349228,40.7587919,0
                  8.9349238,40.7588349,0
                  8.9349238,40.7588779,0
                  8.9349238,40.7589279,0
                  8.9349218,40.7589769,0
                  8.9349198,40.7590249,0
                  8.9349158,40.7590729,0
                  8.9349108,40.7591209,0
                  8.9349048,40.7591679,0
                  8.9348978,40.7592149,0
                  8.9348898,40.7592609,0
                  8.9348808,40.7593069,0
                  8.9348708,40.7593529,0
                  8.9348598,40.7593979,0
                  8.9348478,40.7594419,0
                  8.9348338,40.7594859,0
                  8.9348198,40.7595299,0
                  8.9348038,40.7595729,0
                  8.9347878,40.7596159,0
                  8.9347698,40.7596579,0
                  8.9347518,40.7596989,0
                  8.9347318,40.7597389,0
                  8.9347108,40.7597779,0
                  8.9346888,40.7598169,0
                  8.9346658,40.7598549,0
                  8.9346418,40.7598919,0
                  8.9346158,40.7599289,0
                  8.9345898,40.7599639,0
                  8.9345618,40.7599989,0
                  8.9345338,40.7600329,0
                  8.9345038,40.7600659,0
                  8.9344728,40.7600989,0
                  8.9344408,40.7601309,0
                  8.9344078,40.7601619,0
                  8.9343728,40.7601919,0
                  8.9343378,40.7602209,0
                  8.9343008,40.7602489,0
                  8.9342638,40.7602759,0
                  8.9342248,40.7603019,0
                  8.9341848,40.7603279,0
                  8.9341438,40.7603519,0
                  8.9341018,40.7603759,0
                  8.9340588,40.7603979,0
                  8.9340148,40.7604199,0
                  8.9339698,40.7604409,0
                  8.9339228,40.7604609,0
                  8.9338758,40.7604799,0
                  8.9338268,40.7604979,0
                  8.9337768,40.7605149,0
                  8.9337258,40.7605309,0
                  8.9336738,40.7605449,0
                  8.9336208,40.7605589,0
                  8.9335668,40.7605709,0
                  8.9335118,40.7605829,0
                  8.9334548,40.7605929,0
                  8.9333978,40.7606009,0
                  8.9333388,40.7606089,0
                  8.9332788,40.7606149,0
                  8.9332188,40.7606209,0
                  8.9331568,40.7606249,0
                  8.9330928,40.7606279,0
                  8.9330288,40.7606299,0
                  8.9329638,40.7606299,0
                  8.9329218,40.7606299,0
                  8.9328808,40.7606289,0
                  8.9328398,40.7606279,0
                  8.9327988,40.7606259,0
                  8.9327578,40.7606229,0
                  8.9327178,40.7606199,0
                  8.9326778,40.7606169,0
                  8.9326368,40.7606119,0
                  8.9325978,40.7606079,0
                  8.9325578,40.7606029,0
                  8.9325188,40.7605969,0
                  8.9324798,40.7605909,0
                  8.9324408,40.7605839,0
                  8.9324018,40.7605759,0
                  8.9323638,40.7605689,0
                  8.9323248,40.7605599,0
                  8.9322869,40.7605509,0
                  8.9322499,40.7605419,0
                  8.9322129,40.7605329,0
                  8.9321759,40.7605229,0
                  8.9321399,40.7605139,0
                  8.9321049,40.7605039,0
                  8.9320689,40.7604929,0
                  8.9320349,40.7604829,0
                  8.9319999,40.7604719,0
                  8.9319669,40.7604609,0
                  8.9319329,40.7604499,0
                  8.9318999,40.7604389,0
                  8.9318679,40.7604269,0
                  8.9318349,40.7604149,0
                  8.9318039,40.7604029,0
                  8.9317729,40.7603909,0
                  8.9317429,40.7603789,0
                  8.9317129,40.7603669,0
                  8.9316839,40.7603549,0
                  8.9316559,40.7603419,0
                  8.9316289,40.7603299,0
                  8.9316019,40.7603179,0
                  8.9315759,40.7603049,0
                  8.9315499,40.7602929,0
                  8.9315249,40.7602799,0
                  8.9315009,40.7602669,0
                  8.9314769,40.7602539,0
                  8.9314539,40.7602409,0
                  8.9314319,40.7602279,0
                  8.9314109,40.7602159,0
                  8.9313909,40.7602029,0
                  8.9313709,40.7601909,0
                  8.9313529,40.7601799,0
                  8.9313349,40.7601679,0
                  8.9313179,40.7601569,0
                  8.9313019,40.7601469,0
                  8.9312869,40.7601359,0
                  8.9312729,40.7601259,0
                  8.9312599,40.7601159,0
                  8.9312479,40.7601059,0
                  8.9312359,40.7600969,0
                  8.9312259,40.7600879,0
                  8.9312159,40.7600799,0
                  8.9312069,40.7600709,0
                  8.9311989,40.7600629,0
                  8.9311919,40.7600549,0
                  8.9311849,40.7600469,0
                  8.9311779,40.7600389,0
                  8.9311709,40.7600309,0
                  8.9311649,40.7600239,0
                  8.9311589,40.7600169,0
                  8.9311529,40.7600099,0
                  8.9311479,40.7600029,0
                  8.9311429,40.7599959,0
                  8.9311379,40.7599899,0
                  8.9311339,40.7599829,0
                  8.9311299,40.7599769,0
                  8.9311259,40.7599709,0
                  8.9311219,40.7599659,0
                  8.9311189,40.7599599,0
                  8.9311159,40.7599529,0
                  8.9311129,40.7599469,0
                  8.9311099,40.7599409,0
                  8.9311069,40.7599339,0
                  8.9311039,40.7599269,0
                  8.9311009,40.7599199,0
                  8.9310989,40.7599129,0
                  8.9310959,40.7599059,0
                  8.9310939,40.7598989,0
                  8.9310919,40.7598919,0
                  8.9310889,40.7598849,0
                  8.9310869,40.7598769,0
                  8.9310859,40.7598689,0
                  8.9310839,40.7598619,0
                  8.9310819,40.7598529,0
                  8.9310799,40.7598449,0
                  8.9310779,40.7598369,0
                  8.9310759,40.7598279,0
                  8.9310739,40.7598189,0
                  8.9310719,40.7598099,0
                  8.9310709,40.7598009,0
                  8.9310689,40.7597919,0
                  8.9310679,40.7597819,0
                  8.9310659,40.7597729,0
                  8.9310649,40.7597629,0
                  8.9310639,40.7597529,0
                  8.9310619,40.7597429,0
                  8.9310609,40.7597329,0
                  8.9310599,40.7597219,0
                  8.9310589,40.7597109,0
                  8.9310579,40.7596999,0
                  8.9310579,40.7596879,0
                  8.9310569,40.7596759,0
                  8.9310559,40.7596629,0
                  8.9310559,40.7596509,0
                  8.9310549,40.7596369,0
                  8.9310549,40.7596239,0
                  8.9310549,40.7596099,0
                  8.9310539,40.7595959,0
                  8.9310539,40.7595819,0
                  8.9310539,40.7595669,0
                  8.9310539,40.7595519,0
                  8.9310539,40.7595369,0
                  8.9310539,40.7595209,0
                  8.9310539,40.7594979,0
                  8.9310539,40.7594749,0
                  8.9310539,40.7594529,0
                  8.9310539,40.7594319,0
                  8.9310549,40.7594099,0
                  8.9310549,40.7593899,0
                  8.9310559,40.7593699,0
                  8.9310569,40.7593499,0
                  8.9310569,40.7593309,0
                  8.9310579,40.7593119,0
                  8.9310599,40.7592929,0
                  8.9310609,40.7592759,0
                  8.9310619,40.7592579,0
                  8.9310639,40.7592409,0
                  8.9310649,40.7592249,0
                  8.9310669,40.7592079,0
                  8.9310689,40.7591919,0
                  8.9310709,40.7591769,0
                  8.9310729,40.7591619,0
                  8.9310749,40.7591479,0
                  8.9310769,40.7591339,0
                  8.9310789,40.7591209,0
                  8.9310809,40.7591079,0
                  8.9310829,40.7590949,0
                  8.9310859,40.7590829,0
                  8.9310879,40.7590719,0
                  8.9310899,40.7590599,0
                  8.9310919,40.7590489,0
                  8.9310949,40.7590389,0
                  8.9310969,40.7590289,0
                  8.9310999,40.7590199,0
                  8.9311029,40.7590109,0
                  8.9311049,40.7590019,0
                  8.9311079,40.7589939,0
                  8.9311119,40.7589859,0
                  8.9311149,40.7589779,0
                  8.9311179,40.7589709,0
                  8.9311219,40.7589639,0
                  8.9311249,40.7589569,0
                  8.9311289,40.7589509,0
                  8.9311329,40.7589449,0
                  8.9311369,40.7589399,0
                  8.9311409,40.7589349,0
                  8.9311449,40.7589309,0
                  8.9311489,40.7589269,0
                  8.9311529,40.7589229,0
                  8.9311579,40.7589189,0
                  8.9311619,40.7589149,0
                  8.9311669,40.7589119,0
                  8.9311719,40.7589089,0
                  8.9311769,40.7589059,0
                  8.9311819,40.7589039,0
                  8.9311869,40.7589019,0
                  8.9311919,40.7588999,0
                  8.9311969,40.7588979,0
                  8.9312029,40.7588969,0
                  8.9312079,40.7588959,0
                  8.9312139,40.7588949,0
                  8.9312199,40.7588949,0
                  8.9312259,40.7588949,0
                  8.9312339,40.7588949,0
                  8.9312429,40.7588959,0
                  8.9312529,40.7588979,0
                  8.9312619,40.7589009,0
                  8.9312729,40.7589039,0
                  8.9312839,40.7589079,0
                  8.9312949,40.7589119,0
                  8.9313059,40.7589179,0
                  8.9313179,40.7589239,0
                  8.9313309,40.7589309,0
                  8.9313439,40.7589379,0
                  8.9313569,40.7589469,0
                  8.9313709,40.7589559,0
                  8.9313859,40.7589659,0
                  8.9313999,40.7589759,0
                  8.9314159,40.7589869,0
                  8.9314319,40.7589979,0
                  8.9314479,40.7590079,0
                  8.9314649,40.7590199,0
                  8.9314819,40.7590309,0
                  8.9314999,40.7590419,0
                  8.9315179,40.7590539,0
                  8.9315369,40.7590659,0
                  8.9315559,40.7590779,0
                  8.9315759,40.7590899,0
                  8.9315959,40.7591019,0
                  8.9316169,40.7591139,0
                  8.9316379,40.7591269,0
                  8.9316599,40.7591399,0
                  8.9316829,40.7591529,0
                  8.9317049,40.7591649,0
                  8.9317279,40.7591779,0
                  8.9317519,40.7591899,0
                  8.9317759,40.7592019,0
                  8.9317999,40.7592139,0
                  8.9318249,40.7592259,0
                  8.9318509,40.7592379,0
                  8.9318769,40.7592499,0
                  8.9319029,40.7592609,0
                  8.9319299,40.7592719,0
                  8.9319579,40.7592829,0
                  8.9319859,40.7592939,0
                  8.9320139,40.7593049,0
                  8.9320429,40.7593149,0
                  8.9320719,40.7593259,0
                  8.9321029,40.7593359,0
                  8.9321329,40.7593449,0
                  8.9321639,40.7593529,0
                  8.9321959,40.7593609,0
                  8.9322279,40.7593689,0
                  8.9322609,40.7593749,0
                  8.9322949,40.7593809,0
                  8.9323288,40.7593859,0
                  8.9323628,40.7593909,0
                  8.9323988,40.7593949,0
                  8.9324338,40.7593979,0
                  8.9324708,40.7593999,0
                  8.9325078,40.7594019,0
                  8.9325448,40.7594029,0
                  8.9325828,40.7594029,0
                  8.9326098,40.7594029,0
                  8.9326368,40.7594019,0
                  8.9326638,40.7594009,0
                  8.9326888,40.7593989,0
                  8.9327148,40.7593959,0
                  8.9327398,40.7593929,0
                  8.9327638,40.7593899,0
                  8.9327878,40.7593849,0
                  8.9328108,40.7593809,0
                  8.9328328,40.7593749,0
                  8.9328558,40.7593689,0
                  8.9328768,40.7593629,0
                  8.9328988,40.7593559,0
                  8.9329188,40.7593479,0
                  8.9329388,40.7593399,0
                  8.9329598,40.7593309,0
                  8.9329788,40.7593219,0
                  8.9329978,40.7593119,0
                  8.9330168,40.7593019,0
                  8.9330348,40.7592909,0
                  8.9330528,40.7592799,0
                  8.9330698,40.7592689,0
                  8.9330868,40.7592569,0
                  8.9331028,40.7592449,0
                  8.9331188,40.7592319,0
                  8.9331348,40.7592189,0
                  8.9331488,40.7592049,0
                  8.9331638,40.7591909,0
                  8.9331778,40.7591769,0
                  8.9331918,40.7591619,0
                  8.9332048,40.7591459,0
                  8.9332178,40.7591309,0
                  8.9332298,40.7591149,0
                  8.9332418,40.7590979,0
                  8.9332528,40.7590819,0
                  8.9332638,40.7590649,0
                  8.9332748,40.7590469,0
                  8.9332848,40.7590299,0
                  8.9332948,40.7590119,0
                  8.9333038,40.7589929,0
                  8.9333128,40.7589749,0
                  8.9333208,40.7589559,0
                  8.9333288,40.7589369,0
                  8.9333358,40.7589169,0
                  8.9333428,40.7588969,0
                  8.9333498,40.7588759,0
                  8.9333558,40.7588559,0
                  8.9333618,40.7588349,0
                  8.9333678,40.7588139,0
                  8.9333718,40.7587929,0
                  8.9333768,40.7587719,0
                  8.9333808,40.7587499,0
                  8.9333838,40.7587289,0
                  8.9333868,40.7587069,0
                  8.9333898,40.7586849,0
                  8.9333918,40.7586629,0
                  8.9333928,40.7586409,0
                  8.9333938,40.7586189,0
                  8.9333948,40.7585969,0
                  8.9333948,40.7585739,0
                  8.9333948,40.7585489,0
                  8.9333938,40.7585239,0
                  8.9333938,40.7584989,0
                  8.9333918,40.7584729,0
                  8.9333908,40.7584479,0
                  8.9333888,40.7584219,0
                  8.9333858,40.7583959,0
                  8.9333838,40.7583689,0
                  8.9333808,40.7583429,0
                  8.9333768,40.7583159,0
                  8.9333728,40.7582889,0
                  8.9333688,40.7582619,0
                  8.9333638,40.7582349,0
                  8.9333588,40.7582079,0
                  8.9333538,40.7581799,0
                  8.9333478,40.7581529,0
                  8.9333408,40.7581249,0
                  8.9333338,40.7580959,0
                  8.9333258,40.7580679,0
                  8.9333178,40.7580389,0
                  8.9333088,40.7580089,0
                  8.9332988,40.7579799,0
                  8.9332888,40.7579489,0
                  8.9332778,40.7579189,0
                  8.9332668,40.7578879,0
                  8.9332548,40.7578569,0
                  8.9332418,40.7578259,0
                  8.9332288,40.7577939,0
                  8.9332148,40.7577609,0
                  8.9331998,40.7577289,0
                  8.9331848,40.7576959,0
                  8.9331688,40.7576619,0
                  8.9331518,40.7576279,0
                  8.9331338,40.7575939,0
                  8.9331148,40.7575589,0
                  8.9330958,40.7575229,0
                  8.9330758,40.7574869,0
                  8.9330548,40.7574509,0
                  8.9330328,40.7574139,0
                  8.9330108,40.7573769,0
                  8.9329878,40.7573399,0
                  8.9329638,40.7573019,0
                  8.9329388,40.7572629,0
                  8.9329128,40.7572239,0
                  8.9328868,40.7571849,0
                  8.9328598,40.7571449,0
                  8.9328308,40.7571039,0
                  8.9328018,40.7570629,0
                  8.9327708,40.7570219,0
                  8.9327388,40.7569789,0
                  8.9327058,40.7569359,0
                  8.9326718,40.7568929,0
                  8.9326368,40.7568489,0
                  8.9326008,40.7568049,0
                  8.9325628,40.7567599,0
                  8.9325238,40.7567139,0
                  8.9324848,40.7566679,0
                  8.9324438,40.7566209,0
                  8.9324018,40.7565729,0
                  8.9323588,40.7565249,0
                  8.9312629,40.7552869,0
                  8.9312499,40.7552719,0
                  8.9312369,40.7552579,0
                  8.9312249,40.7552439,0
                  8.9312129,40.7552299,0
                  8.9312009,40.7552169,0
                  8.9311899,40.7552029,0
                  8.9311789,40.7551899,0
                  8.9311689,40.7551769,0
                  8.9311579,40.7551639,0
                  8.9311479,40.7551509,0
                  8.9311389,40.7551379,0
                  8.9311299,40.7551249,0
                  8.9311209,40.7551119,0
                  8.9311119,40.7550999,0
                  8.9311029,40.7550869,0
                  8.9310949,40.7550749,0
                  8.9310879,40.7550629,0
                  8.9310799,40.7550509,0
                  8.9310729,40.7550389,0
                  8.9310659,40.7550269,0
                  8.9310589,40.7550149,0
                  8.9310519,40.7550019,0
                  8.9310449,40.7549899,0
                  8.9310389,40.7549779,0
                  8.9310319,40.7549649,0
                  8.9310259,40.7549529,0
                  8.9310199,40.7549399,0
                  8.9310149,40.7549269,0
                  8.9310089,40.7549149,0
                  8.9310039,40.7549019,0
                  8.9309979,40.7548889,0
                  8.9309929,40.7548759,0
                  8.9309889,40.7548629,0
                  8.9309839,40.7548489,0
                  8.9309799,40.7548359,0
                  8.9309759,40.7548219,0
                  8.9309729,40.7548069,0
                  8.9309689,40.7547929,0
                  8.9309659,40.7547779,0
                  8.9309629,40.7547629,0
                  8.9309599,40.7547479,0
                  8.9309569,40.7547329,0
                  8.9309549,40.7547169,0
                  8.9309529,40.7547009,0
                  8.9309499,40.7546849,0
                  8.9309489,40.7546689,0
                  8.9309469,40.7546519,0
                  8.9309449,40.7546349,0
                  8.9309439,40.7546169,0
                  8.9309419,40.7545989,0
                  8.9309409,40.7545799,0
                  8.9309399,40.7545609,0
                  8.9309389,40.7545409,0
                  8.9309379,40.7545219,0
                  8.9309369,40.7545009,0
                  8.9309369,40.7544799,0
                  8.9309359,40.7544589,0
                  8.9309359,40.7544369,0
                  8.9309359,40.7544149,0
                  8.9309349,40.7543919,0
                  8.9309359,40.7543689,0
                  8.9309359,40.7543459,0
                  8.9309359,40.7543229,0
                  8.9309369,40.7543009,0
                  8.9309379,40.7542799,0
                  8.9309389,40.7542589,0
                  8.9309399,40.7542389,0
                  8.9309419,40.7542189,0
                  8.9309429,40.7541999,0
                  8.9309449,40.7541809,0
                  8.9309469,40.7541629,0
                  8.9309489,40.7541459,0
                  8.9309519,40.7541289,0
                  8.9309549,40.7541129,0
                  8.9309569,40.7540979,0
                  8.9309609,40.7540829,0
                  8.9309639,40.7540679,0
                  8.9309669,40.7540549,0
                  8.9309709,40.7540409,0
                  8.9309749,40.7540279,0
                  8.9309789,40.7540159,0
                  8.9309839,40.7540039,0
                  8.9309889,40.7539919,0
                  8.9309939,40.7539809,0
                  8.9309989,40.7539709,0
                  8.9310039,40.7539609,0
                  8.9310099,40.7539509,0
                  8.9310159,40.7539419,0
                  8.9310219,40.7539329,0
                  8.9310289,40.7539249,0
                  8.9310349,40.7539169,0
                  8.9310419,40.7539099,0
                  8.9310489,40.7539029,0
                  8.9310569,40.7538959,0
                  8.9310639,40.7538899,0
                  8.9310719,40.7538839,0
                  8.9310809,40.7538779,0
                  8.9310889,40.7538729,0
                  8.9310979,40.7538679,0
                  8.9311069,40.7538629,0
                  8.9311159,40.7538589,0
                  8.9311259,40.7538549,0
                  8.9311359,40.7538519,0
                  8.9311459,40.7538479,0
                  8.9311559,40.7538449,0
                  8.9311659,40.7538419,0
                  8.9311769,40.7538399,0
                  8.9311879,40.7538369,0
                  8.9311989,40.7538349,0
                  8.9312109,40.7538329,0
                  8.9312229,40.7538309,0
                  8.9312349,40.7538299,0
                  8.9312469,40.7538279,0
                  8.9312599,40.7538269,0
                  8.9312729,40.7538259,0
                  8.9312859,40.7538249,0
                  8.9312989,40.7538249,0
                  8.9313129,40.7538239,0
                  8.9313269,40.7538239,0
                  8.9313409,40.7538239,0
                  8.9349758,40.7538239,0
                  8.9349828,40.7538239,0
                  8.9349888,40.7538239,0
                  8.9349948,40.7538249,0
                  8.9350008,40.7538259,0
                  8.9350068,40.7538269,0
                  8.9350138,40.7538279,0
                  8.9350188,40.7538299,0
                  8.9350248,40.7538319,0
                  8.9350308,40.7538339,0
                  8.9350368,40.7538359,0
                  8.9350428,40.7538389,0
                  8.9350478,40.7538419,0
                  8.9350538,40.7538449,0
                  8.9350588,40.7538489,0
                  8.9350648,40.7538519,0
                  8.9350698,40.7538559,0
                  8.9350738,40.7538609,0
                  8.9350788,40.7538649,0
                  8.9350838,40.7538699,0
                  8.9350878,40.7538759,0
                  8.9350928,40.7538809,0
                  8.9350968,40.7538869,0
                  8.9351018,40.7538939,0
                  8.9351058,40.7538999,0
                  8.9351098,40.7539069,0
                  8.9351138,40.7539149,0
                  8.9351168,40.7539219,0
                  8.9351208,40.7539299,0
                  8.9351248,40.7539389,0
                  8.9351278,40.7539469,0
                  8.9351308,40.7539569,0
                  8.9351338,40.7539659,0
                  8.9351368,40.7539759,0
                  8.9351398,40.7539869,0
                  8.9351418,40.7539969,0
                  8.9351448,40.7540079,0
                  8.9351478,40.7540189,0
                  8.9351498,40.7540309,0
                  8.9351528,40.7540419,0
                  8.9351548,40.7540549,0
                  8.9351568,40.7540669,0
                  8.9351588,40.7540799,0
                  8.9351608,40.7540929,0
                  8.9351628,40.7541069,0
                  8.9351648,40.7541209,0
                  8.9351668,40.7541349,0
                  8.9351678,40.7541499,0
                  8.9351688,40.7541649,0
                  8.9351708,40.7541799,0
                  8.9351718,40.7541959,0
                  8.9351728,40.7542129,0
                  8.9351728,40.7542299,0
                  8.9351738,40.7542469,0
                  8.9351748,40.7542649,0
                  8.9351748,40.7542829,0
                  8.9351758,40.7543009,0
                  8.9351758,40.7543199,0
                  8.9351758,40.7543389,0
                  8.9351768,40.7543579,0
                  8.9351768,40.7543779,0
                </coordinates>
              </LinearRing>
            </outerBoundaryIs>
          </Polygon>
          <Polygon>
            <outerBoundaryIs>
              <LinearRing>
                <tessellate>1</tessellate>
                <coordinates>
                  8.9507607,40.7561149,0
                  8.9507617,40.7561139,0
                  8.9507617,40.7561779,0
                  8.9507597,40.7562399,0
                  8.9507567,40.7563019,0
                  8.9507517,40.7563619,0
                  8.9507467,40.7564219,0
                  8.9507397,40.7564799,0
                  8.9507307,40.7565379,0
                  8.9507217,40.7565939,0
                  8.9507107,40.7566489,0
                  8.9506987,40.7567039,0
                  8.9506857,40.7567569,0
                  8.9506717,40.7568089,0
                  8.9506557,40.7568599,0
                  8.9506387,40.7569099,0
                  8.9506197,40.7569589,0
                  8.9506007,40.7570069,0
                  8.9505797,40.7570539,0
                  8.9505577,40.7570999,0
                  8.9505347,40.7571449,0
                  8.9505107,40.7571889,0
                  8.9504857,40.7572319,0
                  8.9504597,40.7572729,0
                  8.9504317,40.7573139,0
                  8.9504027,40.7573539,0
                  8.9503727,40.7573919,0
                  8.9503417,40.7574299,0
                  8.9503097,40.7574659,0
                  8.9502767,40.7575019,0
                  8.9502417,40.7575359,0
                  8.9502067,40.7575689,0
                  8.9501697,40.7576009,0
                  8.9501317,40.7576329,0
                  8.9500927,40.7576629,0
                  8.9500527,40.7576919,0
                  8.9500117,40.7577199,0
                  8.9499697,40.7577469,0
                  8.9499257,40.7577719,0
                  8.9498807,40.7577969,0
                  8.9498357,40.7578209,0
                  8.9497887,40.7578439,0
                  8.9497397,40.7578649,0
                  8.9496907,40.7578859,0
                  8.9496407,40.7579049,0
                  8.9495887,40.7579239,0
                  8.9495357,40.7579409,0
                  8.9494827,40.7579579,0
                  8.9494277,40.7579729,0
                  8.9493727,40.7579869,0
                  8.9493157,40.7579999,0
                  8.9492577,40.7580119,0
                  8.9491997,40.7580229,0
                  8.9491397,40.7580319,0
                  8.9490787,40.7580409,0
                  8.9490167,40.7580479,0
                  8.9489537,40.7580539,0
                  8.9488897,40.7580599,0
                  8.9488247,40.7580639,0
                  8.9487587,40.7580659,0
                  8.9486917,40.7580679,0
                  8.9486237,40.7580689,0
                  8.9485997,40.7580689,0
                  8.9485747,40.7580689,0
                  8.9485507,40.7580679,0
                  8.9485267,40.7580679,0
                  8.9485027,40.7580679,0
                  8.9484787,40.7580679,0
                  8.9484547,40.7580669,0
                  8.9484307,40.7580669,0
                  8.9484077,40.7580669,0
                  8.9483847,40.7580659,0
                  8.9483617,40.7580659,0
                  8.9483387,40.7580649,0
                  8.9483157,40.7580649,0
                  8.9482927,40.7580639,0
                  8.9482707,40.7580629,0
                  8.9482477,40.7580629,0
                  8.9482247,40.7580619,0
                  8.9482027,40.7580599,0
                  8.9481797,40.7580589,0
                  8.9481567,40.7580579,0
                  8.9481347,40.7580559,0
                  8.9481117,40.7580549,0
                  8.9480887,40.7580529,0
                  8.9480667,40.7580509,0
                  8.9480437,40.7580489,0
                  8.9480207,40.7580469,0
                  8.9479977,40.7580439,0
                  8.9479757,40.7580419,0
                  8.9479527,40.7580389,0
                  8.9479297,40.7580369,0
                  8.9479297,40.7594659,0
                  8.9501807,40.7594659,0
                  8.9501927,40.7594659,0
                  8.9502057,40.7594679,0
                  8.9502177,40.7594709,0
                  8.9502287,40.7594759,0
                  8.9502397,40.7594809,0
                  8.9502507,40.7594879,0
                  8.9502607,40.7594959,0
                  8.9502707,40.7595049,0
                  8.9502807,40.7595159,0
                  8.9502897,40.7595279,0
                  8.9502987,40.7595409,0
                  8.9503067,40.7595549,0
                  8.9503147,40.7595699,0
                  8.9503217,40.7595869,0
                  8.9503287,40.7596049,0
                  8.9503357,40.7596249,0
                  8.9503417,40.7596459,0
                  8.9503477,40.7596679,0
                  8.9503527,40.7596919,0
                  8.9503577,40.7597179,0
                  8.9503617,40.7597439,0
                  8.9503657,40.7597729,0
                  8.9503697,40.7598029,0
                  8.9503727,40.7598339,0
                  8.9503747,40.7598669,0
                  8.9503767,40.7599019,0
                  8.9503787,40.7599379,0
                  8.9503797,40.7599759,0
                  8.9503807,40.7600149,0
                  8.9503807,40.7600549,0
                  8.9503807,40.7600759,0
                  8.9503807,40.7600959,0
                  8.9503797,40.7601159,0
                  8.9503797,40.7601349,0
                  8.9503797,40.7601539,0
                  8.9503787,40.7601729,0
                  8.9503787,40.7601909,0
                  8.9503777,40.7602089,0
                  8.9503767,40.7602259,0
                  8.9503757,40.7602429,0
                  8.9503747,40.7602599,0
                  8.9503737,40.7602759,0
                  8.9503717,40.7602909,0
                  8.9503707,40.7603069,0
                  8.9503687,40.7603219,0
                  8.9503677,40.7603369,0
                  8.9503657,40.7603509,0
                  8.9503637,40.7603649,0
                  8.9503617,40.7603789,0
                  8.9503597,40.7603919,0
                  8.9503567,40.7604049,0
                  8.9503547,40.7604169,0
                  8.9503517,40.7604289,0
                  8.9503487,40.7604399,0
                  8.9503457,40.7604519,0
                  8.9503427,40.7604619,0
                  8.9503397,40.7604729,0
                  8.9503367,40.7604829,0
                  8.9503327,40.7604919,0
                  8.9503297,40.7605019,0
                  8.9503257,40.7605099,0
                  8.9503217,40.7605189,0
                  8.9503187,40.7605269,0
                  8.9503147,40.7605349,0
                  8.9503107,40.7605419,0
                  8.9503057,40.7605489,0
                  8.9503017,40.7605559,0
                  8.9502977,40.7605629,0
                  8.9502927,40.7605689,0
                  8.9502887,40.7605749,0
                  8.9502837,40.7605799,0
                  8.9502787,40.7605849,0
                  8.9502737,40.7605899,0
                  8.9502687,40.7605949,0
                  8.9502637,40.7605989,0
                  8.9502587,40.7606029,0
                  8.9502527,40.7606069,0
                  8.9502477,40.7606099,0
                  8.9502417,40.7606139,0
                  8.9502367,40.7606169,0
                  8.9502307,40.7606189,0
                  8.9502257,40.7606219,0
                  8.9502197,40.7606239,0
                  8.9502147,40.7606259,0
                  8.9502087,40.7606269,0
                  8.9502027,40.7606279,0
                  8.9501977,40.7606289,0
                  8.9501917,40.7606299,0
                  8.9501857,40.7606299,0
                  8.9501807,40.7606309,0
                  8.9471867,40.7606309,0
                  8.9471647,40.7606299,0
                  8.9471437,40.7606289,0
                  8.9471237,40.7606269,0
                  8.9471047,40.7606239,0
                  8.9470867,40.7606209,0
                  8.9470687,40.7606159,0
                  8.9470517,40.7606109,0
                  8.9470357,40.7606049,0
                  8.9470207,40.7605979,0
                  8.9470057,40.7605909,0
                  8.9469927,40.7605819,0
                  8.9469797,40.7605729,0
                  8.9469667,40.7605629,0
                  8.9469557,40.7605519,0
                  8.9469447,40.7605409,0
                  8.9469347,40.7605279,0
                  8.9469257,40.7605139,0
                  8.9469177,40.7604999,0
                  8.9469097,40.7604839,0
                  8.9469027,40.7604669,0
                  8.9468967,40.7604499,0
                  8.9468907,40.7604309,0
                  8.9468857,40.7604109,0
                  8.9468817,40.7603899,0
                  8.9468777,40.7603689,0
                  8.9468747,40.7603459,0
                  8.9468727,40.7603219,0
                  8.9468707,40.7602969,0
                  8.9468697,40.7602709,0
                  8.9468697,40.7602439,0
                  8.9468697,40.7573419,0
                  8.9468697,40.7573149,0
                  8.9468707,40.7572899,0
                  8.9468727,40.7572659,0
                  8.9468737,40.7572429,0
                  8.9468767,40.7572209,0
                  8.9468797,40.7572009,0
                  8.9468827,40.7571809,0
                  8.9468867,40.7571629,0
                  8.9468917,40.7571459,0
                  8.9468967,40.7571289,0
                  8.9469027,40.7571139,0
                  8.9469087,40.7570999,0
                  8.9469157,40.7570869,0
                  8.9469237,40.7570749,0
                  8.9469317,40.7570649,0
                  8.9469397,40.7570549,0
                  8.9469487,40.7570459,0
                  8.9469587,40.7570379,0
                  8.9469697,40.7570309,0
                  8.9469807,40.7570239,0
                  8.9469927,40.7570169,0
                  8.9470057,40.7570119,0
                  8.9470197,40.7570069,0
                  8.9470337,40.7570029,0
                  8.9470487,40.7569989,0
                  8.9470637,40.7569959,0
                  8.9470807,40.7569939,0
                  8.9470977,40.7569919,0
                  8.9471147,40.7569909,0
                  8.9471337,40.7569909,0
                  8.9471607,40.7569909,0
                  8.9471887,40.7569909,0
                  8.9472167,40.7569919,0
                  8.9472447,40.7569929,0
                  8.9472737,40.7569939,0
                  8.9473017,40.7569959,0
                  8.9473307,40.7569979,0
                  8.9473607,40.7569999,0
                  8.9473897,40.7570019,0
                  8.9474197,40.7570049,0
                  8.9474497,40.7570069,0
                  8.9474797,40.7570099,0
                  8.9475107,40.7570139,0
                  8.9475407,40.7570169,0
                  8.9475717,40.7570209,0
                  8.9476027,40.7570249,0
                  8.9476337,40.7570289,0
                  8.9476657,40.7570319,0
                  8.9476987,40.7570359,0
                  8.9477317,40.7570389,0
                  8.9477647,40.7570409,0
                  8.9477987,40.7570439,0
                  8.9478327,40.7570459,0
                  8.9478677,40.7570479,0
                  8.9479027,40.7570489,0
                  8.9479387,40.7570509,0
                  8.9479757,40.7570519,0
                  8.9480117,40.7570519,0
                  8.9480497,40.7570529,0
                  8.9480867,40.7570529,0
                  8.9481337,40.7570519,0
                  8.9481797,40.7570519,0
                  8.9482247,40.7570499,0
                  8.9482687,40.7570479,0
                  8.9483117,40.7570449,0
                  8.9483537,40.7570419,0
                  8.9483957,40.7570379,0
                  8.9484357,40.7570339,0
                  8.9484747,40.7570289,0
                  8.9485137,40.7570229,0
                  8.9485517,40.7570169,0
                  8.9485877,40.7570099,0
                  8.9486237,40.7570019,0
                  8.9486587,40.7569939,0
                  8.9486917,40.7569859,0
                  8.9487247,40.7569769,0
                  8.9487567,40.7569669,0
                  8.9487887,40.7569569,0
                  8.9488187,40.7569459,0
                  8.9488487,40.7569339,0
                  8.9488767,40.7569219,0
                  8.9489047,40.7569089,0
                  8.9489317,40.7568959,0
                  8.9489577,40.7568819,0
                  8.9489837,40.7568669,0
                  8.9490077,40.7568519,0
                  8.9490317,40.7568359,0
                  8.9490537,40.7568199,0
                  8.9490757,40.7568029,0
                  8.9490967,40.7567849,0
                  8.9491177,40.7567669,0
                  8.9491377,40.7567479,0
                  8.9491567,40.7567289,0
                  8.9491747,40.7567089,0
                  8.9491927,40.7566889,0
                  8.9492097,40.7566679,0
                  8.9492257,40.7566459,0
                  8.9492407,40.7566239,0
                  8.9492557,40.7566019,0
                  8.9492697,40.7565789,0
                  8.9492827,40.7565559,0
                  8.9492947,40.7565319,0
                  8.9493067,40.7565069,0
                  8.9493167,40.7564819,0
                  8.9493277,40.7564569,0
                  8.9493367,40.7564309,0
                  8.9493447,40.7564039,0
                  8.9493537,40.7563769,0
                  8.9493607,40.7563499,0
                  8.9493677,40.7563219,0
                  8.9493737,40.7562929,0
                  8.9493797,40.7562639,0
                  8.9493837,40.7562339,0
                  8.9493887,40.7562049,0
                  8.9493917,40.7561739,0
                  8.9493947,40.7561429,0
                  8.9493977,40.7561119,0
                  8.9493987,40.7560799,0
                  8.9493997,40.7560479,0
                  8.9494007,40.7560159,0
                  8.9493997,40.7559769,0
                  8.9493987,40.7559389,0
                  8.9493967,40.7559029,0
                  8.9493937,40.7558669,0
                  8.9493907,40.7558309,0
                  8.9493857,40.7557969,0
                  8.9493807,40.7557629,0
                  8.9493747,40.7557299,0
                  8.9493687,40.7556979,0
                  8.9493607,40.7556659,0
                  8.9493527,40.7556349,0
                  8.9493437,40.7556049,0
                  8.9493337,40.7555759,0
                  8.9493237,40.7555469,0
                  8.9493127,40.7555199,0
                  8.9492997,40.7554919,0
                  8.9492877,40.7554649,0
                  8.9492737,40.7554389,0
                  8.9492597,40.7554139,0
                  8.9492457,40.7553889,0
                  8.9492297,40.7553649,0
                  8.9492137,40.7553409,0
                  8.9491977,40.7553179,0
                  8.9491807,40.7552959,0
                  8.9491627,40.7552739,0
                  8.9491437,40.7552529,0
                  8.9491247,40.7552329,0
                  8.9491047,40.7552129,0
                  8.9490847,40.7551939,0
                  8.9490637,40.7551749,0
                  8.9490417,40.7551569,0
                  8.9490187,40.7551399,0
                  8.9489957,40.7551229,0
                  8.9489717,40.7551069,0
                  8.9489477,40.7550919,0
                  8.9489227,40.7550779,0
                  8.9488977,40.7550639,0
                  8.9488717,40.7550509,0
                  8.9488447,40.7550379,0
                  8.9488167,40.7550259,0
                  8.9487887,40.7550149,0
                  8.9487607,40.7550039,0
                  8.9487307,40.7549939,0
                  8.9487007,40.7549849,0
                  8.9486697,40.7549759,0
                  8.9486387,40.7549679,0
                  8.9486067,40.7549609,0
                  8.9485747,40.7549539,0
                  8.9485427,40.7549479,0
                  8.9485097,40.7549419,0
                  8.9484757,40.7549369,0
                  8.9484417,40.7549319,0
                  8.9484077,40.7549279,0
                  8.9483727,40.7549239,0
                  8.9483367,40.7549209,0
                  8.9483017,40.7549189,0
                  8.9482647,40.7549169,0
                  8.9482287,40.7549159,0
                  8.9481907,40.7549149,0
                  8.9481537,40.7549139,0
                  8.9481107,40.7549149,0
                  8.9480677,40.7549149,0
                  8.9480267,40.7549169,0
                  8.9479857,40.7549189,0
                  8.9479457,40.7549209,0
                  8.9479067,40.7549239,0
                  8.9478687,40.7549269,0
                  8.9478317,40.7549309,0
                  8.9477947,40.7549359,0
                  8.9477587,40.7549409,0
                  8.9477237,40.7549459,0
                  8.9476897,40.7549519,0
                  8.9476557,40.7549589,0
                  8.9476237,40.7549659,0
                  8.9475917,40.7549739,0
                  8.9475607,40.7549819,0
                  8.9475307,40.7549899,0
                  8.9475007,40.7549979,0
                  8.9474717,40.7550059,0
                  8.9474437,40.7550149,0
                  8.9474157,40.7550229,0
                  8.9473887,40.7550319,0
                  8.9473617,40.7550409,0
                  8.9473357,40.7550499,0
                  8.9473107,40.7550589,0
                  8.9472857,40.7550679,0
                  8.9472617,40.7550769,0
                  8.9472377,40.7550859,0
                  8.9472147,40.7550949,0
                  8.9471927,40.7551049,0
                  8.9471717,40.7551139,0
                  8.9471507,40.7551239,0
                  8.9471307,40.7551329,0
                  8.9471107,40.7551419,0
                  8.9470917,40.7551509,0
                  8.9470727,40.7551599,0
                  8.9470547,40.7551689,0
                  8.9470377,40.7551779,0
                  8.9470207,40.7551869,0
                  8.9470037,40.7551949,0
                  8.9469877,40.7552029,0
                  8.9469727,40.7552119,0
                  8.9469577,40.7552199,0
                  8.9469437,40.7552279,0
                  8.9469297,40.7552359,0
                  8.9469167,40.7552429,0
                  8.9469037,40.7552509,0
                  8.9468917,40.7552569,0
                  8.9468797,40.7552639,0
                  8.9468687,40.7552689,0
                  8.9468577,40.7552739,0
                  8.9468477,40.7552789,0
                  8.9468377,40.7552829,0
                  8.9468287,40.7552859,0
                  8.9468197,40.7552889,0
                  8.9468107,40.7552909,0
                  8.9468027,40.7552929,0
                  8.9467947,40.7552939,0
                  8.9467877,40.7552949,0
                  8.9467817,40.7552949,0
                  8.9467767,40.7552949,0
                  8.9467707,40.7552949,0
                  8.9467657,40.7552939,0
                  8.9467607,40.7552939,0
                  8.9467557,40.7552929,0
                  8.9467517,40.7552909,0
                  8.9467467,40.7552899,0
                  8.9467417,40.7552879,0
                  8.9467377,40.7552859,0
                  8.9467337,40.7552839,0
                  8.9467287,40.7552809,0
                  8.9467247,40.7552789,0
                  8.9467207,40.7552759,0
                  8.9467177,40.7552729,0
                  8.9467137,40.7552689,0
                  8.9467097,40.7552659,0
                  8.9467057,40.7552619,0
                  8.9467017,40.7552579,0
                  8.9466977,40.7552539,0
                  8.9466947,40.7552489,0
                  8.9466907,40.7552439,0
                  8.9466877,40.7552379,0
                  8.9466837,40.7552319,0
                  8.9466807,40.7552259,0
                  8.9466767,40.7552189,0
                  8.9466737,40.7552119,0
                  8.9466707,40.7552049,0
                  8.9466677,40.7551969,0
                  8.9466647,40.7551889,0
                  8.9466617,40.7551809,0
                  8.9466587,40.7551729,0
                  8.9466557,40.7551639,0
                  8.9466527,40.7551549,0
                  8.9466507,40.7551459,0
                  8.9466477,40.7551359,0
                  8.9466457,40.7551259,0
                  8.9466437,40.7551149,0
                  8.9466417,40.7551039,0
                  8.9466397,40.7550929,0
                  8.9466377,40.7550819,0
                  8.9466357,40.7550699,0
                  8.9466337,40.7550579,0
                  8.9466327,40.7550449,0
                  8.9466307,40.7550319,0
                  8.9466297,40.7550189,0
                  8.9466287,40.7550049,0
                  8.9466277,40.7549909,0
                  8.9466267,40.7549769,0
                  8.9466257,40.7549619,0
                  8.9466247,40.7549469,0
                  8.9466237,40.7549319,0
                  8.9466227,40.7549159,0
                  8.9466227,40.7548989,0
                  8.9466217,40.7548829,0
                  8.9466207,40.7548659,0
                  8.9466207,40.7548479,0
                  8.9466207,40.7548299,0
                  8.9466197,40.7548119,0
                  8.9466197,40.7547929,0
                  8.9466197,40.7547739,0
                  8.9466197,40.7547559,0
                  8.9466197,40.7547379,0
                  8.9466207,40.7547209,0
                  8.9466207,40.7547039,0
                  8.9466207,40.7546879,0
                  8.9466207,40.7546719,0
                  8.9466207,40.7546559,0
                  8.9466217,40.7546399,0
                  8.9466217,40.7546249,0
                  8.9466227,40.7546099,0
                  8.9466227,40.7545959,0
                  8.9466237,40.7545819,0
                  8.9466237,40.7545679,0
                  8.9466247,40.7545539,0
                  8.9466247,40.7545409,0
                  8.9466257,40.7545279,0
                  8.9466267,40.7545149,0
                  8.9466277,40.7545029,0
                  8.9466287,40.7544909,0
                  8.9466297,40.7544789,0
                  8.9466307,40.7544669,0
                  8.9466317,40.7544559,0
                  8.9466327,40.7544449,0
                  8.9466337,40.7544349,0
                  8.9466347,40.7544239,0
                  8.9466357,40.7544139,0
                  8.9466377,40.7544039,0
                  8.9466387,40.7543949,0
                  8.9466407,40.7543859,0
                  8.9466417,40.7543769,0
                  8.9466437,40.7543679,0
                  8.9466457,40.7543599,0
                  8.9466467,40.7543519,0
                  8.9466487,40.7543439,0
                  8.9466507,40.7543359,0
                  8.9466527,40.7543279,0
                  8.9466547,40.7543209,0
                  8.9466567,40.7543129,0
                  8.9466587,40.7543059,0
                  8.9466617,40.7542989,0
                  8.9466637,40.7542919,0
                  8.9466657,40.7542849,0
                  8.9466687,40.7542789,0
                  8.9466707,40.7542719,0
                  8.9466737,40.7542659,0
                  8.9466767,40.7542599,0
                  8.9466797,40.7542539,0
                  8.9466827,40.7542479,0
                  8.9466857,40.7542419,0
                  8.9466897,40.7542359,0
                  8.9466927,40.7542299,0
                  8.9466967,40.7542249,0
                  8.9467007,40.7542189,0
                  8.9467057,40.7542129,0
                  8.9467097,40.7542079,0
                  8.9467147,40.7542019,0
                  8.9467197,40.7541969,0
                  8.9467247,40.7541919,0
                  8.9467297,40.7541859,0
                  8.9467357,40.7541809,0
                  8.9467407,40.7541749,0
                  8.9467477,40.7541699,0
                  8.9467557,40.7541639,0
                  8.9467637,40.7541589,0
                  8.9467727,40.7541529,0
                  8.9467827,40.7541459,0
                  8.9467937,40.7541399,0
                  8.9468057,40.7541339,0
                  8.9468177,40.7541269,0
                  8.9468317,40.7541199,0
                  8.9468457,40.7541129,0
                  8.9468607,40.7541049,0
                  8.9468767,40.7540979,0
                  8.9468927,40.7540899,0
                  8.9469097,40.7540819,0
                  8.9469287,40.7540739,0
                  8.9469477,40.7540659,0
                  8.9469667,40.7540579,0
                  8.9469877,40.7540499,0
                  8.9470087,40.7540419,0
                  8.9470297,40.7540339,0
                  8.9470527,40.7540259,0
                  8.9470757,40.7540179,0
                  8.9470987,40.7540099,0
                  8.9471237,40.7540019,0
                  8.9471487,40.7539939,0
                  8.9471737,40.7539859,0
                  8.9472007,40.7539779,0
                  8.9472277,40.7539699,0
                  8.9472547,40.7539619,0
                  8.9472837,40.7539539,0
                  8.9473117,40.7539469,0
                  8.9473417,40.7539389,0
                  8.9473707,40.7539319,0
                  8.9474007,40.7539249,0
                  8.9474317,40.7539179,0
                  8.9474627,40.7539109,0
                  8.9474937,40.7539049,0
                  8.9475257,40.7538979,0
                  8.9475587,40.7538919,0
                  8.9475917,40.7538859,0
                  8.9476247,40.7538799,0
                  8.9476587,40.7538739,0
                  8.9476937,40.7538689,0
                  8.9477287,40.7538629,0
                  8.9477637,40.7538579,0
                  8.9477997,40.7538529,0
                  8.9478347,40.7538489,0
                  8.9478707,40.7538449,0
                  8.9479077,40.7538409,0
                  8.9479437,40.7538379,0
                  8.9479807,40.7538349,0
                  8.9480177,40.7538319,0
                  8.9480557,40.7538299,0
                  8.9480937,40.7538279,0
                  8.9481317,40.7538269,0
                  8.9481697,40.7538259,0
                  8.9482077,40.7538249,0
                  8.9482467,40.7538239,0
                  8.9482857,40.7538239,0
                  8.9483597,40.7538249,0
                  8.9484317,40.7538269,0
                  8.9485037,40.7538299,0
                  8.9485757,40.7538349,0
                  8.9486457,40.7538409,0
                  8.9487147,40.7538489,0
                  8.9487827,40.7538579,0
                  8.9488507,40.7538679,0
                  8.9489177,40.7538799,0
                  8.9489827,40.7538929,0
                  8.9490477,40.7539069,0
                  8.9491117,40.7539229,0
                  8.9491747,40.7539409,0
                  8.9492377,40.7539589,0
                  8.9492987,40.7539789,0
                  8.9493587,40.7540009,0
                  8.9494177,40.7540229,0
                  8.9494757,40.7540469,0
                  8.9495317,40.7540719,0
                  8.9495877,40.7540979,0
                  8.9496417,40.7541259,0
                  8.9496947,40.7541539,0
                  8.9497467,40.7541839,0
                  8.9497977,40.7542149,0
                  8.9498477,40.7542469,0
                  8.9498957,40.7542799,0
                  8.9499437,40.7543149,0
                  8.9499897,40.7543509,0
                  8.9500347,40.7543879,0
                  8.9500787,40.7544259,0
                  8.9501217,40.7544659,0
                  8.9501627,40.7545069,0
                  8.9502027,40.7545489,0
                  8.9502417,40.7545919,0
                  8.9502797,40.7546369,0
                  8.9503157,40.7546819,0
                  8.9503507,40.7547289,0
                  8.9503847,40.7547769,0
                  8.9504167,40.7548259,0
                  8.9504477,40.7548769,0
                  8.9504767,40.7549279,0
                  8.9505057,40.7549809,0
                  8.9505327,40.7550349,0
                  8.9505577,40.7550899,0
                  8.9505827,40.7551459,0
                  8.9506057,40.7552029,0
                  8.9506267,40.7552619,0
                  8.9506467,40.7553209,0
                  8.9506647,40.7553819,0
                  8.9506817,40.7554429,0
                  8.9506967,40.7555049,0
                  8.9507097,40.7555689,0
                  8.9507217,40.7556339,0
                  8.9507317,40.7556989,0
                  8.9507407,40.7557659,0
                  8.9507477,40.7558339,0
                  8.9507537,40.7559019,0
                  8.9507577,40.7559719,0
                  8.9507597,40.7560429,0
                  8.9507607,40.7561149,0
                </coordinates>
              </LinearRing>
            </outerBoundaryIs>
          </Polygon>
        </MultiGeometry>
      </Placemark>
      <Placemark>
        <name>Turrina Manna</name>
        <styleUrl>#poly-F9F9F9-1200-255-nodesc</styleUrl>
        <MultiGeometry>
          <Polygon>
            <outerBoundaryIs>
              <LinearRing>
                <tessellate>1</tessellate>
                <coordinates>
                  8.969573,40.76474,0
                  8.968151,40.76474,0
                  8.968066,40.764438,0
                  8.968549,40.764438,0
                  8.968203,40.763207,0
                  8.968661,40.763207,0
                  8.969007,40.764438,0
                  8.969489,40.764438,0
                  8.969573,40.76474,0
                </coordinates>
              </LinearRing>
            </outerBoundaryIs>
          </Polygon>
          <Polygon>
            <outerBoundaryIs>
              <LinearRing>
                <tessellate>1</tessellate>
                <coordinates>
                  8.975195,40.763991,0
                  8.975202,40.764024,0
                  8.975207,40.764056,0
                  8.975208,40.764087,0
                  8.975205,40.764117,0
                  8.975199,40.764146,0
                  8.97519,40.764174,0
                  8.975177,40.764201,0
                  8.975161,40.764227,0
                  8.975141,40.764252,0
                  8.975118,40.764275,0
                  8.975093,40.764297,0
                  8.975065,40.764317,0
                  8.975035,40.764335,0
                  8.975003,40.76435,0
                  8.974969,40.764362,0
                  8.974933,40.764373,0
                  8.974895,40.764381,0
                  8.974856,40.764387,0
                  8.974814,40.76439,0
                  8.97477,40.764391,0
                  8.974646,40.764391,0
                  8.974602,40.76439,0
                  8.974558,40.764387,0
                  8.974515,40.764381,0
                  8.974472,40.764373,0
                  8.974431,40.764362,0
                  8.97439,40.76435,0
                  8.974349,40.764335,0
                  8.97431,40.764317,0
                  8.974271,40.764297,0
                  8.974233,40.764275,0
                  8.974196,40.764252,0
                  8.974163,40.764227,0
                  8.974132,40.764201,0
                  8.974104,40.764174,0
                  8.974079,40.764146,0
                  8.974056,40.764117,0
                  8.974037,40.764087,0
                  8.97402,40.764056,0
                  8.974007,40.764024,0
                  8.973996,40.763991,0
                  8.973776,40.763207,0
                  8.974216,40.763207,0
                  8.974439,40.764006,0
                  8.974442,40.764014,0
                  8.974446,40.764023,0
                  8.97445,40.764031,0
                  8.974456,40.764039,0
                  8.974462,40.764047,0
                  8.974468,40.764054,0
                  8.974475,40.764062,0
                  8.974484,40.764069,0
                  8.974492,40.764076,0
                  8.974502,40.764082,0
                  8.974512,40.764089,0
                  8.974522,40.764094,0
                  8.974532,40.764099,0
                  8.974542,40.764104,0
                  8.974553,40.764107,0
                  8.974564,40.76411,0
                  8.974574,40.764112,0
                  8.974585,40.764114,0
                  8.974597,40.764115,0
                  8.974608,40.764115,0
                  8.974654,40.764115,0
                  8.974665,40.764115,0
                  8.974675,40.764114,0
                  8.974685,40.764112,0
                  8.974695,40.76411,0
                  8.974704,40.764107,0
                  8.974712,40.764103,0
                  8.97472,40.764099,0
                  8.974728,40.764094,0
                  8.974735,40.764088,0
                  8.974741,40.764082,0
                  8.974747,40.764075,0
                  8.974752,40.764068,0
                  8.974756,40.764061,0
                  8.974759,40.764054,0
                  8.974762,40.764046,0
                  8.974763,40.764038,0
                  8.974764,40.764031,0
                  8.974763,40.764022,0
                  8.974762,40.764014,0
                  8.97476,40.764006,0
                  8.974537,40.763207,0
                  8.974975,40.763207,0
                  8.975195,40.763991,0
                </coordinates>
              </LinearRing>
            </outerBoundaryIs>
          </Polygon>
          <Polygon>
            <outerBoundaryIs>
              <LinearRing>
                <tessellate>1</tessellate>
                <coordinates>
                  8.970643,40.764347,0
                  8.970205,40.764347,0
                  8.969986,40.763568,0
                  8.969984,40.76356,0
                  8.96998,40.763551,0
                  8.969976,40.763543,0
                  8.969971,40.763535,0
                  8.969965,40.763527,0
                  8.969958,40.76352,0
                  8.969951,40.763512,0
                  8.969943,40.763505,0
                  8.969934,40.763498,0
                  8.969924,40.763491,0
                  8.969914,40.763484,0
                  8.969903,40.763479,0
                  8.969893,40.763473,0
                  8.969882,40.763469,0
                  8.969872,40.763465,0
                  8.969861,40.763462,0
                  8.96985,40.76346,0
                  8.969839,40.763458,0
                  8.969828,40.763457,0
                  8.969817,40.763457,0
                  8.969771,40.763457,0
                  8.969759,40.763457,0
                  8.969749,40.763458,0
                  8.969739,40.76346,0
                  8.969729,40.763462,0
                  8.969721,40.763465,0
                  8.969712,40.763469,0
                  8.969704,40.763473,0
                  8.969697,40.763478,0
                  8.96969,40.763484,0
                  8.969684,40.76349,0
                  8.969678,40.763497,0
                  8.969673,40.763504,0
                  8.969669,40.763512,0
                  8.969666,40.763519,0
                  8.969664,40.763527,0
                  8.969663,40.763535,0
                  8.969662,40.763543,0
                  8.969662,40.763551,0
                  8.969663,40.763559,0
                  8.969665,40.763568,0
                  8.969884,40.764347,0
                  8.969444,40.764347,0
                  8.96923,40.763583,0
                  8.969222,40.76355,0
                  8.969218,40.763518,0
                  8.969217,40.763487,0
                  8.969219,40.763457,0
                  8.969225,40.763428,0
                  8.969235,40.7634,0
                  8.969248,40.763373,0
                  8.969264,40.763347,0
                  8.969284,40.763322,0
                  8.969307,40.763299,0
                  8.969333,40.763276,0
                  8.96936,40.763257,0
                  8.96939,40.763239,0
                  8.969422,40.763224,0
                  8.969456,40.763211,0
                  8.969492,40.763201,0
                  8.969529,40.763193,0
                  8.969569,40.763187,0
                  8.969611,40.763184,0
                  8.969655,40.763182,0
                  8.969778,40.763182,0
                  8.969823,40.763184,0
                  8.969867,40.763187,0
                  8.96991,40.763193,0
                  8.969953,40.763201,0
                  8.969994,40.763211,0
                  8.970035,40.763224,0
                  8.970076,40.763239,0
                  8.970115,40.763257,0
                  8.970154,40.763276,0
                  8.970192,40.763299,0
                  8.970229,40.763322,0
                  8.970262,40.763347,0
                  8.970293,40.763373,0
                  8.970321,40.7634,0
                  8.970346,40.763428,0
                  8.970368,40.763457,0
                  8.970387,40.763487,0
                  8.970404,40.763518,0
                  8.970418,40.76355,0
                  8.970428,40.763583,0
                  8.970643,40.764347,0
                </coordinates>
              </LinearRing>
            </outerBoundaryIs>
          </Polygon>
          <Polygon>
            <outerBoundaryIs>
              <LinearRing>
                <tessellate>1</tessellate>
                <coordinates>
                  8.976695,40.764,0
                  8.976703,40.764034,0
                  8.976708,40.764067,0
                  8.976711,40.764098,0
                  8.97671,40.764128,0
                  8.976706,40.764157,0
                  8.9767,40.764184,0
                  8.97669,40.76421,0
                  8.976677,40.764235,0
                  8.976662,40.764258,0
                  8.976643,40.76428,0
                  8.976621,40.764301,0
                  8.976595,40.76432,0
                  8.976567,40.764337,0
                  8.976535,40.764351,0
                  8.976501,40.764364,0
                  8.976464,40.764374,0
                  8.976424,40.764381,0
                  8.976381,40.764387,0
                  8.976335,40.76439,0
                  8.976287,40.764391,0
                  8.976125,40.764391,0
                  8.976074,40.764391,0
                  8.976024,40.764389,0
                  8.975976,40.764385,0
                  8.975929,40.764381,0
                  8.975884,40.764375,0
                  8.975841,40.764367,0
                  8.975799,40.764358,0
                  8.975759,40.764348,0
                  8.97572,40.764337,0
                  8.975683,40.764324,0
                  8.975728,40.764087,0
                  8.975756,40.764097,0
                  8.975786,40.764106,0
                  8.975817,40.764113,0
                  8.975848,40.76412,0
                  8.97588,40.764126,0
                  8.975913,40.76413,0
                  8.975947,40.764134,0
                  8.975982,40.764136,0
                  8.976017,40.764138,0
                  8.976054,40.764138,0
                  8.976138,40.764138,0
                  8.976168,40.764137,0
                  8.976193,40.764133,0
                  8.976215,40.764127,0
                  8.976233,40.764118,0
                  8.976247,40.764107,0
                  8.976257,40.764093,0
                  8.976263,40.764077,0
                  8.976266,40.764059,0
                  8.976264,40.764037,0
                  8.976259,40.764014,0
                  8.976239,40.763942,0
                  8.976234,40.763943,0
                  8.976226,40.763944,0
                  8.976217,40.763945,0
                  8.976206,40.763946,0
                  8.976193,40.763946,0
                  8.976179,40.763947,0
                  8.976162,40.763947,0
                  8.976144,40.763948,0
                  8.976124,40.763948,0
                  8.976103,40.763948,0
                  8.975989,40.763948,0
                  8.975939,40.763947,0
                  8.975891,40.763944,0
                  8.975844,40.763938,0
                  8.975799,40.763931,0
                  8.975756,40.763921,0
                  8.975715,40.763909,0
                  8.975676,40.763895,0
                  8.975639,40.763879,0
                  8.975603,40.763861,0
                  8.97557,40.76384,0
                  8.975541,40.76382,0
                  8.975515,40.763799,0
                  8.975491,40.763777,0
                  8.975469,40.763753,0
                  8.975449,40.763728,0
                  8.97543,40.763702,0
                  8.975414,40.763674,0
                  8.9754,40.763645,0
                  8.975388,40.763615,0
                  8.975378,40.763583,0
                  8.975368,40.763545,0
                  8.975362,40.763509,0
                  8.97536,40.763474,0
                  8.975361,40.763441,0
                  8.975366,40.76341,0
                  8.975374,40.763381,0
                  8.975386,40.763354,0
                  8.975401,40.763329,0
                  8.97542,40.763305,0
                  8.975442,40.763283,0
                  8.975466,40.763264,0
                  8.975493,40.763247,0
                  8.975523,40.763232,0
                  8.975555,40.763219,0
                  8.975589,40.763208,0
                  8.975627,40.763199,0
                  8.975667,40.763191,0
                  8.975709,40.763186,0
                  8.975755,40.763183,0
                  8.975803,40.763182,0
                  8.975955,40.763182,0
                  8.976,40.763183,0
                  8.976044,40.763187,0
                  8.976087,40.763192,0
                  8.976128,40.763199,0
                  8.976169,40.763209,0
                  8.976208,40.76322,0
                  8.976246,40.763234,0
                  8.976283,40.763249,0
                  8.976319,40.763267,0
                  8.976353,40.763287,0
                  8.976386,40.763309,0
                  8.976417,40.763331,0
                  8.976444,40.763356,0
                  8.97647,40.763381,0
                  8.976493,40.763408,0
                  8.976513,40.763436,0
                  8.976532,40.763465,0
                  8.976547,40.763495,0
                  8.97656,40.763527,0
                  8.976571,40.76356,0
                  8.976695,40.764,0
                </coordinates>
              </LinearRing>
            </outerBoundaryIs>
            <innerBoundaryIs>
              <LinearRing>
                <tessellate>1</tessellate>
                <coordinates>
                  8.976165,40.763692,0
                  8.976159,40.763693,0
                  8.976151,40.763694,0
                  8.976141,40.763695,0
                  8.976129,40.763696,0
                  8.976114,40.763697,0
                  8.976097,40.763697,0
                  8.976078,40.763697,0
                  8.976056,40.763698,0
                  8.976033,40.763698,0
                  8.975987,40.763698,0
                  8.97596,40.763697,0
                  8.975936,40.763693,0
                  8.975914,40.763688,0
                  8.975894,40.76368,0
                  8.975876,40.76367,0
                  8.97586,40.763658,0
                  8.975847,40.763644,0
                  8.975835,40.763627,0
                  8.975826,40.763608,0
                  8.975818,40.763587,0
                  8.975809,40.763556,0
                  8.975807,40.763547,0
                  8.975806,40.763539,0
                  8.975806,40.76353,0
                  8.975807,40.763522,0
                  8.975808,40.763514,0
                  8.97581,40.763507,0
                  8.975814,40.763499,0
                  8.975818,40.763492,0
                  8.975822,40.763485,0
                  8.975828,40.763478,0
                  8.975835,40.763472,0
                  8.975842,40.763466,0
                  8.975849,40.763461,0
                  8.975857,40.763457,0
                  8.975866,40.763453,0
                  8.975875,40.76345,0
                  8.975884,40.763448,0
                  8.975894,40.763446,0
                  8.975905,40.763445,0
                  8.975916,40.763445,0
                  8.975962,40.763445,0
                  8.975988,40.763446,0
                  8.976013,40.763449,0
                  8.976035,40.763454,0
                  8.976055,40.763462,0
                  8.976073,40.763471,0
                  8.976089,40.763483,0
                  8.976102,40.763497,0
                  8.976114,40.763513,0
                  8.976123,40.763532,0
                  8.97613,40.763552,0
                  8.976168,40.763691,0
                  8.976165,40.763692,0
                </coordinates>
              </LinearRing>
            </innerBoundaryIs>
          </Polygon>
          <Polygon>
            <outerBoundaryIs>
              <LinearRing>
                <tessellate>1</tessellate>
                <coordinates>
                  8.972013,40.76432,0
                  8.971982,40.764333,0
                  8.971949,40.764346,0
                  8.971914,40.764356,0
                  8.971877,40.764366,0
                  8.971837,40.764374,0
                  8.971796,40.76438,0
                  8.971753,40.764385,0
                  8.971708,40.764389,0
                  8.971661,40.764391,0
                  8.971611,40.764391,0
                  8.971544,40.764391,0
                  8.971494,40.76439,0
                  8.971446,40.764387,0
                  8.971399,40.764381,0
                  8.971354,40.764374,0
                  8.97131,40.764364,0
                  8.971268,40.764351,0
                  8.971227,40.764337,0
                  8.971189,40.76432,0
                  8.971151,40.764301,0
                  8.971115,40.76428,0
                  8.971083,40.764258,0
                  8.971052,40.764234,0
                  8.971024,40.764209,0
                  8.970999,40.764182,0
                  8.970975,40.764154,0
                  8.970954,40.764124,0
                  8.970936,40.764093,0
                  8.97092,40.76406,0
                  8.970906,40.764026,0
                  8.970894,40.763991,0
                  8.970675,40.763207,0
                  8.971114,40.763207,0
                  8.97134,40.764016,0
                  8.971348,40.764038,0
                  8.971358,40.764058,0
                  8.97137,40.764076,0
                  8.971384,40.764092,0
                  8.9714,40.764105,0
                  8.971418,40.764115,0
                  8.971439,40.764124,0
                  8.971461,40.76413,0
                  8.971485,40.764133,0
                  8.971511,40.764134,0
                  8.971539,40.764134,0
                  8.971576,40.764134,0
                  8.971612,40.764132,0
                  8.971646,40.76413,0
                  8.971678,40.764126,0
                  8.971709,40.764122,0
                  8.971738,40.764116,0
                  8.971765,40.764109,0
                  8.97179,40.764102,0
                  8.971814,40.764093,0
                  8.971836,40.764083,0
                  8.972013,40.76432,0
                </coordinates>
              </LinearRing>
            </outerBoundaryIs>
          </Polygon>
          <Polygon>
            <outerBoundaryIs>
              <LinearRing>
                <tessellate>1</tessellate>
                <coordinates>
                  8.973117,40.76432,0
                  8.973086,40.764333,0
                  8.973053,40.764346,0
                  8.973018,40.764356,0
                  8.972981,40.764366,0
                  8.972942,40.764374,0
                  8.9729,40.76438,0
                  8.972857,40.764385,0
                  8.972812,40.764389,0
                  8.972765,40.764391,0
                  8.972715,40.764391,0
                  8.972648,40.764391,0
                  8.972598,40.76439,0
                  8.97255,40.764387,0
                  8.972503,40.764381,0
                  8.972458,40.764374,0
                  8.972414,40.764364,0
                  8.972372,40.764351,0
                  8.972332,40.764337,0
                  8.972293,40.76432,0
                  8.972255,40.764301,0
                  8.972219,40.76428,0
                  8.972187,40.764258,0
                  8.972156,40.764234,0
                  8.972128,40.764209,0
                  8.972103,40.764182,0
                  8.972079,40.764154,0
                  8.972058,40.764124,0
                  8.97204,40.764093,0
                  8.972024,40.76406,0
                  8.97201,40.764026,0
                  8.971998,40.763991,0
                  8.971779,40.763207,0
                  8.972218,40.763207,0
                  8.972444,40.764016,0
                  8.972452,40.764038,0
                  8.972462,40.764058,0
                  8.972474,40.764076,0
                  8.972488,40.764092,0
                  8.972504,40.764105,0
                  8.972522,40.764115,0
                  8.972543,40.764124,0
                  8.972565,40.76413,0
                  8.972589,40.764133,0
                  8.972615,40.764134,0
                  8.972643,40.764134,0
                  8.97268,40.764134,0
                  8.972716,40.764132,0
                  8.97275,40.76413,0
                  8.972782,40.764126,0
                  8.972813,40.764122,0
                  8.972842,40.764116,0
                  8.972869,40.764109,0
                  8.972895,40.764102,0
                  8.972918,40.764093,0
                  8.972941,40.764083,0
                  8.973117,40.76432,0
                </coordinates>
              </LinearRing>
            </outerBoundaryIs>
          </Polygon>
          <Polygon>
            <outerBoundaryIs>
              <LinearRing>
                <tessellate>1</tessellate>
                <coordinates>
                  8.973731,40.764347,0
                  8.973292,40.764347,0
                  8.972972,40.763207,0
                  8.973412,40.763207,0
                  8.973731,40.764347,0
                </coordinates>
              </LinearRing>
            </outerBoundaryIs>
          </Polygon>
          <Polygon>
            <outerBoundaryIs>
              <LinearRing>
                <tessellate>1</tessellate>
                <coordinates>
                  8.973842,40.76474,0
                  8.973402,40.76474,0
                  8.973327,40.764473,0
                  8.973767,40.764473,0
                  8.973842,40.76474,0
                </coordinates>
              </LinearRing>
            </outerBoundaryIs>
          </Polygon>
          <Polygon>
            <outerBoundaryIs>
              <LinearRing>
                <tessellate>1</tessellate>
                <coordinates>
                  8.970461,40.762903,0
                  8.969963,40.762903,0
                  8.969656,40.762509,0
                  8.969606,40.762444,0
                  8.969561,40.762385,0
                  8.96952,40.762331,0
                  8.969484,40.762282,0
                  8.969451,40.762239,0
                  8.969424,40.762201,0
                  8.969401,40.762169,0
                  8.969382,40.762142,0
                  8.969368,40.762121,0
                  8.969358,40.762105,0
                  8.969356,40.762102,0
                  8.969354,40.7621,0
                  8.969352,40.762098,0
                  8.969349,40.762096,0
                  8.969347,40.762094,0
                  8.969344,40.762093,0
                  8.969341,40.762092,0
                  8.969337,40.762091,0
                  8.969334,40.762091,0
                  8.96933,40.762091,0
                  8.969326,40.762091,0
                  8.969322,40.762091,0
                  8.969319,40.762092,0
                  8.969317,40.762093,0
                  8.969314,40.762094,0
                  8.969312,40.762096,0
                  8.969311,40.762098,0
                  8.96931,40.7621,0
                  8.969309,40.762102,0
                  8.969309,40.762105,0
                  8.969301,40.762154,0
                  8.969294,40.762202,0
                  8.969286,40.762247,0
                  8.969279,40.762291,0
                  8.969272,40.762332,0
                  8.969265,40.762371,0
                  8.969257,40.762409,0
                  8.96925,40.762444,0
                  8.969243,40.762478,0
                  8.969237,40.762509,0
                  8.969153,40.762903,0
                  8.968656,40.762903,0
                  8.968114,40.76137,0
                  8.968542,40.76137,0
                  8.968646,40.761688,0
                  8.968648,40.761694,0
                  8.968651,40.761706,0
                  8.968657,40.761723,0
                  8.968665,40.761746,0
                  8.968674,40.761775,0
                  8.968686,40.76181,0
                  8.9687,40.761851,0
                  8.968715,40.761897,0
                  8.968733,40.761949,0
                  8.968752,40.762007,0
                  8.968766,40.762047,0
                  8.968778,40.762084,0
                  8.968789,40.762118,0
                  8.968799,40.762149,0
                  8.968808,40.762178,0
                  8.968816,40.762203,0
                  8.968823,40.762225,0
                  8.968829,40.762244,0
                  8.968833,40.762261,0
                  8.968837,40.762274,0
                  8.968837,40.762278,0
                  8.968838,40.762281,0
                  8.96884,40.762284,0
                  8.968842,40.762286,0
                  8.968844,40.762288,0
                  8.968848,40.76229,0
                  8.968851,40.762291,0
                  8.968856,40.762292,0
                  8.96886,40.762293,0
                  8.968866,40.762293,0
                  8.968869,40.762293,0
                  8.968873,40.762293,0
                  8.968876,40.762292,0
                  8.968878,40.762291,0
                  8.968881,40.76229,0
                  8.968883,40.762288,0
                  8.968884,40.762287,0
                  8.968885,40.762285,0
                  8.968886,40.762283,0
                  8.968887,40.76228,0
                  8.968985,40.761748,0
                  8.968992,40.761717,0
                  8.969003,40.76169,0
                  8.969016,40.761666,0
                  8.969032,40.761645,0
                  8.96905,40.761627,0
                  8.969072,40.761612,0
                  8.969097,40.761601,0
                  8.969124,40.761593,0
                  8.969155,40.761588,0
                  8.969188,40.761586,0
                  8.969222,40.761588,0
                  8.969255,40.761593,0
                  8.969287,40.761601,0
                  8.969318,40.761612,0
                  8.969347,40.761627,0
                  8.969376,40.761645,0
                  8.969404,40.761666,0
                  8.969431,40.76169,0
                  8.969457,40.761717,0
                  8.969481,40.761748,0
                  8.969879,40.76228,0
                  8.969881,40.762283,0
                  8.969883,40.762285,0
                  8.969885,40.762287,0
                  8.969888,40.762288,0
                  8.96989,40.76229,0
                  8.969893,40.762291,0
                  8.969896,40.762292,0
                  8.969899,40.762293,0
                  8.969903,40.762293,0
                  8.969906,40.762293,0
                  8.969911,40.762293,0
                  8.969915,40.762292,0
                  8.969918,40.762291,0
                  8.969921,40.76229,0
                  8.969923,40.762288,0
                  8.969924,40.762286,0
                  8.969925,40.762284,0
                  8.969926,40.762281,0
                  8.969926,40.762278,0
                  8.969925,40.762274,0
                  8.969921,40.762258,0
                  8.969914,40.762233,0
                  8.969906,40.762198,0
                  8.969895,40.762154,0
                  8.969883,40.7621,0
                  8.969868,40.762037,0
                  8.969851,40.761964,0
                  8.969832,40.761882,0
                  8.969811,40.76179,0
                  8.969788,40.761688,0
                  8.969714,40.76137,0
                  8.970154,40.76137,0
                  8.970461,40.762903,0
                </coordinates>
              </LinearRing>
            </outerBoundaryIs>
          </Polygon>
          <Polygon>
            <outerBoundaryIs>
              <LinearRing>
                <tessellate>1</tessellate>
                <coordinates>
                  8.973392,40.762154,0
                  8.9734,40.762187,0
                  8.973404,40.762219,0
                  8.973405,40.76225,0
                  8.973403,40.76228,0
                  8.973397,40.762309,0
                  8.973387,40.762337,0
                  8.973375,40.762364,0
                  8.973358,40.76239,0
                  8.973339,40.762414,0
                  8.973316,40.762438,0
                  8.97329,40.76246,0
                  8.973262,40.76248,0
                  8.973233,40.762497,0
                  8.973201,40.762512,0
                  8.973167,40.762525,0
                  8.973131,40.762536,0
                  8.973093,40.762544,0
                  8.973053,40.76255,0
                  8.973011,40.762553,0
                  8.972967,40.762554,0
                  8.972843,40.762554,0
                  8.972799,40.762553,0
                  8.972755,40.76255,0
                  8.972712,40.762544,0
                  8.97267,40.762536,0
                  8.972628,40.762525,0
                  8.972587,40.762512,0
                  8.972547,40.762497,0
                  8.972507,40.76248,0
                  8.972469,40.76246,0
                  8.97243,40.762438,0
                  8.972394,40.762414,0
                  8.97236,40.76239,0
                  8.972329,40.762364,0
                  8.972301,40.762337,0
                  8.972276,40.762309,0
                  8.972254,40.76228,0
                  8.972235,40.76225,0
                  8.972218,40.762219,0
                  8.972204,40.762187,0
                  8.972193,40.762154,0
                  8.971974,40.76137,0
                  8.972413,40.76137,0
                  8.972637,40.762169,0
                  8.97264,40.762177,0
                  8.972644,40.762186,0
                  8.972648,40.762194,0
                  8.972653,40.762202,0
                  8.972659,40.76221,0
                  8.972666,40.762217,0
                  8.972673,40.762225,0
                  8.972681,40.762232,0
                  8.97269,40.762239,0
                  8.972699,40.762245,0
                  8.972709,40.762252,0
                  8.972719,40.762257,0
                  8.97273,40.762262,0
                  8.97274,40.762266,0
                  8.972751,40.76227,0
                  8.972761,40.762273,0
                  8.972772,40.762275,0
                  8.972783,40.762277,0
                  8.972794,40.762278,0
                  8.972805,40.762278,0
                  8.972851,40.762278,0
                  8.972862,40.762278,0
                  8.972873,40.762277,0
                  8.972883,40.762275,0
                  8.972893,40.762273,0
                  8.972902,40.76227,0
                  8.97291,40.762266,0
                  8.972918,40.762262,0
                  8.972925,40.762257,0
                  8.972932,40.762251,0
                  8.972939,40.762245,0
                  8.972945,40.762238,0
                  8.97295,40.762231,0
                  8.972954,40.762224,0
                  8.972957,40.762217,0
                  8.972959,40.762209,0
                  8.972961,40.762201,0
                  8.972961,40.762193,0
                  8.972961,40.762185,0
                  8.97296,40.762177,0
                  8.972958,40.762169,0
                  8.972734,40.76137,0
                  8.973172,40.76137,0
                  8.973392,40.762154,0
                </coordinates>
              </LinearRing>
            </outerBoundaryIs>
          </Polygon>
          <Polygon>
            <outerBoundaryIs>
              <LinearRing>
                <tessellate>1</tessellate>
                <coordinates>
                  8.974942,40.762154,0
                  8.97495,40.762187,0
                  8.974954,40.762219,0
                  8.974955,40.76225,0
                  8.974953,40.76228,0
                  8.974947,40.762309,0
                  8.974938,40.762337,0
                  8.974925,40.762364,0
                  8.974909,40.76239,0
                  8.974889,40.762414,0
                  8.974866,40.762438,0
                  8.97484,40.76246,0
                  8.974812,40.76248,0
                  8.974783,40.762497,0
                  8.974751,40.762512,0
                  8.974717,40.762525,0
                  8.974681,40.762536,0
                  8.974643,40.762544,0
                  8.974603,40.76255,0
                  8.974561,40.762553,0
                  8.974517,40.762554,0
                  8.974394,40.762554,0
                  8.974349,40.762553,0
                  8.974305,40.76255,0
                  8.974262,40.762544,0
                  8.97422,40.762536,0
                  8.974178,40.762525,0
                  8.974137,40.762512,0
                  8.974097,40.762497,0
                  8.974058,40.76248,0
                  8.974019,40.76246,0
                  8.97398,40.762438,0
                  8.973944,40.762414,0
                  8.97391,40.76239,0
                  8.973879,40.762364,0
                  8.973852,40.762337,0
                  8.973826,40.762309,0
                  8.973804,40.76228,0
                  8.973785,40.76225,0
                  8.973768,40.762219,0
                  8.973754,40.762187,0
                  8.973744,40.762154,0
                  8.973524,40.76137,0
                  8.973963,40.76137,0
                  8.974187,40.762169,0
                  8.97419,40.762177,0
                  8.974194,40.762186,0
                  8.974198,40.762194,0
                  8.974203,40.762202,0
                  8.974209,40.76221,0
                  8.974216,40.762217,0
                  8.974223,40.762225,0
                  8.974231,40.762232,0
                  8.97424,40.762239,0
                  8.974249,40.762245,0
                  8.974259,40.762252,0
                  8.97427,40.762257,0
                  8.97428,40.762262,0
                  8.97429,40.762266,0
                  8.974301,40.76227,0
                  8.974311,40.762273,0
                  8.974322,40.762275,0
                  8.974333,40.762277,0
                  8.974344,40.762278,0
                  8.974355,40.762278,0
                  8.974401,40.762278,0
                  8.974413,40.762278,0
                  8.974423,40.762277,0
                  8.974433,40.762275,0
                  8.974443,40.762273,0
                  8.974452,40.76227,0
                  8.97446,40.762266,0
                  8.974468,40.762262,0
                  8.974476,40.762257,0
                  8.974483,40.762251,0
                  8.974489,40.762245,0
                  8.974495,40.762238,0
                  8.9745,40.762231,0
                  8.974504,40.762224,0
                  8.974507,40.762217,0
                  8.974509,40.762209,0
                  8.974511,40.762201,0
                  8.974511,40.762193,0
                  8.974511,40.762185,0
                  8.97451,40.762177,0
                  8.974508,40.762169,0
                  8.974284,40.76137,0
                  8.974723,40.76137,0
                  8.974942,40.762154,0
                </coordinates>
              </LinearRing>
            </outerBoundaryIs>
          </Polygon>
          <Polygon>
            <outerBoundaryIs>
              <LinearRing>
                <tessellate>1</tessellate>
                <coordinates>
                  8.976442,40.762163,0
                  8.976451,40.762197,0
                  8.976456,40.76223,0
                  8.976458,40.762261,0
                  8.976458,40.762291,0
                  8.976454,40.76232,0
                  8.976447,40.762347,0
                  8.976438,40.762373,0
                  8.976425,40.762398,0
                  8.97641,40.762421,0
                  8.976391,40.762443,0
                  8.976368,40.762464,0
                  8.976343,40.762483,0
                  8.976314,40.7625,0
                  8.976283,40.762514,0
                  8.976249,40.762526,0
                  8.976212,40.762536,0
                  8.976172,40.762544,0
                  8.976129,40.76255,0
                  8.976083,40.762553,0
                  8.976034,40.762554,0
                  8.975873,40.762554,0
                  8.975821,40.762554,0
                  8.975772,40.762552,0
                  8.975723,40.762548,0
                  8.975677,40.762543,0
                  8.975632,40.762537,0
                  8.975588,40.76253,0
                  8.975547,40.762521,0
                  8.975506,40.762511,0
                  8.975468,40.762499,0
                  8.97543,40.762486,0
                  8.975475,40.76225,0
                  8.975504,40.76226,0
                  8.975534,40.762269,0
                  8.975564,40.762276,0
                  8.975596,40.762283,0
                  8.975628,40.762288,0
                  8.975661,40.762293,0
                  8.975695,40.762297,0
                  8.97573,40.762299,0
                  8.975765,40.762301,0
                  8.975802,40.762301,0
                  8.975886,40.762301,0
                  8.975915,40.7623,0
                  8.975941,40.762296,0
                  8.975962,40.76229,0
                  8.97598,40.762281,0
                  8.975994,40.76227,0
                  8.976005,40.762256,0
                  8.976011,40.76224,0
                  8.976013,40.762221,0
                  8.976012,40.7622,0
                  8.976007,40.762177,0
                  8.975987,40.762105,0
                  8.975981,40.762106,0
                  8.975974,40.762107,0
                  8.975965,40.762108,0
                  8.975954,40.762109,0
                  8.975941,40.762109,0
                  8.975926,40.76211,0
                  8.97591,40.76211,0
                  8.975892,40.76211,0
                  8.975872,40.762111,0
                  8.97585,40.762111,0
                  8.975737,40.762111,0
                  8.975687,40.76211,0
                  8.975638,40.762106,0
                  8.975592,40.762101,0
                  8.975547,40.762093,0
                  8.975504,40.762084,0
                  8.975463,40.762072,0
                  8.975424,40.762058,0
                  8.975386,40.762042,0
                  8.975351,40.762024,0
                  8.975317,40.762003,0
                  8.975289,40.761983,0
                  8.975263,40.761962,0
                  8.975239,40.76194,0
                  8.975216,40.761916,0
                  8.975196,40.761891,0
                  8.975178,40.761865,0
                  8.975162,40.761837,0
                  8.975148,40.761808,0
                  8.975135,40.761778,0
                  8.975125,40.761746,0
                  8.975116,40.761708,0
                  8.97511,40.761671,0
                  8.975108,40.761637,0
                  8.975109,40.761604,0
                  8.975114,40.761573,0
                  8.975122,40.761544,0
                  8.975134,40.761517,0
                  8.975149,40.761491,0
                  8.975167,40.761468,0
                  8.97519,40.761446,0
                  8.975214,40.761427,0
                  8.975241,40.76141,0
                  8.97527,40.761395,0
                  8.975302,40.761381,0
                  8.975337,40.76137,0
                  8.975374,40.761361,0
                  8.975414,40.761354,0
                  8.975457,40.761349,0
                  8.975502,40.761346,0
                  8.97555,40.761345,0
                  8.975703,40.761345,0
                  8.975748,40.761346,0
                  8.975792,40.761349,0
                  8.975834,40.761355,0
                  8.975876,40.761362,0
                  8.975916,40.761371,0
                  8.975955,40.761383,0
                  8.975994,40.761396,0
                  8.97603,40.761412,0
                  8.976066,40.76143,0
                  8.976101,40.76145,0
                  8.976134,40.761471,0
                  8.976164,40.761494,0
                  8.976192,40.761518,0
                  8.976218,40.761544,0
                  8.976241,40.76157,0
                  8.976261,40.761598,0
                  8.976279,40.761628,0
                  8.976295,40.761658,0
                  8.976308,40.76169,0
                  8.976319,40.761723,0
                  8.976442,40.762163,0
                </coordinates>
              </LinearRing>
            </outerBoundaryIs>
            <innerBoundaryIs>
              <LinearRing>
                <tessellate>1</tessellate>
                <coordinates>
                  8.975913,40.761855,0
                  8.975907,40.761856,0
                  8.975899,40.761857,0
                  8.975889,40.761858,0
                  8.975876,40.761859,0
                  8.975862,40.761859,0
                  8.975845,40.76186,0
                  8.975826,40.76186,0
                  8.975804,40.76186,0
                  8.975781,40.761861,0
                  8.975734,40.761861,0
                  8.975708,40.761859,0
                  8.975684,40.761856,0
                  8.975662,40.761851,0
                  8.975642,40.761843,0
                  8.975624,40.761833,0
                  8.975608,40.761821,0
                  8.975594,40.761806,0
                  8.975583,40.76179,0
                  8.975573,40.761771,0
                  8.975566,40.76175,0
                  8.975557,40.761719,0
                  8.975555,40.76171,0
                  8.975554,40.761702,0
                  8.975554,40.761693,0
                  8.975554,40.761685,0
                  8.975556,40.761677,0
                  8.975558,40.761669,0
                  8.975561,40.761662,0
                  8.975565,40.761655,0
                  8.97557,40.761648,0
                  8.975576,40.761641,0
                  8.975582,40.761634,0
                  8.975589,40.761629,0
                  8.975597,40.761624,0
                  8.975605,40.761619,0
                  8.975613,40.761616,0
                  8.975622,40.761613,0
                  8.975632,40.76161,0
                  8.975642,40.761609,0
                  8.975652,40.761608,0
                  8.975663,40.761607,0
                  8.975709,40.761607,0
                  8.975736,40.761608,0
                  8.97576,40.761612,0
                  8.975783,40.761617,0
                  8.975803,40.761625,0
                  8.975821,40.761634,0
                  8.975836,40.761646,0
                  8.97585,40.76166,0
                  8.975861,40.761676,0
                  8.975871,40.761695,0
                  8.975878,40.761715,0
                  8.975916,40.761854,0
                  8.975913,40.761855,0
                </coordinates>
              </LinearRing>
            </innerBoundaryIs>
          </Polygon>
          <Polygon>
            <outerBoundaryIs>
              <LinearRing>
                <tessellate>1</tessellate>
                <coordinates>
                  8.971846,40.762163,0
                  8.971854,40.762197,0
                  8.97186,40.76223,0
                  8.971862,40.762261,0
                  8.971861,40.762291,0
                  8.971858,40.76232,0
                  8.971851,40.762347,0
                  8.971841,40.762373,0
                  8.971829,40.762398,0
                  8.971813,40.762421,0
                  8.971795,40.762443,0
                  8.971772,40.762464,0
                  8.971746,40.762483,0
                  8.971718,40.7625,0
                  8.971686,40.762514,0
                  8.971652,40.762526,0
                  8.971615,40.762536,0
                  8.971575,40.762544,0
                  8.971532,40.76255,0
                  8.971487,40.762553,0
                  8.971438,40.762554,0
                  8.971276,40.762554,0
                  8.971225,40.762554,0
                  8.971175,40.762552,0
                  8.971127,40.762548,0
                  8.97108,40.762543,0
                  8.971035,40.762537,0
                  8.970992,40.76253,0
                  8.97095,40.762521,0
                  8.97091,40.762511,0
                  8.970871,40.762499,0
                  8.970834,40.762486,0
                  8.970879,40.76225,0
                  8.970908,40.76226,0
                  8.970937,40.762269,0
                  8.970968,40.762276,0
                  8.970999,40.762283,0
                  8.971031,40.762288,0
                  8.971065,40.762293,0
                  8.971098,40.762297,0
                  8.971133,40.762299,0
                  8.971169,40.762301,0
                  8.971205,40.762301,0
                  8.971289,40.762301,0
                  8.971319,40.7623,0
                  8.971344,40.762296,0
                  8.971366,40.76229,0
                  8.971384,40.762281,0
                  8.971398,40.76227,0
                  8.971408,40.762256,0
                  8.971414,40.76224,0
                  8.971417,40.762221,0
                  8.971416,40.7622,0
                  8.97141,40.762177,0
                  8.971391,40.762105,0
                  8.971385,40.762106,0
                  8.971378,40.762107,0
                  8.971368,40.762108,0
                  8.971357,40.762109,0
                  8.971345,40.762109,0
                  8.97133,40.76211,0
                  8.971314,40.76211,0
                  8.971296,40.76211,0
                  8.971276,40.762111,0
                  8.971254,40.762111,0
                  8.971141,40.762111,0
                  8.97109,40.76211,0
                  8.971042,40.762106,0
                  8.970995,40.762101,0
                  8.97095,40.762093,0
                  8.970907,40.762084,0
                  8.970866,40.762072,0
                  8.970827,40.762058,0
                  8.97079,40.762042,0
                  8.970754,40.762024,0
                  8.970721,40.762003,0
                  8.970693,40.761983,0
                  8.970666,40.761962,0
                  8.970642,40.76194,0
                  8.97062,40.761916,0
                  8.9706,40.761891,0
                  8.970582,40.761865,0
                  8.970565,40.761837,0
                  8.970551,40.761808,0
                  8.970539,40.761778,0
                  8.970529,40.761746,0
                  8.970519,40.761708,0
                  8.970514,40.761671,0
                  8.970511,40.761637,0
                  8.970513,40.761604,0
                  8.970517,40.761573,0
                  8.970525,40.761544,0
                  8.970537,40.761517,0
                  8.970552,40.761491,0
                  8.970571,40.761468,0
                  8.970593,40.761446,0
                  8.970617,40.761427,0
                  8.970644,40.76141,0
                  8.970674,40.761395,0
                  8.970706,40.761381,0
                  8.970741,40.76137,0
                  8.970778,40.761361,0
                  8.970818,40.761354,0
                  8.970861,40.761349,0
                  8.970906,40.761346,0
                  8.970954,40.761345,0
                  8.971106,40.761345,0
                  8.971151,40.761346,0
                  8.971195,40.761349,0
                  8.971238,40.761355,0
                  8.971279,40.761362,0
                  8.97132,40.761371,0
                  8.971359,40.761383,0
                  8.971397,40.761396,0
                  8.971434,40.761412,0
                  8.97147,40.76143,0
                  8.971505,40.76145,0
                  8.971537,40.761471,0
                  8.971568,40.761494,0
                  8.971596,40.761518,0
                  8.971621,40.761544,0
                  8.971644,40.76157,0
                  8.971665,40.761598,0
                  8.971683,40.761628,0
                  8.971698,40.761658,0
                  8.971712,40.76169,0
                  8.971722,40.761723,0
                  8.971846,40.762163,0
                </coordinates>
              </LinearRing>
            </outerBoundaryIs>
            <innerBoundaryIs>
              <LinearRing>
                <tessellate>1</tessellate>
                <coordinates>
                  8.971316,40.761855,0
                  8.97131,40.761856,0
                  8.971302,40.761857,0
                  8.971292,40.761858,0
                  8.97128,40.761859,0
                  8.971265,40.761859,0
                  8.971248,40.76186,0
                  8.971229,40.76186,0
                  8.971208,40.76186,0
                  8.971184,40.761861,0
                  8.971138,40.761861,0
                  8.971112,40.761859,0
                  8.971088,40.761856,0
                  8.971065,40.761851,0
                  8.971045,40.761843,0
                  8.971028,40.761833,0
                  8.971012,40.761821,0
                  8.970998,40.761806,0
                  8.970986,40.76179,0
                  8.970977,40.761771,0
                  8.97097,40.76175,0
                  8.97096,40.761719,0
                  8.970958,40.76171,0
                  8.970957,40.761702,0
                  8.970957,40.761693,0
                  8.970958,40.761685,0
                  8.970959,40.761677,0
                  8.970962,40.761669,0
                  8.970965,40.761662,0
                  8.970969,40.761655,0
                  8.970974,40.761648,0
                  8.970979,40.761641,0
                  8.970986,40.761634,0
                  8.970993,40.761629,0
                  8.971,40.761624,0
                  8.971008,40.761619,0
                  8.971017,40.761616,0
                  8.971026,40.761613,0
                  8.971035,40.76161,0
                  8.971045,40.761609,0
                  8.971056,40.761608,0
                  8.971067,40.761607,0
                  8.971113,40.761607,0
                  8.97114,40.761608,0
                  8.971164,40.761612,0
                  8.971186,40.761617,0
                  8.971206,40.761625,0
                  8.971224,40.761634,0
                  8.97124,40.761646,0
                  8.971254,40.76166,0
                  8.971265,40.761676,0
                  8.971274,40.761695,0
                  8.971281,40.761715,0
                  8.97132,40.761854,0
                  8.971316,40.761855,0
                </coordinates>
              </LinearRing>
            </innerBoundaryIs>
          </Polygon>
        </MultiGeometry>
      </Placemark>
      <Placemark>
        <name>Sa Mela</name>
        <styleUrl>#poly-F9F9F9-1200-255-nodesc</styleUrl>
        <MultiGeometry>
          <Polygon>
            <outerBoundaryIs>
              <LinearRing>
                <tessellate>1</tessellate>
                <coordinates>
                  8.967688,40.780823,0
                  8.967189,40.780823,0
                  8.966884,40.780429,0
                  8.966834,40.780364,0
                  8.966789,40.780305,0
                  8.966748,40.780251,0
                  8.966711,40.780202,0
                  8.966679,40.780159,0
                  8.966652,40.780121,0
                  8.966628,40.780089,0
                  8.96661,40.780062,0
                  8.966595,40.780041,0
                  8.966586,40.780025,0
                  8.966584,40.780022,0
                  8.966582,40.78002,0
                  8.96658,40.780018,0
                  8.966577,40.780016,0
                  8.966575,40.780014,0
                  8.966572,40.780013,0
                  8.966569,40.780012,0
                  8.966565,40.780011,0
                  8.966562,40.780011,0
                  8.966558,40.780011,0
                  8.966554,40.780011,0
                  8.96655,40.780011,0
                  8.966547,40.780012,0
                  8.966544,40.780013,0
                  8.966542,40.780014,0
                  8.96654,40.780016,0
                  8.966539,40.780018,0
                  8.966538,40.78002,0
                  8.966537,40.780022,0
                  8.966537,40.780025,0
                  8.966529,40.780074,0
                  8.966522,40.780122,0
                  8.966514,40.780167,0
                  8.966507,40.78021,0
                  8.9665,40.780252,0
                  8.966492,40.780291,0
                  8.966485,40.780329,0
                  8.966478,40.780364,0
                  8.966471,40.780398,0
                  8.966464,40.780429,0
                  8.96638,40.780823,0
                  8.965883,40.780823,0
                  8.965342,40.77929,0
                  8.96577,40.77929,0
                  8.965874,40.779608,0
                  8.965875,40.779614,0
                  8.965879,40.779626,0
                  8.965885,40.779643,0
                  8.965893,40.779666,0
                  8.965902,40.779695,0
                  8.965914,40.77973,0
                  8.965927,40.779771,0
                  8.965943,40.779817,0
                  8.965961,40.779869,0
                  8.96598,40.779927,0
                  8.965994,40.779967,0
                  8.966006,40.780004,0
                  8.966017,40.780038,0
                  8.966027,40.780069,0
                  8.966036,40.780097,0
                  8.966044,40.780123,0
                  8.966051,40.780145,0
                  8.966056,40.780164,0
                  8.966061,40.780181,0
                  8.966064,40.780194,0
                  8.966065,40.780198,0
                  8.966066,40.780201,0
                  8.966068,40.780204,0
                  8.96607,40.780206,0
                  8.966072,40.780208,0
                  8.966075,40.78021,0
                  8.966079,40.780211,0
                  8.966083,40.780212,0
                  8.966088,40.780213,0
                  8.966093,40.780213,0
                  8.966097,40.780213,0
                  8.966101,40.780212,0
                  8.966104,40.780212,0
                  8.966106,40.780211,0
                  8.966108,40.78021,0
                  8.96611,40.780208,0
                  8.966112,40.780207,0
                  8.966113,40.780205,0
                  8.966114,40.780202,0
                  8.966114,40.7802,0
                  8.966213,40.779668,0
                  8.96622,40.779637,0
                  8.96623,40.77961,0
                  8.966244,40.779586,0
                  8.966259,40.779565,0
                  8.966278,40.779547,0
                  8.9663,40.779532,0
                  8.966325,40.779521,0
                  8.966352,40.779513,0
                  8.966382,40.779508,0
                  8.966416,40.779507,0
                  8.96645,40.779508,0
                  8.966483,40.779513,0
                  8.966515,40.779521,0
                  8.966545,40.779532,0
                  8.966575,40.779547,0
                  8.966604,40.779565,0
                  8.966632,40.779586,0
                  8.966659,40.77961,0
                  8.966684,40.779637,0
                  8.966709,40.779668,0
                  8.967107,40.7802,0
                  8.967109,40.780202,0
                  8.967111,40.780205,0
                  8.967113,40.780207,0
                  8.967115,40.780208,0
                  8.967118,40.78021,0
                  8.967121,40.780211,0
                  8.967124,40.780212,0
                  8.967127,40.780212,0
                  8.967131,40.780213,0
                  8.967134,40.780213,0
                  8.967139,40.780213,0
                  8.967143,40.780212,0
                  8.967146,40.780211,0
                  8.967149,40.78021,0
                  8.967151,40.780208,0
                  8.967152,40.780206,0
                  8.967153,40.780204,0
                  8.967154,40.780201,0
                  8.967153,40.780198,0
                  8.967153,40.780194,0
                  8.967148,40.780178,0
                  8.967142,40.780153,0
                  8.967134,40.780118,0
                  8.967123,40.780074,0
                  8.967111,40.78002,0
                  8.967096,40.779957,0
                  8.967079,40.779884,0
                  8.96706,40.779802,0
                  8.967039,40.77971,0
                  8.967016,40.779608,0
                  8.966942,40.77929,0
                  8.967382,40.77929,0
                  8.967688,40.780823,0
                </coordinates>
              </LinearRing>
            </outerBoundaryIs>
          </Polygon>
          <Polygon>
            <outerBoundaryIs>
              <LinearRing>
                <tessellate>1</tessellate>
                <coordinates>
                  8.962964,40.779789,0
                  8.962976,40.779847,0
                  8.962977,40.779901,0
                  8.962967,40.77995,0
                  8.962948,40.779996,0
                  8.962917,40.780038,0
                  8.962876,40.780075,0
                  8.962825,40.780109,0
                  8.962763,40.780138,0
                  8.96269,40.780163,0
                  8.962608,40.780184,0
                  8.962553,40.780196,0
                  8.962503,40.780207,0
                  8.962457,40.780218,0
                  8.962415,40.780228,0
                  8.962377,40.780237,0
                  8.962343,40.780246,0
                  8.962314,40.780255,0
                  8.962289,40.780262,0
                  8.962268,40.780269,0
                  8.962251,40.780276,0
                  8.962233,40.780284,0
                  8.962217,40.780293,0
                  8.962203,40.780303,0
                  8.962192,40.780314,0
                  8.962183,40.780325,0
                  8.962177,40.780337,0
                  8.962173,40.780349,0
                  8.962171,40.780362,0
                  8.962172,40.780376,0
                  8.962175,40.78039,0
                  8.962177,40.780402,0
                  8.962181,40.780414,0
                  8.962186,40.780424,0
                  8.962192,40.780435,0
                  8.962199,40.780446,0
                  8.962207,40.780456,0
                  8.962216,40.780466,0
                  8.962226,40.780475,0
                  8.962237,40.780485,0
                  8.962249,40.780494,0
                  8.962263,40.780502,0
                  8.962277,40.780511,0
                  8.962292,40.780518,0
                  8.962307,40.780525,0
                  8.962322,40.78053,0
                  8.962338,40.780535,0
                  8.962354,40.780539,0
                  8.962371,40.780542,0
                  8.962388,40.780544,0
                  8.962405,40.780545,0
                  8.962423,40.780546,0
                  8.962606,40.780546,0
                  8.962651,40.780545,0
                  8.962693,40.780543,0
                  8.962733,40.78054,0
                  8.962771,40.780536,0
                  8.962808,40.780531,0
                  8.962842,40.780524,0
                  8.962874,40.780516,0
                  8.962904,40.780508,0
                  8.962933,40.780497,0
                  8.962959,40.780486,0
                  8.963171,40.780772,0
                  8.963136,40.780787,0
                  8.963099,40.7808,0
                  8.963058,40.780812,0
                  8.963014,40.780822,0
                  8.962966,40.78083,0
                  8.962915,40.780837,0
                  8.962861,40.780843,0
                  8.962804,40.780847,0
                  8.962743,40.780849,0
                  8.962679,40.78085,0
                  8.962488,40.78085,0
                  8.962436,40.780848,0
                  8.962384,40.780845,0
                  8.962334,40.780839,0
                  8.962284,40.78083,0
                  8.962235,40.780819,0
                  8.962188,40.780806,0
                  8.962141,40.78079,0
                  8.962095,40.780771,0
                  8.962049,40.78075,0
                  8.962005,40.780727,0
                  8.961961,40.780701,0
                  8.96192,40.780673,0
                  8.961883,40.780644,0
                  8.961849,40.780614,0
                  8.961819,40.780583,0
                  8.961792,40.78055,0
                  8.961769,40.780516,0
                  8.961749,40.780481,0
                  8.961733,40.780444,0
                  8.961721,40.780406,0
                  8.961713,40.780378,0
                  8.9617,40.780317,0
                  8.961699,40.78026,0
                  8.961709,40.780207,0
                  8.96173,40.780158,0
                  8.961762,40.780113,0
                  8.961805,40.780073,0
                  8.961859,40.780037,0
                  8.961924,40.780005,0
                  8.962,40.779977,0
                  8.962088,40.779954,0
                  8.962139,40.779942,0
                  8.962186,40.77993,0
                  8.96223,40.779919,0
                  8.962269,40.779909,0
                  8.962305,40.779899,0
                  8.962336,40.77989,0
                  8.962364,40.779882,0
                  8.962388,40.779874,0
                  8.962407,40.779866,0
                  8.962423,40.779859,0
                  8.96244,40.77985,0
                  8.962455,40.779841,0
                  8.962468,40.779831,0
                  8.962478,40.77982,0
                  8.962486,40.779809,0
                  8.962493,40.779797,0
                  8.962496,40.779785,0
                  8.962498,40.779772,0
                  8.962497,40.779758,0
                  8.962494,40.779744,0
                  8.96249,40.779729,0
                  8.962481,40.779703,0
                  8.962468,40.77968,0
                  8.962451,40.779659,0
                  8.962431,40.779641,0
                  8.962408,40.779626,0
                  8.962381,40.779614,0
                  8.96235,40.779604,0
                  8.962316,40.779598,0
                  8.962279,40.779594,0
                  8.962238,40.779592,0
                  8.961564,40.779592,0
                  8.96148,40.77929,0
                  8.962192,40.77929,0
                  8.962247,40.779291,0
                  8.9623,40.779295,0
                  8.962352,40.7793,0
                  8.962403,40.779308,0
                  8.962452,40.779318,0
                  8.9625,40.779331,0
                  8.962546,40.779345,0
                  8.96259,40.779362,0
                  8.962633,40.779381,0
                  8.962675,40.779403,0
                  8.962716,40.779428,0
                  8.962755,40.779454,0
                  8.96279,40.779483,0
                  8.962822,40.779513,0
                  8.962851,40.779545,0
                  8.962877,40.779579,0
                  8.962899,40.779615,0
                  8.962919,40.779652,0
                  8.962935,40.779692,0
                  8.962948,40.779733,0
                  8.962964,40.779789,0
                </coordinates>
              </LinearRing>
            </outerBoundaryIs>
          </Polygon>
          <Polygon>
            <outerBoundaryIs>
              <LinearRing>
                <tessellate>1</tessellate>
                <coordinates>
                  8.97137,40.780082,0
                  8.971378,40.780117,0
                  8.971384,40.780149,0
                  8.971386,40.780181,0
                  8.971385,40.780211,0
                  8.971382,40.78024,0
                  8.971375,40.780267,0
                  8.971365,40.780293,0
                  8.971353,40.780317,0
                  8.971337,40.780341,0
                  8.971319,40.780362,0
                  8.971296,40.780384,0
                  8.97127,40.780403,0
                  8.971242,40.780419,0
                  8.971211,40.780434,0
                  8.971176,40.780446,0
                  8.971139,40.780456,0
                  8.971099,40.780464,0
                  8.971056,40.78047,0
                  8.971011,40.780473,0
                  8.970962,40.780474,0
                  8.9708,40.780474,0
                  8.970749,40.780473,0
                  8.970699,40.780471,0
                  8.970651,40.780468,0
                  8.970604,40.780463,0
                  8.970559,40.780457,0
                  8.970516,40.78045,0
                  8.970474,40.780441,0
                  8.970434,40.780431,0
                  8.970395,40.780419,0
                  8.970358,40.780406,0
                  8.970403,40.78017,0
                  8.970432,40.78018,0
                  8.970461,40.780188,0
                  8.970492,40.780196,0
                  8.970523,40.780203,0
                  8.970556,40.780208,0
                  8.970589,40.780213,0
                  8.970622,40.780216,0
                  8.970657,40.780219,0
                  8.970693,40.78022,0
                  8.970729,40.780221,0
                  8.970813,40.780221,0
                  8.970843,40.78022,0
                  8.970868,40.780216,0
                  8.97089,40.78021,0
                  8.970908,40.780201,0
                  8.970922,40.78019,0
                  8.970932,40.780176,0
                  8.970939,40.78016,0
                  8.970941,40.780141,0
                  8.97094,40.78012,0
                  8.970935,40.780096,0
                  8.970915,40.780025,0
                  8.970909,40.780026,0
                  8.970902,40.780027,0
                  8.970893,40.780028,0
                  8.970882,40.780028,0
                  8.970869,40.780029,0
                  8.970854,40.78003,0
                  8.970838,40.78003,0
                  8.97082,40.78003,0
                  8.9708,40.780031,0
                  8.970778,40.780031,0
                  8.970665,40.780031,0
                  8.970614,40.78003,0
                  8.970566,40.780026,0
                  8.970519,40.780021,0
                  8.970474,40.780013,0
                  8.970432,40.780004,0
                  8.97039,40.779992,0
                  8.970351,40.779978,0
                  8.970314,40.779962,0
                  8.970279,40.779943,0
                  8.970245,40.779923,0
                  8.970217,40.779903,0
                  8.970191,40.779882,0
                  8.970166,40.77986,0
                  8.970144,40.779836,0
                  8.970124,40.779811,0
                  8.970106,40.779785,0
                  8.97009,40.779757,0
                  8.970075,40.779728,0
                  8.970063,40.779698,0
                  8.970053,40.779666,0
                  8.970044,40.779628,0
                  8.970038,40.779591,0
                  8.970035,40.779557,0
                  8.970037,40.779524,0
                  8.970041,40.779493,0
                  8.97005,40.779464,0
                  8.970061,40.779437,0
                  8.970076,40.779411,0
                  8.970095,40.779388,0
                  8.970117,40.779366,0
                  8.970142,40.779347,0
                  8.970168,40.77933,0
                  8.970198,40.779315,0
                  8.97023,40.779302,0
                  8.970265,40.779291,0
                  8.970302,40.779281,0
                  8.970342,40.779274,0
                  8.970385,40.779269,0
                  8.97043,40.779266,0
                  8.970478,40.779265,0
                  8.970631,40.779265,0
                  8.970676,40.779266,0
                  8.970719,40.77927,0
                  8.970762,40.779275,0
                  8.970804,40.779282,0
                  8.970844,40.779292,0
                  8.970883,40.779303,0
                  8.970921,40.779317,0
                  8.970958,40.779332,0
                  8.970994,40.77935,0
                  8.971029,40.77937,0
                  8.971061,40.779392,0
                  8.971092,40.779414,0
                  8.97112,40.779439,0
                  8.971145,40.779464,0
                  8.971168,40.779491,0
                  8.971189,40.779519,0
                  8.971207,40.779548,0
                  8.971223,40.779578,0
                  8.971236,40.77961,0
                  8.971246,40.779643,0
                  8.97137,40.780082,0
                </coordinates>
              </LinearRing>
            </outerBoundaryIs>
            <innerBoundaryIs>
              <LinearRing>
                <tessellate>1</tessellate>
                <coordinates>
                  8.97084,40.779775,0
                  8.970835,40.779776,0
                  8.970827,40.779777,0
                  8.970816,40.779778,0
                  8.970804,40.779779,0
                  8.970789,40.779779,0
                  8.970772,40.77978,0
                  8.970753,40.77978,0
                  8.970732,40.77978,0
                  8.970708,40.779781,0
                  8.970662,40.779781,0
                  8.970636,40.779779,0
                  8.970612,40.779776,0
                  8.970589,40.779771,0
                  8.970569,40.779763,0
                  8.970552,40.779753,0
                  8.970536,40.779741,0
                  8.970522,40.779726,0
                  8.970511,40.77971,0
                  8.970501,40.779691,0
                  8.970494,40.77967,0
                  8.970484,40.779639,0
                  8.970483,40.77963,0
                  8.970481,40.779622,0
                  8.970481,40.779613,0
                  8.970482,40.779605,0
                  8.970483,40.779597,0
                  8.970486,40.779589,0
                  8.970489,40.779582,0
                  8.970493,40.779575,0
                  8.970498,40.779568,0
                  8.970504,40.779561,0
                  8.97051,40.779554,0
                  8.970517,40.779549,0
                  8.970524,40.779544,0
                  8.970532,40.779539,0
                  8.970541,40.779536,0
                  8.97055,40.779533,0
                  8.970559,40.77953,0
                  8.970569,40.779529,0
                  8.97058,40.779528,0
                  8.970591,40.779527,0
                  8.970637,40.779527,0
                  8.970664,40.779529,0
                  8.970688,40.779532,0
                  8.97071,40.779537,0
                  8.97073,40.779545,0
                  8.970748,40.779554,0
                  8.970764,40.779566,0
                  8.970778,40.77958,0
                  8.970789,40.779596,0
                  8.970798,40.779615,0
                  8.970806,40.779635,0
                  8.970844,40.779774,0
                  8.97084,40.779775,0
                </coordinates>
              </LinearRing>
            </innerBoundaryIs>
          </Polygon>
          <Polygon>
            <outerBoundaryIs>
              <LinearRing>
                <tessellate>1</tessellate>
                <coordinates>
                  8.964487,40.780082,0
                  8.964495,40.780117,0
                  8.9645,40.780149,0
                  8.964502,40.780181,0
                  8.964502,40.780211,0
                  8.964498,40.78024,0
                  8.964492,40.780267,0
                  8.964482,40.780293,0
                  8.964469,40.780317,0
                  8.964454,40.780341,0
                  8.964435,40.780362,0
                  8.964413,40.780384,0
                  8.964387,40.780403,0
                  8.964358,40.780419,0
                  8.964327,40.780434,0
                  8.964293,40.780446,0
                  8.964256,40.780456,0
                  8.964216,40.780464,0
                  8.964173,40.78047,0
                  8.964127,40.780473,0
                  8.964079,40.780474,0
                  8.963917,40.780474,0
                  8.963866,40.780473,0
                  8.963816,40.780471,0
                  8.963768,40.780468,0
                  8.963721,40.780463,0
                  8.963676,40.780457,0
                  8.963633,40.78045,0
                  8.963591,40.780441,0
                  8.963551,40.780431,0
                  8.963512,40.780419,0
                  8.963475,40.780406,0
                  8.963519,40.78017,0
                  8.963548,40.78018,0
                  8.963578,40.780188,0
                  8.963609,40.780196,0
                  8.96364,40.780203,0
                  8.963672,40.780208,0
                  8.963705,40.780213,0
                  8.963739,40.780216,0
                  8.963774,40.780219,0
                  8.963809,40.78022,0
                  8.963846,40.780221,0
                  8.96393,40.780221,0
                  8.963959,40.78022,0
                  8.963985,40.780216,0
                  8.964007,40.78021,0
                  8.964025,40.780201,0
                  8.964039,40.78019,0
                  8.964049,40.780176,0
                  8.964055,40.78016,0
                  8.964058,40.780141,0
                  8.964056,40.78012,0
                  8.964051,40.780096,0
                  8.964031,40.780025,0
                  8.964026,40.780026,0
                  8.964018,40.780027,0
                  8.964009,40.780028,0
                  8.963998,40.780028,0
                  8.963985,40.780029,0
                  8.963971,40.78003,0
                  8.963954,40.78003,0
                  8.963936,40.78003,0
                  8.963916,40.780031,0
                  8.963895,40.780031,0
                  8.963781,40.780031,0
                  8.963731,40.78003,0
                  8.963682,40.780026,0
                  8.963636,40.780021,0
                  8.963591,40.780013,0
                  8.963548,40.780004,0
                  8.963507,40.779992,0
                  8.963468,40.779978,0
                  8.963431,40.779962,0
                  8.963395,40.779943,0
                  8.963362,40.779923,0
                  8.963333,40.779903,0
                  8.963307,40.779882,0
                  8.963283,40.77986,0
                  8.963261,40.779836,0
                  8.963241,40.779811,0
                  8.963222,40.779785,0
                  8.963206,40.779757,0
                  8.963192,40.779728,0
                  8.96318,40.779698,0
                  8.963169,40.779666,0
                  8.96316,40.779628,0
                  8.963154,40.779591,0
                  8.963152,40.779557,0
                  8.963153,40.779524,0
                  8.963158,40.779493,0
                  8.963166,40.779464,0
                  8.963178,40.779437,0
                  8.963193,40.779411,0
                  8.963212,40.779388,0
                  8.963234,40.779366,0
                  8.963258,40.779347,0
                  8.963285,40.77933,0
                  8.963314,40.779315,0
                  8.963347,40.779302,0
                  8.963381,40.779291,0
                  8.963419,40.779281,0
                  8.963459,40.779274,0
                  8.963501,40.779269,0
                  8.963547,40.779266,0
                  8.963594,40.779265,0
                  8.963747,40.779265,0
                  8.963792,40.779266,0
                  8.963836,40.77927,0
                  8.963879,40.779275,0
                  8.96392,40.779282,0
                  8.96396,40.779292,0
                  8.964,40.779303,0
                  8.964038,40.779317,0
                  8.964075,40.779332,0
                  8.964111,40.77935,0
                  8.964145,40.77937,0
                  8.964178,40.779392,0
                  8.964208,40.779414,0
                  8.964236,40.779439,0
                  8.964262,40.779464,0
                  8.964285,40.779491,0
                  8.964305,40.779519,0
                  8.964323,40.779548,0
                  8.964339,40.779578,0
                  8.964352,40.77961,0
                  8.964363,40.779643,0
                  8.964487,40.780082,0
                </coordinates>
              </LinearRing>
            </outerBoundaryIs>
            <innerBoundaryIs>
              <LinearRing>
                <tessellate>1</tessellate>
                <coordinates>
                  8.963957,40.779775,0
                  8.963951,40.779776,0
                  8.963943,40.779777,0
                  8.963933,40.779778,0
                  8.96392,40.779779,0
                  8.963906,40.779779,0
                  8.963889,40.77978,0
                  8.96387,40.77978,0
                  8.963848,40.77978,0
                  8.963825,40.779781,0
                  8.963779,40.779781,0
                  8.963752,40.779779,0
                  8.963728,40.779776,0
                  8.963706,40.779771,0
                  8.963686,40.779763,0
                  8.963668,40.779753,0
                  8.963652,40.779741,0
                  8.963639,40.779726,0
                  8.963627,40.77971,0
                  8.963618,40.779691,0
                  8.96361,40.77967,0
                  8.963601,40.779639,0
                  8.963599,40.77963,0
                  8.963598,40.779622,0
                  8.963598,40.779613,0
                  8.963598,40.779605,0
                  8.9636,40.779597,0
                  8.963602,40.779589,0
                  8.963605,40.779582,0
                  8.963609,40.779575,0
                  8.963614,40.779568,0
                  8.96362,40.779561,0
                  8.963627,40.779554,0
                  8.963634,40.779549,0
                  8.963641,40.779544,0
                  8.963649,40.779539,0
                  8.963657,40.779536,0
                  8.963666,40.779533,0
                  8.963676,40.77953,0
                  8.963686,40.779529,0
                  8.963697,40.779528,0
                  8.963708,40.779527,0
                  8.963754,40.779527,0
                  8.96378,40.779529,0
                  8.963805,40.779532,0
                  8.963827,40.779537,0
                  8.963847,40.779545,0
                  8.963865,40.779554,0
                  8.963881,40.779566,0
                  8.963894,40.77958,0
                  8.963906,40.779596,0
                  8.963915,40.779615,0
                  8.963922,40.779635,0
                  8.96396,40.779774,0
                  8.963957,40.779775,0
                </coordinates>
              </LinearRing>
            </innerBoundaryIs>
          </Polygon>
          <Polygon>
            <outerBoundaryIs>
              <LinearRing>
                <tessellate>1</tessellate>
                <coordinates>
                  8.969116,40.780073,0
                  8.96913,40.780146,0
                  8.96913,40.780212,0
                  8.969116,40.780272,0
                  8.969088,40.780325,0
                  8.969046,40.780371,0
                  8.969022,40.780391,0
                  8.968967,40.780424,0
                  8.968903,40.780448,0
                  8.968829,40.780465,0
                  8.968746,40.780473,0
                  8.968575,40.780474,0
                  8.96853,40.780473,0
                  8.968443,40.780464,0
                  8.968359,40.780446,0
                  8.968278,40.780418,0
                  8.9682,40.780382,0
                  8.968126,40.780337,0
                  8.968062,40.780287,0
                  8.968009,40.780233,0
                  8.967967,40.780174,0
                  8.967937,40.780111,0
                  8.967809,40.779662,0
                  8.967801,40.779627,0
                  8.967793,40.779563,0
                  8.967797,40.779503,0
                  8.967813,40.77945,0
                  8.967841,40.779402,0
                  8.967859,40.77938,0
                  8.967908,40.779339,0
                  8.967968,40.779307,0
                  8.968039,40.779284,0
                  8.968122,40.77927,0
                  8.968216,40.779265,0
                  8.968378,40.779265,0
                  8.968479,40.779268,0
                  8.968574,40.779276,0
                  8.968662,40.77929,0
                  8.968744,40.779309,0
                  8.96882,40.779333,0
                  8.968776,40.77957,0
                  8.968721,40.779552,0
                  8.96866,40.779537,0
                  8.968595,40.779527,0
                  8.968524,40.779521,0
                  8.968449,40.779518,0
                  8.968366,40.779518,0
                  8.968311,40.779523,0
                  8.968271,40.779538,0
                  8.968247,40.779563,0
                  8.968237,40.779598,0
                  8.968244,40.779643,0
                  8.968265,40.779715,0
                  8.968277,40.779713,0
                  8.968296,40.779711,0
                  8.968323,40.77971,0
                  8.968357,40.779709,0
                  8.968399,40.779709,0
                  8.96847,40.779709,0
                  8.96857,40.779713,0
                  8.968664,40.779726,0
                  8.968752,40.779748,0
                  8.968832,40.779778,0
                  8.968907,40.779816,0
                  8.968938,40.779837,0
                  8.968995,40.779881,0
                  8.969041,40.77993,0
                  8.969078,40.779984,0
                  8.969106,40.780043,0
                  8.969116,40.780073,0
                </coordinates>
              </LinearRing>
            </outerBoundaryIs>
            <innerBoundaryIs>
              <LinearRing>
                <tessellate>1</tessellate>
                <coordinates>
                  8.968697,40.780118,0
                  8.968696,40.780134,0
                  8.968692,40.78015,0
                  8.968685,40.780164,0
                  8.968674,40.780179,0
                  8.968661,40.780191,0
                  8.968646,40.780201,0
                  8.968628,40.780207,0
                  8.968609,40.780212,0
                  8.968587,40.780213,0
                  8.968541,40.780213,0
                  8.96849,40.780209,0
                  8.968448,40.780196,0
                  8.968415,40.780174,0
                  8.96839,40.780143,0
                  8.968374,40.780104,0
                  8.968334,40.779964,0
                  8.968345,40.779962,0
                  8.968364,40.77996,0
                  8.968391,40.779959,0
                  8.968426,40.779958,0
                  8.968469,40.779958,0
                  8.968491,40.779958,0
                  8.968518,40.779959,0
                  8.968544,40.779963,0
                  8.968568,40.779969,0
                  8.968592,40.779977,0
                  8.968615,40.779988,0
                  8.968635,40.780001,0
                  8.968652,40.780015,0
                  8.968666,40.780032,0
                  8.968677,40.78005,0
                  8.968684,40.780069,0
                  8.968694,40.7801,0
                  8.968697,40.780118,0
                </coordinates>
              </LinearRing>
            </innerBoundaryIs>
          </Polygon>
          <Polygon>
            <outerBoundaryIs>
              <LinearRing>
                <tessellate>1</tessellate>
                <coordinates>
                  8.969845,40.779568,0
                  8.969837,40.779569,0
                  8.96983,40.779569,0
                  8.969823,40.779569,0
                  8.969816,40.77957,0
                  8.969809,40.779571,0
                  8.969803,40.779571,0
                  8.969797,40.779572,0
                  8.969792,40.779573,0
                  8.969787,40.779574,0
                  8.969782,40.779575,0
                  8.969771,40.779578,0
                  8.969762,40.779581,0
                  8.969753,40.779585,0
                  8.969746,40.779589,0
                  8.969739,40.779594,0
                  8.969734,40.7796,0
                  8.96973,40.779607,0
                  8.969726,40.779614,0
                  8.969724,40.779622,0
                  8.969723,40.77963,0
                  8.969722,40.779635,0
                  8.969722,40.779641,0
                  8.969723,40.779647,0
                  8.969724,40.779654,0
                  8.969725,40.779662,0
                  8.969727,40.779671,0
                  8.969729,40.77968,0
                  8.969731,40.77969,0
                  8.969734,40.779701,0
                  8.969737,40.779713,0
                  8.970049,40.780823,0
                  8.969609,40.780823,0
                  8.969291,40.779688,0
                  8.969281,40.779647,0
                  8.969273,40.779609,0
                  8.969268,40.779572,0
                  8.969266,40.779539,0
                  8.969267,40.779508,0
                  8.969271,40.779479,0
                  8.969277,40.779452,0
                  8.969286,40.779428,0
                  8.969298,40.779406,0
                  8.969313,40.779387,0
                  8.969336,40.779365,0
                  8.969363,40.779346,0
                  8.969396,40.779329,0
                  8.969433,40.779315,0
                  8.969476,40.779303,0
                  8.969523,40.779293,0
                  8.969576,40.779286,0
                  8.969633,40.779281,0
                  8.969696,40.779279,0
                  8.969763,40.779278,0
                  8.969845,40.779568,0
                </coordinates>
              </LinearRing>
            </outerBoundaryIs>
          </Polygon>
        </MultiGeometry>
      </Placemark>
    </Folder>
  </Document>
</kml>
