<?xml version="1.0" encoding="UTF-8"?>
<kml xmlns="http://www.opengis.net/kml/2.2">
  <Document>
    <name>RIS26 - SS3/6 Su Filigosu-Lerno</name>
    <description/>
    <Style id="icon-1899-DB4436-normal">
      <IconStyle>
        <color>ff3644db</color>
        <scale>1</scale>
        <Icon>
          <href>https://www.gstatic.com/mapspro/images/stock/503-wht-blank_maps.png</href>
        </Icon>
        <hotSpot x="32" xunits="pixels" y="64" yunits="insetPixels"/>
      </IconStyle>
      <LabelStyle>
        <scale>0</scale>
      </LabelStyle>
    </Style>
    <Style id="icon-1899-DB4436-highlight">
      <IconStyle>
        <color>ff3644db</color>
        <scale>1</scale>
        <Icon>
          <href>https://www.gstatic.com/mapspro/images/stock/503-wht-blank_maps.png</href>
        </Icon>
        <hotSpot x="32" xunits="pixels" y="64" yunits="insetPixels"/>
      </IconStyle>
      <LabelStyle>
        <scale>1</scale>
      </LabelStyle>
    </Style>
    <StyleMap id="icon-1899-DB4436">
      <Pair>
        <key>normal</key>
        <styleUrl>#icon-1899-DB4436-normal</styleUrl>
      </Pair>
      <Pair>
        <key>highlight</key>
        <styleUrl>#icon-1899-DB4436-highlight</styleUrl>
      </Pair>
    </StyleMap>
    <Style id="icon-1899-DB4436-nodesc-normal">
      <IconStyle>
        <color>ff3644db</color>
        <scale>1</scale>
        <Icon>
          <href>https://www.gstatic.com/mapspro/images/stock/503-wht-blank_maps.png</href>
        </Icon>
        <hotSpot x="32" xunits="pixels" y="64" yunits="insetPixels"/>
      </IconStyle>
      <LabelStyle>
        <scale>0</scale>
      </LabelStyle>
      <BalloonStyle>
        <text><![CDATA[<h3>$[name]</h3>]]></text>
      </BalloonStyle>
    </Style>
    <Style id="icon-1899-DB4436-nodesc-highlight">
      <IconStyle>
        <color>ff3644db</color>
        <scale>1</scale>
        <Icon>
          <href>https://www.gstatic.com/mapspro/images/stock/503-wht-blank_maps.png</href>
        </Icon>
        <hotSpot x="32" xunits="pixels" y="64" yunits="insetPixels"/>
      </IconStyle>
      <LabelStyle>
        <scale>1</scale>
      </LabelStyle>
      <BalloonStyle>
        <text><![CDATA[<h3>$[name]</h3>]]></text>
      </BalloonStyle>
    </Style>
    <StyleMap id="icon-1899-DB4436-nodesc">
      <Pair>
        <key>normal</key>
        <styleUrl>#icon-1899-DB4436-nodesc-normal</styleUrl>
      </Pair>
      <Pair>
        <key>highlight</key>
        <styleUrl>#icon-1899-DB4436-nodesc-highlight</styleUrl>
      </Pair>
    </StyleMap>
    <Style id="line-ACA83A-8000-normal">
      <LineStyle>
        <color>ff3aa8ac</color>
        <width>8</width>
      </LineStyle>
    </Style>
    <Style id="line-ACA83A-8000-highlight">
      <LineStyle>
        <color>ff3aa8ac</color>
        <width>12</width>
      </LineStyle>
    </Style>
    <StyleMap id="line-ACA83A-8000">
      <Pair>
        <key>normal</key>
        <styleUrl>#line-ACA83A-8000-normal</styleUrl>
      </Pair>
      <Pair>
        <key>highlight</key>
        <styleUrl>#line-ACA83A-8000-highlight</styleUrl>
      </Pair>
    </StyleMap>
    <Style id="line-FF0000-5000-nodesc-normal">
      <LineStyle>
        <color>ff0000ff</color>
        <width>5</width>
      </LineStyle>
      <BalloonStyle>
        <text><![CDATA[<h3>$[name]</h3>]]></text>
      </BalloonStyle>
    </Style>
    <Style id="line-FF0000-5000-nodesc-highlight">
      <LineStyle>
        <color>ff0000ff</color>
        <width>7.5</width>
      </LineStyle>
      <BalloonStyle>
        <text><![CDATA[<h3>$[name]</h3>]]></text>
      </BalloonStyle>
    </Style>
    <StyleMap id="line-FF0000-5000-nodesc">
      <Pair>
        <key>normal</key>
        <styleUrl>#line-FF0000-5000-nodesc-normal</styleUrl>
      </Pair>
      <Pair>
        <key>highlight</key>
        <styleUrl>#line-FF0000-5000-nodesc-highlight</styleUrl>
      </Pair>
    </StyleMap>
    <Style id="poly-F9F9F9-1200-255-nodesc-normal">
      <LineStyle>
        <color>fff9f9f9</color>
        <width>1.2</width>
      </LineStyle>
      <PolyStyle>
        <color>fff9f9f9</color>
        <fill>1</fill>
        <outline>1</outline>
      </PolyStyle>
      <BalloonStyle>
        <text><![CDATA[<h3>$[name]</h3>]]></text>
      </BalloonStyle>
    </Style>
    <Style id="poly-F9F9F9-1200-255-nodesc-highlight">
      <LineStyle>
        <color>fff9f9f9</color>
        <width>1.8</width>
      </LineStyle>
      <PolyStyle>
        <color>fff9f9f9</color>
        <fill>1</fill>
        <outline>1</outline>
      </PolyStyle>
      <BalloonStyle>
        <text><![CDATA[<h3>$[name]</h3>]]></text>
      </BalloonStyle>
    </Style>
    <StyleMap id="poly-F9F9F9-1200-255-nodesc">
      <Pair>
        <key>normal</key>
        <styleUrl>#poly-F9F9F9-1200-255-nodesc-normal</styleUrl>
      </Pair>
      <Pair>
        <key>highlight</key>
        <styleUrl>#poly-F9F9F9-1200-255-nodesc-highlight</styleUrl>
      </Pair>
    </StyleMap>
    <Style id="poly-FFDE23-1200-128-nodesc-normal">
      <LineStyle>
        <color>ff23deff</color>
        <width>1.2</width>
      </LineStyle>
      <PolyStyle>
        <color>8023deff</color>
        <fill>1</fill>
        <outline>1</outline>
      </PolyStyle>
      <BalloonStyle>
        <text><![CDATA[<h3>$[name]</h3>]]></text>
      </BalloonStyle>
    </Style>
    <Style id="poly-FFDE23-1200-128-nodesc-highlight">
      <LineStyle>
        <color>ff23deff</color>
        <width>1.8</width>
      </LineStyle>
      <PolyStyle>
        <color>8023deff</color>
        <fill>1</fill>
        <outline>1</outline>
      </PolyStyle>
      <BalloonStyle>
        <text><![CDATA[<h3>$[name]</h3>]]></text>
      </BalloonStyle>
    </Style>
    <StyleMap id="poly-FFDE23-1200-128-nodesc">
      <Pair>
        <key>normal</key>
        <styleUrl>#poly-FFDE23-1200-128-nodesc-normal</styleUrl>
      </Pair>
      <Pair>
        <key>highlight</key>
        <styleUrl>#poly-FFDE23-1200-128-nodesc-highlight</styleUrl>
      </Pair>
    </StyleMap>
    <Folder>
      <name>Access</name>
      <Placemark>
        <name>05</name>
        <styleUrl>#icon-1899-DB4436-nodesc</styleUrl>
        <Point>
          <coordinates>
            9.116687,40.721618,0
          </coordinates>
        </Point>
      </Placemark>
      <Placemark>
        <name>05</name>
        <styleUrl>#icon-1899-DB4436-nodesc</styleUrl>
        <Point>
          <coordinates>
            9.141229,40.731014,0
          </coordinates>
        </Point>
      </Placemark>
      <Placemark>
        <name>05</name>
        <styleUrl>#icon-1899-DB4436-nodesc</styleUrl>
        <Point>
          <coordinates>
            9.163989,40.709674,0
          </coordinates>
        </Point>
      </Placemark>
      <Placemark>
        <name>05</name>
        <styleUrl>#icon-1899-DB4436-nodesc</styleUrl>
        <Point>
          <coordinates>
            9.161179,40.701313,0
          </coordinates>
        </Point>
      </Placemark>
      <Placemark>
        <name>05 bifacciale</name>
        <styleUrl>#icon-1899-DB4436-nodesc</styleUrl>
        <Point>
          <coordinates>
            9.125987,40.72575,0
          </coordinates>
        </Point>
      </Placemark>
      <Placemark>
        <name>05 Access</name>
        <description><![CDATA[Sulla fascia taglia fuoco accesso solo con 4x4<br>Access to the firebreak strip only with 4x4]]></description>
        <styleUrl>#line-ACA83A-8000</styleUrl>
        <LineString>
          <tessellate>1</tessellate>
          <coordinates>
            9.116652,40.721645,0
            9.11679,40.721745,0
            9.116836,40.721781,0
            9.116914,40.721856,0
            9.116939,40.72187,0
            9.117034,40.721925,0
            9.117284,40.722071,0
            9.117366,40.72212,0
            9.117471,40.722181,0
            9.117543,40.722223,0
            9.117659,40.722291,0
            9.118223,40.722621,0
            9.11842,40.722736,0
            9.118617,40.722851,0
            9.118997,40.723066,0
            9.119187,40.723174,0
            9.119513,40.723358,0
            9.119567,40.723389,0
            9.119757,40.723498,0
            9.120136,40.723714,0
            9.120232,40.723768,0
            9.120325,40.723823,0
            9.120585,40.723974,0
            9.121067,40.724244,0
            9.121085,40.724253,0
            9.121265,40.724346,0
            9.121282,40.724354,0
            9.121488,40.724444,0
            9.121543,40.724468,0
            9.121914,40.724602,0
            9.121926,40.724606,0
            9.122132,40.724672,0
            9.122405,40.724758,0
            9.12276,40.724855,0
            9.123662,40.72511,0
            9.123884,40.725172,0
            9.124106,40.725235,0
            9.124483,40.725347,0
            9.124917,40.725465,0
            9.125372,40.7256,0
            9.125419,40.725614,0
            9.125599,40.725675,0
            9.125794,40.725754,0
            9.125948,40.725821,0
            9.126105,40.725774,0
            9.126141,40.725769,0
            9.126176,40.725764,0
            9.126226,40.725769,0
            9.126312,40.725789,0
            9.126412,40.725823,0
            9.126623,40.725899,0
            9.126861,40.725981,0
            9.127004,40.726025,0
            9.127224,40.726093,0
            9.12742,40.726153,0
            9.127637,40.726209,0
            9.127668,40.726219,0
            9.127729,40.726239,0
            9.127764,40.726256,0
            9.127816,40.726299,0
            9.127841,40.726334,0
            9.127856,40.726356,0
            9.127872,40.726367,0
            9.127974,40.726435,0
            9.128004,40.726445,0
            9.128018,40.726447,0
            9.128107,40.726461,0
            9.128126,40.72646,0
            9.128149,40.726454,0
            9.128224,40.726441,0
            9.128249,40.726434,0
            9.128259,40.726432,0
            9.128412,40.726346,0
            9.128434,40.726324,0
            9.128494,40.726263,0
            9.128542,40.726172,0
            9.128604,40.725992,0
            9.128606,40.725986,0
            9.128668,40.72586,0
            9.1287,40.725829,0
            9.128745,40.725785,0
            9.128786,40.725764,0
            9.128867,40.725734,0
            9.128889,40.725728,0
            9.128953,40.725708,0
            9.128998,40.7257,0
            9.129049,40.725701,0
            9.129106,40.725712,0
            9.129116,40.725717,0
            9.12914,40.725729,0
            9.129254,40.725777,0
            9.129321,40.725808,0
            9.129497,40.725888,0
            9.129525,40.7259,0
            9.129734,40.725986,0
            9.129835,40.726028,0
            9.130026,40.726113,0
            9.130366,40.726232,0
            9.130377,40.726236,0
            9.130517,40.726286,0
            9.130576,40.726316,0
            9.13063,40.726344,0
            9.130748,40.726438,0
            9.130782,40.726465,0
            9.130898,40.726577,0
            9.130914,40.726592,0
            9.131002,40.726701,0
            9.131175,40.726903,0
            9.131297,40.727024,0
            9.131362,40.727166,0
            9.131424,40.727236,0
            9.131507,40.727493,0
            9.131516,40.727554,0
            9.131542,40.727733,0
            9.131549,40.727779,0
            9.131554,40.727912,0
            9.131555,40.727928,0
            9.131613,40.728154,0
            9.131655,40.728205,0
            9.131705,40.728247,0
            9.131772,40.72828,0
            9.131918,40.728318,0
            9.131993,40.728337,0
            9.132144,40.728373,0
            9.13237,40.728427,0
            9.132381,40.72843,0
            9.132579,40.728512,0
            9.132788,40.728597,0
            9.133205,40.728769,0
            9.133391,40.728845,0
            9.133414,40.728855,0
            9.133946,40.729092,0
            9.13423,40.729222,0
            9.134398,40.729298,0
            9.134521,40.729328,0
            9.134707,40.729353,0
            9.134838,40.729361,0
            9.134904,40.729369,0
            9.135138,40.729398,0
            9.135371,40.729427,0
            9.135609,40.729415,0
            9.135612,40.729415,0
            9.135846,40.729398,0
            9.135851,40.729398,0
            9.135974,40.729381,0
            9.136081,40.729382,0
            9.136146,40.729382,0
            9.136266,40.729386,0
            9.136318,40.729387,0
            9.136555,40.729392,0
            9.136574,40.729392,0
            9.136744,40.729401,0
            9.13679,40.729411,0
            9.13702,40.729458,0
            9.13713,40.729481,0
            9.137243,40.729517,0
            9.137286,40.729531,0
            9.137901,40.729868,0
            9.13802,40.729929,0
            9.138217,40.730029,0
            9.138414,40.73013,0
            9.138585,40.730216,0
            9.138612,40.730229,0
            9.138813,40.730324,0
            9.139014,40.73042,0
            9.139111,40.730465,0
            9.139623,40.7307,0
            9.139869,40.730813,0
            9.140038,40.730873,0
            9.140257,40.730951,0
            9.140396,40.730974,0
            9.140621,40.731015,0
            9.14086,40.731072,0
            9.140984,40.731091,0
            9.141153,40.73113,0
            9.141168,40.731137,0
            9.141302,40.731018,0
            9.141403,40.730879,0
            9.141489,40.730664,0
            9.141529,40.730563,0
            9.141565,40.730494,0
            9.141651,40.730326,0
            9.141738,40.730159,0
            9.141769,40.730098,0
            9.141807,40.729987,0
            9.141853,40.729855,0
            9.141862,40.729812,0
            9.1419,40.729635,0
            9.141926,40.729516,0
            9.141952,40.72946,0
            9.142056,40.729228,0
            9.142101,40.729118,0
            9.142103,40.729113,0
            9.1421,40.729012,0
            9.142087,40.728939,0
            9.142067,40.728831,0
            9.142051,40.728762,0
            9.142009,40.728584,0
            9.141988,40.728496,0
            9.141972,40.728407,0
            9.141955,40.728317,0
            9.141933,40.728229,0
            9.141918,40.72817,0
            9.141962,40.728055,0
            9.141968,40.728038,0
            9.142082,40.727901,0
            9.142228,40.727724,0
            9.142279,40.727578,0
            9.14229,40.727547,0
            9.142585,40.727073,0
            9.142677,40.726967,0
            9.142701,40.726936,0
            9.142753,40.726866,0
            9.142829,40.726784,0
            9.142855,40.726756,0
            9.142896,40.72664,0
            9.142895,40.726615,0
            9.142888,40.726498,0
            9.142895,40.726435,0
            9.142913,40.726256,0
            9.142922,40.726166,0
            9.14297,40.725899,0
            9.143001,40.725721,0
            9.143055,40.725419,0
            9.143072,40.725365,0
            9.143128,40.72519,0
            9.143183,40.725016,0
            9.143193,40.724986,0
            9.143221,40.724838,0
            9.143264,40.724615,0
            9.143266,40.724606,0
            9.143299,40.724462,0
            9.143335,40.724357,0
            9.143394,40.724183,0
            9.143396,40.724078,0
            9.143385,40.724004,0
            9.143378,40.723955,0
            9.143372,40.723937,0
            9.143338,40.723828,0
            9.143284,40.723653,0
            9.143263,40.723587,0
            9.143229,40.723478,0
            9.143226,40.723467,0
            9.143211,40.723411,0
            9.143182,40.723302,0
            9.143171,40.723262,0
            9.143172,40.723234,0
            9.143175,40.723108,0
            9.143269,40.72277,0
            9.143297,40.722706,0
            9.143344,40.7226,0
            9.14342,40.722429,0
            9.143421,40.722426,0
            9.143456,40.722367,0
            9.14348,40.722329,0
            9.14354,40.722276,0
            9.143549,40.722267,0
            9.143608,40.722232,0
            9.143793,40.72212,0
            9.1438,40.722116,0
            9.143858,40.722098,0
            9.143905,40.722084,0
            9.144035,40.722088,0
            9.144161,40.72212,0
            9.144421,40.722188,0
            9.144516,40.722195,0
            9.144658,40.722201,0
            9.14471,40.722196,0
            9.144856,40.722182,0
            9.145062,40.722162,0
            9.145091,40.722156,0
            9.145177,40.722138,0
            9.14532,40.722109,0
            9.145325,40.722108,0
            9.145409,40.722106,0
            9.145466,40.722105,0
            9.145553,40.722125,0
            9.145556,40.722126,0
            9.145862,40.722224,0
            9.145979,40.722261,0
            9.146121,40.722252,0
            9.146226,40.722239,0
            9.146315,40.722228,0
            9.14632,40.722228,0
            9.146456,40.722195,0
            9.146966,40.722075,0
            9.147133,40.722029,0
            9.147217,40.722006,0
            9.147356,40.721968,0
            9.14744,40.721945,0
            9.147461,40.721939,0
            9.147604,40.721928,0
            9.147675,40.721933,0
            9.14774,40.721938,0
            9.147823,40.721938,0
            9.147873,40.721939,0
            9.147907,40.721924,0
            9.147953,40.721904,0
            9.148024,40.721866,0
            9.148169,40.721739,0
            9.148181,40.721724,0
            9.148254,40.721635,0
            9.148357,40.721453,0
            9.148377,40.72139,0
            9.148426,40.721342,0
            9.148437,40.72133,0
            9.148519,40.721255,0
            9.148562,40.721216,0
            9.14878,40.721109,0
            9.148904,40.721048,0
            9.148912,40.721044,0
            9.148971,40.721004,0
            9.148988,40.720992,0
            9.149104,40.720957,0
            9.149188,40.720932,0
            9.149325,40.720891,0
            9.149336,40.720888,0
            9.149406,40.720862,0
            9.149538,40.720812,0
            9.149619,40.720782,0
            9.149964,40.720654,0
            9.150177,40.720574,0
            9.150258,40.720544,0
            9.150326,40.720519,0
            9.150385,40.720488,0
            9.150458,40.720448,0
            9.150487,40.720433,0
            9.15057,40.720376,0
            9.150636,40.72033,0
            9.150674,40.720304,0
            9.150931,40.720142,0
            9.151,40.720099,0
            9.151185,40.719982,0
            9.151479,40.719798,0
            9.151548,40.719754,0
            9.151662,40.719683,0
            9.15173,40.71964,0
            9.151747,40.719629,0
            9.151846,40.71957,0
            9.151917,40.719528,0
            9.152033,40.719459,0
            9.152366,40.71926,0
            9.152451,40.719176,0
            9.15254,40.719087,0
            9.152739,40.71889,0
            9.152744,40.718884,0
            9.152799,40.718787,0
            9.152979,40.718467,0
            9.15312,40.718169,0
            9.153134,40.718047,0
            9.153134,40.71804,0
            9.153143,40.717921,0
            9.153156,40.717756,0
            9.153162,40.717688,0
            9.153177,40.717485,0
            9.15327,40.717314,0
            9.15338,40.717064,0
            9.153455,40.716893,0
            9.153471,40.716856,0
            9.15348,40.716828,0
            9.153557,40.716574,0
            9.153562,40.716543,0
            9.153605,40.716261,0
            9.1536,40.716186,0
            9.153596,40.716118,0
            9.15359,40.716006,0
            9.153586,40.715938,0
            9.153579,40.71583,0
            9.153589,40.715759,0
            9.153604,40.715647,0
            9.153607,40.715619,0
            9.153609,40.71558,0
            9.153615,40.715468,0
            9.153619,40.7154,0
            9.153627,40.715237,0
            9.153647,40.715109,0
            9.153658,40.715042,0
            9.153661,40.715022,0
            9.1538,40.714929,0
            9.153821,40.714917,0
            9.153898,40.714871,0
            9.153943,40.714855,0
            9.154024,40.714826,0
            9.154452,40.71467,0
            9.154469,40.714664,0
            9.154585,40.714622,0
            9.154879,40.714514,0
            9.155012,40.714465,0
            9.155092,40.714435,0
            9.155225,40.714386,0
            9.155306,40.714356,0
            9.155461,40.714299,0
            9.155513,40.71427,0
            9.155633,40.714205,0
            9.155705,40.714165,0
            9.15574,40.714146,0
            9.155816,40.714091,0
            9.155988,40.713967,0
            9.156171,40.713836,0
            9.156321,40.713711,0
            9.156381,40.713661,0
            9.156639,40.713444,0
            9.156699,40.713394,0
            9.156906,40.713221,0
            9.156958,40.713178,0
            9.15702,40.713128,0
            9.157282,40.712915,0
            9.157343,40.712865,0
            9.157444,40.712783,0
            9.157609,40.712649,0
            9.157667,40.712602,0
            9.157828,40.71247,0
            9.157929,40.712388,0
            9.15809,40.712256,0
            9.158151,40.712207,0
            9.158284,40.712098,0
            9.158423,40.712,0
            9.158836,40.711709,0
            9.158945,40.711633,0
            9.158991,40.711601,0
            9.159011,40.711588,0
            9.159123,40.711514,0
            9.15919,40.71147,0
            9.159302,40.711397,0
            9.15937,40.711352,0
            9.159482,40.711279,0
            9.15969,40.711143,0
            9.160297,40.710926,0
            9.16051,40.710842,0
            9.160589,40.71081,0
            9.161351,40.71051,0
            9.161563,40.710428,0
            9.161643,40.710397,0
            9.161775,40.710346,0
            9.161986,40.710264,0
            9.162066,40.710234,0
            9.162277,40.710152,0
            9.162296,40.710145,0
            9.162493,40.710077,0
            9.162709,40.710002,0
            9.163002,40.709901,0
            9.163061,40.709884,0
            9.163145,40.70986,0
            9.163505,40.709758,0
            9.163515,40.709755,0
            9.163654,40.709723,0
            9.163837,40.709715,0
            9.163972,40.709725,0
            9.164087,40.709614,0
            9.164132,40.709571,0
            9.164228,40.709433,0
            9.164262,40.709368,0
            9.164279,40.709302,0
            9.164275,40.709252,0
            9.164272,40.709219,0
            9.164263,40.709144,0
            9.164199,40.708859,0
            9.16423,40.708633,0
            9.164226,40.708581,0
            9.164185,40.708385,0
            9.164177,40.708362,0
            9.164116,40.708188,0
            9.1641,40.708143,0
            9.164072,40.708055,0
            9.164069,40.708012,0
            9.164064,40.707945,0
            9.164085,40.707834,0
            9.164094,40.707785,0
            9.164115,40.707705,0
            9.164132,40.707663,0
            9.164135,40.707658,0
            9.164163,40.707616,0
            9.164386,40.707353,0
            9.164514,40.707202,0
            9.164642,40.707051,0
            9.164681,40.707005,0
            9.164756,40.706905,0
            9.164964,40.70665,0
            9.165017,40.706592,0
            9.165149,40.706446,0
            9.165151,40.706444,0
            9.165292,40.706306,0
            9.165295,40.706301,0
            9.165318,40.706263,0
            9.165332,40.706206,0
            9.165342,40.706126,0
            9.165342,40.706123,0
            9.165352,40.706023,0
            9.165358,40.705926,0
            9.165357,40.705825,0
            9.165348,40.705767,0
            9.165315,40.705554,0
            9.1653,40.705377,0
            9.165295,40.70526,0
            9.1653,40.70523,0
            9.165315,40.705155,0
            9.165344,40.705074,0
            9.16545,40.7049,0
            9.165457,40.704894,0
            9.165516,40.704839,0
            9.165578,40.704809,0
            9.165691,40.704739,0
            9.165834,40.704682,0
            9.165915,40.70465,0
            9.165977,40.704603,0
            9.166009,40.704578,0
            9.166017,40.704571,0
            9.166045,40.704548,0
            9.166266,40.704314,0
            9.166296,40.70428,0
            9.166382,40.704182,0
            9.166436,40.704135,0
            9.166651,40.703948,0
            9.166752,40.703868,0
            9.166842,40.703796,0
            9.166914,40.703736,0
            9.167029,40.703639,0
            9.167075,40.703604,0
            9.167161,40.703538,0
            9.167239,40.703474,0
            9.167263,40.703453,0
            9.167301,40.703424,0
            9.167314,40.703408,0
            9.167319,40.703394,0
            9.167322,40.703377,0
            9.16732,40.703353,0
            9.167316,40.703329,0
            9.167308,40.703318,0
            9.167296,40.703305,0
            9.167281,40.703279,0
            9.167235,40.703234,0
            9.167157,40.703182,0
            9.167135,40.703168,0
            9.16708,40.70313,0
            9.16705,40.703104,0
            9.167006,40.703058,0
            9.166999,40.703049,0
            9.166963,40.703002,0
            9.166917,40.702958,0
            9.166895,40.702941,0
            9.166815,40.702887,0
            9.166654,40.70281,0
            9.166579,40.702774,0
            9.1665,40.702748,0
            9.166441,40.702733,0
            9.166032,40.702632,0
            9.16593,40.702594,0
            9.165847,40.702553,0
            9.165796,40.702518,0
            9.165736,40.702476,0
            9.165623,40.702396,0
            9.165469,40.702259,0
            9.165315,40.702122,0
            9.165162,40.701984,0
            9.165034,40.70187,0
            9.165013,40.701845,0
            9.16501,40.70184,0
            9.164988,40.701808,0
            9.164967,40.701756,0
            9.164927,40.701704,0
            9.164906,40.701686,0
            9.164881,40.701665,0
            9.164838,40.701643,0
            9.164794,40.701628,0
            9.164752,40.701626,0
            9.164694,40.701626,0
            9.164645,40.701626,0
            9.164459,40.701645,0
            9.164402,40.701651,0
            9.164202,40.701652,0
            9.163985,40.701652,0
            9.163905,40.701652,0
            9.163538,40.701622,0
            9.163513,40.701618,0
            9.163379,40.701592,0
            9.163285,40.701569,0
            9.163173,40.701541,0
            9.163068,40.701498,0
            9.162999,40.701469,0
            9.162896,40.701418,0
            9.162741,40.701322,0
            9.162689,40.701284,0
            9.162539,40.701175,0
            9.162517,40.70116,0
            9.162462,40.701119,0
            9.162398,40.701087,0
            9.162345,40.701072,0
            9.1623,40.701076,0
            9.162253,40.70108,0
            9.162086,40.70111,0
            9.162053,40.701116,0
            9.161958,40.701136,0
            9.161837,40.701151,0
            9.161652,40.701173,0
            9.16162,40.701177,0
            9.16153,40.701186,0
            9.161374,40.701224,0
            9.161369,40.701225,0
            9.161219,40.701284,0
            9.161197,40.701354,0
            9.161099,40.701498,0
            9.161183,40.701305,0
            9.160973,40.701712,0
            9.160885,40.701908,0
            9.160814,40.702217,0
            9.160766,40.702451,0
            9.160759,40.702541,0
            9.160793,40.702603,0
            9.161035,40.702845,0
            9.161313,40.703069,0
            9.161378,40.70309,0
            9.161456,40.703108,0
            9.162013,40.703116,0
            9.162309,40.703129,0
            9.162435,40.70311,0
            9.162808,40.702948,0
            9.163053,40.702863,0
            9.163206,40.702837,0
            9.163355,40.702875,0
            9.16342,40.702965,0
            9.163491,40.703275,0
            9.163553,40.703612,0
            9.163553,40.703751,0
            9.163475,40.704083,0
            9.16342,40.704212,0
            9.163342,40.704295,0
            9.163162,40.704344,0
            9.162537,40.704483,0
            9.162269,40.70455,0
            9.162027,40.704692,0
            9.161787,40.704834,0
            9.161687,40.704912,0
            9.161571,40.70506,0
            9.161517,40.705189,0
            9.16151,40.705371,0
            9.161501,40.705558,0
            9.161503,40.706024,0
            9.161483,40.706391,0
            9.161471,40.706471,0
            9.161415,40.706504,0
            9.161362,40.706503,0
            9.161087,40.706323,0
            9.160722,40.706079,0
            9.160228,40.705854,0
            9.159663,40.705563,0
            9.159253,40.70531,0
            9.15882,40.704982,0
            9.158187,40.704444,0
            9.157454,40.703924,0
            9.156821,40.703523,0
            9.156158,40.703145,0
            9.155674,40.702994,0
            9.154938,40.702913,0
            9.154459,40.702889,0
            9.154351,40.702823,0
            9.154298,40.702677,0
            9.153998,40.70123,0
          </coordinates>
        </LineString>
      </Placemark>
    </Folder>
    <Folder>
      <name>Areas</name>
      <Placemark>
        <name>05</name>
        <styleUrl>#icon-1899-DB4436-nodesc</styleUrl>
        <Point>
          <coordinates>
            9.151407,40.700626,0
          </coordinates>
        </Point>
      </Placemark>
      <Placemark>
        <name>05 - Spectator</name>
        <styleUrl>#poly-FFDE23-1200-128-nodesc</styleUrl>
        <Polygon>
          <outerBoundaryIs>
            <LinearRing>
              <tessellate>1</tessellate>
              <coordinates>
                9.149463,40.699394,0
                9.149189,40.69918,0
                9.149173,40.699167,0
                9.149158,40.699153,0
                9.149144,40.699139,0
                9.149131,40.699124,0
                9.149119,40.699109,0
                9.149108,40.699094,0
                9.149098,40.699078,0
                9.149088,40.699062,0
                9.14908,40.699045,0
                9.149073,40.699028,0
                9.149068,40.699011,0
                9.149063,40.698994,0
                9.149059,40.698976,0
                9.149057,40.698959,0
                9.149055,40.698941,0
                9.149055,40.698923,0
                9.149056,40.698906,0
                9.149058,40.698888,0
                9.149061,40.69887,0
                9.149065,40.698853,0
                9.149071,40.698836,0
                9.149077,40.698819,0
                9.149085,40.698802,0
                9.149094,40.698786,0
                9.149103,40.69877,0
                9.149114,40.698754,0
                9.149126,40.698739,0
                9.149139,40.698724,0
                9.149152,40.69871,0
                9.149167,40.698696,0
                9.149182,40.698683,0
                9.149198,40.69867,0
                9.149215,40.698658,0
                9.149233,40.698647,0
                9.149252,40.698636,0
                9.149271,40.698626,0
                9.149291,40.698617,0
                9.149311,40.698608,0
                9.149332,40.6986,0
                9.149353,40.698594,0
                9.149375,40.698587,0
                9.149397,40.698582,0
                9.14942,40.698578,0
                9.149443,40.698574,0
                9.149466,40.698571,0
                9.149489,40.698569,0
                9.149512,40.698568,0
                9.149535,40.698568,0
                9.149558,40.698569,0
                9.149582,40.69857,0
                9.149605,40.698573,0
                9.149627,40.698576,0
                9.14965,40.69858,0
                9.149672,40.698585,0
                9.149694,40.698591,0
                9.149716,40.698597,0
                9.149737,40.698605,0
                9.149758,40.698613,0
                9.149778,40.698622,0
                9.149797,40.698632,0
                9.149816,40.698642,0
                9.149834,40.698653,0
                9.149851,40.698665,0
                9.149868,40.698677,0
                9.150082,40.698845,0
                9.150256,40.698908,0
                9.150627,40.699008,0
                9.150878,40.69905,0
                9.150899,40.699054,0
                9.150921,40.699059,0
                9.150942,40.699064,0
                9.150962,40.69907,0
                9.150982,40.699077,0
                9.151002,40.699085,0
                9.151022,40.699094,0
                9.15104,40.699103,0
                9.151059,40.699112,0
                9.151076,40.699123,0
                9.15127,40.699243,0
                9.151289,40.699256,0
                9.151306,40.699268,0
                9.151575,40.699474,0
                9.151801,40.699602,0
                9.152198,40.699774,0
                9.152834,40.700008,0
                9.153201,40.700127,0
                9.153221,40.700134,0
                9.15324,40.700142,0
                9.153259,40.70015,0
                9.153647,40.700328,0
                9.153669,40.700339,0
                9.153821,40.700418,0
                9.154051,40.700462,0
                9.154073,40.700467,0
                9.154094,40.700472,0
                9.154115,40.700478,0
                9.154366,40.700557,0
                9.154388,40.700564,0
                9.154408,40.700572,0
                9.154429,40.700581,0
                9.154448,40.70059,0
                9.154467,40.7006,0
                9.154486,40.700611,0
                9.154503,40.700622,0
                9.15452,40.700635,0
                9.154536,40.700647,0
                9.154552,40.700661,0
                9.154566,40.700675,0
                9.154579,40.700689,0
                9.154592,40.700704,0
                9.154603,40.700719,0
                9.154614,40.700735,0
                9.154623,40.700751,0
                9.154632,40.700768,0
                9.154639,40.700785,0
                9.154645,40.700802,0
                9.154651,40.700819,0
                9.154655,40.700836,0
                9.154658,40.700854,0
                9.154659,40.700871,0
                9.15466,40.700889,0
                9.15466,40.700907,0
                9.154658,40.700924,0
                9.154655,40.700942,0
                9.154651,40.700959,0
                9.154646,40.700977,0
                9.15464,40.700994,0
                9.154633,40.701011,0
                9.154625,40.701027,0
                9.154615,40.701043,0
                9.154605,40.701059,0
                9.154593,40.701074,0
                9.154581,40.701089,0
                9.154568,40.701104,0
                9.154553,40.701118,0
                9.154538,40.701131,0
                9.154522,40.701144,0
                9.154506,40.701156,0
                9.154488,40.701168,0
                9.15447,40.701179,0
                9.154451,40.701189,0
                9.154431,40.701199,0
                9.154411,40.701207,0
                9.15439,40.701215,0
                9.154369,40.701223,0
                9.154347,40.701229,0
                9.154325,40.701235,0
                9.154303,40.701239,0
                9.15428,40.701243,0
                9.154257,40.701246,0
                9.154234,40.701249,0
                9.154211,40.70125,0
                9.154188,40.701251,0
                9.154165,40.70125,0
                9.154142,40.701249,0
                9.154118,40.701247,0
                9.154096,40.701244,0
                9.154073,40.70124,0
                9.15405,40.701235,0
                9.154028,40.70123,0
                9.154007,40.701224,0
                9.153786,40.701154,0
                9.153507,40.701101,0
                9.153485,40.701096,0
                9.153462,40.70109,0
                9.15344,40.701084,0
                9.153418,40.701076,0
                9.153397,40.701068,0
                9.153377,40.701059,0
                9.153357,40.701049,0
                9.153147,40.70094,0
                9.152798,40.70078,0
                9.152451,40.700667,0
                9.152431,40.70066,0
                9.151772,40.700417,0
                9.151744,40.700406,0
                9.151308,40.700218,0
                9.151283,40.700206,0
                9.15126,40.700194,0
                9.150982,40.700037,0
                9.150964,40.700026,0
                9.150946,40.700014,0
                9.150929,40.700002,0
                9.150652,40.69979,0
                9.150565,40.699735,0
                9.150395,40.699707,0
                9.150376,40.699704,0
                9.150357,40.6997,0
                9.150338,40.699695,0
                9.149916,40.699581,0
                9.149894,40.699574,0
                9.149872,40.699567,0
                9.149599,40.699469,0
                9.149578,40.69946,0
                9.149557,40.699451,0
                9.149537,40.699441,0
                9.149517,40.699431,0
                9.149498,40.699419,0
                9.14948,40.699407,0
                9.149463,40.699394,0
              </coordinates>
            </LinearRing>
          </outerBoundaryIs>
        </Polygon>
      </Placemark>
    </Folder>
    <Folder>
      <name>Track</name>
      <Placemark>
        <name>START</name>
        <description>Km: 0.00</description>
        <styleUrl>#icon-1899-DB4436</styleUrl>
        <Point>
          <coordinates>
            9.14359,40.692488,0
          </coordinates>
        </Point>
      </Placemark>
      <Placemark>
        <name>SS3/6 Su Filigosu-Lerno - km. 17.83</name>
        <styleUrl>#line-FF0000-5000-nodesc</styleUrl>
        <LineString>
          <tessellate>1</tessellate>
          <coordinates>
            9.14359,40.692487,258.46
            9.143676,40.692609,258.85
            9.14375,40.6927,259.23
            9.143801,40.692779,259.35
            9.143845,40.692877,259.46
            9.143925,40.693007,261.52
            9.144049,40.693155,263.77
            9.144145,40.693242,264.74
            9.144206,40.693274,265.14
            9.144261,40.693296,265.63
            9.144305,40.693309,266.16
            9.14435,40.693319,266.74
            9.144396,40.693329,267.28
            9.144441,40.693341,267.72
            9.144485,40.693354,268.09
            9.144705,40.69342,270.01
            9.144749,40.693434,270.52
            9.144794,40.693447,271.04
            9.144838,40.69346,271.56
            9.144881,40.693475,272.08
            9.144921,40.693494,272.57
            9.144956,40.693518,272.97
            9.144986,40.693546,273.29
            9.145013,40.693575,273.6
            9.145039,40.693605,273.91
            9.145062,40.693637,274.23
            9.145133,40.693734,275.42
            9.145234,40.693896,277.62
            9.145326,40.694061,280.18
            9.145392,40.694234,282.67
            9.145433,40.6944,284.18
            9.145448,40.694441,284.55
            9.145469,40.694481,284.97
            9.1455,40.694517,285.55
            9.145536,40.69455,286.24
            9.145567,40.694586,286.86
            9.14559,40.694625,287.31
            9.145607,40.69468,287.6
            9.145611,40.694743,287.82
            9.145621,40.694799,288.03
            9.145634,40.694869,288.34
            9.145671,40.69494,289.2
            9.145724,40.694998,290.06
            9.145799,40.695096,292.02
            9.145836,40.695167,293.06
            9.145849,40.695243,293.61
            9.145844,40.69532,294.26
            9.145825,40.695412,295.53
            9.1458,40.695571,298.31
            9.145775,40.695742,300.68
            9.145771,40.69589,301.75
            9.145784,40.695983,301.92
            9.14582,40.696075,302.06
            9.145885,40.696144,302.2
            9.145965,40.696206,302.29
            9.14607,40.69625,302.54
            9.146196,40.696285,303.27
            9.146323,40.696316,304.06
            9.146473,40.696365,304.92
            9.146587,40.696427,306.12
            9.146728,40.69654,307.52
            9.146833,40.696661,309.26
            9.146921,40.696838,311.14
            9.146973,40.69701,312.98
            9.147026,40.697185,314.98
            9.147085,40.697371,315.68
            9.147141,40.697531,315.04
            9.147238,40.697679,313.83
            9.147371,40.697795,312.83
            9.147531,40.697888,311.25
            9.147707,40.69798,309.53
            9.147905,40.698065,307.75
            9.148117,40.698146,306.03
            9.148332,40.698223,304.39
            9.148546,40.698299,302.98
            9.148757,40.698382,302.3
            9.14896,40.698476,302.3
            9.149146,40.698586,302.39
            9.149308,40.698718,302.7
            9.149456,40.698859,303.42
            9.149597,40.699005,304.27
            9.149736,40.699109,304.75
            9.149909,40.69919,304.8
            9.150067,40.699247,304.4
            9.150231,40.699293,303.71
            9.150458,40.699346,302.7
            9.150685,40.699397,301.43
            9.150873,40.699456,300.53
            9.151004,40.699531,300.89
            9.151116,40.699622,301.51
            9.151243,40.699746,302.17
            9.151369,40.699829,302.4
            9.151597,40.699938,302.47
            9.151804,40.700022,302.29
            9.152013,40.700105,301.61
            9.152225,40.700186,300.5
            9.152437,40.700266,299.1
            9.152649,40.700346,297.56
            9.152861,40.700427,295.99
            9.153071,40.700511,294.34
            9.153278,40.700599,292.51
            9.153487,40.700684,290.61
            9.153696,40.700751,289.34
            9.153912,40.700806,288.76
            9.154138,40.700861,288.56
            9.154361,40.700921,288.32
            9.154579,40.700992,287.85
            9.154789,40.701075,287.27
            9.154992,40.701169,286.61
            9.155189,40.701269,285.82
            9.155385,40.70137,285.22
            9.155584,40.701468,285.02
            9.155791,40.701553,285
            9.15588,40.701579,285
            9.155973,40.701594,284.99
            9.156069,40.701593,284.95
            9.156163,40.701579,284.83
            9.156255,40.701558,284.57
            9.156299,40.701545,284.4
            9.156343,40.701531,284.22
            9.156386,40.701516,284.04
            9.156426,40.701496,283.88
            9.156451,40.701467,283.78
            9.156447,40.701432,283.6
            9.156418,40.701405,283.46
            9.156376,40.701389,283.44
            9.156331,40.701378,283.47
            9.156285,40.701368,283.56
            9.156239,40.701358,283.73
            9.156194,40.701348,283.91
            9.156111,40.701326,284.15
            9.155891,40.70126,284.68
            9.155706,40.701181,284.99
            9.155596,40.701119,285.1
            9.155507,40.70104,285.5
            9.155435,40.700952,286.02
            9.155344,40.7008,286.86
            9.155277,40.700636,287.77
            9.155207,40.700464,289.22
            9.155142,40.700291,290.99
            9.155081,40.700117,292.94
            9.155019,40.699943,295.39
            9.154962,40.699769,297.77
            9.154909,40.699593,299.9
            9.154854,40.699418,301.61
            9.154798,40.699244,303.28
            9.15474,40.699069,305.24
            9.154682,40.698895,307.33
            9.15463,40.698719,309.88
            9.154583,40.698543,311.9
            9.154541,40.698366,313.64
            9.154513,40.698188,315.1
            9.154504,40.698008,316.42
            9.154509,40.697828,317.78
            9.154524,40.697649,320.09
            9.154545,40.69747,322.36
            9.154574,40.697291,323.92
            9.154603,40.697112,325.54
            9.154636,40.696934,327.4
            9.154666,40.696756,330.05
            9.154695,40.696577,332.78
            9.154728,40.696399,334.58
            9.154759,40.696221,336.22
            9.154763,40.696063,338.35
            9.154736,40.695907,341.28
            9.154677,40.695756,343.3
            9.1546,40.695593,344.6
            9.154557,40.695478,345.32
            9.154539,40.695361,345.98
            9.154538,40.695249,346.88
            9.15459,40.69511,348.47
            9.154669,40.694966,350.33
            9.154783,40.694814,352.42
            9.154912,40.694646,353.9
            9.155006,40.694487,354.99
            9.155116,40.694331,356.39
            9.155251,40.69419,358.47
            9.155416,40.694044,360.22
            9.155574,40.693904,362.06
            9.155662,40.693782,363.01
            9.155719,40.69365,364.18
            9.155764,40.693515,365.81
            9.155819,40.69334,368.08
            9.155859,40.693193,369.94
            9.155869,40.693044,371.89
            9.155853,40.692895,373.08
            9.15582,40.692724,373.98
            9.155802,40.692561,374.53
            9.155814,40.692402,375.58
            9.155875,40.692191,377.26
            9.155909,40.692042,378.87
            9.155916,40.691941,379.84
            9.155888,40.691842,380.16
            9.15583,40.69175,380.09
            9.155752,40.691666,379.78
            9.155617,40.691553,378.95
            9.155483,40.691438,377.43
            9.155319,40.691266,375.02
            9.155211,40.691111,372.43
            9.155112,40.690943,370.5
            9.15503,40.690776,369.12
            9.154961,40.690593,368.11
            9.154913,40.690413,367.24
            9.154897,40.690225,366.49
            9.154882,40.690039,366.09
            9.154865,40.689853,366.06
            9.154862,40.689684,366.42
            9.154853,40.689508,367.08
            9.154853,40.689332,367.83
            9.154847,40.689161,368.73
            9.154845,40.68898,369.74
            9.154846,40.688806,370.56
            9.154832,40.688626,370.97
            9.154788,40.68845,370.64
            9.154714,40.688279,370.11
            9.154622,40.688113,369.76
            9.154518,40.687952,369.6
            9.154402,40.687822,369.61
            9.154261,40.687717,369.48
            9.154118,40.687653,369.32
            9.153977,40.687624,369.21
            9.153773,40.687616,369.21
            9.153565,40.687594,369.41
            9.153401,40.687557,369.72
            9.153245,40.687502,370.15
            9.153042,40.68741,370.7
            9.152843,40.687312,370.89
            9.15264,40.687219,370.89
            9.152428,40.687139,371.42
            9.152207,40.687074,372.55
            9.151982,40.687018,373.82
            9.151816,40.686968,374.79
            9.151676,40.686909,375.45
            9.151552,40.686817,375.58
            9.151462,40.686709,375.9
            9.151367,40.686555,376.42
            9.151293,40.686371,377.05
            9.151211,40.68622,377.64
            9.151106,40.686077,378.62
            9.150984,40.685955,380.17
            9.150842,40.685846,382.02
            9.150677,40.685747,384.15
            9.150494,40.685652,386.52
            9.150299,40.68555,389.31
            9.150119,40.685437,392.06
            9.149967,40.685305,394.33
            9.149858,40.685164,396
            9.149811,40.685065,396.79
            9.149788,40.68496,397.33
            9.149778,40.684854,397.9
            9.149765,40.684674,398.8
            9.149752,40.684494,399.66
            9.149743,40.684315,400.25
            9.149738,40.684135,400.58
            9.149734,40.683955,400.97
            9.149747,40.683775,402.23
            9.149764,40.683596,403.64
            9.14978,40.683417,405.05
            9.149788,40.683237,406.4
            9.149778,40.683079,407.44
            9.14974,40.682923,408.13
            9.149698,40.682769,408.58
            9.14965,40.682592,408.88
            9.149601,40.682416,409.85
            9.149549,40.682241,411.26
            9.149487,40.682072,412.48
            9.149446,40.681951,412.97
            9.149432,40.681856,413.1
            9.149448,40.68176,413.64
            9.149503,40.681681,414.19
            9.149553,40.681589,415.18
            9.149557,40.681506,415.76
            9.149533,40.681426,415.77
            9.14949,40.68135,415.61
            9.149441,40.681275,415.8
            9.149412,40.681186,416.93
            9.14942,40.681082,418.5
            9.149463,40.680951,420.28
            9.149527,40.680838,422.72
            9.149622,40.680724,423.93
            9.149677,40.680633,423.94
            9.149681,40.680597,423.91
            9.149679,40.680561,423.99
            9.149671,40.680526,424.28
            9.149654,40.680492,424.72
            9.149636,40.680455,425.16
            9.149613,40.680421,425.55
            9.149581,40.680388,425.93
            9.149535,40.680348,426.3
            9.149463,40.680286,427.26
            9.149315,40.680185,429.63
            9.149207,40.680125,431.04
            9.149069,40.68008,432.34
            9.148925,40.680058,433.4
            9.148792,40.680059,434.28
            9.148606,40.680058,435
            9.148394,40.680023,435.63
            9.14831,40.68,436.09
            9.148232,40.679967,437.03
            9.148167,40.679922,438.28
            9.148113,40.679868,439.57
            9.148055,40.679812,440.77
            9.148019,40.679748,441.86
            9.147964,40.679629,443.59
            9.147926,40.679488,445.23
            9.14785,40.679319,447
            9.147752,40.679155,449.47
            9.147647,40.678994,452.27
            9.147533,40.678836,455.03
            9.147402,40.678686,458.27
            9.147261,40.678542,461.39
            9.147154,40.678423,463.85
            9.147081,40.678289,466.32
            9.147056,40.678163,468.64
            9.147059,40.678034,471.3
            9.147075,40.677906,474.1
            9.147108,40.677728,476.84
            9.147151,40.677579,478.03
            9.14722,40.677435,477.1
            9.147304,40.677296,475.55
            9.147403,40.677133,473.69
            9.14748,40.676964,472.28
            9.147518,40.67681,472.42
            9.147523,40.676653,472.64
            9.147504,40.676497,472.77
            9.147458,40.676328,472.99
            9.147392,40.676155,473.26
            9.147319,40.675984,473.41
            9.147226,40.675818,473.4
            9.147115,40.675659,473.36
            9.147059,40.675581,473.33
            9.147027,40.675531,473.24
            9.147005,40.675479,473.2
            9.147,40.675423,473.37
            9.147006,40.675368,473.71
            9.147022,40.675313,474.14
            9.147038,40.675259,474.52
            9.14709,40.675104,475.07
            9.147148,40.674929,475.65
            9.147211,40.674756,476.57
            9.147279,40.674622,477.61
            9.147379,40.6745,478.89
            9.147524,40.674374,480.51
            9.147695,40.67425,482.29
            9.147853,40.674157,483.74
            9.147979,40.674113,484.62
            9.148115,40.67409,485.3
            9.148254,40.674081,485.83
            9.148471,40.674088,486.71
            9.148688,40.674108,487.82
            9.148923,40.674129,489.24
            9.149134,40.674135,490.6
            9.149342,40.674112,491.89
            9.149562,40.674066,493.16
            9.149789,40.674012,494.51
            9.150015,40.673959,495.89
            9.150246,40.673918,497.32
            9.150478,40.673898,498.9
            9.150711,40.673892,500.8
            9.150948,40.67389,503
            9.151185,40.673881,505.32
            9.151421,40.673866,507.18
            9.151658,40.673851,508.6
            9.151894,40.673838,509.98
            9.152131,40.673825,511.35
            9.152367,40.673812,512.72
            9.152604,40.673799,514.04
            9.15284,40.673788,515.01
            9.153077,40.673784,515.57
            9.153205,40.673786,515.81
            9.153278,40.673792,515.97
            9.153348,40.673806,516.05
            9.153414,40.67383,515.99
            9.153472,40.673863,515.86
            9.153521,40.673904,515.74
            9.153561,40.67395,515.69
            9.153597,40.673999,515.7
            9.153641,40.674059,515.71
            9.153711,40.674138,515.69
            9.153806,40.674201,515.57
            9.153917,40.674245,515.48
            9.154036,40.674277,515.7
            9.154189,40.674305,516.07
            9.154422,40.674341,516.65
            9.154656,40.674368,517.29
            9.154871,40.674367,518.08
            9.155083,40.674339,518.89
            9.155298,40.674293,519.91
            9.155486,40.674235,521.01
            9.155662,40.674159,522.3
            9.155828,40.674071,523.56
            9.156026,40.673972,524.66
            9.156222,40.673898,525.74
            9.156401,40.673846,526.75
            9.15659,40.673821,527.39
            9.15678,40.673803,527.99
            9.157016,40.673787,528.98
            9.157253,40.67378,530.27
            9.15749,40.673773,531.58
            9.157727,40.67377,532.81
            9.157962,40.673784,533.84
            9.158192,40.673822,534.72
            9.158418,40.673876,535.38
            9.158647,40.673922,536.02
            9.15888,40.673956,537.16
            9.159112,40.673992,538.83
            9.159343,40.674034,540.8
            9.159553,40.674085,542.05
            9.159712,40.674143,542.97
            9.159854,40.674223,544.24
            9.159983,40.674314,545.99
            9.160017,40.674339,546.5
            9.160051,40.674365,547.16
            9.160087,40.674388,547.79
            9.16013,40.674402,548.21
            9.160177,40.674403,548.34
            9.16022,40.674389,548.27
            9.160256,40.674366,548.14
            9.160285,40.674338,548.13
            9.160313,40.674309,548.17
            9.160338,40.674278,548.24
            9.160361,40.674246,548.34
            9.160383,40.674215,548.46
            9.160455,40.674104,549.25
            9.160541,40.673936,550.95
            9.16061,40.673764,553.81
            9.160692,40.673595,556.7
            9.160796,40.673434,558.34
            9.160909,40.673276,560.16
            9.161007,40.673112,562.51
            9.161057,40.672979,564.25
            9.16107,40.672841,565.85
            9.161058,40.672703,567.75
            9.161025,40.672548,570.15
            9.161012,40.672512,570.66
            9.160997,40.672477,571.12
            9.160977,40.672444,571.47
            9.160951,40.672413,571.71
            9.160918,40.672386,571.82
            9.160882,40.672362,571.87
            9.160841,40.672341,571.96
            9.160798,40.672324,572.16
            9.160753,40.672311,572.42
            9.160706,40.672302,572.69
            9.160611,40.672288,573.23
            9.160452,40.672263,574.42
            9.160225,40.672211,576.1
            9.160149,40.672185,576.66
            9.16009,40.672158,577.22
            9.160037,40.672124,577.97
            9.159992,40.672084,578.86
            9.159961,40.672037,579.92
            9.159937,40.671988,581.05
            9.159918,40.671937,582.11
            9.159899,40.671887,583.06
            9.159842,40.671724,585.88
            9.15978,40.671551,588.86
            9.159721,40.671377,591.62
            9.159665,40.671202,593.95
            9.159644,40.671089,595.21
            9.159647,40.670976,596.59
            9.15967,40.670864,598.17
            9.159701,40.670753,599.91
            9.159728,40.670618,601.77
            9.159714,40.670483,603.4
            9.159663,40.670353,605.08
            9.159592,40.670225,606.41
            9.159487,40.670063,607.54
            9.159388,40.6699,608.52
            9.159308,40.669731,610.21
            9.15923,40.669561,612.2
            9.159139,40.669397,613.4
            9.159025,40.669242,613.88
            9.158921,40.669096,614.37
            9.158869,40.668985,615.15
            9.158856,40.668867,616.82
            9.158874,40.668749,618.81
            9.15891,40.668614,620.76
            9.158956,40.668438,622.98
            9.158961,40.66833,623.69
            9.158932,40.668229,624.41
            9.158872,40.668135,625.08
            9.158807,40.668043,625.81
            9.158702,40.667882,627.44
            9.158588,40.667724,629.1
            9.158481,40.667564,631.14
            9.15838,40.667401,632.95
            9.158278,40.667239,634.83
            9.158178,40.667096,636.36
            9.158052,40.666965,637.58
            9.157904,40.666849,638.77
            9.15773,40.666744,640.49
            9.157542,40.666652,642.8
            9.157385,40.666573,644.48
            9.157251,40.666474,646.01
            9.157135,40.666361,647.63
            9.157029,40.666247,648.99
            9.156946,40.666121,650.97
            9.156892,40.665987,653.69
            9.156857,40.665821,657.11
            9.156857,40.665663,660.07
            9.156881,40.665506,662.9
            9.156906,40.665373,665.28
            9.156914,40.665338,665.91
            9.156926,40.665303,666.46
            9.156942,40.665269,666.89
            9.156965,40.665238,667.21
            9.156995,40.66521,667.55
            9.157034,40.665189,667.96
            9.157077,40.665175,668.43
            9.157124,40.665169,668.94
            9.157171,40.665171,669.44
            9.157217,40.665178,669.94
            9.157261,40.665192,670.38
            9.157302,40.66521,670.73
            9.157338,40.665234,670.96
            9.15737,40.66526,671.08
            9.157401,40.665287,671.09
            9.157432,40.665315,671.04
            9.157463,40.665342,671.01
            9.157497,40.665367,671.06
            9.157534,40.665389,671.18
            9.157575,40.665407,671.42
            9.15762,40.665418,671.78
            9.157667,40.665419,672.28
            9.157713,40.66541,672.87
            9.157753,40.665391,673.49
            9.157785,40.665364,674.08
            9.157809,40.665333,674.62
            9.157826,40.6653,675.12
            9.157839,40.665265,675.61
            9.157849,40.66523,676.1
            9.157859,40.665195,676.59
            9.157868,40.66516,677.08
            9.157911,40.664994,679.31
            9.157979,40.664822,681.28
            9.158075,40.664658,682.84
            9.15816,40.66457,683.84
            9.158272,40.664501,685.13
            9.1584,40.66445,686.42
            9.15854,40.664413,687.36
            9.158746,40.664384,688.46
            9.15898,40.664365,690.36
            9.159216,40.664342,692.66
            9.159451,40.664322,694.55
            9.159664,40.664318,695.64
            9.159876,40.664337,696.72
            9.160106,40.66438,698.73
            9.160335,40.664429,701.25
            9.160562,40.664479,703.4
            9.160789,40.664531,705.06
            9.161016,40.664583,706.71
            9.161246,40.664628,708.63
            9.161458,40.66465,710.68
            9.161654,40.664638,712.42
            9.161849,40.664612,713.59
            9.16202,40.664618,714.93
            9.162188,40.664641,716.78
            9.162325,40.664648,718.22
            9.16246,40.664631,719.48
            9.162586,40.664588,720.86
            9.162701,40.664531,722.25
            9.162832,40.664459,723.6
            9.16302,40.66436,725.12
            9.163206,40.664294,726.85
            9.163406,40.664256,729.15
            9.163619,40.664238,731.3
            9.163856,40.66423,733.05
            9.164093,40.664227,734.43
            9.16433,40.664223,735.74
            9.164567,40.664217,736.99
            9.164804,40.664208,738.2
            9.16504,40.664195,739.39
            9.165276,40.664182,740.57
            9.165513,40.664168,741.75
            9.16575,40.664157,742.89
            9.165986,40.664157,743.91
            9.166222,40.664176,744.87
            9.166455,40.66421,745.96
            9.166688,40.664242,747.04
            9.166923,40.664266,748.17
            9.167159,40.664281,749.63
            9.167257,40.664285,750.3
            9.167305,40.664284,750.62
            9.167351,40.66428,750.87
            9.167397,40.664271,751.05
            9.167441,40.664257,751.15
            9.16748,40.664237,751.14
            9.167512,40.66421,751.08
            9.167537,40.66418,751.05
            9.167559,40.664148,751.05
            9.167576,40.664114,751.14
            9.167588,40.66408,751.28
            9.167594,40.664024,751.36
            9.167591,40.663968,751.32
            9.167576,40.663912,751.22
            9.167533,40.66382,751.27
            9.167456,40.663709,751.46
            9.167345,40.66359,751.68
            9.167189,40.663455,751.88
            9.16702,40.663339,751.68
            9.166835,40.663237,751.16
            9.166634,40.663142,750.92
            9.16643,40.66305,750.99
            9.166224,40.662961,750.82
            9.166013,40.662879,750.58
            9.165934,40.66285,750.59
            9.165858,40.662817,750.65
            9.165813,40.662789,750.74
            9.165772,40.662757,750.82
            9.165741,40.66272,750.87
            9.165718,40.662679,750.94
            9.165704,40.662636,751.05
            9.165699,40.662591,751.2
            9.165699,40.662547,751.37
            9.165702,40.662488,751.63
            9.165718,40.66243,752.01
            9.165768,40.662329,752.87
            9.165847,40.66224,753.83
            9.165962,40.662157,754.86
            9.166115,40.662073,756.09
            9.166313,40.661998,757.45
            9.166481,40.661968,758.23
            9.166652,40.66195,758.9
            9.166886,40.661924,759.63
            9.167119,40.661891,759.92
            9.167351,40.661853,759.99
            9.167581,40.661808,760.07
            9.167809,40.661758,760.41
            9.168036,40.661706,760.99
            9.168265,40.66166,761.74
            9.168497,40.661626,762.74
            9.168733,40.661607,763.81
            9.168951,40.661581,764.76
            9.169112,40.661534,765.63
            9.169258,40.661464,766.31
            9.16939,40.661379,766.98
            9.169544,40.661251,767.38
            9.169688,40.661117,767.77
            9.169846,40.660983,768.68
            9.169934,40.660927,769.41
            9.170029,40.660888,770.01
            9.170133,40.660867,770.21
            9.170239,40.660866,770.33
            9.170344,40.660882,770.59
            9.170446,40.660906,770.91
            9.170637,40.660963,771.42
            9.170851,40.661039,772.21
            9.171064,40.661118,773.38
            9.171248,40.661171,774.28
            9.171442,40.661195,775.05
            9.171629,40.661187,775.72
            9.171793,40.661157,776.12
            9.171946,40.661103,776.28
            9.172083,40.661028,776.47
            9.17223,40.660913,776.69
            9.172357,40.660785,776.79
            9.172495,40.660639,776.96
            9.172624,40.660543,777.31
            9.172778,40.660476,777.44
            9.172948,40.660436,776.97
            9.173119,40.660398,776.6
            9.173339,40.660332,776.45
            9.173466,40.660262,776.67
            9.173582,40.660182,776.86
            9.173748,40.660053,776.94
            9.173908,40.659921,776.89
            9.174068,40.659788,776.82
            9.174224,40.659652,776.8
            9.174368,40.65951,776.95
            9.174508,40.659365,777.21
            9.174646,40.659228,777.63
            9.174673,40.659198,777.71
            9.174694,40.659166,777.76
            9.174708,40.659132,777.75
            9.174715,40.659096,777.68
            9.174718,40.65906,777.57
            9.174718,40.659025,777.44
            9.174716,40.658989,777.3
            9.174707,40.658932,777.06
            9.174685,40.658878,776.98
            9.174653,40.658827,776.97
            9.174605,40.658784,776.87
            9.174552,40.658743,776.74
            9.174497,40.658706,776.58
            9.174438,40.658671,776.44
            9.17429,40.658606,776.05
            9.174129,40.658564,775.49
            9.173918,40.65852,774.63
            9.173689,40.658474,773.64
            9.173459,40.658429,772.62
            9.17323,40.658384,771.61
            9.173001,40.658337,770.74
            9.172778,40.658278,770.16
            9.172564,40.658199,769.76
            9.172352,40.65812,769.09
            9.172138,40.658042,768.28
            9.171924,40.657965,767.47
            9.17171,40.657887,766.65
            9.1715,40.657803,765.93
            9.171295,40.657713,765.3
            9.171091,40.657621,764.69
            9.170888,40.65753,764.09
            9.170677,40.657458,763.54
            9.170457,40.657404,762.79
            9.170227,40.657359,761.83
            9.169995,40.657322,761.1
            9.169768,40.657272,760.83
            9.169547,40.657205,759.82
            9.169335,40.657126,758.56
            9.169125,40.657042,757.26
            9.168911,40.656964,756.01
            9.16869,40.656899,755.13
            9.168466,40.65684,754.57
            9.168242,40.656782,754.36
            9.168017,40.656724,754.27
            9.167797,40.656658,754.14
            9.167615,40.656579,754.15
            9.167458,40.656474,754.22
            9.167301,40.656356,754.18
            9.167136,40.656227,753.74
            9.166971,40.656098,752.96
            9.166801,40.655973,752.4
            9.166631,40.655847,752.07
            9.166477,40.655711,751.74
            9.166388,40.655608,751.55
            9.166368,40.655576,751.54
            9.166351,40.655542,751.55
            9.166341,40.655507,751.58
            9.166339,40.655471,751.62
            9.166335,40.655433,751.67
            9.166336,40.655395,751.71
            9.166341,40.655354,751.75
            9.166355,40.65529,751.77
            9.166399,40.655183,751.8
            9.16645,40.6551,752.02
            9.166595,40.6549,752.32
            9.166712,40.6547,752.66
            9.166825,40.654539,753.12
            9.16691,40.654371,753.7
            9.166976,40.654193,754.35
            9.166989,40.654021,755
            9.167012,40.653845,755.42
            9.167057,40.653666,755.73
            9.167064,40.65349,756.23
            9.167035,40.653356,756.49
            9.166966,40.653238,755.9
            9.166901,40.653148,755.28
            9.166855,40.653073,754.66
            9.166791,40.652924,753.51
            9.16677,40.652831,753.02
            9.166768,40.652795,752.99
            9.166768,40.652759,753.09
            9.16676,40.652724,753.16
            9.16674,40.652691,753.11
            9.16671,40.652663,752.95
            9.166674,40.65264,752.76
            9.166633,40.652621,752.63
            9.16659,40.652607,752.58
            9.166545,40.652589,752.55
            9.166496,40.652578,752.48
            9.166445,40.652572,752.28
            9.166384,40.652572,751.99
            9.166262,40.652581,751.14
            9.166064,40.652603,749.51
            9.165848,40.652644,748.23
            9.165616,40.652695,746.44
            9.165413,40.652764,743.7
            9.165261,40.652816,741.58
            9.165112,40.652822,740.23
            9.164971,40.652807,739.39
            9.164821,40.652785,738.62
            9.16463,40.652764,737.46
            9.164361,40.652737,736.53
            9.164131,40.652713,736
            9.163887,40.652685,735.48
            9.163654,40.652641,734.94
            9.163489,40.65263,734.52
            9.163305,40.652631,734.38
            9.163115,40.652657,734.45
            9.162925,40.652691,734.51
            9.162847,40.6527,734.72
            9.162772,40.652701,734.92
            9.162573,40.652678,735.68
            9.162372,40.652638,736.1
            9.162181,40.652576,735.85
            9.162001,40.652496,735.05
            9.161804,40.652415,734.31
            9.161585,40.652347,733.85
            9.161363,40.652283,733.66
            9.161147,40.652208,733.48
            9.160983,40.65214,733.37
            9.160835,40.652067,733.5
            9.160732,40.651978,733.8
            9.160634,40.651841,734.19
            9.16055,40.651696,734.94
            9.160483,40.65152,735.75
            9.160437,40.651361,736.52
            9.160394,40.651187,737.32
            9.16034,40.651012,737.78
            9.160285,40.650837,738.06
            9.160219,40.650664,737.93
            9.1602,40.650611,737.88
            9.160188,40.650557,737.9
            9.16019,40.650502,738.01
            9.16021,40.65045,738.3
            9.160239,40.650399,738.69
            9.160276,40.650352,739.04
            9.160326,40.6503,739.31
            9.160445,40.650161,739.73
            9.160569,40.650032,740.45
            9.160739,40.649923,741.35
            9.160829,40.649844,741.85
            9.160885,40.649768,742.09
            9.160914,40.649684,742.2
            9.160924,40.649597,742.3
            9.160925,40.64951,742.42
            9.16091,40.64936,743.04
            9.160862,40.649186,744.15
            9.160791,40.649016,745.24
            9.160707,40.648847,746.46
            9.16062,40.64868,747.81
            9.160532,40.648513,749.15
            9.160425,40.648355,750.36
            9.160381,40.648226,751.03
            9.160378,40.648104,751.38
            9.160409,40.647944,751.26
            9.160443,40.647762,750.31
            9.160507,40.647585,748.79
            9.160565,40.647467,747.78
            9.16064,40.64738,747.79
            9.160717,40.647318,747.8
            9.160742,40.647287,747.83
            9.160758,40.647254,747.76
            9.160764,40.647218,747.64
            9.160761,40.647182,747.55
            9.16075,40.647148,747.44
            9.160732,40.647114,747.22
            9.160711,40.647082,746.92
            9.160689,40.64705,746.59
            9.160665,40.647019,746.25
            9.16064,40.646988,745.93
            9.160536,40.646892,745.78
            9.160412,40.64681,746.4
            9.160279,40.646736,747.15
            9.160086,40.646632,748.03
            9.159899,40.646521,748.84
            9.159769,40.646422,749.6
            9.159669,40.646304,750.25
            9.159579,40.646172,750.8
            9.159463,40.646015,751.48
            9.159327,40.645868,752.08
            9.159173,40.645735,752.65
            9.159023,40.645631,753.05
            9.158849,40.645551,752.74
            9.158664,40.645488,752.37
            9.158572,40.645465,752.25
            9.158524,40.645457,752.22
            9.158475,40.645452,752.14
            9.158426,40.645451,751.97
            9.158377,40.645456,751.78
            9.158329,40.645466,751.61
            9.158285,40.645483,751.48
            9.158242,40.645502,751.38
            9.158201,40.645522,751.28
            9.15816,40.645543,751.21
            9.158118,40.645564,751.15
            9.157964,40.64562,750.51
            9.157797,40.645649,749.66
            9.157627,40.645659,748.95
            9.157443,40.645634,748.45
            9.157265,40.645591,747.82
            9.15708,40.645519,746.86
            9.156924,40.645431,746.13
            9.156785,40.645327,745.75
            9.156655,40.645194,745.78
            9.15654,40.645053,746
            9.156437,40.644891,746.25
            9.15635,40.644723,746.3
            9.156268,40.644554,746.18
            9.156185,40.644386,746.61
            9.156098,40.644219,747.02
            9.156005,40.644053,746.8
            9.155912,40.643888,746.25
            9.155829,40.643719,746.06
            9.155747,40.643551,746
            9.155648,40.643387,745.94
            9.155534,40.643255,746.04
            9.15539,40.64314,746
            9.155213,40.643021,745.92
            9.155046,40.642893,745.96
            9.154921,40.642761,745.88
            9.154812,40.642621,745.48
            9.15469,40.642467,744.81
            9.154558,40.642318,743.98
            9.154415,40.642174,743.05
            9.154265,40.642034,742.04
            9.154109,40.641899,740.99
            9.153945,40.641769,740.06
            9.153779,40.641641,739.33
            9.153616,40.641511,738.68
            9.153455,40.641378,737.92
            9.153296,40.641245,737.06
            9.153137,40.641112,736.22
            9.152982,40.640975,735.5
            9.152853,40.640836,734.99
            9.152774,40.640698,734.94
            9.15273,40.640552,735.45
            9.152699,40.640388,736.46
            9.152665,40.64021,737.7
            9.152623,40.640033,738.97
            9.152569,40.639858,740.24
            9.152499,40.639676,741.23
            9.152444,40.639504,741.46
            9.152441,40.639357,741.36
            9.152454,40.639278,741.33
            9.152483,40.63923,741.39
            9.152507,40.639194,741.48
            9.152541,40.639166,741.63
            9.15258,40.639132,741.82
            9.15262,40.639109,742.05
            9.152667,40.639088,742.29
            9.15271,40.639073,742.53
            9.152759,40.639063,742.76
            9.152844,40.639047,742.99
            9.152938,40.639028,743.5
            9.153135,40.639003,744.53
            9.153387,40.638983,745.75
            9.153611,40.638967,746.96
            9.153825,40.638959,747.94
            9.154075,40.638986,749.12
            9.154312,40.638991,751.31
            9.154532,40.638973,752.53
            9.15475,40.638944,753.58
            9.154976,40.638899,755.2
            9.1552,40.638869,756.73
            9.155351,40.638874,757.29
            9.155469,40.638886,757.8
            9.155515,40.638897,757.95
            9.155558,40.638912,758
            9.155599,40.63893,758
            9.155635,40.638952,758
            9.155667,40.638979,758.02
            9.155692,40.63901,758.09
            9.155707,40.639044,758.27
            9.155712,40.639079,758.54
            9.155711,40.639115,758.88
            9.155705,40.639151,759.26
            9.155696,40.639186,759.68
            9.155686,40.639221,760.11
            9.155676,40.639257,760.55
            9.155667,40.639292,760.99
            9.155653,40.639443,762.7
            9.155684,40.639593,764
            9.155701,40.639646,764.4
            9.155714,40.639681,764.62
            9.155733,40.639714,764.75
            9.155758,40.639744,764.75
            9.155789,40.639771,764.7
            9.155826,40.639793,764.64
            9.155869,40.639809,764.7
            9.155915,40.639818,764.91
            9.155962,40.639822,765.09
            9.156009,40.63982,765.18
            9.156056,40.639814,765.21
            9.156102,40.639805,765.29
            9.156146,40.639792,765.44
            9.156211,40.639766,765.73
            9.156273,40.639736,765.93
            9.156386,40.63967,766.17
            9.156533,40.639573,766.48
            9.15671,40.639453,766.95
            9.156881,40.639329,767.38
            9.157032,40.63919,767.83
            9.157174,40.639046,768.55
            9.157321,40.638907,769.07
            9.157487,40.638781,770.09
            9.157609,40.638684,770.72
            9.157705,40.63857,770.85
            9.157784,40.63845,770.85
            9.157881,40.638286,770.73
            9.157894,40.638251,770.57
            9.157897,40.638216,770.32
            9.157889,40.63818,770.02
            9.15787,40.638148,769.71
            9.157846,40.638117,769.41
            9.157821,40.638086,769.08
            9.157795,40.638056,768.7
            9.157769,40.638026,768.29
            9.157742,40.637996,767.86
            9.157599,40.637853,765.73
            9.157444,40.637716,764.67
            9.157283,40.637585,763.8
            9.157119,40.637455,762.51
            9.156951,40.637328,760.92
            9.156793,40.637225,759.43
            9.156625,40.637148,758.69
            9.156479,40.63711,758.69
            9.156326,40.637096,758.68
            9.156176,40.637071,758.8
            9.155948,40.637021,758.28
            9.155721,40.63697,757.6
            9.155495,40.636914,756.84
            9.155279,40.636842,756.34
            9.155119,40.636768,756.41
            9.154982,40.636671,756.3
            9.154856,40.636565,755.12
            9.154696,40.636432,753.42
            9.154534,40.636302,751.55
            9.15437,40.636171,749.85
            9.154208,40.63604,748.13
            9.15406,40.6359,745.95
            9.153928,40.635751,743.28
            9.153801,40.635599,740.7
            9.153666,40.635451,738.72
            9.153528,40.635305,737.09
            9.153385,40.635161,735.47
            9.153229,40.635026,733.86
            9.153064,40.634897,732.12
            9.153031,40.634871,731.75
            9.152998,40.634845,731.38
            9.152965,40.634819,731.02
            9.152934,40.634792,730.64
            9.152908,40.634762,730.23
            9.152894,40.634728,729.83
            9.152892,40.634693,729.5
            9.152904,40.634658,729.21
            9.15293,40.634628,728.92
            9.152964,40.634604,728.62
            9.153002,40.634583,728.32
            9.153042,40.634563,728.02
            9.153081,40.634542,727.71
            9.15312,40.634522,727.41
            9.153159,40.634502,727.11
            9.153249,40.634457,726.43
            9.153289,40.634438,726.15
            9.153328,40.634417,725.89
            9.153362,40.634392,725.65
            9.153391,40.634364,725.42
            9.153414,40.634333,725.2
            9.153432,40.634299,724.96
            9.153441,40.634264,724.7
            9.153443,40.634228,724.44
            9.15344,40.634192,724.16
            9.153434,40.634157,723.85
            9.153424,40.634122,723.5
            9.153409,40.634088,723.13
            9.15335,40.633994,722.02
            9.153267,40.633888,720.5
            9.153144,40.63374,718.26
            9.153018,40.633587,715.97
            9.152891,40.633435,713.68
            9.152769,40.633281,711.38
            9.152666,40.633119,709.01
            9.152586,40.63295,706.79
            9.152549,40.63286,705.88
            9.152535,40.632826,705.53
            9.152518,40.632792,705.2
            9.152492,40.632762,704.88
            9.152455,40.632741,704.54
            9.152412,40.632726,704.18
            9.152367,40.632714,703.82
            9.152323,40.632702,703.45
            9.152279,40.632689,703.09
            9.152235,40.632674,702.72
            9.152018,40.632602,700.86
            9.151827,40.63253,698.98
            9.15165,40.632439,697.15
            9.151475,40.632345,695.71
            9.151283,40.63224,693.93
            9.15109,40.632135,692.18
            9.150894,40.632034,690.41
            9.150697,40.631935,688.02
            9.150507,40.631827,685.11
            9.150332,40.631706,682.17
            9.150177,40.631569,680.3
            9.150024,40.631432,678.51
            9.14991,40.631362,676.79
            9.149774,40.631318,675.11
            9.149632,40.631286,673.63
            9.149422,40.631247,671.67
            9.149189,40.631216,669.08
            9.148953,40.631197,666.17
            9.148717,40.63118,663.26
            9.148483,40.631155,660.63
            9.148247,40.631135,657.78
            9.148011,40.631125,654.5
            9.147774,40.631111,651.47
            9.147547,40.631088,649.37
            9.147348,40.631048,647.6
            9.147162,40.630981,646.48
            9.14712,40.630965,646.41
            9.147075,40.630953,646.31
            9.147029,40.630946,646.12
            9.146982,40.630948,645.85
            9.146936,40.630955,645.54
            9.14689,40.630965,645.24
            9.146844,40.630975,644.95
            9.146799,40.630985,644.66
            9.146753,40.630995,644.39
            9.146525,40.631044,643.1
            9.146296,40.631089,642.12
            9.146065,40.631131,641.36
            9.145835,40.631175,640.63
            9.145607,40.631223,639.83
            9.145377,40.631266,639.23
            9.14515,40.631295,638.81
            9.144982,40.631299,638.44
            9.144828,40.631271,638.22
            9.144705,40.631222,638.02
            9.144601,40.631151,638.02
            9.144516,40.631066,638.48
            9.144434,40.630954,639.87
            9.144338,40.630817,641.83
            9.144311,40.630787,642.18
            9.144285,40.630758,642.53
            9.144257,40.630728,642.86
            9.144226,40.630702,643.11
            9.144187,40.630681,643.27
            9.144142,40.63067,643.41
            9.144095,40.63067,643.53
            9.14405,40.630681,643.49
            9.144007,40.630697,643.3
            9.143966,40.630715,643.07
            9.143926,40.630734,642.83
            9.143887,40.630754,642.59
            9.143848,40.630775,642.35
            9.143809,40.630795,642.12
            9.143769,40.630814,641.91
            9.143727,40.630831,641.84
            9.143681,40.630841,641.98
            9.143634,40.630844,642.26
            9.143588,40.630837,642.61
            9.143546,40.630821,643
            9.143509,40.630799,643.44
            9.143478,40.630772,643.95
            9.143452,40.630741,644.55
            9.143433,40.630709,645.2
            9.143417,40.630675,645.88
            9.143405,40.63064,646.57
            9.143397,40.630604,647.27
            9.143382,40.630535,648.6
            9.143354,40.630386,651.18
            9.14332,40.630208,653.76
            9.143259,40.630043,655.2
            9.143178,40.629883,656.73
            9.143116,40.629722,658.81
            9.143077,40.629556,661.04
            9.143047,40.629378,663.86
            9.143015,40.6292,666.97
            9.142967,40.629024,669.31
            9.142909,40.628849,670.83
            9.142899,40.628737,671.66
            9.142918,40.628624,672.34
            9.142946,40.628513,672.85
            9.142954,40.628478,672.99
            9.142963,40.628442,673.13
            9.14297,40.628407,673.26
            9.142978,40.628371,673.36
            9.142996,40.628338,673.36
            9.143034,40.62832,673.29
            9.143079,40.628324,673.32
            9.143123,40.628338,673.49
            9.143164,40.628356,673.74
            9.143204,40.628375,674.03
            9.143245,40.628393,674.38
            9.143286,40.62841,674.77
            9.143329,40.628427,675.18
            9.143542,40.628505,677.45
            9.143761,40.628574,680.22
            9.143922,40.628604,682.89
            9.144088,40.628608,686.14
            9.144294,40.628595,688.54
            9.144519,40.628601,689.64
            9.144739,40.628635,690.22
            9.144866,40.628657,690.62
            9.144913,40.628662,690.83
            9.14496,40.628662,691.08
            9.145007,40.628657,691.43
            9.145051,40.628645,691.86
            9.145092,40.628627,692.24
            9.145129,40.628605,692.48
            9.145166,40.628582,692.61
            9.145205,40.628562,692.7
            9.145346,40.628492,693.01
            9.145541,40.62839,693.29
            9.145695,40.628304,693.34
            9.145797,40.628265,693.65
            9.145909,40.628247,694.79
            9.146023,40.62824,696
            9.146138,40.628238,697.13
            9.146332,40.628239,698.67
            9.146379,40.628239,699.02
            9.146426,40.62824,699.36
            9.146474,40.628243,699.68
            9.14652,40.62825,700.03
            9.146563,40.628264,700.39
            9.146603,40.628284,700.68
            9.146639,40.628307,700.86
            9.146669,40.628335,700.92
            9.146696,40.628364,700.91
            9.146721,40.628395,700.83
            9.146747,40.628425,700.68
            9.146781,40.62845,700.46
            9.146823,40.628466,700.18
            9.14687,40.628472,699.88
            9.146917,40.628472,699.58
            9.146964,40.628468,699.29
            9.147011,40.628463,698.97
            9.147058,40.628461,698.61
            9.147106,40.628462,698.2
            9.147261,40.62848,696.9
            9.147409,40.62852,695.8
            9.147548,40.628578,694.84
            9.147744,40.628672,693.94
            9.147935,40.628778,693.72
            9.148118,40.628892,693.92
            9.148297,40.62901,694.38
            9.14848,40.629124,695.26
            9.148678,40.629223,696.51
            9.148884,40.629311,697.82
            9.149055,40.629395,698.9
            9.149197,40.629506,699.99
            9.149338,40.629629,701.32
            9.149503,40.629758,702.51
            9.14968,40.629877,702.88
            9.149872,40.629982,702.63
            9.150053,40.63009,701.75
            9.150223,40.630207,700.44
            9.150366,40.630288,698.7
            9.150524,40.630352,696.32
            9.150738,40.63043,693.69
            9.150951,40.630509,691.85
            9.150994,40.630525,691.54
            9.151036,40.63054,691.27
            9.151079,40.630556,691.11
            9.151122,40.63057,690.97
            9.151169,40.630575,690.8
            9.15121,40.630561,690.52
            9.15123,40.63053,690.06
            9.151233,40.630494,689.51
            9.151231,40.630458,688.92
            9.151229,40.630422,688.33
            9.151229,40.630386,687.74
            9.15123,40.63035,687.14
            9.151238,40.63017,684.21
            9.151239,40.62999,681.35
            9.151232,40.629811,678.58
            9.151236,40.629631,676.1
            9.151266,40.629453,673.73
            9.151312,40.629305,671.57
            9.151326,40.629271,671.03
            9.151343,40.629237,670.44
            9.151363,40.629205,669.82
            9.151389,40.629175,669.19
            9.151424,40.629152,668.54
            9.151468,40.62914,667.77
            9.151515,40.629139,666.79
            9.151562,40.629146,665.7
            9.151608,40.629154,664.64
            9.151654,40.629163,663.67
            9.1517,40.62917,662.8
            9.151821,40.629178,661.1
            9.151941,40.629165,659.84
            9.152054,40.629133,658.68
            9.152162,40.62909,657.42
            9.152332,40.628997,655.01
            9.152471,40.628901,652.89
            9.152583,40.628786,651.08
            9.152678,40.628636,649.45
            9.152723,40.628512,647.9
            9.15274,40.628384,646.5
            9.152737,40.628255,645.34
            9.152736,40.628075,643.43
            9.152757,40.627911,641.03
            9.15279,40.627748,638.48
            9.152827,40.62757,635.9
            9.15286,40.627392,633.4
            9.152879,40.627214,631.06
            9.152876,40.627035,628.87
            9.152852,40.626856,626.68
            9.15282,40.626708,624.85
            9.152757,40.626585,623.27
            9.152663,40.626472,621.74
            9.152556,40.626366,619.83
            9.152402,40.626229,617.1
            9.152243,40.626111,614.55
            9.152207,40.626088,614.01
            9.152171,40.626064,613.46
            9.152134,40.626041,612.82
            9.152103,40.626014,612.05
            9.152095,40.62598,611.26
            9.152118,40.625951,610.78
            9.152159,40.625934,610.62
            9.152205,40.625928,610.5
            9.152252,40.62593,610.2
            9.152299,40.625936,609.72
            9.152345,40.625945,609.14
            9.152391,40.625954,608.56
            9.152437,40.625963,607.97
            9.152601,40.625986,606.04
            9.152835,40.626015,603.37
            9.153069,40.626044,600.76
            9.153287,40.626088,598.65
            9.153428,40.626139,597.38
            9.153557,40.626205,596.27
            9.153748,40.626312,594.15
            9.153943,40.626414,591.17
            9.154137,40.626516,587.97
            9.154322,40.626629,585.31
            9.154358,40.626652,584.84
            9.154391,40.626678,584.23
            9.154418,40.626707,583.43
            9.154438,40.62674,582.62
            9.154451,40.626774,581.97
            9.154456,40.62681,581.56
            9.154458,40.626846,581.29
            9.154458,40.626882,581.03
            9.154458,40.626918,580.75
            9.154458,40.626954,580.47
            9.154456,40.62713,579.03
            9.154454,40.627292,577.71
            9.154454,40.627329,577.42
            9.15446,40.627364,577.23
            9.154473,40.627399,577.1
            9.154492,40.627432,576.89
            9.154517,40.627462,576.51
            9.154548,40.62749,576.02
            9.154583,40.627514,575.53
            9.154623,40.627533,574.97
            9.154665,40.627549,574.26
            9.154709,40.627563,573.5
            9.154753,40.627577,572.72
            9.154826,40.6276,571.42
            9.154982,40.627654,568.73
            9.155087,40.627708,567.14
            9.155173,40.627778,565.96
            9.155235,40.627862,564.6
            9.155281,40.627952,563.19
            9.155325,40.628085,561.3
            9.155379,40.628255,559.27
            9.155453,40.628426,557.75
            9.1555,40.628578,556.53
            9.155506,40.628614,556.38
            9.155506,40.62865,556.64
            9.15551,40.628685,556.92
            9.155534,40.628714,557.06
            9.155578,40.628721,557.08
            9.155617,40.628703,557.08
            9.155644,40.628673,557.08
            9.155664,40.628641,557.06
            9.155683,40.628608,556.86
            9.1557,40.628574,556.09
            9.155717,40.628537,554.4
            9.155734,40.6285,552.42
            9.15575,40.628463,550.52
            9.155832,40.628294,545.57
            9.155924,40.628128,543.44
            9.15601,40.627966,542.08
            9.156063,40.627795,540.85
            9.15609,40.627617,539.69
            9.156119,40.627438,538.38
          </coordinates>
        </LineString>
      </Placemark>
      <Placemark>
        <name>FINISH</name>
        <description>Km: 17.83</description>
        <styleUrl>#icon-1899-DB4436</styleUrl>
        <Point>
          <coordinates>
            9.156118,40.627441,0
          </coordinates>
        </Point>
      </Placemark>
    </Folder>
    <Folder>
      <name>TXT</name>
      <Placemark>
        <name>Filigosu</name>
        <styleUrl>#poly-F9F9F9-1200-255-nodesc</styleUrl>
        <MultiGeometry>
          <Polygon>
            <outerBoundaryIs>
              <LinearRing>
                <tessellate>1</tessellate>
                <coordinates>
                  9.144156,40.703331,0
                  9.142857,40.703331,0
                  9.142427,40.701797,0
                  9.142886,40.701797,0
                  9.143065,40.702436,0
                  9.143693,40.702436,0
                  9.143778,40.702739,0
                  9.14315,40.702739,0
                  9.143232,40.703029,0
                  9.144072,40.703029,0
                  9.144156,40.703331,0
                </coordinates>
              </LinearRing>
            </outerBoundaryIs>
          </Polygon>
          <Polygon>
            <outerBoundaryIs>
              <LinearRing>
                <tessellate>1</tessellate>
                <coordinates>
                  9.147609,40.701723,0
                  9.147616,40.70176,0
                  9.147617,40.701794,0
                  9.147612,40.701827,0
                  9.147601,40.701856,0
                  9.147584,40.701884,0
                  9.147582,40.701885,0
                  9.147574,40.701893,0
                  9.147557,40.701908,0
                  9.147533,40.70193,0
                  9.1475,40.701959,0
                  9.147481,40.701976,0
                  9.147462,40.701996,0
                  9.147448,40.702016,0
                  9.14744,40.702037,0
                  9.147437,40.702058,0
                  9.14744,40.702079,0
                  9.147443,40.702089,0
                  9.147454,40.702108,0
                  9.147469,40.702128,0
                  9.147489,40.70215,0
                  9.147514,40.702172,0
                  9.147528,40.702184,0
                  9.147571,40.702217,0
                  9.147607,40.702245,0
                  9.147636,40.702269,0
                  9.147657,40.702287,0
                  9.147672,40.702301,0
                  9.147688,40.702318,0
                  9.147717,40.702354,0
                  9.147742,40.702392,0
                  9.147763,40.702432,0
                  9.147779,40.702474,0
                  9.147806,40.702567,0
                  9.147814,40.702602,0
                  9.14782,40.702667,0
                  9.147813,40.702729,0
                  9.147791,40.702786,0
                  9.147755,40.702838,0
                  9.147707,40.702885,0
                  9.147649,40.702923,0
                  9.147583,40.702952,0
                  9.14751,40.702971,0
                  9.147428,40.702981,0
                  9.14726,40.702982,0
                  9.147216,40.702981,0
                  9.147129,40.702971,0
                  9.147045,40.702952,0
                  9.146963,40.702924,0
                  9.146884,40.702886,0
                  9.146809,40.702839,0
                  9.146745,40.702786,0
                  9.146691,40.702729,0
                  9.146649,40.702668,0
                  9.146617,40.702602,0
                  9.146582,40.702481,0
                  9.146575,40.702448,0
                  9.146569,40.702386,0
                  9.146578,40.702327,0
                  9.1466,40.702273,0
                  9.146636,40.702223,0
                  9.146685,40.702178,0
                  9.146743,40.702141,0
                  9.146808,40.702114,0
                  9.146882,40.702096,0
                  9.146964,40.702086,0
                  9.147059,40.702085,0
                  9.147062,40.702085,0
                  9.147066,40.702084,0
                  9.147069,40.702082,0
                  9.147071,40.702078,0
                  9.147071,40.702073,0
                  9.14707,40.70207,0
                  9.147068,40.702062,0
                  9.147065,40.702055,0
                  9.147063,40.70205,0
                  9.147061,40.702045,0
                  9.14706,40.702042,0
                  9.147058,40.70203,0
                  9.147059,40.702003,0
                  9.147068,40.701976,0
                  9.147085,40.701948,0
                  9.14711,40.70192,0
                  9.147141,40.701891,0
                  9.147166,40.701861,0
                  9.147183,40.701831,0
                  9.147191,40.701801,0
                  9.147191,40.701771,0
                  9.147185,40.701744,0
                  9.147177,40.701724,0
                  9.147153,40.701691,0
                  9.147117,40.701666,0
                  9.147069,40.701649,0
                  9.147009,40.70164,0
                  9.146939,40.701639,0
                  9.146907,40.701641,0
                  9.146855,40.701653,0
                  9.14682,40.701677,0
                  9.146803,40.701713,0
                  9.146802,40.701761,0
                  9.146809,40.701789,0
                  9.146815,40.701809,0
                  9.146822,40.701829,0
                  9.146831,40.701849,0
                  9.14684,40.701871,0
                  9.146851,40.701893,0
                  9.146407,40.701799,0
                  9.146399,40.701763,0
                  9.146391,40.701696,0
                  9.146396,40.701635,0
                  9.146413,40.70158,0
                  9.146444,40.701532,0
                  9.146464,40.701511,0
                  9.146515,40.701471,0
                  9.146579,40.70144,0
                  9.146655,40.701419,0
                  9.146743,40.701405,0
                  9.146843,40.701401,0
                  9.146953,40.701401,0
                  9.147047,40.701404,0
                  9.147135,40.701412,0
                  9.147216,40.701426,0
                  9.147291,40.701445,0
                  9.14736,40.70147,0
                  9.147399,40.701487,0
                  9.147467,40.701527,0
                  9.147523,40.701575,0
                  9.147566,40.701629,0
                  9.147598,40.70169,0
                  9.147609,40.701723,0
                </coordinates>
              </LinearRing>
            </outerBoundaryIs>
            <innerBoundaryIs>
              <LinearRing>
                <tessellate>1</tessellate>
                <coordinates>
                  9.147381,40.702623,0
                  9.14738,40.70264,0
                  9.147377,40.702655,0
                  9.14737,40.70267,0
                  9.147359,40.702683,0
                  9.147345,40.702694,0
                  9.147329,40.702703,0
                  9.147312,40.70271,0
                  9.147292,40.702714,0
                  9.14727,40.702715,0
                  9.147226,40.702715,0
                  9.147203,40.702714,0
                  9.147181,40.70271,0
                  9.147159,40.702703,0
                  9.147139,40.702694,0
                  9.147119,40.702683,0
                  9.1471,40.70267,0
                  9.147085,40.702655,0
                  9.147072,40.70264,0
                  9.147063,40.702623,0
                  9.147056,40.702606,0
                  9.147014,40.702452,0
                  9.147011,40.702436,0
                  9.147011,40.70242,0
                  9.147015,40.702405,0
                  9.147022,40.70239,0
                  9.147033,40.702377,0
                  9.147046,40.702365,0
                  9.147062,40.702356,0
                  9.14708,40.70235,0
                  9.1471,40.702346,0
                  9.147122,40.702345,0
                  9.147167,40.702345,0
                  9.14719,40.702346,0
                  9.147212,40.702349,0
                  9.147233,40.702354,0
                  9.147253,40.702361,0
                  9.147272,40.702371,0
                  9.14729,40.702382,0
                  9.147304,40.702394,0
                  9.147316,40.702407,0
                  9.147325,40.702422,0
                  9.147331,40.702438,0
                  9.147377,40.702606,0
                  9.147381,40.702623,0
                </coordinates>
              </LinearRing>
            </innerBoundaryIs>
          </Polygon>
          <Polygon>
            <outerBoundaryIs>
              <LinearRing>
                <tessellate>1</tessellate>
                <coordinates>
                  9.15231,40.702937,0
                  9.151872,40.702937,0
                  9.151654,40.702158,0
                  9.151651,40.70215,0
                  9.151647,40.702141,0
                  9.151643,40.702133,0
                  9.151638,40.702125,0
                  9.151632,40.702117,0
                  9.151626,40.70211,0
                  9.151618,40.702102,0
                  9.15161,40.702095,0
                  9.151601,40.702088,0
                  9.151591,40.702081,0
                  9.151581,40.702074,0
                  9.151571,40.702068,0
                  9.15156,40.702063,0
                  9.15155,40.702059,0
                  9.151539,40.702055,0
                  9.151528,40.702052,0
                  9.151517,40.70205,0
                  9.151506,40.702048,0
                  9.151495,40.702047,0
                  9.151484,40.702046,0
                  9.151438,40.702046,0
                  9.151427,40.702047,0
                  9.151416,40.702048,0
                  9.151406,40.702049,0
                  9.151397,40.702052,0
                  9.151388,40.702055,0
                  9.151379,40.702059,0
                  9.151372,40.702063,0
                  9.151364,40.702068,0
                  9.151357,40.702074,0
                  9.151351,40.70208,0
                  9.151345,40.702087,0
                  9.151341,40.702094,0
                  9.151337,40.702102,0
                  9.151334,40.702109,0
                  9.151331,40.702117,0
                  9.15133,40.702125,0
                  9.151329,40.702133,0
                  9.15133,40.702141,0
                  9.151331,40.702149,0
                  9.151333,40.702158,0
                  9.151551,40.702937,0
                  9.151112,40.702937,0
                  9.150897,40.702173,0
                  9.150889,40.70214,0
                  9.150885,40.702108,0
                  9.150884,40.702077,0
                  9.150887,40.702047,0
                  9.150893,40.702018,0
                  9.150902,40.70199,0
                  9.150915,40.701963,0
                  9.150931,40.701937,0
                  9.150951,40.701912,0
                  9.150974,40.701888,0
                  9.151,40.701866,0
                  9.151028,40.701846,0
                  9.151058,40.701829,0
                  9.151089,40.701814,0
                  9.151123,40.701801,0
                  9.151159,40.701791,0
                  9.151197,40.701783,0
                  9.151237,40.701777,0
                  9.151278,40.701773,0
                  9.151322,40.701772,0
                  9.151446,40.701772,0
                  9.15149,40.701773,0
                  9.151534,40.701777,0
                  9.151578,40.701783,0
                  9.15162,40.701791,0
                  9.151662,40.701801,0
                  9.151703,40.701814,0
                  9.151743,40.701829,0
                  9.151783,40.701846,0
                  9.151822,40.701866,0
                  9.15186,40.701888,0
                  9.151896,40.701912,0
                  9.15193,40.701937,0
                  9.15196,40.701963,0
                  9.151988,40.70199,0
                  9.152013,40.702018,0
                  9.152035,40.702047,0
                  9.152055,40.702077,0
                  9.152071,40.702108,0
                  9.152085,40.70214,0
                  9.152096,40.702173,0
                  9.15231,40.702937,0
                </coordinates>
              </LinearRing>
            </outerBoundaryIs>
          </Polygon>
          <Polygon>
            <outerBoundaryIs>
              <LinearRing>
                <tessellate>1</tessellate>
                <coordinates>
                  9.150631,40.702183,0
                  9.150641,40.702234,0
                  9.150639,40.702281,0
                  9.150627,40.702325,0
                  9.150604,40.702364,0
                  9.150569,40.702399,0
                  9.150524,40.70243,0
                  9.150468,40.702458,0
                  9.150401,40.702481,0
                  9.150323,40.702501,0
                  9.150234,40.702516,0
                  9.150186,40.702524,0
                  9.150144,40.702532,0
                  9.150107,40.702541,0
                  9.150076,40.702551,0
                  9.15005,40.702561,0
                  9.15003,40.702572,0
                  9.150015,40.702584,0
                  9.150005,40.702597,0
                  9.150001,40.70261,0
                  9.150002,40.702624,0
                  9.150006,40.702639,0
                  9.150008,40.702645,0
                  9.150011,40.702652,0
                  9.150015,40.702658,0
                  9.150019,40.702664,0
                  9.150024,40.70267,0
                  9.150029,40.702675,0
                  9.150035,40.702681,0
                  9.150042,40.702686,0
                  9.150049,40.702691,0
                  9.150058,40.702696,0
                  9.150066,40.702701,0
                  9.150075,40.702705,0
                  9.150084,40.702709,0
                  9.150094,40.702712,0
                  9.150104,40.702715,0
                  9.150114,40.702717,0
                  9.150125,40.702719,0
                  9.150136,40.70272,0
                  9.150147,40.702721,0
                  9.150159,40.702721,0
                  9.150294,40.702721,0
                  9.150332,40.70272,0
                  9.150368,40.702719,0
                  9.150402,40.702716,0
                  9.150435,40.702713,0
                  9.150465,40.702709,0
                  9.150494,40.702703,0
                  9.150521,40.702697,0
                  9.150547,40.702689,0
                  9.15057,40.702681,0
                  9.150592,40.702672,0
                  9.150777,40.702916,0
                  9.150747,40.702929,0
                  9.150714,40.70294,0
                  9.15068,40.70295,0
                  9.150643,40.702958,0
                  9.150603,40.702966,0
                  9.150562,40.702972,0
                  9.150518,40.702976,0
                  9.150472,40.70298,0
                  9.150424,40.702981,0
                  9.150373,40.702982,0
                  9.150217,40.702982,0
                  9.150173,40.702981,0
                  9.150131,40.702978,0
                  9.150089,40.702974,0
                  9.150048,40.702967,0
                  9.150008,40.702958,0
                  9.149968,40.702948,0
                  9.149929,40.702936,0
                  9.149891,40.702921,0
                  9.149853,40.702905,0
                  9.149817,40.702887,0
                  9.149781,40.702867,0
                  9.149747,40.702846,0
                  9.149717,40.702823,0
                  9.14969,40.7028,0
                  9.149665,40.702775,0
                  9.149644,40.70275,0
                  9.149625,40.702723,0
                  9.149609,40.702696,0
                  9.149596,40.702667,0
                  9.149586,40.702637,0
                  9.14958,40.702614,0
                  9.14957,40.702561,0
                  9.14957,40.702513,0
                  9.149581,40.702469,0
                  9.149602,40.702428,0
                  9.149634,40.702392,0
                  9.149676,40.70236,0
                  9.149729,40.702332,0
                  9.149792,40.702308,0
                  9.149866,40.702288,0
                  9.14995,40.702273,0
                  9.149983,40.702268,0
                  9.150014,40.702262,0
                  9.150042,40.702257,0
                  9.150069,40.702251,0
                  9.150092,40.702245,0
                  9.150114,40.702239,0
                  9.150133,40.702233,0
                  9.15015,40.702227,0
                  9.150164,40.702221,0
                  9.150176,40.702214,0
                  9.150183,40.702209,0
                  9.150189,40.702204,0
                  9.150194,40.702199,0
                  9.150198,40.702193,0
                  9.150201,40.702187,0
                  9.150203,40.702181,0
                  9.150204,40.702174,0
                  9.150205,40.702167,0
                  9.150204,40.70216,0
                  9.150202,40.702152,0
                  9.150198,40.70214,0
                  9.150193,40.702125,0
                  9.150185,40.702111,0
                  9.150175,40.702098,0
                  9.150162,40.702088,0
                  9.150147,40.702079,0
                  9.15013,40.702071,0
                  9.150111,40.702066,0
                  9.150089,40.702062,0
                  9.150065,40.702059,0
                  9.150039,40.702058,0
                  9.149467,40.702058,0
                  9.149393,40.701797,0
                  9.150008,40.701797,0
                  9.150052,40.701798,0
                  9.150096,40.7018,0
                  9.150138,40.701805,0
                  9.150179,40.701811,0
                  9.150218,40.701819,0
                  9.150256,40.701828,0
                  9.150293,40.70184,0
                  9.150329,40.701853,0
                  9.150364,40.701867,0
                  9.150397,40.701884,0
                  9.150431,40.701903,0
                  9.150462,40.701924,0
                  9.150491,40.701946,0
                  9.150517,40.70197,0
                  9.150541,40.701995,0
                  9.150562,40.702021,0
                  9.150581,40.702049,0
                  9.150597,40.702079,0
                  9.15061,40.70211,0
                  9.150621,40.702142,0
                  9.150631,40.702183,0
                </coordinates>
              </LinearRing>
            </outerBoundaryIs>
          </Polygon>
          <Polygon>
            <outerBoundaryIs>
              <LinearRing>
                <tessellate>1</tessellate>
                <coordinates>
                  9.1493,40.702581,0
                  9.149307,40.702614,0
                  9.149312,40.702646,0
                  9.149313,40.702678,0
                  9.14931,40.702708,0
                  9.149304,40.702737,0
                  9.149295,40.702765,0
                  9.149282,40.702791,0
                  9.149266,40.702817,0
                  9.149246,40.702842,0
                  9.149223,40.702866,0
                  9.149198,40.702888,0
                  9.14917,40.702908,0
                  9.14914,40.702925,0
                  9.149108,40.70294,0
                  9.149074,40.702953,0
                  9.149038,40.702964,0
                  9.149,40.702972,0
                  9.148961,40.702977,0
                  9.148919,40.702981,0
                  9.148875,40.702982,0
                  9.148751,40.702982,0
                  9.148706,40.702981,0
                  9.148663,40.702977,0
                  9.14862,40.702972,0
                  9.148577,40.702964,0
                  9.148536,40.702953,0
                  9.148495,40.70294,0
                  9.148454,40.702925,0
                  9.148415,40.702908,0
                  9.148376,40.702888,0
                  9.148338,40.702866,0
                  9.148301,40.702842,0
                  9.148268,40.702817,0
                  9.148237,40.702791,0
                  9.148209,40.702765,0
                  9.148184,40.702737,0
                  9.148161,40.702708,0
                  9.148142,40.702678,0
                  9.148125,40.702646,0
                  9.148112,40.702614,0
                  9.148101,40.702581,0
                  9.147986,40.702173,0
                  9.147979,40.70214,0
                  9.147974,40.702108,0
                  9.147973,40.702077,0
                  9.147976,40.702047,0
                  9.147982,40.702018,0
                  9.147991,40.70199,0
                  9.148004,40.701963,0
                  9.14802,40.701937,0
                  9.14804,40.701912,0
                  9.148063,40.701888,0
                  9.148089,40.701866,0
                  9.148117,40.701846,0
                  9.148147,40.701829,0
                  9.148179,40.701814,0
                  9.148213,40.701801,0
                  9.148248,40.701791,0
                  9.148286,40.701783,0
                  9.148326,40.701777,0
                  9.148368,40.701773,0
                  9.148411,40.701772,0
                  9.148535,40.701772,0
                  9.14858,40.701773,0
                  9.148624,40.701777,0
                  9.148667,40.701783,0
                  9.148709,40.701791,0
                  9.148751,40.701801,0
                  9.148792,40.701814,0
                  9.148832,40.701829,0
                  9.148872,40.701846,0
                  9.148911,40.701866,0
                  9.148949,40.701888,0
                  9.148985,40.701912,0
                  9.149019,40.701937,0
                  9.149049,40.701963,0
                  9.149077,40.70199,0
                  9.149102,40.702018,0
                  9.149125,40.702047,0
                  9.149144,40.702077,0
                  9.149161,40.702108,0
                  9.149174,40.70214,0
                  9.149185,40.702173,0
                  9.1493,40.702581,0
                </coordinates>
              </LinearRing>
            </outerBoundaryIs>
            <innerBoundaryIs>
              <LinearRing>
                <tessellate>1</tessellate>
                <coordinates>
                  9.148869,40.702609,0
                  9.14887,40.702618,0
                  9.148871,40.702626,0
                  9.14887,40.702634,0
                  9.148869,40.702642,0
                  9.148866,40.70265,0
                  9.148863,40.702658,0
                  9.148859,40.702665,0
                  9.148854,40.702672,0
                  9.148848,40.702679,0
                  9.148842,40.702685,0
                  9.148835,40.702691,0
                  9.148827,40.702696,0
                  9.148819,40.702701,0
                  9.14881,40.702704,0
                  9.148801,40.702707,0
                  9.148792,40.70271,0
                  9.148782,40.702711,0
                  9.148771,40.702712,0
                  9.14876,40.702713,0
                  9.148714,40.702713,0
                  9.148703,40.702712,0
                  9.148692,40.702711,0
                  9.148681,40.70271,0
                  9.14867,40.702707,0
                  9.148659,40.702704,0
                  9.148649,40.702701,0
                  9.148638,40.702696,0
                  9.148628,40.702691,0
                  9.148618,40.702685,0
                  9.148608,40.702679,0
                  9.148599,40.702672,0
                  9.14859,40.702665,0
                  9.148582,40.702658,0
                  9.148574,40.70265,0
                  9.148568,40.702642,0
                  9.148562,40.702634,0
                  9.148557,40.702626,0
                  9.148552,40.702618,0
                  9.148549,40.702609,0
                  9.148546,40.7026,0
                  9.148421,40.702152,0
                  9.148418,40.702143,0
                  9.148417,40.702135,0
                  9.148417,40.702127,0
                  9.148417,40.702119,0
                  9.148418,40.702111,0
                  9.148421,40.702103,0
                  9.148424,40.702096,0
                  9.148428,40.702089,0
                  9.148433,40.702082,0
                  9.148438,40.702075,0
                  9.148445,40.702069,0
                  9.148452,40.702063,0
                  9.148459,40.702059,0
                  9.148467,40.702054,0
                  9.148476,40.702051,0
                  9.148485,40.702048,0
                  9.148494,40.702045,0
                  9.148504,40.702044,0
                  9.148515,40.702043,0
                  9.148526,40.702042,0
                  9.148572,40.702042,0
                  9.148583,40.702043,0
                  9.148594,40.702044,0
                  9.148605,40.702045,0
                  9.148616,40.702048,0
                  9.148627,40.702051,0
                  9.148638,40.702054,0
                  9.148648,40.702059,0
                  9.148659,40.702064,0
                  9.148669,40.702069,0
                  9.148679,40.702076,0
                  9.148689,40.702083,0
                  9.148698,40.70209,0
                  9.148706,40.702097,0
                  9.148713,40.702104,0
                  9.14872,40.702112,0
                  9.148726,40.702119,0
                  9.148731,40.702127,0
                  9.148735,40.702135,0
                  9.148739,40.702144,0
                  9.148742,40.702152,0
                  9.148867,40.7026,0
                  9.148869,40.702609,0
                </coordinates>
              </LinearRing>
            </innerBoundaryIs>
          </Polygon>
          <Polygon>
            <outerBoundaryIs>
              <LinearRing>
                <tessellate>1</tessellate>
                <coordinates>
                  9.145457,40.702075,0
                  9.145449,40.702076,0
                  9.145442,40.702076,0
                  9.145435,40.702076,0
                  9.145428,40.702077,0
                  9.145422,40.702078,0
                  9.145416,40.702078,0
                  9.14541,40.702079,0
                  9.145404,40.70208,0
                  9.145399,40.702081,0
                  9.145394,40.702082,0
                  9.145383,40.702085,0
                  9.145374,40.702088,0
                  9.145365,40.702092,0
                  9.145358,40.702096,0
                  9.145352,40.702102,0
                  9.145346,40.702107,0
                  9.145342,40.702114,0
                  9.145338,40.702121,0
                  9.145336,40.702129,0
                  9.145335,40.702137,0
                  9.145334,40.702142,0
                  9.145335,40.702148,0
                  9.145335,40.702154,0
                  9.145336,40.702161,0
                  9.145337,40.702169,0
                  9.145339,40.702178,0
                  9.145341,40.702187,0
                  9.145343,40.702198,0
                  9.145346,40.702208,0
                  9.145349,40.70222,0
                  9.145661,40.703331,0
                  9.145222,40.703331,0
                  9.144903,40.702195,0
                  9.144893,40.702154,0
                  9.144885,40.702116,0
                  9.14488,40.70208,0
                  9.144878,40.702046,0
                  9.144879,40.702014,0
                  9.144883,40.701986,0
                  9.144889,40.701959,0
                  9.144899,40.701935,0
                  9.144911,40.701913,0
                  9.144926,40.701894,0
                  9.144948,40.701872,0
                  9.144976,40.701853,0
                  9.145008,40.701836,0
                  9.145046,40.701822,0
                  9.145088,40.70181,0
                  9.145136,40.7018,0
                  9.145188,40.701793,0
                  9.145246,40.701788,0
                  9.145308,40.701785,0
                  9.145376,40.701785,0
                  9.145457,40.702075,0
                </coordinates>
              </LinearRing>
            </outerBoundaryIs>
          </Polygon>
          <Polygon>
            <outerBoundaryIs>
              <LinearRing>
                <tessellate>1</tessellate>
                <coordinates>
                  9.144747,40.702937,0
                  9.144307,40.702937,0
                  9.143987,40.701797,0
                  9.144427,40.701797,0
                  9.144747,40.702937,0
                </coordinates>
              </LinearRing>
            </outerBoundaryIs>
          </Polygon>
          <Polygon>
            <outerBoundaryIs>
              <LinearRing>
                <tessellate>1</tessellate>
                <coordinates>
                  9.146386,40.702937,0
                  9.145947,40.702937,0
                  9.145627,40.701797,0
                  9.146066,40.701797,0
                  9.146386,40.702937,0
                </coordinates>
              </LinearRing>
            </outerBoundaryIs>
          </Polygon>
          <Polygon>
            <outerBoundaryIs>
              <LinearRing>
                <tessellate>1</tessellate>
                <coordinates>
                  9.144857,40.703331,0
                  9.144418,40.703331,0
                  9.144343,40.703064,0
                  9.144782,40.703064,0
                  9.144857,40.703331,0
                </coordinates>
              </LinearRing>
            </outerBoundaryIs>
          </Polygon>
          <Polygon>
            <outerBoundaryIs>
              <LinearRing>
                <tessellate>1</tessellate>
                <coordinates>
                  9.146497,40.703331,0
                  9.146057,40.703331,0
                  9.145982,40.703064,0
                  9.146422,40.703064,0
                  9.146497,40.703331,0
                </coordinates>
              </LinearRing>
            </outerBoundaryIs>
          </Polygon>
        </MultiGeometry>
      </Placemark>
      <Placemark>
        <name>03- 06</name>
        <styleUrl>#poly-F9F9F9-1200-255-nodesc</styleUrl>
        <MultiGeometry>
          <Polygon>
            <outerBoundaryIs>
              <LinearRing>
                <tessellate>1</tessellate>
                <coordinates>
                  9.127296,40.661195,0
                  9.127296,40.661689,0
                  9.1266029,40.661732,0
                  9.1259328,40.661828,0
                  9.1252887,40.661975,0
                  9.1246736,40.662168,0
                  9.1240925,40.662407,0
                  9.1235485,40.662687,0
                  9.1230454,40.663007,0
                  9.1225873,40.663362,0
                  9.1221783,40.663751,0
                  9.1218202,40.66417,0
                  9.1215192,40.664617,0
                  9.1212771,40.665088,0
                  9.1210991,40.665582,0
                  9.1209881,40.666095,0
                  9.1209481,40.666623,0
                  9.120296,40.666623,0
                  9.12034,40.666041,0
                  9.120463,40.665476,0
                  9.120659,40.664932,0
                  9.1209251,40.664413,0
                  9.1212581,40.66392,0
                  9.1216522,40.663459,0
                  9.1221042,40.663031,0
                  9.1226093,40.662639,0
                  9.1231634,40.662288,0
                  9.1237635,40.66198,0
                  9.1244046,40.661718,0
                  9.1250827,40.661505,0
                  9.1257928,40.661345,0
                  9.1265319,40.661241,0
                  9.127296,40.661195,0
                </coordinates>
              </LinearRing>
            </outerBoundaryIs>
          </Polygon>
          <Polygon>
            <outerBoundaryIs>
              <LinearRing>
                <tessellate>1</tessellate>
                <coordinates>
                  9.1346761,40.666623,0
                  9.134024,40.666623,0
                  9.133984,40.666096,0
                  9.133874,40.665585,0
                  9.1336969,40.665093,0
                  9.1334559,40.664622,0
                  9.1331569,40.664176,0
                  9.1328008,40.663758,0
                  9.1323938,40.66337,0
                  9.1319377,40.663014,0
                  9.1314366,40.662695,0
                  9.1308955,40.662414,0
                  9.1303174,40.662175,0
                  9.1297054,40.661981,0
                  9.1290643,40.661833,0
                  9.1283962,40.661735,0
                  9.1277071,40.66169,0
                  9.1277071,40.661196,0
                  9.1284672,40.661244,0
                  9.1292043,40.66135,0
                  9.1299114,40.661511,0
                  9.1305865,40.661725,0
                  9.1312246,40.661988,0
                  9.1318217,40.662296,0
                  9.1323737,40.662648,0
                  9.1328768,40.663039,0
                  9.1333269,40.663466,0
                  9.1337189,40.663927,0
                  9.13405,40.664418,0
                  9.134315,40.664936,0
                  9.1345101,40.665479,0
                  9.1346321,40.666042,0
                  9.1346761,40.666623,0
                </coordinates>
              </LinearRing>
            </outerBoundaryIs>
          </Polygon>
          <Polygon>
            <outerBoundaryIs>
              <LinearRing>
                <tessellate>1</tessellate>
                <coordinates>
                  9.1433284,40.672098,0
                  9.1433284,40.671604,0
                  9.1440085,40.671561,0
                  9.1446665,40.671467,0
                  9.1453006,40.671325,0
                  9.1459047,40.671136,0
                  9.1464778,40.670904,0
                  9.1470149,40.670632,0
                  9.147513,40.670322,0
                  9.147968,40.669977,0
                  9.1483771,40.669599,0
                  9.1487361,40.669192,0
                  9.1490412,40.668757,0
                  9.1492892,40.668299,0
                  9.1494773,40.667818,0
                  9.1496013,40.667319,0
                  9.1496573,40.666803,0
                  9.1503094,40.666803,0
                  9.1502494,40.667372,0
                  9.1501143,40.667924,0
                  9.1499083,40.668455,0
                  9.1496353,40.668962,0
                  9.1492982,40.669441,0
                  9.1489032,40.669891,0
                  9.1484521,40.670308,0
                  9.147949,40.670689,0
                  9.1473999,40.671031,0
                  9.1468069,40.671331,0
                  9.1461738,40.671586,0
                  9.1455057,40.671794,0
                  9.1448066,40.67195,0
                  9.1440795,40.672053,0
                  9.1433284,40.672098,0
                </coordinates>
              </LinearRing>
            </outerBoundaryIs>
          </Polygon>
          <Polygon>
            <outerBoundaryIs>
              <LinearRing>
                <tessellate>1</tessellate>
                <coordinates>
                  9.1503094,40.666491,0
                  9.1496573,40.666491,0
                  9.1496013,40.665975,0
                  9.1494773,40.665476,0
                  9.1492892,40.664995,0
                  9.1490412,40.664536,0
                  9.1487351,40.664102,0
                  9.1483761,40.663694,0
                  9.147968,40.663317,0
                  9.147513,40.662972,0
                  9.1470149,40.662661,0
                  9.1464778,40.662389,0
                  9.1459047,40.662158,0
                  9.1452996,40.661969,0
                  9.1446665,40.661827,0
                  9.1440085,40.661733,0
                  9.1433284,40.66169,0
                  9.1433284,40.661195,0
                  9.1440795,40.661241,0
                  9.1448066,40.661344,0
                  9.1455057,40.6615,0
                  9.1461738,40.661707,0
                  9.1468069,40.661963,0
                  9.1473999,40.662263,0
                  9.147949,40.662605,0
                  9.1484511,40.662986,0
                  9.1489022,40.663403,0
                  9.1492982,40.663853,0
                  9.1496343,40.664332,0
                  9.1499083,40.664839,0
                  9.1501143,40.66537,0
                  9.1502494,40.665922,0
                  9.1503094,40.666491,0
                </coordinates>
              </LinearRing>
            </outerBoundaryIs>
          </Polygon>
          <Polygon>
            <outerBoundaryIs>
              <LinearRing>
                <tessellate>1</tessellate>
                <coordinates>
                  9.1429173,40.661195,0
                  9.1429173,40.66169,0
                  9.1422372,40.661733,0
                  9.1415791,40.661827,0
                  9.140945,40.661969,0
                  9.1403409,40.662158,0
                  9.1397678,40.66239,0
                  9.1392308,40.662662,0
                  9.1387327,40.662972,0
                  9.1382776,40.663317,0
                  9.1378686,40.663695,0
                  9.1375095,40.664102,0
                  9.1372045,40.664537,0
                  9.1369564,40.664995,0
                  9.1367684,40.665476,0
                  9.1366444,40.665975,0
                  9.1365874,40.666491,0
                  9.1359353,40.666491,0
                  9.1359963,40.665922,0
                  9.1361313,40.66537,0
                  9.1363373,40.664839,0
                  9.1366104,40.664332,0
                  9.1369474,40.663853,0
                  9.1373425,40.663403,0
                  9.1377935,40.662986,0
                  9.1382956,40.662605,0
                  9.1388457,40.662263,0
                  9.1394388,40.661963,0
                  9.1400709,40.661707,0
                  9.140739,40.6615,0
                  9.1414391,40.661344,0
                  9.1421662,40.661241,0
                  9.1429173,40.661195,0
                </coordinates>
              </LinearRing>
            </outerBoundaryIs>
          </Polygon>
          <Polygon>
            <outerBoundaryIs>
              <LinearRing>
                <tessellate>1</tessellate>
                <coordinates>
                  9.1359353,40.666803,0
                  9.1365874,40.666803,0
                  9.1366444,40.667319,0
                  9.1367684,40.667818,0
                  9.1369564,40.668299,0
                  9.1372045,40.668757,0
                  9.1375095,40.669192,0
                  9.1378686,40.669599,0
                  9.1382776,40.669977,0
                  9.1387327,40.670322,0
                  9.1392308,40.670632,0
                  9.1397678,40.670904,0
                  9.1403409,40.671136,0
                  9.140945,40.671324,0
                  9.1415791,40.671467,0
                  9.1422372,40.671561,0
                  9.1429173,40.671604,0
                  9.1429173,40.672098,0
                  9.1421662,40.672053,0
                  9.1414391,40.67195,0
                  9.140739,40.671794,0
                  9.1400709,40.671586,0
                  9.1394388,40.671331,0
                  9.1388457,40.671031,0
                  9.1382956,40.670689,0
                  9.1377935,40.670308,0
                  9.1373425,40.669891,0
                  9.1369474,40.669441,0
                  9.1366104,40.668962,0
                  9.1363373,40.668455,0
                  9.1361313,40.667924,0
                  9.1359963,40.667372,0
                  9.1359353,40.666803,0
                </coordinates>
              </LinearRing>
            </outerBoundaryIs>
          </Polygon>
          <Polygon>
            <outerBoundaryIs>
              <LinearRing>
                <tessellate>1</tessellate>
                <coordinates>
                  9.120306,40.666935,0
                  9.1209591,40.666935,0
                  9.1210311,40.667439,0
                  9.1211681,40.667927,0
                  9.1213661,40.668396,0
                  9.1216222,40.668843,0
                  9.1219332,40.669266,0
                  9.1222953,40.669662,0
                  9.1227043,40.670029,0
                  9.1231584,40.670365,0
                  9.1236535,40.670665,0
                  9.1241865,40.670929,0
                  9.1247536,40.671154,0
                  9.1253507,40.671336,0
                  9.1259768,40.671473,0
                  9.1266259,40.671564,0
                  9.127296,40.671604,0
                  9.127296,40.672099,0
                  9.1265549,40.672055,0
                  9.1258368,40.671956,0
                  9.1251457,40.671805,0
                  9.1244846,40.671604,0
                  9.1238575,40.671356,0
                  9.1232684,40.671064,0
                  9.1227223,40.670731,0
                  9.1222203,40.67036,0
                  9.1217692,40.669954,0
                  9.1213701,40.669515,0
                  9.1210281,40.669047,0
                  9.120747,40.668552,0
                  9.120531,40.668033,0
                  9.120382,40.667493,0
                  9.120306,40.666935,0
                </coordinates>
              </LinearRing>
            </outerBoundaryIs>
          </Polygon>
          <Polygon>
            <outerBoundaryIs>
              <LinearRing>
                <tessellate>1</tessellate>
                <coordinates>
                  9.1277071,40.672098,0
                  9.1277061,40.672098,0
                  9.1277061,40.671603,0
                  9.1283732,40.671561,0
                  9.1290203,40.671469,0
                  9.1296423,40.67133,0
                  9.1302374,40.671147,0
                  9.1308015,40.670922,0
                  9.1313316,40.670657,0
                  9.1318247,40.670357,0
                  9.1322767,40.670022,0
                  9.1326838,40.669655,0
                  9.1330438,40.669259,0
                  9.1333529,40.668837,0
                  9.1336079,40.668391,0
                  9.133805,40.667924,0
                  9.133941,40.667438,0
                  9.134013,40.666935,0
                  9.1346661,40.666935,0
                  9.1345901,40.667492,0
                  9.1344431,40.66803,0
                  9.134227,40.668548,0
                  9.133948,40.669042,0
                  9.1336079,40.669509,0
                  9.1332109,40.669947,0
                  9.1327608,40.670353,0
                  9.1322617,40.670724,0
                  9.1317177,40.671057,0
                  9.1311316,40.671349,0
                  9.1305075,40.671597,0
                  9.1298494,40.671799,0
                  9.1291603,40.671952,0
                  9.1284452,40.672052,0
                  9.1277071,40.672098,0
                </coordinates>
              </LinearRing>
            </outerBoundaryIs>
          </Polygon>
          <Polygon>
            <outerBoundaryIs>
              <LinearRing>
                <tessellate>1</tessellate>
                <coordinates>
                  9.1295963,40.665256,0
                  9.1295963,40.665257,0
                  9.1295963,40.665296,0
                  9.1295953,40.665336,0
                  9.1295923,40.665375,0
                  9.1295893,40.665414,0
                  9.1295853,40.665452,0
                  9.1295813,40.66549,0
                  9.1295753,40.665528,0
                  9.1295683,40.665565,0
                  9.1295613,40.665602,0
                  9.1295523,40.665639,0
                  9.1295433,40.665675,0
                  9.1295333,40.665711,0
                  9.1295223,40.665747,0
                  9.1295103,40.665782,0
                  9.1294983,40.665817,0
                  9.1294853,40.665852,0
                  9.1294703,40.665886,0
                  9.1294563,40.66592,0
                  9.1294403,40.665953,0
                  9.1294243,40.665985,0
                  9.1294063,40.666018,0
                  9.1293893,40.666049,0
                  9.1293703,40.66608,0
                  9.1293513,40.666111,0
                  9.1293303,40.666141,0
                  9.1293093,40.666171,0
                  9.1292883,40.6662,0
                  9.1292653,40.666229,0
                  9.1292423,40.666257,0
                  9.1292183,40.666285,0
                  9.1291933,40.666312,0
                  9.1291683,40.666339,0
                  9.1291423,40.666365,0
                  9.1291153,40.66639,0
                  9.1290873,40.666415,0
                  9.1290583,40.666439,0
                  9.1290293,40.666463,0
                  9.1289993,40.666486,0
                  9.1289692,40.666508,0
                  9.1289382,40.66653,0
                  9.1289062,40.666551,0
                  9.1288732,40.666571,0
                  9.1288402,40.666591,0
                  9.1288062,40.66661,0
                  9.1287712,40.666628,0
                  9.1287352,40.666646,0
                  9.1286992,40.666663,0
                  9.1286622,40.666679,0
                  9.1286252,40.666695,0
                  9.1285872,40.666709,0
                  9.1285492,40.666723,0
                  9.1285092,40.666735,0
                  9.1284702,40.666747,0
                  9.1284292,40.666758,0
                  9.1283882,40.666768,0
                  9.1283472,40.666778,0
                  9.1283052,40.666786,0
                  9.1282621,40.666794,0
                  9.1282191,40.666801,0
                  9.1281751,40.666807,0
                  9.1281751,40.666823,0
                  9.1282111,40.666832,0
                  9.1282471,40.666843,0
                  9.1282831,40.666854,0
                  9.1283182,40.666866,0
                  9.1283522,40.666879,0
                  9.1283862,40.666892,0
                  9.1284192,40.666906,0
                  9.1284522,40.66692,0
                  9.1284842,40.666935,0
                  9.1285162,40.666951,0
                  9.1285472,40.666968,0
                  9.1285772,40.666985,0
                  9.1286072,40.667002,0
                  9.1286362,40.667021,0
                  9.1286652,40.66704,0
                  9.1286932,40.66706,0
                  9.1287202,40.66708,0
                  9.1287472,40.667101,0
                  9.1287732,40.667122,0
                  9.1287992,40.667144,0
                  9.1288242,40.667166,0
                  9.1288482,40.667189,0
                  9.1288722,40.667213,0
                  9.1288942,40.667237,0
                  9.1289172,40.667261,0
                  9.1289382,40.667287,0
                  9.1289592,40.667313,0
                  9.1289803,40.667339,0
                  9.1289993,40.667366,0
                  9.1290183,40.667394,0
                  9.1290373,40.667421,0
                  9.1290553,40.66745,0
                  9.1290733,40.667479,0
                  9.1290903,40.667508,0
                  9.1291063,40.667538,0
                  9.1291213,40.667568,0
                  9.1291363,40.667599,0
                  9.1291513,40.667631,0
                  9.1291643,40.667663,0
                  9.1291773,40.667695,0
                  9.1291903,40.667728,0
                  9.1292023,40.667762,0
                  9.1292133,40.667796,0
                  9.1292243,40.66783,0
                  9.1292343,40.667865,0
                  9.1292433,40.6679,0
                  9.1292523,40.667936,0
                  9.1292603,40.667972,0
                  9.1292673,40.668008,0
                  9.1292743,40.668045,0
                  9.1292803,40.668083,0
                  9.1292863,40.66812,0
                  9.1292913,40.668158,0
                  9.1292953,40.668197,0
                  9.1292993,40.668235,0
                  9.1293023,40.668274,0
                  9.1293043,40.668314,0
                  9.1293063,40.668354,0
                  9.1293073,40.668394,0
                  9.1293073,40.668434,0
                  9.1293063,40.668486,0
                  9.1293053,40.668538,0
                  9.1293023,40.668589,0
                  9.1292983,40.668639,0
                  9.1292933,40.668688,0
                  9.1292873,40.668737,0
                  9.1292803,40.668785,0
                  9.1292713,40.668832,0
                  9.1292623,40.668878,0
                  9.1292513,40.668924,0
                  9.1292403,40.668969,0
                  9.1292273,40.669013,0
                  9.1292133,40.669057,0
                  9.1291983,40.6691,0
                  9.1291823,40.669143,0
                  9.1291653,40.669184,0
                  9.1291473,40.669224,0
                  9.1291283,40.669264,0
                  9.1291073,40.669303,0
                  9.1290863,40.66934,0
                  9.1290643,40.669377,0
                  9.1290403,40.669414,0
                  9.1290163,40.669449,0
                  9.1289913,40.669483,0
                  9.1289642,40.669517,0
                  9.1289372,40.669549,0
                  9.1289082,40.669581,0
                  9.1288792,40.669612,0
                  9.1288482,40.669642,0
                  9.1288172,40.669671,0
                  9.1287842,40.669699,0
                  9.1287502,40.669726,0
                  9.1287152,40.669753,0
                  9.1286792,40.669778,0
                  9.1286422,40.669803,0
                  9.1286052,40.669826,0
                  9.1285662,40.669849,0
                  9.1285262,40.669871,0
                  9.1284862,40.669892,0
                  9.1284442,40.669912,0
                  9.1284022,40.669932,0
                  9.1283582,40.66995,0
                  9.1283132,40.669967,0
                  9.1282681,40.669984,0
                  9.1282211,40.67,0
                  9.1281731,40.670014,0
                  9.1281251,40.670028,0
                  9.1280751,40.670041,0
                  9.1280251,40.670052,0
                  9.1279741,40.670063,0
                  9.1279211,40.670073,0
                  9.1278681,40.670081,0
                  9.1278141,40.670089,0
                  9.1277591,40.670096,0
                  9.1277031,40.670101,0
                  9.1276461,40.670106,0
                  9.127588,40.67011,0
                  9.12753,40.670112,0
                  9.12747,40.670114,0
                  9.12741,40.670114,0
                  9.127363,40.670114,0
                  9.127316,40.670113,0
                  9.127271,40.670112,0
                  9.127225,40.67011,0
                  9.12718,40.670107,0
                  9.127136,40.670104,0
                  9.127092,40.6701,0
                  9.127049,40.670096,0
                  9.127006,40.670091,0
                  9.126963,40.670086,0
                  9.1269209,40.67008,0
                  9.1268799,40.670074,0
                  9.1268389,40.670067,0
                  9.1267979,40.670059,0
                  9.1267579,40.670051,0
                  9.1267179,40.670042,0
                  9.1266789,40.670033,0
                  9.1266399,40.670023,0
                  9.1266029,40.670014,0
                  9.1265649,40.670004,0
                  9.1265289,40.669994,0
                  9.1264929,40.669984,0
                  9.1264579,40.669974,0
                  9.1264229,40.669963,0
                  9.1263889,40.669952,0
                  9.1263549,40.669941,0
                  9.1263219,40.669929,0
                  9.1262899,40.669918,0
                  9.1262589,40.669906,0
                  9.1262278,40.669894,0
                  9.1261978,40.669881,0
                  9.1261678,40.669869,0
                  9.1261398,40.669856,0
                  9.1261118,40.669844,0
                  9.1260838,40.669831,0
                  9.1260578,40.669819,0
                  9.1260308,40.669806,0
                  9.1260058,40.669793,0
                  9.1259808,40.669781,0
                  9.1259568,40.669768,0
                  9.1259338,40.669755,0
                  9.1259108,40.669742,0
                  9.1258888,40.669729,0
                  9.1258678,40.669716,0
                  9.1258468,40.669703,0
                  9.1258278,40.66969,0
                  9.1258088,40.669678,0
                  9.1257908,40.669666,0
                  9.1257738,40.669654,0
                  9.1257578,40.669643,0
                  9.1257428,40.669633,0
                  9.1257288,40.669623,0
                  9.1257158,40.669613,0
                  9.1257028,40.669604,0
                  9.1256918,40.669595,0
                  9.1256808,40.669586,0
                  9.1256708,40.669578,0
                  9.1256618,40.66957,0
                  9.1256538,40.669563,0
                  9.1256468,40.669556,0
                  9.1256408,40.66955,0
                  9.1256348,40.669543,0
                  9.1256288,40.669537,0
                  9.1256238,40.66953,0
                  9.1256178,40.669524,0
                  9.1256128,40.669518,0
                  9.1256078,40.669512,0
                  9.1256028,40.669506,0
                  9.1255988,40.6695,0
                  9.1255948,40.669494,0
                  9.1255908,40.669488,0
                  9.1255868,40.669483,0
                  9.1255828,40.669477,0
                  9.1255798,40.669471,0
                  9.1255768,40.669466,0
                  9.1255738,40.66946,0
                  9.1255708,40.669454,0
                  9.1255688,40.669448,0
                  9.1255658,40.669442,0
                  9.1255627,40.669436,0
                  9.1255607,40.66943,0
                  9.1255577,40.669423,0
                  9.1255557,40.669417,0
                  9.1255527,40.66941,0
                  9.1255507,40.669403,0
                  9.1255487,40.669396,0
                  9.1255467,40.669389,0
                  9.1255447,40.669382,0
                  9.1255427,40.669375,0
                  9.1255407,40.669367,0
                  9.1255387,40.669359,0
                  9.1255367,40.669351,0
                  9.1255347,40.669343,0
                  9.1255327,40.669334,0
                  9.1255307,40.669325,0
                  9.1255297,40.669316,0
                  9.1255287,40.669307,0
                  9.1255267,40.669297,0
                  9.1255257,40.669288,0
                  9.1255247,40.669278,0
                  9.1255237,40.669267,0
                  9.1255227,40.669257,0
                  9.1255217,40.669246,0
                  9.1255207,40.669235,0
                  9.1255197,40.669224,0
                  9.1255197,40.669212,0
                  9.1255187,40.6692,0
                  9.1255187,40.669188,0
                  9.1255177,40.669175,0
                  9.1255177,40.669162,0
                  9.1255167,40.669148,0
                  9.1255167,40.669134,0
                  9.1255157,40.66912,0
                  9.1255157,40.669105,0
                  9.1255157,40.66909,0
                  9.1255157,40.669074,0
                  9.1255147,40.669059,0
                  9.1255147,40.669042,0
                  9.1255147,40.669026,0
                  9.1255147,40.669008,0
                  9.1255147,40.668988,0
                  9.1255147,40.668968,0
                  9.1255157,40.668948,0
                  9.1255157,40.668929,0
                  9.1255157,40.668911,0
                  9.1255167,40.668893,0
                  9.1255167,40.668875,0
                  9.1255177,40.668858,0
                  9.1255187,40.668841,0
                  9.1255197,40.668825,0
                  9.1255207,40.66881,0
                  9.1255217,40.668795,0
                  9.1255227,40.66878,0
                  9.1255237,40.668766,0
                  9.1255247,40.668752,0
                  9.1255257,40.66874,0
                  9.1255277,40.668727,0
                  9.1255287,40.668715,0
                  9.1255307,40.668704,0
                  9.1255327,40.668692,0
                  9.1255347,40.668682,0
                  9.1255357,40.668671,0
                  9.1255377,40.668661,0
                  9.1255397,40.668652,0
                  9.1255417,40.668642,0
                  9.1255437,40.668634,0
                  9.1255467,40.668625,0
                  9.1255487,40.668617,0
                  9.1255507,40.66861,0
                  9.1255527,40.668602,0
                  9.1255557,40.668595,0
                  9.1255587,40.668589,0
                  9.1255617,40.668582,0
                  9.1255648,40.668577,0
                  9.1255678,40.668571,0
                  9.1255708,40.668566,0
                  9.1255738,40.668561,0
                  9.1255778,40.668556,0
                  9.1255808,40.668551,0
                  9.1255848,40.668547,0
                  9.1255878,40.668544,0
                  9.1255918,40.66854,0
                  9.1255958,40.668537,0
                  9.1255998,40.668534,0
                  9.1256028,40.668531,0
                  9.1256068,40.668529,0
                  9.1256108,40.668527,0
                  9.1256148,40.668525,0
                  9.1256188,40.668523,0
                  9.1256228,40.668521,0
                  9.1256278,40.66852,0
                  9.1256318,40.668519,0
                  9.1256368,40.668517,0
                  9.1256408,40.668517,0
                  9.1256458,40.668516,0
                  9.1256508,40.668515,0
                  9.1256558,40.668515,0
                  9.1256608,40.668514,0
                  9.1256648,40.668514,0
                  9.1256698,40.668514,0
                  9.1256788,40.668514,0
                  9.1256878,40.668515,0
                  9.1256968,40.668517,0
                  9.1257068,40.66852,0
                  9.1257168,40.668523,0
                  9.1257278,40.668527,0
                  9.1257398,40.668532,0
                  9.1257518,40.668538,0
                  9.1257648,40.668544,0
                  9.1257778,40.668551,0
                  9.1257918,40.668559,0
                  9.1258068,40.668567,0
                  9.1258218,40.668577,0
                  9.1258378,40.668586,0
                  9.1258538,40.668597,0
                  9.1258708,40.668608,0
                  9.1258878,40.668619,0
                  9.1259058,40.668631,0
                  9.1259238,40.668642,0
                  9.1259428,40.668654,0
                  9.1259618,40.668665,0
                  9.1259808,40.668677,0
                  9.1260018,40.668689,0
                  9.1260218,40.668701,0
                  9.1260428,40.668714,0
                  9.1260648,40.668726,0
                  9.1260868,40.668739,0
                  9.1261088,40.668752,0
                  9.1261318,40.668764,0
                  9.1261558,40.668777,0
                  9.1261788,40.66879,0
                  9.1262038,40.668803,0
                  9.1262278,40.668815,0
                  9.1262529,40.668827,0
                  9.1262789,40.668839,0
                  9.1263049,40.668851,0
                  9.1263309,40.668863,0
                  9.1263579,40.668875,0
                  9.1263849,40.668886,0
                  9.1264129,40.668898,0
                  9.1264409,40.668909,0
                  9.1264689,40.66892,0
                  9.1264979,40.668931,0
                  9.1265269,40.668942,0
                  9.1265569,40.668952,0
                  9.1265869,40.668963,0
                  9.1266169,40.668973,0
                  9.1266479,40.668982,0
                  9.1266789,40.66899,0
                  9.1267099,40.668998,0
                  9.1267409,40.669005,0
                  9.1267729,40.669011,0
                  9.1268049,40.669016,0
                  9.1268369,40.669021,0
                  9.1268689,40.669025,0
                  9.1269009,40.669028,0
                  9.126934,40.669031,0
                  9.126967,40.669032,0
                  9.127001,40.669033,0
                  9.127034,40.669034,0
                  9.127064,40.669033,0
                  9.127093,40.669033,0
                  9.127122,40.669031,0
                  9.12715,40.669029,0
                  9.127177,40.669027,0
                  9.127204,40.669024,0
                  9.127231,40.66902,0
                  9.127257,40.669016,0
                  9.127282,40.669011,0
                  9.127307,40.669005,0
                  9.127332,40.668999,0
                  9.127356,40.668992,0
                  9.127379,40.668985,0
                  9.127402,40.668977,0
                  9.127424,40.668969,0
                  9.127446,40.66896,0
                  9.127467,40.668951,0
                  9.127488,40.668941,0
                  9.127508,40.668931,0
                  9.127527,40.66892,0
                  9.127547,40.668909,0
                  9.127565,40.668898,0
                  9.127583,40.668886,0
                  9.127601,40.668874,0
                  9.1276171,40.668861,0
                  9.1276341,40.668848,0
                  9.1276501,40.668834,0
                  9.1276651,40.668821,0
                  9.1276801,40.668806,0
                  9.1276941,40.668792,0
                  9.1277081,40.668777,0
                  9.1277211,40.668761,0
                  9.1277341,40.668745,0
                  9.1277461,40.668729,0
                  9.1277581,40.668713,0
                  9.1277691,40.668696,0
                  9.1277801,40.668678,0
                  9.1277911,40.668661,0
                  9.1278011,40.668643,0
                  9.1278101,40.668624,0
                  9.1278201,40.668606,0
                  9.1278281,40.668586,0
                  9.1278371,40.668567,0
                  9.1278451,40.668547,0
                  9.1278521,40.668527,0
                  9.1278591,40.668506,0
                  9.1278651,40.668486,0
                  9.1278711,40.668465,0
                  9.1278771,40.668444,0
                  9.1278821,40.668423,0
                  9.1278861,40.668402,0
                  9.1278901,40.66838,0
                  9.1278941,40.668359,0
                  9.1278971,40.668337,0
                  9.1279001,40.668315,0
                  9.1279021,40.668293,0
                  9.1279041,40.668271,0
                  9.1279051,40.668248,0
                  9.1279051,40.668226,0
                  9.1279061,40.668203,0
                  9.1279051,40.668173,0
                  9.1279041,40.668144,0
                  9.1279031,40.668115,0
                  9.1279001,40.668086,0
                  9.1278971,40.668058,0
                  9.1278931,40.66803,0
                  9.1278881,40.668002,0
                  9.1278831,40.667975,0
                  9.1278771,40.667948,0
                  9.1278711,40.667922,0
                  9.1278631,40.667896,0
                  9.1278551,40.66787,0
                  9.1278471,40.667844,0
                  9.1278371,40.667819,0
                  9.1278271,40.667795,0
                  9.1278171,40.66777,0
                  9.1278051,40.667746,0
                  9.1277941,40.667723,0
                  9.1277811,40.6677,0
                  9.1277681,40.667678,0
                  9.1277541,40.667656,0
                  9.1277401,40.667634,0
                  9.1277251,40.667613,0
                  9.1277091,40.667593,0
                  9.1276931,40.667573,0
                  9.1276761,40.667553,0
                  9.1276591,40.667534,0
                  9.1276401,40.667516,0
                  9.1276221,40.667498,0
                  9.127602,40.66748,0
                  9.127582,40.667463,0
                  9.127561,40.667447,0
                  9.12754,40.667431,0
                  9.127518,40.667415,0
                  9.127495,40.6674,0
                  9.127472,40.667386,0
                  9.127448,40.667372,0
                  9.127423,40.667359,0
                  9.127398,40.667346,0
                  9.127373,40.667334,0
                  9.127346,40.667322,0
                  9.127319,40.667311,0
                  9.127292,40.6673,0
                  9.127263,40.66729,0
                  9.127234,40.667281,0
                  9.127205,40.667271,0
                  9.127175,40.667263,0
                  9.127144,40.667255,0
                  9.127113,40.667248,0
                  9.127082,40.667241,0
                  9.12705,40.667235,0
                  9.127017,40.66723,0
                  9.126983,40.667225,0
                  9.12695,40.667221,0
                  9.1269149,40.667218,0
                  9.1268799,40.667215,0
                  9.1268439,40.667213,0
                  9.1268079,40.667211,0
                  9.1267709,40.667211,0
                  9.1267339,40.66721,0
                  9.1261838,40.66721,0
                  9.1261758,40.66721,0
                  9.1261688,40.66721,0
                  9.1261608,40.667209,0
                  9.1261538,40.667209,0
                  9.1261468,40.667208,0
                  9.1261398,40.667207,0
                  9.1261338,40.667205,0
                  9.1261268,40.667204,0
                  9.1261198,40.667202,0
                  9.1261138,40.667201,0
                  9.1261078,40.667199,0
                  9.1261018,40.667196,0
                  9.1260958,40.667194,0
                  9.1260898,40.667192,0
                  9.1260838,40.667189,0
                  9.1260788,40.667186,0
                  9.1260728,40.667183,0
                  9.1260678,40.66718,0
                  9.1260628,40.667176,0
                  9.1260578,40.667172,0
                  9.1260538,40.667168,0
                  9.1260488,40.667163,0
                  9.1260438,40.667159,0
                  9.1260398,40.667153,0
                  9.1260358,40.667148,0
                  9.1260318,40.667142,0
                  9.1260278,40.667136,0
                  9.1260238,40.66713,0
                  9.1260198,40.667123,0
                  9.1260168,40.667116,0
                  9.1260128,40.667109,0
                  9.1260098,40.667102,0
                  9.1260068,40.667094,0
                  9.1260028,40.667086,0
                  9.1259998,40.667077,0
                  9.1259978,40.667068,0
                  9.1259948,40.667059,0
                  9.1259918,40.667049,0
                  9.1259898,40.667039,0
                  9.1259868,40.667028,0
                  9.1259848,40.667017,0
                  9.1259828,40.667006,0
                  9.1259808,40.666994,0
                  9.1259788,40.666982,0
                  9.1259768,40.66697,0
                  9.1259758,40.666957,0
                  9.1259738,40.666943,0
                  9.1259728,40.666929,0
                  9.1259718,40.666915,0
                  9.1259708,40.6669,0
                  9.1259698,40.666885,0
                  9.1259688,40.666869,0
                  9.1259678,40.666853,0
                  9.1259668,40.666836,0
                  9.1259668,40.666818,0
                  9.1259658,40.6668,0
                  9.1259658,40.666782,0
                  9.1259658,40.666763,0
                  9.1259658,40.666744,0
                  9.1259658,40.666724,0
                  9.1259658,40.666703,0
                  9.1259658,40.666683,0
                  9.1259658,40.666663,0
                  9.1259658,40.666643,0
                  9.1259668,40.666624,0
                  9.1259668,40.666606,0
                  9.1259678,40.666588,0
                  9.1259688,40.666571,0
                  9.1259688,40.666554,0
                  9.1259698,40.666538,0
                  9.1259718,40.666522,0
                  9.1259728,40.666507,0
                  9.1259738,40.666492,0
                  9.1259758,40.666478,0
                  9.1259768,40.666464,0
                  9.1259788,40.666451,0
                  9.1259808,40.666438,0
                  9.1259828,40.666425,0
                  9.1259848,40.666413,0
                  9.1259878,40.666402,0
                  9.1259898,40.66639,0
                  9.1259928,40.666379,0
                  9.1259958,40.666369,0
                  9.1259988,40.666359,0
                  9.1260018,40.666349,0
                  9.1260048,40.66634,0
                  9.1260078,40.666331,0
                  9.1260118,40.666322,0
                  9.1260148,40.666314,0
                  9.1260188,40.666307,0
                  9.1260228,40.666299,0
                  9.1260268,40.666292,0
                  9.1260308,40.666285,0
                  9.1260358,40.666278,0
                  9.1260398,40.666272,0
                  9.1260448,40.666266,0
                  9.1260498,40.666261,0
                  9.1260548,40.666256,0
                  9.1260598,40.666251,0
                  9.1260648,40.666247,0
                  9.1260698,40.666243,0
                  9.1260758,40.666239,0
                  9.1260808,40.666236,0
                  9.1260858,40.666233,0
                  9.1260918,40.66623,0
                  9.1260978,40.666228,0
                  9.1261038,40.666226,0
                  9.1261108,40.666224,0
                  9.1261168,40.666222,0
                  9.1261238,40.66622,0
                  9.1261308,40.666219,0
                  9.1261378,40.666218,0
                  9.1261448,40.666217,0
                  9.1261518,40.666216,0
                  9.1261598,40.666215,0
                  9.1261678,40.666214,0
                  9.1261748,40.666214,0
                  9.1261838,40.666213,0
                  9.1261918,40.666213,0
                  9.1262008,40.666213,0
                  9.1267469,40.666213,0
                  9.1267929,40.666213,0
                  9.1268379,40.666212,0
                  9.1268829,40.66621,0
                  9.1269259,40.666208,0
                  9.126969,40.666205,0
                  9.127011,40.666201,0
                  9.127052,40.666197,0
                  9.127092,40.666192,0
                  9.127132,40.666186,0
                  9.12717,40.66618,0
                  9.127208,40.666174,0
                  9.127245,40.666166,0
                  9.127281,40.666158,0
                  9.127316,40.666149,0
                  9.127351,40.66614,0
                  9.127385,40.66613,0
                  9.127418,40.66612,0
                  9.12745,40.666109,0
                  9.127482,40.666098,0
                  9.127513,40.666086,0
                  9.127542,40.666074,0
                  9.127572,40.666061,0
                  9.1276,40.666047,0
                  9.1276271,40.666033,0
                  9.1276541,40.666019,0
                  9.1276801,40.666003,0
                  9.1277051,40.665988,0
                  9.1277301,40.665971,0
                  9.1277531,40.665955,0
                  9.1277761,40.665937,0
                  9.1277981,40.66592,0
                  9.1278201,40.665902,0
                  9.1278401,40.665883,0
                  9.1278601,40.665864,0
                  9.1278791,40.665844,0
                  9.1278981,40.665824,0
                  9.1279151,40.665803,0
                  9.1279321,40.665782,0
                  9.1279491,40.665761,0
                  9.1279641,40.665739,0
                  9.1279791,40.665716,0
                  9.1279931,40.665693,0
                  9.1280061,40.665669,0
                  9.1280191,40.665645,0
                  9.1280311,40.665621,0
                  9.1280421,40.665596,0
                  9.1280521,40.665571,0
                  9.1280611,40.665545,0
                  9.1280701,40.665519,0
                  9.1280781,40.665492,0
                  9.1280851,40.665465,0
                  9.1280921,40.665438,0
                  9.1280971,40.66541,0
                  9.1281021,40.665382,0
                  9.1281061,40.665353,0
                  9.1281101,40.665324,0
                  9.1281121,40.665295,0
                  9.1281141,40.665265,0
                  9.1281151,40.665235,0
                  9.1281161,40.665204,0
                  9.1281151,40.665176,0
                  9.1281141,40.665148,0
                  9.1281131,40.665121,0
                  9.1281111,40.665094,0
                  9.1281081,40.665068,0
                  9.1281051,40.665042,0
                  9.1281011,40.665016,0
                  9.1280961,40.66499,0
                  9.1280911,40.664965,0
                  9.1280851,40.66494,0
                  9.1280781,40.664915,0
                  9.1280711,40.664891,0
                  9.1280631,40.664867,0
                  9.1280551,40.664843,0
                  9.1280461,40.66482,0
                  9.1280361,40.664798,0
                  9.1280251,40.664775,0
                  9.1280141,40.664754,0
                  9.1280021,40.664732,0
                  9.1279901,40.664711,0
                  9.1279771,40.664691,0
                  9.1279631,40.664671,0
                  9.1279491,40.664652,0
                  9.1279341,40.664633,0
                  9.1279181,40.664614,0
                  9.1279021,40.664596,0
                  9.1278851,40.664578,0
                  9.1278681,40.664561,0
                  9.1278491,40.664544,0
                  9.1278311,40.664527,0
                  9.1278111,40.664511,0
                  9.1277911,40.664496,0
                  9.1277701,40.664481,0
                  9.1277491,40.664467,0
                  9.1277271,40.664453,0
                  9.1277051,40.66444,0
                  9.1276821,40.664427,0
                  9.1276591,40.664414,0
                  9.1276351,40.664402,0
                  9.1276111,40.66439,0
                  9.127586,40.664379,0
                  9.12756,40.664369,0
                  9.127534,40.664359,0
                  9.127508,40.664349,0
                  9.127481,40.66434,0
                  9.127453,40.664331,0
                  9.127425,40.664323,0
                  9.127396,40.664316,0
                  9.127367,40.664309,0
                  9.127337,40.664303,0
                  9.127306,40.664297,0
                  9.127275,40.664292,0
                  9.127243,40.664288,0
                  9.127211,40.664284,0
                  9.127179,40.66428,0
                  9.127145,40.664278,0
                  9.127112,40.664276,0
                  9.127077,40.664274,0
                  9.127042,40.664273,0
                  9.127007,40.664273,0
                  9.126965,40.664273,0
                  9.1269239,40.664274,0
                  9.1268829,40.664276,0
                  9.1268429,40.664278,0
                  9.1268029,40.66428,0
                  9.1267639,40.664284,0
                  9.1267259,40.664288,0
                  9.1266879,40.664292,0
                  9.1266509,40.664298,0
                  9.1266149,40.664303,0
                  9.1265789,40.66431,0
                  9.1265429,40.664317,0
                  9.1265079,40.664324,0
                  9.1264739,40.664333,0
                  9.1264399,40.664342,0
                  9.1264069,40.664351,0
                  9.1263749,40.66436,0
                  9.1263429,40.66437,0
                  9.1263119,40.664379,0
                  9.1262809,40.664389,0
                  9.1262509,40.664398,0
                  9.1262208,40.664408,0
                  9.1261918,40.664418,0
                  9.1261638,40.664428,0
                  9.1261358,40.664438,0
                  9.1261088,40.664448,0
                  9.1260818,40.664459,0
                  9.1260558,40.664469,0
                  9.1260308,40.664479,0
                  9.1260058,40.66449,0
                  9.1259808,40.664501,0
                  9.1259568,40.664511,0
                  9.1259338,40.664521,0
                  9.1259108,40.664532,0
                  9.1258888,40.664542,0
                  9.1258678,40.664552,0
                  9.1258468,40.664562,0
                  9.1258268,40.664572,0
                  9.1258068,40.664581,0
                  9.1257878,40.664591,0
                  9.1257688,40.664601,0
                  9.1257508,40.66461,0
                  9.1257338,40.66462,0
                  9.1257168,40.664629,0
                  9.1256998,40.664638,0
                  9.1256848,40.664647,0
                  9.1256698,40.664655,0
                  9.1256548,40.664663,0
                  9.1256408,40.66467,0
                  9.1256278,40.664677,0
                  9.1256158,40.664682,0
                  9.1256038,40.664688,0
                  9.1255918,40.664692,0
                  9.1255818,40.664696,0
                  9.1255718,40.664699,0
                  9.1255628,40.664702,0
                  9.1255537,40.664704,0
                  9.1255457,40.664706,0
                  9.1255387,40.664707,0
                  9.1255317,40.664707,0
                  9.1255217,40.664707,0
                  9.1255117,40.664705,0
                  9.1255017,40.664703,0
                  9.1254927,40.6647,0
                  9.1254837,40.664696,0
                  9.1254757,40.664692,0
                  9.1254677,40.664686,0
                  9.1254597,40.66468,0
                  9.1254517,40.664673,0
                  9.1254447,40.664665,0
                  9.1254377,40.664656,0
                  9.1254307,40.664646,0
                  9.1254247,40.664635,0
                  9.1254187,40.664624,0
                  9.1254137,40.664612,0
                  9.1254087,40.664598,0
                  9.1254037,40.664583,0
                  9.1253997,40.664567,0
                  9.1253957,40.66455,0
                  9.1253927,40.664531,0
                  9.1253897,40.664511,0
                  9.1253867,40.664489,0
                  9.1253837,40.664466,0
                  9.1253817,40.664442,0
                  9.1253797,40.664416,0
                  9.1253777,40.664389,0
                  9.1253767,40.664361,0
                  9.1253757,40.664332,0
                  9.1253757,40.664301,0
                  9.1253757,40.664269,0
                  9.1253757,40.664249,0
                  9.1253757,40.664229,0
                  9.1253757,40.664211,0
                  9.1253757,40.664192,0
                  9.1253757,40.664174,0
                  9.1253757,40.664156,0
                  9.1253767,40.664138,0
                  9.1253767,40.664121,0
                  9.1253767,40.664105,0
                  9.1253777,40.664088,0
                  9.1253787,40.664073,0
                  9.1253787,40.664057,0
                  9.1253797,40.664042,0
                  9.1253807,40.664028,0
                  9.1253817,40.664014,0
                  9.1253827,40.664,0
                  9.1253837,40.663986,0
                  9.1253847,40.663973,0
                  9.1253867,40.66396,0
                  9.1253877,40.663947,0
                  9.1253897,40.663935,0
                  9.1253907,40.663923,0
                  9.1253927,40.663911,0
                  9.1253947,40.663899,0
                  9.1253967,40.663888,0
                  9.1253987,40.663877,0
                  9.1254007,40.663867,0
                  9.1254027,40.663857,0
                  9.1254047,40.663847,0
                  9.1254067,40.663837,0
                  9.1254097,40.663828,0
                  9.1254117,40.663819,0
                  9.1254137,40.66381,0
                  9.1254167,40.663801,0
                  9.1254187,40.663793,0
                  9.1254217,40.663784,0
                  9.1254237,40.663776,0
                  9.1254267,40.663768,0
                  9.1254297,40.66376,0
                  9.1254317,40.663753,0
                  9.1254347,40.663745,0
                  9.1254367,40.663738,0
                  9.1254397,40.66373,0
                  9.1254427,40.663723,0
                  9.1254447,40.663717,0
                  9.1254477,40.66371,0
                  9.1254517,40.663703,0
                  9.1254547,40.663696,0
                  9.1254587,40.663689,0
                  9.1254627,40.663683,0
                  9.1254667,40.663677,0
                  9.1254707,40.66367,0
                  9.1254747,40.663664,0
                  9.1254797,40.663658,0
                  9.1254847,40.663652,0
                  9.1254897,40.663646,0
                  9.1254947,40.66364,0
                  9.1255007,40.663634,0
                  9.1255057,40.663629,0
                  9.1255117,40.663623,0
                  9.1255187,40.663618,0
                  9.1255257,40.663612,0
                  9.1255337,40.663606,0
                  9.1255427,40.663599,0
                  9.1255527,40.663592,0
                  9.1255638,40.663585,0
                  9.1255748,40.663577,0
                  9.1255868,40.663569,0
                  9.1256008,40.663561,0
                  9.1256148,40.663552,0
                  9.1256288,40.663543,0
                  9.1256448,40.663534,0
                  9.1256618,40.663525,0
                  9.1256788,40.663515,0
                  9.1256968,40.663505,0
                  9.1257168,40.663494,0
                  9.1257368,40.663484,0
                  9.1257568,40.663473,0
                  9.1257778,40.663463,0
                  9.1257998,40.663453,0
                  9.1258228,40.663442,0
                  9.1258458,40.663432,0
                  9.1258698,40.663422,0
                  9.1258938,40.663412,0
                  9.1259198,40.663402,0
                  9.1259448,40.663392,0
                  9.1259718,40.663382,0
                  9.1259988,40.663372,0
                  9.1260268,40.663363,0
                  9.1260558,40.663353,0
                  9.1260848,40.663343,0
                  9.1261148,40.663334,0
                  9.1261448,40.663324,0
                  9.1261758,40.663315,0
                  9.1262078,40.663306,0
                  9.1262398,40.663298,0
                  9.1262729,40.663289,0
                  9.1263059,40.663281,0
                  9.1263399,40.663273,0
                  9.1263749,40.663265,0
                  9.1264099,40.663258,0
                  9.1264449,40.66325,0
                  9.1264819,40.663243,0
                  9.1265179,40.663236,0
                  9.1265559,40.663229,0
                  9.1265939,40.663223,0
                  9.1266319,40.663217,0
                  9.1266709,40.663211,0
                  9.1267099,40.663206,0
                  9.1267499,40.663201,0
                  9.1267889,40.663197,0
                  9.1268289,40.663193,0
                  9.1268699,40.66319,0
                  9.1269099,40.663187,0
                  9.126951,40.663185,0
                  9.126993,40.663183,0
                  9.127034,40.663182,0
                  9.127076,40.663181,0
                  9.127118,40.66318,0
                  9.127161,40.66318,0
                  9.127232,40.66318,0
                  9.127301,40.663182,0
                  9.127371,40.663185,0
                  9.127439,40.663189,0
                  9.127507,40.663195,0
                  9.127573,40.663202,0
                  9.1276401,40.66321,0
                  9.1277051,40.663219,0
                  9.1277701,40.663229,0
                  9.1278341,40.66324,0
                  9.1278971,40.663253,0
                  9.1279601,40.663267,0
                  9.1280211,40.663282,0
                  9.1280821,40.663298,0
                  9.1281431,40.663316,0
                  9.1282021,40.663335,0
                  9.1282601,40.663355,0
                  9.1283172,40.663376,0
                  9.1283732,40.663398,0
                  9.1284272,40.663422,0
                  9.1284812,40.663446,0
                  9.1285332,40.663472,0
                  9.1285852,40.663499,0
                  9.1286352,40.663527,0
                  9.1286842,40.663556,0
                  9.1287322,40.663586,0
                  9.1287792,40.663617,0
                  9.1288252,40.663649,0
                  9.1288692,40.663683,0
                  9.1289132,40.663717,0
                  9.1289552,40.663753,0
                  9.1289963,40.663789,0
                  9.1290363,40.663827,0
                  9.1290753,40.663866,0
                  9.1291123,40.663906,0
                  9.1291483,40.663947,0
                  9.1291833,40.663989,0
                  9.1292163,40.664033,0
                  9.1292493,40.664077,0
                  9.1292803,40.664123,0
                  9.1293093,40.66417,0
                  9.1293383,40.664217,0
                  9.1293653,40.664266,0
                  9.1293923,40.664316,0
                  9.1294163,40.664367,0
                  9.1294403,40.664419,0
                  9.1294613,40.664473,0
                  9.1294813,40.664527,0
                  9.1295003,40.664582,0
                  9.1295163,40.664638,0
                  9.1295323,40.664695,0
                  9.1295453,40.664754,0
                  9.1295573,40.664813,0
                  9.1295683,40.664873,0
                  9.1295763,40.664935,0
                  9.1295843,40.664997,0
                  9.1295893,40.66506,0
                  9.1295933,40.665125,0
                  9.1295963,40.66519,0
                  9.1295963,40.665256,0
                </coordinates>
              </LinearRing>
            </outerBoundaryIs>
          </Polygon>
          <Polygon>
            <outerBoundaryIs>
              <LinearRing>
                <tessellate>1</tessellate>
                <coordinates>
                  9.1429793,40.663181,0
                  9.1429793,40.664241,0
                  9.1429613,40.664244,0
                  9.1429433,40.664247,0
                  9.1429263,40.664251,0
                  9.1429093,40.664254,0
                  9.1428923,40.664259,0
                  9.1428753,40.664263,0
                  9.1428593,40.664268,0
                  9.1428423,40.664273,0
                  9.1428263,40.664279,0
                  9.1428103,40.664285,0
                  9.1427953,40.664291,0
                  9.1427793,40.664298,0
                  9.1427643,40.664305,0
                  9.1427493,40.664312,0
                  9.1427343,40.664319,0
                  9.1427113,40.664332,0
                  9.1426893,40.664346,0
                  9.1426673,40.664361,0
                  9.1426453,40.664377,0
                  9.1426242,40.664394,0
                  9.1426042,40.664412,0
                  9.1425842,40.664431,0
                  9.1425652,40.664452,0
                  9.1425462,40.664473,0
                  9.1425272,40.664496,0
                  9.1425102,40.66452,0
                  9.1424922,40.664545,0
                  9.1424762,40.664571,0
                  9.1424602,40.664599,0
                  9.1424442,40.664627,0
                  9.1424292,40.664656,0
                  9.1424142,40.664687,0
                  9.1424002,40.664719,0
                  9.1423872,40.664753,0
                  9.1423742,40.664788,0
                  9.1423612,40.664824,0
                  9.1423492,40.664862,0
                  9.1423382,40.664901,0
                  9.1423272,40.664941,0
                  9.1423162,40.664983,0
                  9.1423062,40.665026,0
                  9.1422972,40.665071,0
                  9.1422872,40.665116,0
                  9.1422792,40.665164,0
                  9.1422702,40.665212,0
                  9.1422632,40.665262,0
                  9.1422562,40.665313,0
                  9.1422502,40.665367,0
                  9.1422442,40.665421,0
                  9.1422382,40.665478,0
                  9.1422332,40.665536,0
                  9.1422292,40.665596,0
                  9.1422252,40.665657,0
                  9.1422222,40.66572,0
                  9.1422192,40.665785,0
                  9.1422162,40.665851,0
                  9.1422152,40.665919,0
                  9.1422132,40.665988,0
                  9.1422122,40.66606,0
                  9.1422122,40.666133,0
                  9.1422262,40.666142,0
                  9.1422402,40.666152,0
                  9.1422542,40.666161,0
                  9.1422682,40.666171,0
                  9.1422822,40.66618,0
                  9.1422972,40.666189,0
                  9.1423112,40.666198,0
                  9.1423262,40.666207,0
                  9.1423412,40.666216,0
                  9.1423562,40.666225,0
                  9.1423712,40.666234,0
                  9.1423862,40.666243,0
                  9.1424012,40.666252,0
                  9.1424172,40.66626,0
                  9.1424322,40.666269,0
                  9.1424482,40.666277,0
                  9.1424642,40.666285,0
                  9.1424802,40.666294,0
                  9.1424962,40.666301,0
                  9.1425122,40.666309,0
                  9.1425282,40.666317,0
                  9.1425442,40.666325,0
                  9.1425612,40.666332,0
                  9.1425772,40.666339,0
                  9.1425942,40.666346,0
                  9.1426102,40.666353,0
                  9.1426272,40.66636,0
                  9.1426443,40.666367,0
                  9.1426613,40.666374,0
                  9.1426783,40.66638,0
                  9.1426953,40.666386,0
                  9.1427123,40.666392,0
                  9.1427293,40.666397,0
                  9.1427463,40.666403,0
                  9.1427633,40.666408,0
                  9.1427803,40.666413,0
                  9.1427983,40.666418,0
                  9.1428153,40.666423,0
                  9.1428323,40.666427,0
                  9.1428493,40.666432,0
                  9.1428673,40.666436,0
                  9.1428843,40.66644,0
                  9.1429013,40.666444,0
                  9.1429193,40.666447,0
                  9.1429363,40.666451,0
                  9.1429793,40.666458,0
                  9.1429793,40.66746,0
                  9.1429623,40.667456,0
                  9.1429453,40.667453,0
                  9.1429293,40.667449,0
                  9.1429123,40.667445,0
                  9.1428963,40.667441,0
                  9.1428793,40.667437,0
                  9.1428633,40.667433,0
                  9.1428473,40.667429,0
                  9.1428313,40.667425,0
                  9.1428153,40.66742,0
                  9.1427993,40.667416,0
                  9.1427843,40.667412,0
                  9.1427683,40.667407,0
                  9.1427533,40.667403,0
                  9.1427383,40.667398,0
                  9.1427163,40.667391,0
                  9.1426953,40.667384,0
                  9.1426733,40.667376,0
                  9.1426523,40.667368,0
                  9.1426322,40.667361,0
                  9.1426112,40.667353,0
                  9.1425912,40.667345,0
                  9.1425702,40.667336,0
                  9.1425512,40.667328,0
                  9.1425312,40.667319,0
                  9.1425112,40.66731,0
                  9.1424922,40.667301,0
                  9.1424732,40.667292,0
                  9.1424542,40.667282,0
                  9.1424362,40.667272,0
                  9.1424172,40.667263,0
                  9.1423992,40.667253,0
                  9.1423812,40.667244,0
                  9.1423642,40.667234,0
                  9.1423462,40.667225,0
                  9.1423292,40.667215,0
                  9.1423122,40.667205,0
                  9.1422962,40.667196,0
                  9.1422792,40.667186,0
                  9.1422632,40.667176,0
                  9.1422482,40.667167,0
                  9.1422322,40.667157,0
                  9.1422172,40.667147,0
                  9.1422022,40.667137,0
                  9.1421882,40.667128,0
                  9.1421892,40.66718,0
                  9.1421902,40.667232,0
                  9.1421932,40.667284,0
                  9.1421962,40.667335,0
                  9.1421992,40.667386,0
                  9.1422032,40.667437,0
                  9.1422082,40.667487,0
                  9.1422142,40.667537,0
                  9.1422202,40.667586,0
                  9.1422272,40.667635,0
                  9.1422342,40.667684,0
                  9.1422432,40.667732,0
                  9.1422512,40.66778,0
                  9.1422612,40.667828,0
                  9.1422712,40.667875,0
                  9.1422822,40.667922,0
                  9.1422932,40.667967,0
                  9.1423062,40.668013,0
                  9.1423192,40.668057,0
                  9.1423332,40.668101,0
                  9.1423482,40.668143,0
                  9.1423642,40.668185,0
                  9.1423802,40.668227,0
                  9.1423982,40.668267,0
                  9.1424162,40.668307,0
                  9.1424362,40.668346,0
                  9.1424562,40.668385,0
                  9.1424762,40.668422,0
                  9.1424982,40.668459,0
                  9.1425212,40.668495,0
                  9.1425442,40.66853,0
                  9.1425682,40.668565,0
                  9.1425932,40.668598,0
                  9.1426192,40.66863,0
                  9.1426463,40.668661,0
                  9.1426743,40.668691,0
                  9.1427023,40.668721,0
                  9.1427323,40.668749,0
                  9.1427623,40.668776,0
                  9.1427943,40.668803,0
                  9.1428263,40.668828,0
                  9.1428593,40.668852,0
                  9.1428933,40.668875,0
                  9.1429283,40.668898,0
                  9.1429643,40.668919,0
                  9.1430023,40.668939,0
                  9.1430403,40.668958,0
                  9.1430793,40.668975,0
                  9.1431193,40.668991,0
                  9.1431613,40.669006,0
                  9.1432033,40.669019,0
                  9.1432463,40.669031,0
                  9.1432913,40.669041,0
                  9.1433374,40.66905,0
                  9.1433834,40.669057,0
                  9.1434314,40.669064,0
                  9.1434804,40.669068,0
                  9.1435304,40.669072,0
                  9.1435814,40.669074,0
                  9.1436334,40.669074,0
                  9.1436644,40.669074,0
                  9.1436954,40.669074,0
                  9.1437254,40.669073,0
                  9.1437544,40.669072,0
                  9.1437844,40.669071,0
                  9.1438124,40.669069,0
                  9.1438404,40.669068,0
                  9.1438684,40.669065,0
                  9.1438954,40.669063,0
                  9.1439224,40.66906,0
                  9.1439484,40.669057,0
                  9.1439734,40.669054,0
                  9.1439984,40.669051,0
                  9.1440235,40.669047,0
                  9.1440475,40.669043,0
                  9.1440705,40.669039,0
                  9.1440935,40.669034,0
                  9.1441165,40.66903,0
                  9.1441385,40.669026,0
                  9.1441605,40.669021,0
                  9.1441825,40.669017,0
                  9.1442035,40.669012,0
                  9.1442235,40.669007,0
                  9.1442445,40.669002,0
                  9.1442645,40.668997,0
                  9.1442835,40.668992,0
                  9.1443025,40.668986,0
                  9.1443215,40.668981,0
                  9.1443395,40.668976,0
                  9.1443575,40.66897,0
                  9.1443745,40.668965,0
                  9.1443915,40.668959,0
                  9.1444085,40.668954,0
                  9.1444255,40.668949,0
                  9.1444415,40.668944,0
                  9.1444565,40.668939,0
                  9.1444725,40.668934,0
                  9.1444875,40.668929,0
                  9.1445015,40.668924,0
                  9.1445165,40.668919,0
                  9.1445305,40.668915,0
                  9.1445435,40.66891,0
                  9.1445565,40.668905,0
                  9.1445695,40.6689,0
                  9.1445825,40.668896,0
                  9.1445945,40.668891,0
                  9.1446065,40.668887,0
                  9.1446175,40.668884,0
                  9.1446295,40.66888,0
                  9.1446405,40.668877,0
                  9.1446505,40.668874,0
                  9.1446605,40.668872,0
                  9.1446705,40.668869,0
                  9.1446805,40.668867,0
                  9.1446896,40.668866,0
                  9.1446996,40.668865,0
                  9.1447076,40.668863,0
                  9.1447166,40.668863,0
                  9.1447246,40.668862,0
                  9.1447326,40.668862,0
                  9.1447386,40.668862,0
                  9.1447456,40.668863,0
                  9.1447516,40.668863,0
                  9.1447576,40.668864,0
                  9.1447646,40.668865,0
                  9.1447696,40.668867,0
                  9.1447756,40.668868,0
                  9.1447816,40.66887,0
                  9.1447866,40.668872,0
                  9.1447916,40.668874,0
                  9.1447976,40.668877,0
                  9.1448026,40.668879,0
                  9.1448066,40.668882,0
                  9.1448116,40.668886,0
                  9.1448156,40.668889,0
                  9.1448206,40.668892,0
                  9.1448246,40.668896,0
                  9.1448296,40.6689,0
                  9.1448336,40.668904,0
                  9.1448376,40.668909,0
                  9.1448416,40.668914,0
                  9.1448456,40.668919,0
                  9.1448486,40.668925,0
                  9.1448526,40.668931,0
                  9.1448556,40.668937,0
                  9.1448586,40.668944,0
                  9.1448616,40.668951,0
                  9.1448646,40.668958,0
                  9.1448666,40.668966,0
                  9.1448696,40.668974,0
                  9.1448716,40.668982,0
                  9.1448746,40.66899,0
                  9.1448766,40.668999,0
                  9.1448786,40.669009,0
                  9.1448816,40.669019,0
                  9.1448836,40.669029,0
                  9.1448856,40.66904,0
                  9.1448876,40.669051,0
                  9.1448886,40.669062,0
                  9.1448906,40.669074,0
                  9.1448926,40.669087,0
                  9.1448936,40.669099,0
                  9.1448946,40.669113,0
                  9.1448966,40.669126,0
                  9.1448976,40.66914,0
                  9.1448986,40.669155,0
                  9.1448996,40.669169,0
                  9.1448996,40.669185,0
                  9.1449006,40.669201,0
                  9.1449016,40.669217,0
                  9.1449016,40.669234,0
                  9.1449026,40.669251,0
                  9.1449026,40.669268,0
                  9.1449026,40.669287,0
                  9.1449036,40.669305,0
                  9.1449036,40.669324,0
                  9.1449036,40.669344,0
                  9.1449036,40.669364,0
                  9.1449036,40.669384,0
                  9.1449036,40.669405,0
                  9.1449036,40.669419,0
                  9.1449036,40.669432,0
                  9.1449036,40.669445,0
                  9.1449036,40.669458,0
                  9.1449036,40.669471,0
                  9.1449026,40.669483,0
                  9.1449026,40.669495,0
                  9.1449026,40.669507,0
                  9.1449016,40.669518,0
                  9.1449016,40.66953,0
                  9.1449006,40.669541,0
                  9.1449006,40.669551,0
                  9.1448996,40.669562,0
                  9.1448996,40.669572,0
                  9.1448986,40.669582,0
                  9.1448976,40.669592,0
                  9.1448966,40.669601,0
                  9.1448966,40.66961,0
                  9.1448956,40.669619,0
                  9.1448946,40.669627,0
                  9.1448936,40.669636,0
                  9.1448926,40.669644,0
                  9.1448916,40.669652,0
                  9.1448906,40.66966,0
                  9.1448886,40.669668,0
                  9.1448876,40.669675,0
                  9.1448866,40.669682,0
                  9.1448846,40.669689,0
                  9.1448836,40.669696,0
                  9.1448816,40.669702,0
                  9.1448796,40.669709,0
                  9.1448786,40.669716,0
                  9.1448766,40.669722,0
                  9.1448746,40.669729,0
                  9.1448726,40.669735,0
                  9.1448706,40.669741,0
                  9.1448686,40.669747,0
                  9.1448666,40.669753,0
                  9.1448646,40.669759,0
                  9.1448626,40.669765,0
                  9.1448596,40.669771,0
                  9.1448576,40.669777,0
                  9.1448556,40.669783,0
                  9.1448526,40.669789,0
                  9.1448506,40.669794,0
                  9.1448476,40.6698,0
                  9.1448446,40.669805,0
                  9.1448416,40.66981,0
                  9.1448386,40.669815,0
                  9.1448346,40.66982,0
                  9.1448316,40.669825,0
                  9.1448276,40.66983,0
                  9.1448246,40.669835,0
                  9.1448206,40.66984,0
                  9.1448166,40.669845,0
                  9.1448116,40.66985,0
                  9.1448076,40.669855,0
                  9.1448036,40.669859,0
                  9.1447986,40.669864,0
                  9.1447936,40.669869,0
                  9.1447886,40.669873,0
                  9.1447826,40.669878,0
                  9.1447756,40.669883,0
                  9.1447686,40.669888,0
                  9.1447606,40.669893,0
                  9.1447526,40.669898,0
                  9.1447436,40.669903,0
                  9.1447336,40.669909,0
                  9.1447226,40.669914,0
                  9.1447116,40.669919,0
                  9.1446996,40.669925,0
                  9.1446876,40.669931,0
                  9.1446735,40.669936,0
                  9.1446595,40.669942,0
                  9.1446455,40.669948,0
                  9.1446295,40.669955,0
                  9.1446145,40.669961,0
                  9.1445985,40.669967,0
                  9.1445815,40.669973,0
                  9.1445645,40.669979,0
                  9.1445475,40.669985,0
                  9.1445295,40.669991,0
                  9.1445115,40.669996,0
                  9.1444925,40.670002,0
                  9.1444735,40.670007,0
                  9.1444535,40.670012,0
                  9.1444345,40.670017,0
                  9.1444135,40.670022,0
                  9.1443925,40.670027,0
                  9.1443715,40.670031,0
                  9.1443495,40.670036,0
                  9.1443275,40.670041,0
                  9.1443055,40.670046,0
                  9.1442835,40.67005,0
                  9.1442605,40.670054,0
                  9.1442375,40.670059,0
                  9.1442145,40.670063,0
                  9.1441915,40.670067,0
                  9.1441675,40.670071,0
                  9.1441435,40.670074,0
                  9.1441195,40.670078,0
                  9.1440955,40.670082,0
                  9.1440715,40.670085,0
                  9.1440465,40.670088,0
                  9.1440215,40.670091,0
                  9.1439964,40.670094,0
                  9.1439714,40.670097,0
                  9.1439464,40.6701,0
                  9.1439214,40.670102,0
                  9.1438964,40.670104,0
                  9.1438714,40.670106,0
                  9.1438474,40.670108,0
                  9.1438224,40.670109,0
                  9.1437974,40.670111,0
                  9.1437724,40.670112,0
                  9.1437474,40.670113,0
                  9.1437224,40.670113,0
                  9.1436974,40.670114,0
                  9.1436734,40.670114,0
                  9.1436484,40.670114,0
                  9.1435714,40.670113,0
                  9.1434954,40.670111,0
                  9.1434204,40.670108,0
                  9.1433474,40.670102,0
                  9.1432753,40.670096,0
                  9.1432053,40.670088,0
                  9.1431363,40.670078,0
                  9.1430683,40.670067,0
                  9.1430023,40.670054,0
                  9.1429373,40.67004,0
                  9.1428743,40.670025,0
                  9.1428123,40.670008,0
                  9.1427513,40.669989,0
                  9.1426923,40.669969,0
                  9.1426342,40.669948,0
                  9.1425782,40.669925,0
                  9.1425232,40.669902,0
                  9.1424692,40.669877,0
                  9.1424162,40.669852,0
                  9.1423642,40.669825,0
                  9.1423132,40.669797,0
                  9.1422632,40.669768,0
                  9.1422152,40.669738,0
                  9.1421682,40.669707,0
                  9.1421222,40.669675,0
                  9.1420772,40.669643,0
                  9.1420332,40.669609,0
                  9.1419902,40.669574,0
                  9.1419481,40.669538,0
                  9.1419081,40.669501,0
                  9.1418681,40.669462,0
                  9.1418291,40.669423,0
                  9.1417921,40.669384,0
                  9.1417551,40.669343,0
                  9.1417191,40.669302,0
                  9.1416851,40.669259,0
                  9.1416511,40.669216,0
                  9.1416181,40.669173,0
                  9.1415861,40.669128,0
                  9.1415551,40.669082,0
                  9.1415261,40.669036,0
                  9.1414971,40.668989,0
                  9.1414691,40.668941,0
                  9.1414421,40.668893,0
                  9.1414161,40.668843,0
                  9.1413911,40.668793,0
                  9.1413671,40.668742,0
                  9.1413441,40.668691,0
                  9.1413211,40.66864,0
                  9.1412991,40.668588,0
                  9.1412781,40.668536,0
                  9.141257,40.668484,0
                  9.141238,40.668431,0
                  9.141219,40.668378,0
                  9.141201,40.668325,0
                  9.141183,40.668271,0
                  9.141167,40.668217,0
                  9.141151,40.668163,0
                  9.141136,40.668108,0
                  9.141121,40.668054,0
                  9.141107,40.667998,0
                  9.141094,40.667942,0
                  9.141082,40.667887,0
                  9.14107,40.667831,0
                  9.141059,40.667775,0
                  9.141048,40.667719,0
                  9.141038,40.667663,0
                  9.141029,40.667606,0
                  9.14102,40.66755,0
                  9.141012,40.667493,0
                  9.141004,40.667437,0
                  9.140997,40.66738,0
                  9.14099,40.667323,0
                  9.140985,40.667266,0
                  9.140979,40.667209,0
                  9.140974,40.667152,0
                  9.14097,40.667095,0
                  9.140966,40.667038,0
                  9.140962,40.666982,0
                  9.140958,40.666926,0
                  9.140955,40.666871,0
                  9.140953,40.666815,0
                  9.14095,40.66676,0
                  9.140948,40.666706,0
                  9.140946,40.666652,0
                  9.140945,40.666598,0
                  9.140944,40.666544,0
                  9.140943,40.666491,0
                  9.140943,40.666438,0
                  9.140942,40.666385,0
                  9.140943,40.666323,0
                  9.140943,40.66626,0
                  9.140944,40.666199,0
                  9.140945,40.666137,0
                  9.140946,40.666077,0
                  9.140948,40.666016,0
                  9.14095,40.665956,0
                  9.140952,40.665897,0
                  9.140955,40.665838,0
                  9.140958,40.66578,0
                  9.140961,40.665722,0
                  9.140965,40.665664,0
                  9.140969,40.665607,0
                  9.140973,40.665551,0
                  9.140978,40.665495,0
                  9.140982,40.665439,0
                  9.140987,40.665384,0
                  9.140993,40.66533,0
                  9.140999,40.665276,0
                  9.141006,40.665222,0
                  9.141013,40.665169,0
                  9.141021,40.665117,0
                  9.141029,40.665065,0
                  9.141038,40.665013,0
                  9.141047,40.664963,0
                  9.141057,40.664912,0
                  9.141067,40.664863,0
                  9.141078,40.664814,0
                  9.141089,40.664765,0
                  9.141101,40.664717,0
                  9.141113,40.66467,0
                  9.141126,40.664624,0
                  9.14114,40.664578,0
                  9.141154,40.664532,0
                  9.141168,40.664488,0
                  9.141183,40.664443,0
                  9.141199,40.6644,0
                  9.141215,40.664357,0
                  9.141232,40.664315,0
                  9.141249,40.664273,0
                  9.141267,40.664232,0
                  9.1412851,40.664192,0
                  9.1413041,40.664153,0
                  9.1413231,40.664114,0
                  9.1413431,40.664076,0
                  9.1413631,40.664038,0
                  9.1413851,40.664001,0
                  9.1414071,40.663965,0
                  9.1414301,40.66393,0
                  9.1414541,40.663895,0
                  9.1414781,40.663862,0
                  9.1415041,40.663829,0
                  9.1415301,40.663796,0
                  9.1415571,40.663765,0
                  9.1415841,40.663734,0
                  9.1416131,40.663704,0
                  9.1416421,40.663675,0
                  9.1416721,40.663646,0
                  9.1417031,40.663618,0
                  9.1417341,40.663591,0
                  9.1417671,40.663565,0
                  9.1418001,40.66354,0
                  9.1418341,40.663516,0
                  9.1418681,40.663492,0
                  9.1419041,40.663469,0
                  9.1419401,40.663447,0
                  9.1419772,40.663426,0
                  9.1420152,40.663405,0
                  9.1420532,40.663386,0
                  9.1420932,40.663367,0
                  9.1421332,40.663349,0
                  9.1421742,40.663332,0
                  9.1422152,40.663316,0
                  9.1422582,40.6633,0
                  9.1423012,40.663286,0
                  9.1423402,40.663273,0
                  9.1423812,40.663262,0
                  9.1424222,40.663251,0
                  9.1424642,40.663241,0
                  9.1425072,40.663232,0
                  9.1425502,40.663223,0
                  9.1425952,40.663215,0
                  9.1426403,40.663208,0
                  9.1426863,40.663202,0
                  9.1427333,40.663197,0
                  9.1427803,40.663192,0
                  9.1428293,40.663188,0
                  9.1428783,40.663185,0
                  9.1429283,40.663182,0
                  9.1429793,40.663181,0
                </coordinates>
              </LinearRing>
            </outerBoundaryIs>
          </Polygon>
          <Polygon>
            <outerBoundaryIs>
              <LinearRing>
                <tessellate>1</tessellate>
                <coordinates>
                  9.1453036,40.665532,0
                  9.1453036,40.665534,0
                  9.1453026,40.665592,0
                  9.1453016,40.665651,0
                  9.1452996,40.66571,0
                  9.1452956,40.665767,0
                  9.1452916,40.665824,0
                  9.1452866,40.66588,0
                  9.1452806,40.665936,0
                  9.1452736,40.66599,0
                  9.1452656,40.666044,0
                  9.1452576,40.666097,0
                  9.1452476,40.666149,0
                  9.1452376,40.666201,0
                  9.1452256,40.666252,0
                  9.1452136,40.666302,0
                  9.1452006,40.666351,0
                  9.1451866,40.666399,0
                  9.1451706,40.666447,0
                  9.1451546,40.666494,0
                  9.1451376,40.666539,0
                  9.1451196,40.666584,0
                  9.1450996,40.666628,0
                  9.1450796,40.666671,0
                  9.1450586,40.666712,0
                  9.1450356,40.666753,0
                  9.1450126,40.666793,0
                  9.1449876,40.666831,0
                  9.1449626,40.666869,0
                  9.1449356,40.666906,0
                  9.1449086,40.666942,0
                  9.1448806,40.666977,0
                  9.1448506,40.667011,0
                  9.1448196,40.667044,0
                  9.1447876,40.667076,0
                  9.1447546,40.667107,0
                  9.1447206,40.667136,0
                  9.1446855,40.667165,0
                  9.1446495,40.667193,0
                  9.1446125,40.667219,0
                  9.1445735,40.667245,0
                  9.1445345,40.667269,0
                  9.1444935,40.667293,0
                  9.1444515,40.667315,0
                  9.1444095,40.667337,0
                  9.1443645,40.667357,0
                  9.1443195,40.667376,0
                  9.1442735,40.667394,0
                  9.1442265,40.667411,0
                  9.1441775,40.667427,0
                  9.1441275,40.667441,0
                  9.1440765,40.667454,0
                  9.1440245,40.667466,0
                  9.1439704,40.667476,0
                  9.1439154,40.667485,0
                  9.1438604,40.667494,0
                  9.1438034,40.6675,0
                  9.1437444,40.667506,0
                  9.1436854,40.66751,0
                  9.1436244,40.667513,0
                  9.1435624,40.667515,0
                  9.1434994,40.667516,0
                  9.1434724,40.667516,0
                  9.1434454,40.667515,0
                  9.1434194,40.667515,0
                  9.1433924,40.667514,0
                  9.1433664,40.667513,0
                  9.1433404,40.667511,0
                  9.1433143,40.66751,0
                  9.1432893,40.667508,0
                  9.1432633,40.667505,0
                  9.1432383,40.667503,0
                  9.1432133,40.6675,0
                  9.1431883,40.667497,0
                  9.1431643,40.667494,0
                  9.1431403,40.66749,0
                  9.1431153,40.667486,0
                  9.1431153,40.666474,0
                  9.1431213,40.666474,0
                  9.1431273,40.666475,0
                  9.1431333,40.666475,0
                  9.1431393,40.666475,0
                  9.1431453,40.666475,0
                  9.1431513,40.666476,0
                  9.1431573,40.666476,0
                  9.1431633,40.666476,0
                  9.1431693,40.666476,0
                  9.1431753,40.666476,0
                  9.1431813,40.666477,0
                  9.1431873,40.666477,0
                  9.1431933,40.666477,0
                  9.1431993,40.666477,0
                  9.1432053,40.666477,0
                  9.1432363,40.666476,0
                  9.1432663,40.666476,0
                  9.1432953,40.666474,0
                  9.1433234,40.666472,0
                  9.1433514,40.666469,0
                  9.1433784,40.666466,0
                  9.1434054,40.666462,0
                  9.1434314,40.666457,0
                  9.1434574,40.666452,0
                  9.1434814,40.666446,0
                  9.1435064,40.66644,0
                  9.1435294,40.666432,0
                  9.1435534,40.666425,0
                  9.1435754,40.666417,0
                  9.1435974,40.666408,0
                  9.1436184,40.666398,0
                  9.1436394,40.666387,0
                  9.1436594,40.666376,0
                  9.1436784,40.666365,0
                  9.1436974,40.666353,0
                  9.1437154,40.66634,0
                  9.1437334,40.666327,0
                  9.1437504,40.666313,0
                  9.1437674,40.666299,0
                  9.1437834,40.666284,0
                  9.1437994,40.666269,0
                  9.1438144,40.666253,0
                  9.1438284,40.666236,0
                  9.1438424,40.666219,0
                  9.1438564,40.666201,0
                  9.1438694,40.666182,0
                  9.1438814,40.666163,0
                  9.1438934,40.666144,0
                  9.1439054,40.666123,0
                  9.1439164,40.666103,0
                  9.1439264,40.666081,0
                  9.1439364,40.66606,0
                  9.1439464,40.666037,0
                  9.1439554,40.666014,0
                  9.1439644,40.665991,0
                  9.1439724,40.665967,0
                  9.1439794,40.665942,0
                  9.1439864,40.665917,0
                  9.1439934,40.665892,0
                  9.1439994,40.665865,0
                  9.1440055,40.665839,0
                  9.1440105,40.665811,0
                  9.1440155,40.665783,0
                  9.1440195,40.665755,0
                  9.1440235,40.665726,0
                  9.1440275,40.665696,0
                  9.1440305,40.665666,0
                  9.1440335,40.665635,0
                  9.1440355,40.665604,0
                  9.1440385,40.665572,0
                  9.1440395,40.66554,0
                  9.1440415,40.665507,0
                  9.1440425,40.665473,0
                  9.1440425,40.665439,0
                  9.1440425,40.665404,0
                  9.1440425,40.665371,0
                  9.1440415,40.665338,0
                  9.1440405,40.665305,0
                  9.1440385,40.665273,0
                  9.1440365,40.665241,0
                  9.1440335,40.665209,0
                  9.1440305,40.665177,0
                  9.1440265,40.665146,0
                  9.1440215,40.665115,0
                  9.1440165,40.665085,0
                  9.1440115,40.665055,0
                  9.1440055,40.665025,0
                  9.1439994,40.664996,0
                  9.1439924,40.664966,0
                  9.1439844,40.664938,0
                  9.1439764,40.664909,0
                  9.1439674,40.664881,0
                  9.1439584,40.664854,0
                  9.1439484,40.664827,0
                  9.1439384,40.664801,0
                  9.1439284,40.664775,0
                  9.1439174,40.66475,0
                  9.1439054,40.664725,0
                  9.1438944,40.664701,0
                  9.1438814,40.664677,0
                  9.1438684,40.664653,0
                  9.1438554,40.664631,0
                  9.1438414,40.664608,0
                  9.1438274,40.664586,0
                  9.1438124,40.664565,0
                  9.1437974,40.664544,0
                  9.1437814,40.664523,0
                  9.1437654,40.664503,0
                  9.1437484,40.664484,0
                  9.1437314,40.664466,0
                  9.1437144,40.664448,0
                  9.1436954,40.664431,0
                  9.1436774,40.664414,0
                  9.1436574,40.664399,0
                  9.1436384,40.664384,0
                  9.1436174,40.664369,0
                  9.1435974,40.664355,0
                  9.1435754,40.664342,0
                  9.1435534,40.664329,0
                  9.1435314,40.664318,0
                  9.1435084,40.664306,0
                  9.1434854,40.664296,0
                  9.1434614,40.664286,0
                  9.1434374,40.664277,0
                  9.1434124,40.664269,0
                  9.1433874,40.664261,0
                  9.1433614,40.664255,0
                  9.1433354,40.664249,0
                  9.1433083,40.664243,0
                  9.1432813,40.664239,0
                  9.1432533,40.664236,0
                  9.1432253,40.664233,0
                  9.1431963,40.664231,0
                  9.1431673,40.66423,0
                  9.1431373,40.664229,0
                  9.1431163,40.664229,0
                  9.1431163,40.66318,0
                  9.1431843,40.663181,0
                  9.1432513,40.663185,0
                  9.1433173,40.663189,0
                  9.1433824,40.663195,0
                  9.1434464,40.663203,0
                  9.1435084,40.663212,0
                  9.1435704,40.663222,0
                  9.1436314,40.663234,0
                  9.1436914,40.663248,0
                  9.1437494,40.663262,0
                  9.1438074,40.663279,0
                  9.1438644,40.663296,0
                  9.1439204,40.663315,0
                  9.1439744,40.663336,0
                  9.1440285,40.663358,0
                  9.1440835,40.663382,0
                  9.1441365,40.663408,0
                  9.1441895,40.663434,0
                  9.1442405,40.663462,0
                  9.1442905,40.663492,0
                  9.1443395,40.663522,0
                  9.1443875,40.663553,0
                  9.1444345,40.663586,0
                  9.1444795,40.66362,0
                  9.1445235,40.663655,0
                  9.1445665,40.663692,0
                  9.1446085,40.663729,0
                  9.1446495,40.663768,0
                  9.1446886,40.663808,0
                  9.1447276,40.663849,0
                  9.1447646,40.663891,0
                  9.1447996,40.663935,0
                  9.1448346,40.663979,0
                  9.1448686,40.664025,0
                  9.1449006,40.664071,0
                  9.1449316,40.664119,0
                  9.1449616,40.664168,0
                  9.1449896,40.664217,0
                  9.1450176,40.664268,0
                  9.1450436,40.66432,0
                  9.1450686,40.664373,0
                  9.1450926,40.664427,0
                  9.1451156,40.664482,0
                  9.1451366,40.664538,0
                  9.1451566,40.664595,0
                  9.1451756,40.664653,0
                  9.1451936,40.664712,0
                  9.1452096,40.664771,0
                  9.1452246,40.664831,0
                  9.1452386,40.664892,0
                  9.1452506,40.664953,0
                  9.1452616,40.665015,0
                  9.1452716,40.665077,0
                  9.1452806,40.665141,0
                  9.1452876,40.665204,0
                  9.1452936,40.665269,0
                  9.1452976,40.665334,0
                  9.1453006,40.6654,0
                  9.1453026,40.665467,0
                  9.1453036,40.665532,0
                </coordinates>
              </LinearRing>
            </outerBoundaryIs>
          </Polygon>
        </MultiGeometry>
      </Placemark>
    </Folder>
  </Document>
</kml>
