<?xml version="1.0" encoding="UTF-8"?>
<kml xmlns="http://www.opengis.net/kml/2.2">
  <Document>
    <name>RIS26 - SS4/7 Monti di Alà-Sa Conchedda-Lerno</name>
    <description/>
    <Style id="icon-1899-DB4436-normal">
      <IconStyle>
        <color>ff3644db</color>
        <scale>1</scale>
        <Icon>
          <href>https://www.gstatic.com/mapspro/images/stock/503-wht-blank_maps.png</href>
        </Icon>
        <hotSpot x="32" xunits="pixels" y="64" yunits="insetPixels"/>
      </IconStyle>
      <LabelStyle>
        <scale>0</scale>
      </LabelStyle>
    </Style>
    <Style id="icon-1899-DB4436-highlight">
      <IconStyle>
        <color>ff3644db</color>
        <scale>1</scale>
        <Icon>
          <href>https://www.gstatic.com/mapspro/images/stock/503-wht-blank_maps.png</href>
        </Icon>
        <hotSpot x="32" xunits="pixels" y="64" yunits="insetPixels"/>
      </IconStyle>
      <LabelStyle>
        <scale>1</scale>
      </LabelStyle>
    </Style>
    <StyleMap id="icon-1899-DB4436">
      <Pair>
        <key>normal</key>
        <styleUrl>#icon-1899-DB4436-normal</styleUrl>
      </Pair>
      <Pair>
        <key>highlight</key>
        <styleUrl>#icon-1899-DB4436-highlight</styleUrl>
      </Pair>
    </StyleMap>
    <Style id="icon-1899-DB4436-nodesc-normal">
      <IconStyle>
        <color>ff3644db</color>
        <scale>1</scale>
        <Icon>
          <href>https://www.gstatic.com/mapspro/images/stock/503-wht-blank_maps.png</href>
        </Icon>
        <hotSpot x="32" xunits="pixels" y="64" yunits="insetPixels"/>
      </IconStyle>
      <LabelStyle>
        <scale>0</scale>
      </LabelStyle>
      <BalloonStyle>
        <text><![CDATA[<h3>$[name]</h3>]]></text>
      </BalloonStyle>
    </Style>
    <Style id="icon-1899-DB4436-nodesc-highlight">
      <IconStyle>
        <color>ff3644db</color>
        <scale>1</scale>
        <Icon>
          <href>https://www.gstatic.com/mapspro/images/stock/503-wht-blank_maps.png</href>
        </Icon>
        <hotSpot x="32" xunits="pixels" y="64" yunits="insetPixels"/>
      </IconStyle>
      <LabelStyle>
        <scale>1</scale>
      </LabelStyle>
      <BalloonStyle>
        <text><![CDATA[<h3>$[name]</h3>]]></text>
      </BalloonStyle>
    </Style>
    <StyleMap id="icon-1899-DB4436-nodesc">
      <Pair>
        <key>normal</key>
        <styleUrl>#icon-1899-DB4436-nodesc-normal</styleUrl>
      </Pair>
      <Pair>
        <key>highlight</key>
        <styleUrl>#icon-1899-DB4436-nodesc-highlight</styleUrl>
      </Pair>
    </StyleMap>
    <Style id="line-ACA83A-8000-nodesc-normal">
      <LineStyle>
        <color>ff3aa8ac</color>
        <width>8</width>
      </LineStyle>
      <BalloonStyle>
        <text><![CDATA[<h3>$[name]</h3>]]></text>
      </BalloonStyle>
    </Style>
    <Style id="line-ACA83A-8000-nodesc-highlight">
      <LineStyle>
        <color>ff3aa8ac</color>
        <width>12</width>
      </LineStyle>
      <BalloonStyle>
        <text><![CDATA[<h3>$[name]</h3>]]></text>
      </BalloonStyle>
    </Style>
    <StyleMap id="line-ACA83A-8000-nodesc">
      <Pair>
        <key>normal</key>
        <styleUrl>#line-ACA83A-8000-nodesc-normal</styleUrl>
      </Pair>
      <Pair>
        <key>highlight</key>
        <styleUrl>#line-ACA83A-8000-nodesc-highlight</styleUrl>
      </Pair>
    </StyleMap>
    <Style id="line-FF0000-5000-nodesc-normal">
      <LineStyle>
        <color>ff0000ff</color>
        <width>5</width>
      </LineStyle>
      <BalloonStyle>
        <text><![CDATA[<h3>$[name]</h3>]]></text>
      </BalloonStyle>
    </Style>
    <Style id="line-FF0000-5000-nodesc-highlight">
      <LineStyle>
        <color>ff0000ff</color>
        <width>7.5</width>
      </LineStyle>
      <BalloonStyle>
        <text><![CDATA[<h3>$[name]</h3>]]></text>
      </BalloonStyle>
    </Style>
    <StyleMap id="line-FF0000-5000-nodesc">
      <Pair>
        <key>normal</key>
        <styleUrl>#line-FF0000-5000-nodesc-normal</styleUrl>
      </Pair>
      <Pair>
        <key>highlight</key>
        <styleUrl>#line-FF0000-5000-nodesc-highlight</styleUrl>
      </Pair>
    </StyleMap>
    <Style id="poly-000000-1000-128-nodesc-normal">
      <LineStyle>
        <color>ff000000</color>
        <width>1</width>
      </LineStyle>
      <PolyStyle>
        <color>80000000</color>
        <fill>1</fill>
        <outline>1</outline>
      </PolyStyle>
      <BalloonStyle>
        <text><![CDATA[<h3>$[name]</h3>]]></text>
      </BalloonStyle>
    </Style>
    <Style id="poly-000000-1000-128-nodesc-highlight">
      <LineStyle>
        <color>ff000000</color>
        <width>1.5</width>
      </LineStyle>
      <PolyStyle>
        <color>80000000</color>
        <fill>1</fill>
        <outline>1</outline>
      </PolyStyle>
      <BalloonStyle>
        <text><![CDATA[<h3>$[name]</h3>]]></text>
      </BalloonStyle>
    </Style>
    <StyleMap id="poly-000000-1000-128-nodesc">
      <Pair>
        <key>normal</key>
        <styleUrl>#poly-000000-1000-128-nodesc-normal</styleUrl>
      </Pair>
      <Pair>
        <key>highlight</key>
        <styleUrl>#poly-000000-1000-128-nodesc-highlight</styleUrl>
      </Pair>
    </StyleMap>
    <Style id="poly-000066-1000-128-nodesc-normal">
      <LineStyle>
        <color>ff660000</color>
        <width>1</width>
      </LineStyle>
      <PolyStyle>
        <color>80660000</color>
        <fill>1</fill>
        <outline>1</outline>
      </PolyStyle>
      <BalloonStyle>
        <text><![CDATA[<h3>$[name]</h3>]]></text>
      </BalloonStyle>
    </Style>
    <Style id="poly-000066-1000-128-nodesc-highlight">
      <LineStyle>
        <color>ff660000</color>
        <width>1.5</width>
      </LineStyle>
      <PolyStyle>
        <color>80660000</color>
        <fill>1</fill>
        <outline>1</outline>
      </PolyStyle>
      <BalloonStyle>
        <text><![CDATA[<h3>$[name]</h3>]]></text>
      </BalloonStyle>
    </Style>
    <StyleMap id="poly-000066-1000-128-nodesc">
      <Pair>
        <key>normal</key>
        <styleUrl>#poly-000066-1000-128-nodesc-normal</styleUrl>
      </Pair>
      <Pair>
        <key>highlight</key>
        <styleUrl>#poly-000066-1000-128-nodesc-highlight</styleUrl>
      </Pair>
    </StyleMap>
    <Style id="poly-000066-1000-191-nodesc-normal">
      <LineStyle>
        <color>ff660000</color>
        <width>1</width>
      </LineStyle>
      <PolyStyle>
        <color>bf660000</color>
        <fill>1</fill>
        <outline>1</outline>
      </PolyStyle>
      <BalloonStyle>
        <text><![CDATA[<h3>$[name]</h3>]]></text>
      </BalloonStyle>
    </Style>
    <Style id="poly-000066-1000-191-nodesc-highlight">
      <LineStyle>
        <color>ff660000</color>
        <width>1.5</width>
      </LineStyle>
      <PolyStyle>
        <color>bf660000</color>
        <fill>1</fill>
        <outline>1</outline>
      </PolyStyle>
      <BalloonStyle>
        <text><![CDATA[<h3>$[name]</h3>]]></text>
      </BalloonStyle>
    </Style>
    <StyleMap id="poly-000066-1000-191-nodesc">
      <Pair>
        <key>normal</key>
        <styleUrl>#poly-000066-1000-191-nodesc-normal</styleUrl>
      </Pair>
      <Pair>
        <key>highlight</key>
        <styleUrl>#poly-000066-1000-191-nodesc-highlight</styleUrl>
      </Pair>
    </StyleMap>
    <Style id="poly-0000FF-1200-128-nodesc-normal">
      <LineStyle>
        <color>ffff0000</color>
        <width>1.2</width>
      </LineStyle>
      <PolyStyle>
        <color>80ff0000</color>
        <fill>1</fill>
        <outline>1</outline>
      </PolyStyle>
      <BalloonStyle>
        <text><![CDATA[<h3>$[name]</h3>]]></text>
      </BalloonStyle>
    </Style>
    <Style id="poly-0000FF-1200-128-nodesc-highlight">
      <LineStyle>
        <color>ffff0000</color>
        <width>1.8</width>
      </LineStyle>
      <PolyStyle>
        <color>80ff0000</color>
        <fill>1</fill>
        <outline>1</outline>
      </PolyStyle>
      <BalloonStyle>
        <text><![CDATA[<h3>$[name]</h3>]]></text>
      </BalloonStyle>
    </Style>
    <StyleMap id="poly-0000FF-1200-128-nodesc">
      <Pair>
        <key>normal</key>
        <styleUrl>#poly-0000FF-1200-128-nodesc-normal</styleUrl>
      </Pair>
      <Pair>
        <key>highlight</key>
        <styleUrl>#poly-0000FF-1200-128-nodesc-highlight</styleUrl>
      </Pair>
    </StyleMap>
    <Style id="poly-D1D1D1-1200-255-nodesc-normal">
      <LineStyle>
        <color>ffd1d1d1</color>
        <width>1.2</width>
      </LineStyle>
      <PolyStyle>
        <color>ffd1d1d1</color>
        <fill>1</fill>
        <outline>1</outline>
      </PolyStyle>
      <BalloonStyle>
        <text><![CDATA[<h3>$[name]</h3>]]></text>
      </BalloonStyle>
    </Style>
    <Style id="poly-D1D1D1-1200-255-nodesc-highlight">
      <LineStyle>
        <color>ffd1d1d1</color>
        <width>1.8</width>
      </LineStyle>
      <PolyStyle>
        <color>ffd1d1d1</color>
        <fill>1</fill>
        <outline>1</outline>
      </PolyStyle>
      <BalloonStyle>
        <text><![CDATA[<h3>$[name]</h3>]]></text>
      </BalloonStyle>
    </Style>
    <StyleMap id="poly-D1D1D1-1200-255-nodesc">
      <Pair>
        <key>normal</key>
        <styleUrl>#poly-D1D1D1-1200-255-nodesc-normal</styleUrl>
      </Pair>
      <Pair>
        <key>highlight</key>
        <styleUrl>#poly-D1D1D1-1200-255-nodesc-highlight</styleUrl>
      </Pair>
    </StyleMap>
    <Style id="poly-F9F9F9-1200-255-nodesc-normal">
      <LineStyle>
        <color>fff9f9f9</color>
        <width>1.2</width>
      </LineStyle>
      <PolyStyle>
        <color>fff9f9f9</color>
        <fill>1</fill>
        <outline>1</outline>
      </PolyStyle>
      <BalloonStyle>
        <text><![CDATA[<h3>$[name]</h3>]]></text>
      </BalloonStyle>
    </Style>
    <Style id="poly-F9F9F9-1200-255-nodesc-highlight">
      <LineStyle>
        <color>fff9f9f9</color>
        <width>1.8</width>
      </LineStyle>
      <PolyStyle>
        <color>fff9f9f9</color>
        <fill>1</fill>
        <outline>1</outline>
      </PolyStyle>
      <BalloonStyle>
        <text><![CDATA[<h3>$[name]</h3>]]></text>
      </BalloonStyle>
    </Style>
    <StyleMap id="poly-F9F9F9-1200-255-nodesc">
      <Pair>
        <key>normal</key>
        <styleUrl>#poly-F9F9F9-1200-255-nodesc-normal</styleUrl>
      </Pair>
      <Pair>
        <key>highlight</key>
        <styleUrl>#poly-F9F9F9-1200-255-nodesc-highlight</styleUrl>
      </Pair>
    </StyleMap>
    <Style id="poly-FFDE23-1200-128-nodesc-normal">
      <LineStyle>
        <color>ff23deff</color>
        <width>1.2</width>
      </LineStyle>
      <PolyStyle>
        <color>8023deff</color>
        <fill>1</fill>
        <outline>1</outline>
      </PolyStyle>
      <BalloonStyle>
        <text><![CDATA[<h3>$[name]</h3>]]></text>
      </BalloonStyle>
    </Style>
    <Style id="poly-FFDE23-1200-128-nodesc-highlight">
      <LineStyle>
        <color>ff23deff</color>
        <width>1.8</width>
      </LineStyle>
      <PolyStyle>
        <color>8023deff</color>
        <fill>1</fill>
        <outline>1</outline>
      </PolyStyle>
      <BalloonStyle>
        <text><![CDATA[<h3>$[name]</h3>]]></text>
      </BalloonStyle>
    </Style>
    <StyleMap id="poly-FFDE23-1200-128-nodesc">
      <Pair>
        <key>normal</key>
        <styleUrl>#poly-FFDE23-1200-128-nodesc-normal</styleUrl>
      </Pair>
      <Pair>
        <key>highlight</key>
        <styleUrl>#poly-FFDE23-1200-128-nodesc-highlight</styleUrl>
      </Pair>
    </StyleMap>
    <Folder>
      <name>Access</name>
      <Placemark>
        <name>06</name>
        <styleUrl>#icon-1899-DB4436-nodesc</styleUrl>
        <Point>
          <coordinates>
            9.311915,40.655173,0
          </coordinates>
        </Point>
      </Placemark>
      <Placemark>
        <name>06</name>
        <styleUrl>#icon-1899-DB4436-nodesc</styleUrl>
        <Point>
          <coordinates>
            9.323872,40.65164,0
          </coordinates>
        </Point>
      </Placemark>
      <Placemark>
        <name>06 bifacciale</name>
        <styleUrl>#icon-1899-DB4436-nodesc</styleUrl>
        <Point>
          <coordinates>
            9.325935,40.648719,0
          </coordinates>
        </Point>
      </Placemark>
      <Placemark>
        <name>07</name>
        <styleUrl>#icon-1899-DB4436-nodesc</styleUrl>
        <Point>
          <coordinates>
            9.257161,40.646732,0
          </coordinates>
        </Point>
      </Placemark>
      <Placemark>
        <name>07</name>
        <styleUrl>#icon-1899-DB4436-nodesc</styleUrl>
        <Point>
          <coordinates>
            9.252797,40.658975,0
          </coordinates>
        </Point>
      </Placemark>
      <Placemark>
        <name>07 - 12  bifacciale</name>
        <styleUrl>#icon-1899-DB4436-nodesc</styleUrl>
        <Point>
          <coordinates>
            9.26669,40.596755,0
          </coordinates>
        </Point>
      </Placemark>
      <Placemark>
        <name>08</name>
        <styleUrl>#icon-1899-DB4436-nodesc</styleUrl>
        <Point>
          <coordinates>
            9.20847,40.622027,0
          </coordinates>
        </Point>
      </Placemark>
      <Placemark>
        <name>08</name>
        <styleUrl>#icon-1899-DB4436-nodesc</styleUrl>
        <Point>
          <coordinates>
            9.19162,40.622143,0
          </coordinates>
        </Point>
      </Placemark>
      <Placemark>
        <name>08</name>
        <styleUrl>#icon-1899-DB4436-nodesc</styleUrl>
        <Point>
          <coordinates>
            9.184745,40.618358,0
          </coordinates>
        </Point>
      </Placemark>
      <Placemark>
        <name>08  - 11</name>
        <styleUrl>#icon-1899-DB4436-nodesc</styleUrl>
        <Point>
          <coordinates>
            9.211042,40.620802,0
          </coordinates>
        </Point>
      </Placemark>
      <Placemark>
        <name>08 - 09 - 10 - 11</name>
        <styleUrl>#icon-1899-DB4436-nodesc</styleUrl>
        <Point>
          <coordinates>
            9.24391,40.592481,0
          </coordinates>
        </Point>
      </Placemark>
      <Placemark>
        <name>08 - 09 - 10 - 11</name>
        <styleUrl>#icon-1899-DB4436-nodesc</styleUrl>
        <Point>
          <coordinates>
            9.225413,40.611962,0
          </coordinates>
        </Point>
      </Placemark>
      <Placemark>
        <name>08 - 09 - 10 - 11  bifacciale</name>
        <styleUrl>#icon-1899-DB4436-nodesc</styleUrl>
        <Point>
          <coordinates>
            9.242196,40.584907,0
          </coordinates>
        </Point>
      </Placemark>
      <Placemark>
        <name>06 Access</name>
        <styleUrl>#line-ACA83A-8000-nodesc</styleUrl>
        <LineString>
          <tessellate>1</tessellate>
          <coordinates>
            9.325933,40.64875,665.5
            9.325426,40.649031,667
            9.324953,40.649282,670
            9.324693,40.649422,670
            9.324544,40.649502,670
            9.324419,40.649569,670
            9.324082,40.649735,673
            9.323806,40.64987,673
            9.323731,40.649925,673.7
            9.32368,40.649998,673.6
            9.323617,40.650152,674
            9.323623,40.650249,675
            9.32369,40.650625,675
            9.323696,40.65067,675
            9.323864,40.6516,676
            9.323303,40.651726,680
            9.322988,40.651795,680
            9.32285,40.651844,680
            9.322105,40.652138,681.3
            9.321903,40.652178,682
            9.321527,40.652189,681.8
            9.32128,40.652223,681.7
            9.321117,40.652262,681.6
            9.32095,40.652349,681.5
            9.320663,40.652573,683
            9.319591,40.653487,684.3
            9.31929,40.653744,685.7
            9.319084,40.653888,687
            9.318775,40.654104,687.7
            9.318516,40.654239,687.6
            9.318275,40.654332,687.8
            9.317982,40.654408,688
            9.317761,40.654448,689
            9.317439,40.65443,690.4
            9.316979,40.654334,691
            9.316548,40.654246,692.8
            9.31568,40.653967,693.4
            9.31547,40.653945,693.9
            9.315327,40.653954,694.3
            9.31485,40.654042,694.2
            9.314519,40.654058,695.5
            9.313471,40.653922,694
            9.31327,40.653919,686
            9.313134,40.653948,685.8
            9.313047,40.654016,685.9
            9.312882,40.654213,685.9
            9.312703,40.654506,685.8
            9.312502,40.654777,685.7
            9.311947,40.655174,687
            9.309873,40.656522,692.9
            9.309637,40.656713,693
            9.309424,40.657007,693.2
            9.309176,40.657913,697
            9.309109,40.658182,697
            9.308689,40.659873,704
            9.30867,40.659947,705
            9.309022,40.661192,707
            9.309016,40.661319,710
            9.308939,40.661384,710.7
            9.308088,40.661846,711
            9.30786,40.66197,711.3
            9.307532,40.662096,711.4
            9.306736,40.66223,711.5
            9.306263,40.662202,710.9
            9.306139,40.662247,710.4
            9.305964,40.662455,707
            9.305892,40.66254,710.8
            9.30505,40.663032,713.4
            9.30384,40.663503,721.8
            9.302719,40.663883,726.9
            9.302255,40.664095,728.2
            9.301932,40.664411,732.5
            9.301494,40.665113,736.2
            9.301225,40.665293,743
            9.300935,40.665486,748.7
            9.300305,40.665787,752.2
            9.300119,40.66595,752.4
            9.30003,40.666146,752.6
            9.299987,40.666745,763.7
            9.300032,40.667056,763.8
            9.299729,40.667816,788.6
            9.299294,40.668563,796.4
            9.299283,40.668672,796.3
            9.299339,40.668852,796.1
            9.299334,40.669038,796
            9.299235,40.669292,796.4
            9.299248,40.669416,796.7
            9.299294,40.669529,799
            9.299487,40.669623,796.8
            9.300039,40.669819,796
            9.300127,40.669917,793
            9.30012,40.669988,799.1
            9.300114,40.670055,805.2
            9.300034,40.670158,804.8
            9.298823,40.670918,818
            9.298389,40.671224,822.6
            9.297758,40.671405,826.3
            9.297411,40.671444,828
            9.296889,40.671397,828
            9.296322,40.671419,840.3
            9.295027,40.671597,853
          </coordinates>
        </LineString>
      </Placemark>
      <Placemark>
        <name>07 Access</name>
        <styleUrl>#line-ACA83A-8000-nodesc</styleUrl>
        <LineString>
          <tessellate>1</tessellate>
          <coordinates>
            9.266701,40.596743,612
            9.263305,40.598233,611
            9.262901,40.598418,612
            9.262776,40.598476,612
            9.262561,40.598648,611.3
            9.262288,40.599266,610
            9.262195,40.599551,610.3
            9.262118,40.600775,610.3
            9.26258,40.60327,613.5
            9.262816,40.603643,613.2
            9.263599,40.604578,614.5
            9.263803,40.605001,615.5
            9.263354,40.605733,616.6
            9.263073,40.606477,617.9
            9.263049,40.606856,619
            9.263019,40.607333,619
            9.262826,40.609165,615.5
            9.262498,40.609692,614
            9.261314,40.611592,624.7
            9.261009,40.612148,627.5
            9.260833,40.61264,627.8
            9.260597,40.612984,634
            9.259586,40.613246,634
            9.257762,40.613993,636.2
            9.257571,40.614117,636.4
            9.25754,40.614284,636.7
            9.257569,40.614616,636.7
            9.257633,40.614824,637
            9.257666,40.614932,637
            9.258522,40.61642,631
            9.258353,40.617163,631
            9.258272,40.617574,632
            9.257958,40.618021,631.3
            9.257872,40.618285,631.1
            9.258706,40.620158,634
            9.258765,40.620345,634
            9.258857,40.620569,634.6
            9.258883,40.620882,635.1
            9.258586,40.621612,635.3
            9.258524,40.621822,636.2
            9.258503,40.622155,636.3
            9.258525,40.622997,638
            9.258535,40.623367,642.3
            9.258308,40.624436,646
            9.257912,40.625907,658
            9.257787,40.626083,658
            9.257322,40.626732,664.7
            9.257292,40.626978,668
            9.257286,40.627028,668
            9.257215,40.627611,670
            9.256992,40.627837,671
            9.256719,40.628114,673.5
            9.256687,40.628342,674.1
            9.256732,40.62858,672.9
            9.257183,40.630021,676
            9.257179,40.63007,676
            9.257164,40.630276,676
            9.257151,40.630443,677.3
            9.256918,40.631246,679.3
            9.256421,40.632381,679.3
            9.255777,40.633683,692.5
            9.255338,40.634939,695.5
            9.255626,40.635771,699
            9.255788,40.63624,702.7
            9.256011,40.636993,704.2
            9.256131,40.637689,709.4
            9.256571,40.638756,709.5
            9.256884,40.639257,710.3
            9.257135,40.639518,710.8
            9.257238,40.639803,711.3
            9.257434,40.640207,718
            9.257762,40.640882,711.3
            9.257995,40.642223,705.5
            9.258103,40.642544,705
            9.258567,40.643312,700
            9.258611,40.643381,706
            9.258642,40.643632,706
            9.258545,40.644153,706
            9.2585,40.644629,712
            9.258342,40.645277,720.6
            9.257934,40.646213,722.1
            9.257706,40.646425,723
            9.257212,40.646674,707
            9.257315,40.647015,706.3
            9.25752,40.647276,705
            9.257585,40.647434,704.7
            9.257658,40.647704,704
            9.257639,40.648137,712
            9.25749,40.648753,721
            9.257393,40.649073,727.3
            9.25711,40.649534,735
            9.257051,40.649748,735
            9.257059,40.650094,740
            9.256958,40.650234,740.8
            9.256511,40.650528,743.4
            9.256062,40.650601,744.6
            9.255649,40.650797,747
            9.255241,40.65118,747.5
            9.254965,40.651601,749.6
            9.254893,40.652116,751
            9.254842,40.652273,754.5
            9.255017,40.652508,756.2
            9.255152,40.652753,757.3
            9.255187,40.653075,757.8
            9.254983,40.653498,761.6
            9.254787,40.65372,764.4
            9.254361,40.653904,767.3
            9.253988,40.654229,772.9
            9.253694,40.654555,774.3
            9.253583,40.654799,775.2
            9.253031,40.65511,776.8
            9.252864,40.655269,776.6
            9.25286,40.655616,777
            9.253052,40.656145,780.3
            9.253488,40.657171,794.8
            9.253547,40.657526,799.6
            9.25371,40.657819,801.4
            9.253944,40.658036,801.8
            9.254016,40.658129,802.2
            9.253984,40.658244,802.6
            9.253877,40.658331,803.1
            9.253166,40.658662,804.8
            9.252876,40.658891,814
            9.252844,40.659241,818.8
            9.252828,40.659823,818.7
            9.25284,40.660052,823
            9.252959,40.660233,825.7
            9.25435,40.661061,831
            9.255005,40.662127,829.3
            9.255158,40.662631,827
            9.25523,40.662866,827
            9.255411,40.664529,831
          </coordinates>
        </LineString>
      </Placemark>
      <Placemark>
        <name>08 Access</name>
        <styleUrl>#line-ACA83A-8000-nodesc</styleUrl>
        <LineString>
          <tessellate>1</tessellate>
          <coordinates>
            9.242174,40.584929,619.8
            9.243101,40.586021,609.7
            9.24315,40.586253,609.6
            9.243037,40.587231,609
            9.243005,40.587511,609
            9.242999,40.587885,609
            9.242899,40.588084,609
            9.242479,40.588904,607.6
            9.24248,40.58913,607
            9.242565,40.589485,609
            9.24265,40.589724,609.7
            9.243351,40.590719,611
            9.243958,40.591528,616.5
            9.243998,40.591679,616.9
            9.244014,40.591874,620
            9.243948,40.592334,620
            9.243888,40.592465,620
            9.243812,40.592592,620.7
            9.243651,40.592792,620.7
            9.241739,40.59469,617.5
            9.241531,40.594953,616
            9.24063,40.596348,618
            9.239886,40.597219,623
            9.239537,40.597615,626.9
            9.239382,40.597757,627.6
            9.239141,40.59792,627.5
            9.238444,40.598304,628
            9.238129,40.598567,631
            9.237417,40.599224,634.5
            9.236661,40.59996,638
            9.236604,40.600009,643.1
            9.236346,40.600085,643.9
            9.236034,40.6002,643.6
            9.235721,40.600417,643.9
            9.235467,40.600752,644.3
            9.235339,40.600893,646.3
            9.235223,40.600972,656
            9.234956,40.601142,670.2
            9.234663,40.601287,669.3
            9.234422,40.601682,673.2
            9.234234,40.601931,675.1
            9.234218,40.602611,685.2
            9.234347,40.602929,685.2
            9.234527,40.603237,683.4
            9.234489,40.603297,684.2
            9.234433,40.603308,684.3
            9.234346,40.603281,684.8
            9.234237,40.603198,685.1
            9.233816,40.602792,686.3
            9.23346,40.602343,686.2
            9.233322,40.602235,691.1
            9.233239,40.602192,692.8
            9.233095,40.602165,694.1
            9.232998,40.602165,695.4
            9.232971,40.602177,696
            9.232847,40.60223,696
            9.231821,40.603362,711.1
            9.231528,40.60355,713.7
            9.231011,40.603723,712.8
            9.230032,40.60397,710
            9.229715,40.604026,710.8
            9.229528,40.604102,714
            9.229466,40.604127,724.4
            9.229149,40.60437,726
            9.228889,40.604637,727.4
            9.228678,40.604886,728.7
            9.228569,40.604954,736
            9.228374,40.605016,748.4
            9.228065,40.605062,749.3
            9.22784,40.605162,749.6
            9.227707,40.605274,750
            9.227657,40.60534,750.3
            9.227653,40.605472,753
            9.227735,40.605638,760.7
            9.227999,40.605915,761.1
            9.228296,40.606172,761.4
            9.228485,40.606231,761.6
            9.22903,40.606223,761.9
            9.229137,40.606251,763.1
            9.229219,40.606355,768
            9.229283,40.606582,773.7
            9.229293,40.606849,774.8
            9.229202,40.606997,775
            9.229087,40.607128,776
            9.228805,40.607284,777.2
            9.228175,40.607475,780.2
            9.22787,40.607498,782.4
            9.22743,40.607464,785.1
            9.226639,40.60726,791.9
            9.2263,40.607289,795.2
            9.225965,40.607421,796.4
            9.225651,40.607653,798.8
            9.225482,40.607875,800
            9.225416,40.608095,802.7
            9.225309,40.608336,816
            9.225223,40.608505,816
            9.225215,40.608538,816
            9.225295,40.60879,817.5
            9.22557,40.609385,818
            9.225596,40.609696,820
            9.22556,40.610083,826.7
            9.225458,40.610772,827.5
            9.225438,40.611276,829.3
            9.225488,40.61164,829.5
            9.225436,40.611894,826
            9.224403,40.612366,838.6
            9.223923,40.61265,841.5
            9.223739,40.612816,841.7
            9.223592,40.612949,841.9
            9.223214,40.613242,842.9
            9.222763,40.613421,843.4
            9.222267,40.613517,844.3
            9.221849,40.613644,847.4
            9.221624,40.613631,848
            9.221138,40.613341,848.7
            9.220524,40.613093,850.8
            9.220244,40.613114,855
            9.220059,40.613278,855
            9.219128,40.614167,849
            9.218872,40.614401,849
            9.218736,40.614598,848
            9.218428,40.615253,846
            9.21831,40.615542,851.9
            9.218009,40.616169,859.6
            9.217876,40.616914,867.2
            9.217844,40.617268,869
            9.217918,40.617439,868.5
            9.21817,40.617739,870
            9.218211,40.617911,871.2
            9.218169,40.618112,871.4
            9.218104,40.618311,872.4
            9.218053,40.618399,873.8
            9.217706,40.618596,874.5
            9.216961,40.618867,879.9
            9.21652,40.618973,883.3
            9.215701,40.619128,888.1
            9.215316,40.619145,887.8
            9.21491,40.619182,890.5
            9.214638,40.619156,891.3
            9.214197,40.619074,897.7
            9.213964,40.619078,898.5
            9.21347,40.619139,902
            9.213037,40.619094,900.9
            9.212742,40.619012,901.6
            9.212631,40.619009,902
            9.21256,40.61906,902.5
            9.212547,40.619098,902.7
            9.212563,40.619144,902.9
            9.212981,40.619424,906.8
            9.213154,40.619562,907
            9.21344,40.619827,907.1
            9.213502,40.620028,908.5
            9.213494,40.620324,916.7
            9.213432,40.620423,917
            9.213336,40.620485,916.9
            9.212975,40.620587,919.4
            9.212814,40.620648,920.6
            9.212679,40.62075,920.9
            9.212231,40.620879,924.7
            9.211636,40.620917,928.8
            9.211342,40.620857,929.5
            9.21106,40.62077,935
            9.210888,40.620738,935
            9.210416,40.620691,931.4
            9.210016,40.620696,931.5
            9.209782,40.620774,927
            9.208961,40.621235,923.8
            9.208768,40.621478,923.8
            9.208599,40.621805,922.8
            9.208585,40.621928,921
            9.208298,40.622032,919
            9.207759,40.622336,918
            9.206539,40.622614,916.6
            9.206064,40.622649,916.5
            9.205902,40.622647,916
            9.2052,40.622675,912.9
            9.204001,40.622561,911.3
            9.2035,40.622596,911.3
            9.203008,40.622649,909.8
            9.20262,40.622777,907.8
            9.202316,40.622946,907.2
            9.201713,40.623325,904.6
            9.201447,40.623401,901
            9.201291,40.623445,903.2
            9.200788,40.6235,908
            9.20069,40.623542,908
            9.200516,40.623625,906.8
            9.200006,40.624172,905.7
            9.199728,40.62438,905.4
            9.199252,40.624618,904.9
            9.198814,40.624837,904.4
            9.198152,40.624948,903.8
            9.197209,40.625308,902.3
            9.196921,40.625363,902
            9.196595,40.625381,901.1
            9.195915,40.625311,901
            9.195774,40.625234,900.8
            9.195552,40.62504,899
            9.195204,40.623951,893.3
            9.195101,40.623754,892.9
            9.195026,40.623687,892.6
            9.194668,40.623477,892.9
            9.194374,40.623266,891.2
            9.194115,40.623121,889.2
            9.193685,40.622989,886.5
            9.192869,40.622475,882.3
            9.192632,40.62228,880.7
            9.192468,40.62226,878
            9.191757,40.622152,877.2
            9.19165,40.622101,874
            9.191614,40.622084,868.8
            9.191506,40.62188,868.3
            9.190914,40.620991,863.7
            9.190929,40.620658,859.6
            9.190911,40.620546,857.7
            9.190836,40.620475,857.7
            9.190303,40.620254,857
            9.190093,40.620217,857
            9.18985,40.620202,856
            9.189378,40.620275,855
            9.189314,40.620267,855.1
            9.189266,40.620248,855.1
            9.189233,40.620203,854.8
            9.189023,40.619872,853.8
            9.188767,40.619697,852.9
            9.188414,40.619583,852.2
            9.188089,40.619407,851.7
            9.187846,40.619365,850.2
            9.187324,40.619359,848.5
            9.187084,40.619294,848.4
            9.186094,40.61869,849.7
            9.185783,40.61858,851.1
            9.185246,40.618467,852.6
            9.18483,40.618357,859
            9.184807,40.618424,860.5
            9.184025,40.619114,861.8
            9.183795,40.61934,862
            9.183072,40.620166,862.9
            9.18286,40.620443,861
            9.182821,40.620485,861
            9.182598,40.620669,851.5
            9.181956,40.62105,850.1
            9.181784,40.621205,850.3
            9.181516,40.621536,847
            9.18131,40.621963,837.3
            9.181119,40.622471,829
            9.18087,40.623257,819.7
            9.180771,40.623509,816.3
          </coordinates>
        </LineString>
      </Placemark>
    </Folder>
    <Folder>
      <name>Areas</name>
      <Placemark>
        <name>06 - Spectator</name>
        <styleUrl>#poly-FFDE23-1200-128-nodesc</styleUrl>
        <MultiGeometry>
          <Polygon>
            <outerBoundaryIs>
              <LinearRing>
                <tessellate>1</tessellate>
                <coordinates>
                  9.289627,40.667562,0
                  9.28943,40.667659,0
                  9.28942,40.667664,0
                  9.28906,40.667833,0
                  9.28904,40.667842,0
                  9.28902,40.66785,0
                  9.288999,40.667857,0
                  9.288977,40.667864,0
                  9.288955,40.66787,0
                  9.288933,40.667875,0
                  9.28891,40.667879,0
                  9.288887,40.667882,0
                  9.288864,40.667884,0
                  9.288841,40.667886,0
                  9.288818,40.667886,0
                  9.288795,40.667886,0
                  9.288772,40.667885,0
                  9.288748,40.667883,0
                  9.288726,40.66788,0
                  9.288703,40.667877,0
                  9.28868,40.667872,0
                  9.288658,40.667867,0
                  9.288636,40.667861,0
                  9.288615,40.667854,0
                  9.288594,40.667846,0
                  9.288574,40.667837,0
                  9.288554,40.667828,0
                  9.288535,40.667818,0
                  9.288516,40.667807,0
                  9.288499,40.667796,0
                  9.288482,40.667784,0
                  9.288465,40.667771,0
                  9.28845,40.667758,0
                  9.288436,40.667744,0
                  9.288422,40.66773,0
                  9.288409,40.667715,0
                  9.288398,40.6677,0
                  9.288387,40.667684,0
                  9.288377,40.667668,0
                  9.288369,40.667652,0
                  9.288361,40.667635,0
                  9.288354,40.667618,0
                  9.288349,40.667601,0
                  9.288345,40.667583,0
                  9.288342,40.667566,0
                  9.28834,40.667548,0
                  9.288339,40.667531,0
                  9.288339,40.667513,0
                  9.288341,40.667495,0
                  9.288343,40.667478,0
                  9.288347,40.66746,0
                  9.288352,40.667443,0
                  9.288358,40.667426,0
                  9.288365,40.667409,0
                  9.288373,40.667392,0
                  9.288382,40.667376,0
                  9.288392,40.66736,0
                  9.288403,40.667345,0
                  9.288415,40.66733,0
                  9.288429,40.667315,0
                  9.288443,40.667301,0
                  9.288458,40.667287,0
                  9.288473,40.667274,0
                  9.28849,40.667262,0
                  9.288507,40.66725,0
                  9.288526,40.667239,0
                  9.288544,40.667229,0
                  9.288564,40.667219,0
                  9.288919,40.667053,0
                  9.289354,40.666837,0
                  9.289374,40.666828,0
                  9.289393,40.66682,0
                  9.289414,40.666812,0
                  9.289435,40.666805,0
                  9.289456,40.666799,0
                  9.289477,40.666794,0
                  9.289499,40.66679,0
                  9.289522,40.666786,0
                  9.289714,40.666757,0
                  9.289736,40.666754,0
                  9.289759,40.666752,0
                  9.289782,40.666751,0
                  9.289805,40.666751,0
                  9.289829,40.666751,0
                  9.289852,40.666752,0
                  9.289874,40.666755,0
                  9.289897,40.666758,0
                  9.28992,40.666762,0
                  9.289942,40.666766,0
                  9.289964,40.666772,0
                  9.289985,40.666778,0
                  9.290007,40.666785,0
                  9.290027,40.666793,0
                  9.290047,40.666802,0
                  9.290067,40.666811,0
                  9.290086,40.666821,0
                  9.290104,40.666832,0
                  9.290121,40.666844,0
                  9.290138,40.666856,0
                  9.290154,40.666868,0
                  9.290169,40.666882,0
                  9.290184,40.666896,0
                  9.290326,40.667041,0
                  9.290339,40.667055,0
                  9.290351,40.667069,0
                  9.290362,40.667084,0
                  9.290546,40.667339,0
                  9.290776,40.667582,0
                  9.290789,40.667596,0
                  9.290801,40.667611,0
                  9.290812,40.667627,0
                  9.290822,40.667642,0
                  9.290831,40.667658,0
                  9.290839,40.667675,0
                  9.290906,40.667822,0
                  9.290915,40.667844,0
                  9.290917,40.667851,0
                  9.291123,40.667764,0
                  9.291143,40.667756,0
                  9.291163,40.667748,0
                  9.291184,40.667742,0
                  9.291205,40.667736,0
                  9.291227,40.667731,0
                  9.291576,40.667657,0
                  9.2916,40.667652,0
                  9.291625,40.667648,0
                  9.29165,40.667646,0
                  9.291675,40.667644,0
                  9.291701,40.667643,0
                  9.292071,40.667642,0
                  9.292094,40.667642,0
                  9.292118,40.667644,0
                  9.292142,40.667646,0
                  9.292165,40.667649,0
                  9.292188,40.667653,0
                  9.292211,40.667658,0
                  9.292234,40.667663,0
                  9.292256,40.66767,0
                  9.292277,40.667677,0
                  9.292299,40.667685,0
                  9.292319,40.667694,0
                  9.292339,40.667704,0
                  9.292358,40.667715,0
                  9.292377,40.667726,0
                  9.292395,40.667738,0
                  9.2924,40.667742,0
                  9.292405,40.667729,0
                  9.292414,40.667713,0
                  9.292424,40.667697,0
                  9.292435,40.667681,0
                  9.292446,40.667666,0
                  9.292459,40.667651,0
                  9.292473,40.667637,0
                  9.292487,40.667623,0
                  9.292503,40.66761,0
                  9.292519,40.667597,0
                  9.292536,40.667585,0
                  9.292554,40.667574,0
                  9.292572,40.667563,0
                  9.292591,40.667553,0
                  9.292611,40.667544,0
                  9.292631,40.667535,0
                  9.292652,40.667527,0
                  9.292674,40.667521,0
                  9.292695,40.667514,0
                  9.292718,40.667509,0
                  9.29274,40.667505,0
                  9.292763,40.667501,0
                  9.292786,40.667498,0
                  9.292809,40.667496,0
                  9.292832,40.667495,0
                  9.292855,40.667495,0
                  9.292878,40.667496,0
                  9.292902,40.667497,0
                  9.292925,40.6675,0
                  9.292947,40.667503,0
                  9.29297,40.667507,0
                  9.292992,40.667512,0
                  9.293014,40.667518,0
                  9.293036,40.667524,0
                  9.293057,40.667532,0
                  9.293078,40.66754,0
                  9.293098,40.667549,0
                  9.293117,40.667558,0
                  9.293136,40.667569,0
                  9.293154,40.66758,0
                  9.293171,40.667592,0
                  9.293188,40.667604,0
                  9.293204,40.667617,0
                  9.293219,40.66763,0
                  9.293233,40.667645,0
                  9.293246,40.667659,0
                  9.293258,40.667674,0
                  9.293269,40.66769,0
                  9.293279,40.667706,0
                  9.293288,40.667722,0
                  9.293297,40.667739,0
                  9.293304,40.667755,0
                  9.293309,40.667772,0
                  9.293404,40.668077,0
                  9.293456,40.668162,0
                  9.293618,40.668312,0
                  9.293622,40.668317,0
                  9.293745,40.668435,0
                  9.293759,40.668449,0
                  9.293773,40.668464,0
                  9.293785,40.668479,0
                  9.293796,40.668495,0
                  9.293806,40.668511,0
                  9.293815,40.668527,0
                  9.293823,40.668544,0
                  9.29383,40.668561,0
                  9.293836,40.668578,0
                  9.29384,40.668595,0
                  9.293844,40.668613,0
                  9.293846,40.66863,0
                  9.293848,40.668648,0
                  9.293852,40.66875,0
                  9.293891,40.668966,0
                  9.293894,40.668986,0
                  9.293896,40.669006,0
                  9.293895,40.669026,0
                  9.293892,40.669127,0
                  9.29389,40.669145,0
                  9.293888,40.669163,0
                  9.293884,40.669181,0
                  9.293879,40.669199,0
                  9.293873,40.669217,0
                  9.293866,40.669234,0
                  9.293857,40.669252,0
                  9.293848,40.669268,0
                  9.293837,40.669285,0
                  9.293825,40.669301,0
                  9.293812,40.669316,0
                  9.293799,40.669331,0
                  9.293784,40.669345,0
                  9.293768,40.669359,0
                  9.293752,40.669372,0
                  9.293697,40.669413,0
                  9.293681,40.669425,0
                  9.293664,40.669436,0
                  9.293652,40.669443,0
                  9.29366,40.669452,0
                  9.293673,40.669467,0
                  9.293685,40.669482,0
                  9.293696,40.669498,0
                  9.293706,40.669514,0
                  9.293714,40.669531,0
                  9.293722,40.669548,0
                  9.293729,40.669565,0
                  9.293734,40.669583,0
                  9.293739,40.6696,0
                  9.293742,40.669618,0
                  9.293754,40.669699,0
                  9.293756,40.669718,0
                  9.293756,40.669738,0
                  9.293756,40.669757,0
                  9.293754,40.669776,0
                  9.293712,40.67008,0
                  9.29371,40.670094,0
                  9.293608,40.670637,0
                  9.293616,40.670851,0
                  9.293616,40.670869,0
                  9.293615,40.670887,0
                  9.293613,40.670905,0
                  9.293609,40.670923,0
                  9.293605,40.670941,0
                  9.293599,40.670958,0
                  9.293592,40.670976,0
                  9.293584,40.670993,0
                  9.293575,40.671009,0
                  9.293546,40.671058,0
                  9.293536,40.671074,0
                  9.293525,40.67109,0
                  9.293512,40.671105,0
                  9.293499,40.671119,0
                  9.293485,40.671134,0
                  9.29347,40.671147,0
                  9.293454,40.67116,0
                  9.293438,40.671173,0
                  9.29342,40.671185,0
                  9.293402,40.671196,0
                  9.293383,40.671206,0
                  9.293364,40.671216,0
                  9.293344,40.671225,0
                  9.293323,40.671233,0
                  9.293239,40.671265,0
                  9.293218,40.671272,0
                  9.293197,40.671278,0
                  9.293176,40.671284,0
                  9.293155,40.671289,0
                  9.293133,40.671293,0
                  9.293111,40.671296,0
                  9.293088,40.671299,0
                  9.293066,40.671301,0
                  9.293043,40.671301,0
                  9.293021,40.671301,0
                  9.292998,40.671301,0
                  9.292976,40.671299,0
                  9.292954,40.671297,0
                  9.292932,40.671294,0
                  9.292765,40.671267,0
                  9.292739,40.671262,0
                  9.292714,40.671256,0
                  9.29224,40.671135,0
                  9.292217,40.671129,0
                  9.292195,40.671122,0
                  9.292174,40.671114,0
                  9.291797,40.670966,0
                  9.291777,40.670958,0
                  9.291758,40.670949,0
                  9.29174,40.67094,0
                  9.291722,40.67093,0
                  9.291705,40.670919,0
                  9.291688,40.670908,0
                  9.291673,40.670896,0
                  9.291456,40.670725,0
                  9.291445,40.670717,0
                  9.291259,40.67056,0
                  9.29123,40.670558,0
                  9.291209,40.670556,0
                  9.291188,40.670553,0
                  9.291166,40.67055,0
                  9.291067,40.670532,0
                  9.291045,40.670527,0
                  9.291024,40.670522,0
                  9.291003,40.670516,0
                  9.290982,40.67051,0
                  9.290962,40.670502,0
                  9.290765,40.670426,0
                  9.290744,40.670417,0
                  9.290723,40.670408,0
                  9.290703,40.670397,0
                  9.290683,40.670386,0
                  9.290664,40.670374,0
                  9.290514,40.670272,0
                  9.290497,40.670259,0
                  9.29048,40.670246,0
                  9.290464,40.670232,0
                  9.29045,40.670218,0
                  9.290436,40.670203,0
                  9.290423,40.670188,0
                  9.290227,40.669937,0
                  9.290001,40.669654,0
                  9.289989,40.669637,0
                  9.289978,40.669621,0
                  9.289968,40.669603,0
                  9.289959,40.669585,0
                  9.289814,40.669267,0
                  9.289807,40.66925,0
                  9.289801,40.669233,0
                  9.289796,40.669215,0
                  9.289792,40.669197,0
                  9.289759,40.669012,0
                  9.289757,40.668995,0
                  9.289755,40.668977,0
                  9.289755,40.668959,0
                  9.289756,40.668942,0
                  9.289758,40.668924,0
                  9.289776,40.6688,0
                  9.289779,40.668783,0
                  9.289783,40.668767,0
                  9.289788,40.66875,0
                  9.289794,40.668734,0
                  9.289801,40.668718,0
                  9.289809,40.668703,0
                  9.289818,40.668687,0
                  9.28994,40.668489,0
                  9.28995,40.668474,0
                  9.289961,40.668458,0
                  9.289974,40.668443,0
                  9.289987,40.668428,0
                  9.290002,40.668414,0
                  9.290017,40.668401,0
                  9.290033,40.668388,0
                  9.29005,40.668376,0
                  9.290067,40.668364,0
                  9.290086,40.668353,0
                  9.290105,40.668343,0
                  9.290124,40.668333,0
                  9.29013,40.668331,0
                  9.290121,40.66832,0
                  9.29011,40.668304,0
                  9.290099,40.668287,0
                  9.29009,40.66827,0
                  9.290081,40.668252,0
                  9.290074,40.668235,0
                  9.290007,40.668047,0
                  9.289967,40.667961,0
                  9.289761,40.667742,0
                  9.28975,40.66773,0
                  9.289739,40.667718,0
                  9.289729,40.667705,0
                  9.289627,40.667562,0
                </coordinates>
              </LinearRing>
            </outerBoundaryIs>
          </Polygon>
          <Polygon>
            <outerBoundaryIs>
              <LinearRing>
                <tessellate>1</tessellate>
                <coordinates>
                  9.28626,40.668313,0
                  9.286355,40.668459,0
                  9.286356,40.668461,0
                  9.286645,40.668914,0
                  9.286655,40.66893,0
                  9.286664,40.668947,0
                  9.286671,40.668964,0
                  9.286677,40.668981,0
                  9.286683,40.668998,0
                  9.286687,40.669015,0
                  9.28669,40.669033,0
                  9.286692,40.66905,0
                  9.286693,40.669068,0
                  9.286693,40.669086,0
                  9.286691,40.669103,0
                  9.286688,40.669121,0
                  9.286685,40.669138,0
                  9.28668,40.669156,0
                  9.286674,40.669173,0
                  9.286667,40.66919,0
                  9.286659,40.669206,0
                  9.28665,40.669222,0
                  9.286639,40.669238,0
                  9.286628,40.669254,0
                  9.286616,40.669269,0
                  9.286603,40.669283,0
                  9.286589,40.669297,0
                  9.286574,40.669311,0
                  9.286558,40.669324,0
                  9.286541,40.669336,0
                  9.286524,40.669348,0
                  9.286505,40.669359,0
                  9.286487,40.669369,0
                  9.286467,40.669379,0
                  9.286447,40.669388,0
                  9.286426,40.669396,0
                  9.286405,40.669403,0
                  9.286384,40.66941,0
                  9.286362,40.669416,0
                  9.286339,40.66942,0
                  9.286317,40.669424,0
                  9.286294,40.669428,0
                  9.286271,40.66943,0
                  9.286248,40.669432,0
                  9.286225,40.669432,0
                  9.286201,40.669432,0
                  9.286178,40.669431,0
                  9.286155,40.669429,0
                  9.286132,40.669426,0
                  9.286109,40.669422,0
                  9.286087,40.669418,0
                  9.286065,40.669412,0
                  9.286043,40.669406,0
                  9.286022,40.669399,0
                  9.286001,40.669391,0
                  9.285981,40.669383,0
                  9.285961,40.669373,0
                  9.285942,40.669363,0
                  9.285923,40.669353,0
                  9.285905,40.669341,0
                  9.285888,40.669329,0
                  9.285872,40.669317,0
                  9.285857,40.669303,0
                  9.285842,40.669289,0
                  9.285829,40.669275,0
                  9.285816,40.66926,0
                  9.285805,40.669245,0
                  9.285794,40.669229,0
                  9.285505,40.668776,0
                  9.285278,40.668425,0
                  9.285269,40.668409,0
                  9.28526,40.668393,0
                  9.285253,40.668377,0
                  9.285246,40.66836,0
                  9.285241,40.668343,0
                  9.285236,40.668326,0
                  9.285233,40.668309,0
                  9.285231,40.668292,0
                  9.28523,40.668275,0
                  9.28523,40.668258,0
                  9.285231,40.66824,0
                  9.285248,40.668058,0
                  9.28525,40.668041,0
                  9.285253,40.668024,0
                  9.285258,40.668007,0
                  9.285299,40.667862,0
                  9.285304,40.667845,0
                  9.285311,40.667828,0
                  9.285318,40.667812,0
                  9.285327,40.667796,0
                  9.285336,40.66778,0
                  9.285347,40.667764,0
                  9.285358,40.667749,0
                  9.285371,40.667735,0
                  9.285384,40.667721,0
                  9.285398,40.667707,0
                  9.285413,40.667694,0
                  9.285429,40.667682,0
                  9.285446,40.66767,0
                  9.285463,40.667658,0
                  9.285481,40.667648,0
                  9.2855,40.667638,0
                  9.285519,40.667629,0
                  9.285539,40.66762,0
                  9.285559,40.667612,0
                  9.28558,40.667605,0
                  9.285601,40.667599,0
                  9.285623,40.667593,0
                  9.285645,40.667589,0
                  9.285667,40.667585,0
                  9.28569,40.667582,0
                  9.285871,40.667561,0
                  9.285894,40.667558,0
                  9.285917,40.667557,0
                  9.285941,40.667557,0
                  9.285964,40.667557,0
                  9.285988,40.667558,0
                  9.286011,40.66756,0
                  9.286034,40.667563,0
                  9.286221,40.667591,0
                  9.286305,40.667592,0
                  9.286515,40.667535,0
                  9.286537,40.667529,0
                  9.286559,40.667525,0
                  9.286582,40.667521,0
                  9.286605,40.667518,0
                  9.286628,40.667515,0
                  9.286651,40.667514,0
                  9.286674,40.667514,0
                  9.286697,40.667514,0
                  9.28672,40.667515,0
                  9.286743,40.667517,0
                  9.286766,40.66752,0
                  9.286789,40.667524,0
                  9.286811,40.667529,0
                  9.286833,40.667534,0
                  9.286855,40.667541,0
                  9.286876,40.667548,0
                  9.286897,40.667556,0
                  9.286917,40.667564,0
                  9.286937,40.667574,0
                  9.286956,40.667584,0
                  9.286974,40.667595,0
                  9.286992,40.667606,0
                  9.287009,40.667619,0
                  9.287025,40.667631,0
                  9.28704,40.667645,0
                  9.287054,40.667659,0
                  9.287068,40.667673,0
                  9.28708,40.667688,0
                  9.287092,40.667703,0
                  9.287102,40.667719,0
                  9.287112,40.667735,0
                  9.28712,40.667752,0
                  9.287128,40.667769,0
                  9.287134,40.667786,0
                  9.287139,40.667803,0
                  9.287143,40.66782,0
                  9.287146,40.667838,0
                  9.287148,40.667856,0
                  9.287148,40.667873,0
                  9.287148,40.667891,0
                  9.287146,40.667908,0
                  9.287143,40.667926,0
                  9.287139,40.667944,0
                  9.287134,40.667961,0
                  9.287128,40.667978,0
                  9.287121,40.667995,0
                  9.287113,40.668011,0
                  9.287103,40.668027,0
                  9.287093,40.668043,0
                  9.287081,40.668059,0
                  9.287069,40.668074,0
                  9.287056,40.668088,0
                  9.287041,40.668102,0
                  9.287026,40.668115,0
                  9.28701,40.668128,0
                  9.286994,40.66814,0
                  9.286976,40.668152,0
                  9.286958,40.668163,0
                  9.286939,40.668173,0
                  9.286919,40.668183,0
                  9.286899,40.668191,0
                  9.286878,40.668199,0
                  9.286857,40.668207,0
                  9.286835,40.668213,0
                  9.286545,40.668293,0
                  9.286522,40.668298,0
                  9.286498,40.668303,0
                  9.286475,40.668307,0
                  9.286451,40.66831,0
                  9.286426,40.668313,0
                  9.286402,40.668314,0
                  9.286378,40.668314,0
                  9.28626,40.668313,0
                </coordinates>
              </LinearRing>
            </outerBoundaryIs>
          </Polygon>
          <Polygon>
            <outerBoundaryIs>
              <LinearRing>
                <tessellate>1</tessellate>
                <coordinates>
                  9.288684,40.672715,0
                  9.288346,40.672565,0
                  9.288326,40.672555,0
                  9.288307,40.672545,0
                  9.288289,40.672535,0
                  9.288271,40.672523,0
                  9.288254,40.672511,0
                  9.288238,40.672499,0
                  9.288222,40.672485,0
                  9.288208,40.672472,0
                  9.288194,40.672457,0
                  9.288182,40.672442,0
                  9.28817,40.672427,0
                  9.288159,40.672411,0
                  9.288149,40.672395,0
                  9.288141,40.672379,0
                  9.288133,40.672362,0
                  9.288127,40.672345,0
                  9.288121,40.672328,0
                  9.288117,40.672311,0
                  9.288114,40.672293,0
                  9.288112,40.672275,0
                  9.288111,40.672258,0
                  9.288112,40.67224,0
                  9.288113,40.672222,0
                  9.288116,40.672205,0
                  9.288119,40.672187,0
                  9.288124,40.67217,0
                  9.28813,40.672153,0
                  9.288137,40.672136,0
                  9.288145,40.67212,0
                  9.288154,40.672103,0
                  9.288164,40.672087,0
                  9.288176,40.672072,0
                  9.288188,40.672057,0
                  9.288201,40.672042,0
                  9.288215,40.672028,0
                  9.28823,40.672015,0
                  9.288246,40.672002,0
                  9.288263,40.671989,0
                  9.28828,40.671978,0
                  9.288298,40.671967,0
                  9.288317,40.671956,0
                  9.288336,40.671947,0
                  9.288356,40.671938,0
                  9.288377,40.67193,0
                  9.288398,40.671922,0
                  9.28842,40.671916,0
                  9.288442,40.67191,0
                  9.288464,40.671905,0
                  9.288487,40.671901,0
                  9.288509,40.671898,0
                  9.288532,40.671895,0
                  9.288556,40.671894,0
                  9.288579,40.671893,0
                  9.288602,40.671893,0
                  9.288625,40.671894,0
                  9.288648,40.671896,0
                  9.288671,40.671899,0
                  9.288694,40.671903,0
                  9.288716,40.671907,0
                  9.288739,40.671913,0
                  9.28876,40.671919,0
                  9.288782,40.671926,0
                  9.288803,40.671934,0
                  9.288823,40.671942,0
                  9.289137,40.672081,0
                  9.289586,40.67223,0
                  9.289616,40.672241,0
                  9.289929,40.672365,0
                  9.290148,40.672418,0
                  9.290155,40.67242,0
                  9.290363,40.672473,0
                  9.290386,40.672479,0
                  9.290408,40.672487,0
                  9.290429,40.672495,0
                  9.29045,40.672503,0
                  9.29047,40.672513,0
                  9.29049,40.672523,0
                  9.290509,40.672534,0
                  9.290527,40.672546,0
                  9.290545,40.672558,0
                  9.290663,40.672647,0
                  9.290679,40.67266,0
                  9.290694,40.672673,0
                  9.290709,40.672687,0
                  9.290722,40.672702,0
                  9.290735,40.672717,0
                  9.290746,40.672732,0
                  9.290757,40.672748,0
                  9.290767,40.672764,0
                  9.290775,40.672781,0
                  9.290782,40.672798,0
                  9.290789,40.672815,0
                  9.290794,40.672832,0
                  9.290798,40.67285,0
                  9.290801,40.672867,0
                  9.290813,40.672956,0
                  9.290814,40.672973,0
                  9.290815,40.67299,0
                  9.290815,40.673006,0
                  9.290813,40.673023,0
                  9.290811,40.67304,0
                  9.290807,40.673057,0
                  9.290803,40.673073,0
                  9.290797,40.673089,0
                  9.290763,40.673184,0
                  9.290755,40.673202,0
                  9.290747,40.673219,0
                  9.290737,40.673236,0
                  9.290727,40.673253,0
                  9.290715,40.673269,0
                  9.290702,40.673285,0
                  9.290688,40.6733,0
                  9.290673,40.673315,0
                  9.290657,40.673329,0
                  9.290576,40.673398,0
                  9.29056,40.67341,0
                  9.290544,40.673422,0
                  9.290528,40.673433,0
                  9.29051,40.673443,0
                  9.290492,40.673453,0
                  9.290474,40.673462,0
                  9.290455,40.673471,0
                  9.290435,40.673479,0
                  9.290415,40.673486,0
                  9.290251,40.673541,0
                  9.29023,40.673547,0
                  9.290209,40.673553,0
                  9.290188,40.673558,0
                  9.289968,40.673604,0
                  9.289946,40.673609,0
                  9.289923,40.673612,0
                  9.2899,40.673615,0
                  9.289877,40.673617,0
                  9.289854,40.673617,0
                  9.289831,40.673617,0
                  9.289807,40.673617,0
                  9.289784,40.673615,0
                  9.289761,40.673612,0
                  9.289738,40.673609,0
                  9.289716,40.673605,0
                  9.289694,40.6736,0
                  9.289672,40.673594,0
                  9.28965,40.673587,0
                  9.289629,40.673579,0
                  9.289609,40.673571,0
                  9.289589,40.673562,0
                  9.289569,40.673552,0
                  9.289551,40.673542,0
                  9.289533,40.673531,0
                  9.289516,40.673519,0
                  9.289499,40.673506,0
                  9.289483,40.673493,0
                  9.289469,40.67348,0
                  9.289455,40.673465,0
                  9.289442,40.673451,0
                  9.28943,40.673436,0
                  9.289419,40.67342,0
                  9.289409,40.673404,0
                  9.2894,40.673388,0
                  9.289392,40.673371,0
                  9.289385,40.673354,0
                  9.28938,40.673337,0
                  9.289375,40.67332,0
                  9.289372,40.673302,0
                  9.289369,40.673285,0
                  9.289368,40.673267,0
                  9.289368,40.673249,0
                  9.289369,40.673232,0
                  9.289371,40.673214,0
                  9.289375,40.673196,0
                  9.289379,40.673179,0
                  9.289385,40.673162,0
                  9.289391,40.673145,0
                  9.289399,40.673128,0
                  9.289408,40.673112,0
                  9.289418,40.673096,0
                  9.289429,40.67308,0
                  9.289441,40.673065,0
                  9.289454,40.67305,0
                  9.289467,40.673036,0
                  9.289482,40.673022,0
                  9.289498,40.673009,0
                  9.2895,40.673008,0
                  9.289193,40.672886,0
                  9.288734,40.672734,0
                  9.288709,40.672725,0
                  9.288684,40.672715,0
                </coordinates>
              </LinearRing>
            </outerBoundaryIs>
          </Polygon>
        </MultiGeometry>
      </Placemark>
      <Placemark>
        <name>07 - Spectator</name>
        <styleUrl>#poly-FFDE23-1200-128-nodesc</styleUrl>
        <MultiGeometry>
          <Polygon>
            <outerBoundaryIs>
              <LinearRing>
                <tessellate>1</tessellate>
                <coordinates>
                  9.258141,40.667457,0
                  9.258175,40.667455,0
                  9.258334,40.667405,0
                  9.258426,40.667343,0
                  9.258434,40.667336,0
                  9.25845,40.667324,0
                  9.258467,40.667312,0
                  9.258618,40.66721,0
                  9.258635,40.667199,0
                  9.258653,40.667189,0
                  9.258672,40.667179,0
                  9.258691,40.66717,0
                  9.258711,40.667161,0
                  9.258732,40.667154,0
                  9.258752,40.667147,0
                  9.258774,40.667141,0
                  9.258795,40.667135,0
                  9.258817,40.667131,0
                  9.258839,40.667127,0
                  9.258862,40.667124,0
                  9.258884,40.667122,0
                  9.258907,40.66712,0
                  9.258929,40.66712,0
                  9.259046,40.66712,0
                  9.259068,40.66712,0
                  9.259091,40.667121,0
                  9.259113,40.667123,0
                  9.259135,40.667126,0
                  9.259157,40.66713,0
                  9.259179,40.667134,0
                  9.259201,40.667139,0
                  9.259222,40.667145,0
                  9.259242,40.667152,0
                  9.259263,40.667159,0
                  9.259283,40.667167,0
                  9.259302,40.667176,0
                  9.259321,40.667186,0
                  9.259339,40.667196,0
                  9.259356,40.667207,0
                  9.259373,40.667218,0
                  9.259437,40.667264,0
                  9.259453,40.667276,0
                  9.259468,40.667289,0
                  9.259482,40.667302,0
                  9.259496,40.667316,0
                  9.259508,40.66733,0
                  9.25952,40.667344,0
                  9.259531,40.667359,0
                  9.259541,40.667374,0
                  9.25955,40.66739,0
                  9.259598,40.667479,0
                  9.259606,40.667495,0
                  9.259613,40.667512,0
                  9.259619,40.667528,0
                  9.259624,40.667545,0
                  9.259628,40.667562,0
                  9.25963,40.66758,0
                  9.259632,40.667597,0
                  9.259633,40.667614,0
                  9.259632,40.667632,0
                  9.259631,40.667649,0
                  9.259628,40.667666,0
                  9.259599,40.667824,0
                  9.259581,40.667953,0
                  9.259578,40.667967,0
                  9.259575,40.667982,0
                  9.259547,40.668096,0
                  9.259541,40.668171,0
                  9.259534,40.668278,0
                  9.259532,40.668295,0
                  9.259529,40.668312,0
                  9.259526,40.668329,0
                  9.259521,40.668346,0
                  9.259515,40.668362,0
                  9.259508,40.668378,0
                  9.2595,40.668395,0
                  9.259491,40.66841,0
                  9.259481,40.668426,0
                  9.25947,40.668441,0
                  9.259458,40.668455,0
                  9.259445,40.66847,0
                  9.259414,40.668502,0
                  9.259417,40.668506,0
                  9.259424,40.668523,0
                  9.259431,40.66854,0
                  9.259437,40.668557,0
                  9.259442,40.668574,0
                  9.259445,40.668592,0
                  9.259448,40.668609,0
                  9.259449,40.668627,0
                  9.259449,40.668645,0
                  9.259448,40.668662,0
                  9.259446,40.66868,0
                  9.259442,40.668698,0
                  9.259438,40.668715,0
                  9.259432,40.668732,0
                  9.259426,40.668749,0
                  9.259418,40.668766,0
                  9.259409,40.668782,0
                  9.259399,40.668798,0
                  9.259388,40.668814,0
                  9.259377,40.668829,0
                  9.259364,40.668844,0
                  9.25935,40.668858,0
                  9.259335,40.668872,0
                  9.25932,40.668885,0
                  9.259303,40.668897,0
                  9.259286,40.668909,0
                  9.259268,40.668921,0
                  9.25925,40.668931,0
                  9.259231,40.668941,0
                  9.259211,40.66895,0
                  9.25919,40.668959,0
                  9.259169,40.668966,0
                  9.259148,40.668973,0
                  9.259126,40.668979,0
                  9.259104,40.668984,0
                  9.259081,40.668989,0
                  9.259058,40.668992,0
                  9.259036,40.668995,0
                  9.259012,40.668997,0
                  9.258989,40.668998,0
                  9.258966,40.668998,0
                  9.258943,40.668997,0
                  9.25892,40.668995,0
                  9.258897,40.668993,0
                  9.258874,40.668989,0
                  9.258851,40.668985,0
                  9.258829,40.66898,0
                  9.258807,40.668974,0
                  9.258786,40.668967,0
                  9.258765,40.66896,0
                  9.258744,40.668952,0
                  9.258724,40.668943,0
                  9.258705,40.668933,0
                  9.258686,40.668922,0
                  9.258668,40.668911,0
                  9.258651,40.668899,0
                  9.258634,40.668887,0
                  9.258547,40.668818,0
                  9.258531,40.668804,0
                  9.258516,40.66879,0
                  9.258501,40.668776,0
                  9.258488,40.668761,0
                  9.258476,40.668745,0
                  9.258465,40.668729,0
                  9.258455,40.668712,0
                  9.258446,40.668696,0
                  9.258438,40.668679,0
                  9.258431,40.668661,0
                  9.258426,40.668643,0
                  9.258421,40.668626,0
                  9.258418,40.668608,0
                  9.258416,40.66859,0
                  9.258415,40.668571,0
                  9.258414,40.668477,0
                  9.258414,40.668459,0
                  9.258416,40.66844,0
                  9.258419,40.668422,0
                  9.258423,40.668404,0
                  9.258428,40.668386,0
                  9.258435,40.668368,0
                  9.258443,40.66835,0
                  9.258452,40.668333,0
                  9.258462,40.668316,0
                  9.258524,40.668219,0
                  9.258537,40.6682,0
                  9.258551,40.668183,0
                  9.258566,40.668166,0
                  9.258596,40.668134,0
                  9.258596,40.668133,0
                  9.258596,40.668132,0
                  9.258598,40.668102,0
                  9.258472,40.668142,0
                  9.258449,40.668149,0
                  9.258426,40.668155,0
                  9.258402,40.66816,0
                  9.258378,40.668164,0
                  9.258354,40.668167,0
                  9.258329,40.668169,0
                  9.258144,40.668181,0
                  9.258123,40.668182,0
                  9.258102,40.668182,0
                  9.258081,40.668181,0
                  9.25806,40.66818,0
                  9.25804,40.668179,0
                  9.257935,40.668168,0
                  9.257913,40.668165,0
                  9.257891,40.668161,0
                  9.257869,40.668157,0
                  9.257847,40.668152,0
                  9.257826,40.668146,0
                  9.257805,40.668139,0
                  9.257785,40.668132,0
                  9.257765,40.668124,0
                  9.257628,40.668064,0
                  9.257605,40.668054,0
                  9.257583,40.668042,0
                  9.25738,40.667929,0
                  9.257361,40.667918,0
                  9.257343,40.667906,0
                  9.257325,40.667894,0
                  9.257309,40.667881,0
                  9.257293,40.667867,0
                  9.257278,40.667853,0
                  9.257264,40.667838,0
                  9.257252,40.667822,0
                  9.25714,40.667678,0
                  9.257128,40.667663,0
                  9.257118,40.667647,0
                  9.257109,40.667631,0
                  9.2571,40.667615,0
                  9.257093,40.667598,0
                  9.257027,40.66743,0
                  9.257022,40.667414,0
                  9.256974,40.66727,0
                  9.256969,40.667253,0
                  9.256965,40.667236,0
                  9.256962,40.667218,0
                  9.256961,40.6672,0
                  9.25696,40.667183,0
                  9.256961,40.667165,0
                  9.256962,40.667147,0
                  9.256965,40.66713,0
                  9.256969,40.667112,0
                  9.256974,40.667095,0
                  9.25698,40.667078,0
                  9.256988,40.667061,0
                  9.256996,40.667045,0
                  9.257005,40.667029,0
                  9.257016,40.667013,0
                  9.257027,40.666998,0
                  9.25704,40.666983,0
                  9.257053,40.666968,0
                  9.257067,40.666954,0
                  9.257083,40.666941,0
                  9.257099,40.666928,0
                  9.257115,40.666916,0
                  9.257133,40.666904,0
                  9.257151,40.666893,0
                  9.25717,40.666883,0
                  9.25719,40.666874,0
                  9.25721,40.666865,0
                  9.257231,40.666857,0
                  9.257252,40.66685,0
                  9.257274,40.666843,0
                  9.257296,40.666838,0
                  9.257318,40.666833,0
                  9.257341,40.666829,0
                  9.257364,40.666826,0
                  9.257387,40.666824,0
                  9.25741,40.666823,0
                  9.257433,40.666822,0
                  9.257456,40.666823,0
                  9.25748,40.666824,0
                  9.257503,40.666826,0
                  9.257526,40.666829,0
                  9.257548,40.666833,0
                  9.257571,40.666838,0
                  9.257593,40.666843,0
                  9.257614,40.66685,0
                  9.257636,40.666857,0
                  9.257656,40.666865,0
                  9.257677,40.666874,0
                  9.257696,40.666883,0
                  9.257715,40.666893,0
                  9.257733,40.666904,0
                  9.257751,40.666916,0
                  9.257768,40.666928,0
                  9.257784,40.666941,0
                  9.257799,40.666954,0
                  9.257813,40.666968,0
                  9.257827,40.666982,0
                  9.257839,40.666997,0
                  9.257851,40.667013,0
                  9.257861,40.667029,0
                  9.25787,40.667045,0
                  9.257879,40.667061,0
                  9.257886,40.667078,0
                  9.257892,40.667095,0
                  9.257937,40.667231,0
                  9.257983,40.667349,0
                  9.258016,40.667391,0
                  9.258119,40.667448,0
                  9.258141,40.667457,0
                </coordinates>
              </LinearRing>
            </outerBoundaryIs>
          </Polygon>
          <Polygon>
            <outerBoundaryIs>
              <LinearRing>
                <tessellate>1</tessellate>
                <coordinates>
                  9.255498,40.66593,0
                  9.255823,40.665922,0
                  9.255846,40.665922,0
                  9.25587,40.665923,0
                  9.255893,40.665924,0
                  9.255916,40.665927,0
                  9.255938,40.66593,0
                  9.255961,40.665934,0
                  9.255983,40.665939,0
                  9.256005,40.665945,0
                  9.256027,40.665952,0
                  9.256048,40.665959,0
                  9.256068,40.665967,0
                  9.256088,40.665976,0
                  9.256108,40.665986,0
                  9.256127,40.665996,0
                  9.256145,40.666008,0
                  9.256162,40.666019,0
                  9.256179,40.666032,0
                  9.256194,40.666045,0
                  9.256209,40.666058,0
                  9.256223,40.666072,0
                  9.256236,40.666087,0
                  9.256248,40.666102,0
                  9.256259,40.666118,0
                  9.256269,40.666134,0
                  9.256278,40.66615,0
                  9.256286,40.666167,0
                  9.256293,40.666183,0
                  9.256299,40.666201,0
                  9.256304,40.666218,0
                  9.256307,40.666235,0
                  9.25631,40.666253,0
                  9.256311,40.666271,0
                  9.256311,40.666288,0
                  9.25631,40.666306,0
                  9.256308,40.666324,0
                  9.256305,40.666341,0
                  9.256301,40.666359,0
                  9.256295,40.666376,0
                  9.256289,40.666393,0
                  9.256281,40.666409,0
                  9.256272,40.666426,0
                  9.256262,40.666442,0
                  9.256252,40.666457,0
                  9.25624,40.666473,0
                  9.256227,40.666487,0
                  9.256213,40.666502,0
                  9.256199,40.666516,0
                  9.256183,40.666529,0
                  9.256167,40.666541,0
                  9.25615,40.666553,0
                  9.256132,40.666565,0
                  9.256114,40.666575,0
                  9.256094,40.666585,0
                  9.256075,40.666594,0
                  9.256054,40.666603,0
                  9.256033,40.66661,0
                  9.256012,40.666617,0
                  9.25599,40.666623,0
                  9.255968,40.666629,0
                  9.255945,40.666633,0
                  9.255923,40.666637,0
                  9.2559,40.666639,0
                  9.255877,40.666641,0
                  9.255853,40.666642,0
                  9.255563,40.666649,0
                  9.255534,40.666674,0
                  9.255406,40.666815,0
                  9.255393,40.666828,0
                  9.255379,40.666841,0
                  9.255365,40.666854,0
                  9.255154,40.667029,0
                  9.254969,40.667193,0
                  9.254956,40.667205,0
                  9.254941,40.667216,0
                  9.254926,40.667227,0
                  9.254673,40.667401,0
                  9.254656,40.667412,0
                  9.254637,40.667423,0
                  9.254618,40.667433,0
                  9.254599,40.667443,0
                  9.254578,40.667451,0
                  9.254558,40.667459,0
                  9.254536,40.667466,0
                  9.254515,40.667473,0
                  9.254493,40.667478,0
                  9.25447,40.667483,0
                  9.254447,40.667487,0
                  9.254425,40.66749,0
                  9.254402,40.667492,0
                  9.254378,40.667493,0
                  9.254355,40.667494,0
                  9.254332,40.667493,0
                  9.254309,40.667492,0
                  9.254286,40.66749,0
                  9.254263,40.667487,0
                  9.25424,40.667483,0
                  9.254218,40.667478,0
                  9.254196,40.667472,0
                  9.254174,40.667466,0
                  9.254153,40.667459,0
                  9.254132,40.667451,0
                  9.254112,40.667442,0
                  9.254092,40.667433,0
                  9.254073,40.667422,0
                  9.254055,40.667411,0
                  9.254038,40.6674,0
                  9.254021,40.667388,0
                  9.254005,40.667375,0
                  9.25399,40.667361,0
                  9.253975,40.667347,0
                  9.253962,40.667333,0
                  9.25395,40.667318,0
                  9.253938,40.667303,0
                  9.253928,40.667287,0
                  9.253918,40.667271,0
                  9.25391,40.667254,0
                  9.253903,40.667237,0
                  9.253897,40.66722,0
                  9.253892,40.667203,0
                  9.253888,40.667185,0
                  9.253885,40.667168,0
                  9.253883,40.66715,0
                  9.253883,40.667133,0
                  9.253883,40.667115,0
                  9.253885,40.667097,0
                  9.253888,40.66708,0
                  9.253892,40.667062,0
                  9.253897,40.667045,0
                  9.253903,40.667028,0
                  9.253911,40.667011,0
                  9.253919,40.666995,0
                  9.253929,40.666979,0
                  9.253939,40.666963,0
                  9.253951,40.666947,0
                  9.253963,40.666932,0
                  9.253976,40.666918,0
                  9.253991,40.666904,0
                  9.254006,40.666891,0
                  9.254022,40.666878,0
                  9.254039,40.666866,0
                  9.254269,40.666707,0
                  9.25444,40.666556,0
                  9.254451,40.666546,0
                  9.254646,40.666384,0
                  9.254774,40.666244,0
                  9.254787,40.66623,0
                  9.2548,40.666217,0
                  9.254815,40.666204,0
                  9.254915,40.666122,0
                  9.254929,40.66611,0
                  9.254945,40.666099,0
                  9.25496,40.666089,0
                  9.255045,40.666035,0
                  9.255063,40.666024,0
                  9.255081,40.666014,0
                  9.2551,40.666005,0
                  9.25512,40.665996,0
                  9.255139,40.665988,0
                  9.25516,40.665981,0
                  9.255181,40.665975,0
                  9.255202,40.665969,0
                  9.255223,40.665964,0
                  9.255245,40.66596,0
                  9.255267,40.665957,0
                  9.255433,40.665935,0
                  9.255454,40.665933,0
                  9.255476,40.665931,0
                  9.255498,40.66593,0
                </coordinates>
              </LinearRing>
            </outerBoundaryIs>
          </Polygon>
        </MultiGeometry>
      </Placemark>
      <Placemark>
        <name>08 - Spectator</name>
        <styleUrl>#poly-FFDE23-1200-128-nodesc</styleUrl>
        <Polygon>
          <outerBoundaryIs>
            <LinearRing>
              <tessellate>1</tessellate>
              <coordinates>
                9.180227,40.625586,0
                9.180226,40.625587,0
                9.18011,40.625688,0
                9.180095,40.625701,0
                9.180078,40.625713,0
                9.180061,40.625725,0
                9.180043,40.625736,0
                9.179901,40.625819,0
                9.179882,40.625829,0
                9.179862,40.625839,0
                9.179842,40.625848,0
                9.179822,40.625856,0
                9.179801,40.625864,0
                9.179779,40.62587,0
                9.179757,40.625876,0
                9.179735,40.625881,0
                9.179713,40.625885,0
                9.17969,40.625889,0
                9.179667,40.625891,0
                9.179644,40.625893,0
                9.17962,40.625893,0
                9.179597,40.625893,0
                9.179574,40.625892,0
                9.179551,40.62589,0
                9.179528,40.625888,0
                9.179505,40.625884,0
                9.179483,40.62588,0
                9.179461,40.625874,0
                9.179439,40.625868,0
                9.179418,40.625861,0
                9.179397,40.625854,0
                9.179376,40.625845,0
                9.179356,40.625836,0
                9.179337,40.625826,0
                9.179319,40.625815,0
                9.179301,40.625804,0
                9.179284,40.625792,0
                9.179268,40.62578,0
                9.179252,40.625766,0
                9.179237,40.625753,0
                9.179224,40.625738,0
                9.179211,40.625723,0
                9.179199,40.625708,0
                9.179189,40.625693,0
                9.179179,40.625677,0
                9.17917,40.62566,0
                9.179162,40.625643,0
                9.179156,40.625626,0
                9.17915,40.625609,0
                9.179146,40.625592,0
                9.179143,40.625574,0
                9.179141,40.625557,0
                9.17914,40.625539,0
                9.17914,40.625521,0
                9.179141,40.625504,0
                9.179144,40.625486,0
                9.179147,40.625469,0
                9.179152,40.625451,0
                9.179158,40.625434,0
                9.179165,40.625417,0
                9.179173,40.625401,0
                9.179182,40.625384,0
                9.179192,40.625369,0
                9.179203,40.625353,0
                9.179215,40.625338,0
                9.179228,40.625323,0
                9.179242,40.625309,0
                9.179257,40.625296,0
                9.179273,40.625283,0
                9.179289,40.62527,0
                9.179307,40.625258,0
                9.179325,40.625247,0
                9.17943,40.625186,0
                9.179503,40.625122,0
                9.17958,40.625044,0
                9.179593,40.625031,0
                9.179607,40.625019,0
                9.179621,40.625007,0
                9.179636,40.624996,0
                9.179703,40.624948,0
                9.17972,40.624937,0
                9.179737,40.624926,0
                9.179755,40.624916,0
                9.179774,40.624907,0
                9.179793,40.624898,0
                9.179856,40.624871,0
                9.179876,40.624863,0
                9.179897,40.624855,0
                9.179918,40.624849,0
                9.179939,40.624843,0
                9.179961,40.624838,0
                9.179982,40.624833,0
                9.180005,40.62483,0
                9.180027,40.624827,0
                9.18005,40.624825,0
                9.180072,40.624824,0
                9.180095,40.624824,0
                9.180118,40.624825,0
                9.18014,40.624826,0
                9.180233,40.624834,0
                9.180255,40.624836,0
                9.180277,40.624839,0
                9.180299,40.624843,0
                9.18032,40.624848,0
                9.180342,40.624853,0
                9.180496,40.624895,0
                9.180742,40.624951,0
                9.180764,40.624957,0
                9.180785,40.624963,0
                9.180807,40.62497,0
                9.180827,40.624978,0
                9.180848,40.624987,0
                9.180867,40.624996,0
                9.180886,40.625006,0
                9.180905,40.625017,0
                9.180922,40.625029,0
                9.180939,40.625041,0
                9.180955,40.625054,0
                9.18097,40.625067,0
                9.180985,40.625081,0
                9.180998,40.625095,0
                9.181011,40.62511,0
                9.181022,40.625125,0
                9.181033,40.625141,0
                9.181042,40.625157,0
                9.181051,40.625174,0
                9.181058,40.625191,0
                9.181064,40.625208,0
                9.181069,40.625225,0
                9.181073,40.625242,0
                9.181076,40.62526,0
                9.181078,40.625278,0
                9.181079,40.625295,0
                9.181078,40.625313,0
                9.181077,40.625331,0
                9.181074,40.625348,0
                9.18107,40.625366,0
                9.181065,40.625383,0
                9.181059,40.6254,0
                9.181052,40.625417,0
                9.181043,40.625433,0
                9.181034,40.625449,0
                9.181024,40.625465,0
                9.181012,40.625481,0
                9.181,40.625496,0
                9.180987,40.62551,0
                9.180972,40.625524,0
                9.180957,40.625538,0
                9.180941,40.62555,0
                9.180925,40.625563,0
                9.180907,40.625574,0
                9.180889,40.625585,0
                9.18087,40.625595,0
                9.18085,40.625605,0
                9.18083,40.625614,0
                9.180809,40.625622,0
                9.180788,40.625629,0
                9.180767,40.625635,0
                9.180745,40.625641,0
                9.180722,40.625646,0
                9.1807,40.62565,0
                9.180677,40.625653,0
                9.180654,40.625655,0
                9.180631,40.625656,0
                9.180607,40.625657,0
                9.180584,40.625656,0
                9.180561,40.625655,0
                9.180538,40.625653,0
                9.180515,40.62565,0
                9.180492,40.625646,0
                9.18047,40.625642,0
                9.180227,40.625586,0
              </coordinates>
            </LinearRing>
          </outerBoundaryIs>
        </Polygon>
      </Placemark>
      <Placemark>
        <name>07  - Experience</name>
        <styleUrl>#poly-0000FF-1200-128-nodesc</styleUrl>
        <Polygon>
          <outerBoundaryIs>
            <LinearRing>
              <tessellate>1</tessellate>
              <coordinates>
                9.29251,40.67031,0
                9.292507,40.670309,0
                9.292503,40.670309,0
                9.2925,40.670309,0
                9.292496,40.670308,0
                9.292493,40.670308,0
                9.29249,40.670307,0
                9.292486,40.670306,0
                9.292483,40.670305,0
                9.29248,40.670304,0
                9.292477,40.670303,0
                9.292474,40.670301,0
                9.292471,40.6703,0
                9.292468,40.670298,0
                9.292465,40.670297,0
                9.292463,40.670295,0
                9.29246,40.670293,0
                9.292458,40.670291,0
                9.292456,40.670289,0
                9.292454,40.670287,0
                9.292452,40.670285,0
                9.29245,40.670283,0
                9.292448,40.67028,0
                9.292447,40.670278,0
                9.292445,40.670276,0
                9.292444,40.670273,0
                9.292443,40.67027,0
                9.292442,40.670268,0
                9.292441,40.670265,0
                9.292441,40.670263,0
                9.29244,40.67026,0
                9.29244,40.670257,0
                9.29244,40.670255,0
                9.29244,40.670252,0
                9.292441,40.670249,0
                9.292441,40.670247,0
                9.292442,40.670244,0
                9.292443,40.670242,0
                9.292444,40.670239,0
                9.292445,40.670237,0
                9.292446,40.670234,0
                9.292447,40.670232,0
                9.292449,40.670229,0
                9.292451,40.670227,0
                9.292453,40.670225,0
                9.292455,40.670223,0
                9.292457,40.670221,0
                9.292459,40.670219,0
                9.292462,40.670217,0
                9.292464,40.670215,0
                9.292467,40.670213,0
                9.29247,40.670212,0
                9.292473,40.67021,0
                9.292475,40.670209,0
                9.292479,40.670207,0
                9.29294,40.670025,0
                9.292943,40.670024,0
                9.292947,40.670023,0
                9.29295,40.670022,0
                9.292953,40.670021,0
                9.292957,40.670021,0
                9.29296,40.67002,0
                9.292964,40.67002,0
                9.292967,40.670019,0
                9.292971,40.670019,0
                9.292974,40.670019,0
                9.292978,40.670019,0
                9.292981,40.67002,0
                9.292985,40.67002,0
                9.292988,40.67002,0
                9.292991,40.670021,0
                9.292995,40.670022,0
                9.292998,40.670023,0
                9.293001,40.670024,0
                9.293004,40.670025,0
                9.293008,40.670026,0
                9.293011,40.670027,0
                9.293014,40.670029,0
                9.293016,40.67003,0
                9.293019,40.670032,0
                9.293022,40.670034,0
                9.293024,40.670036,0
                9.293027,40.670038,0
                9.293029,40.67004,0
                9.293031,40.670042,0
                9.293033,40.670044,0
                9.293035,40.670046,0
                9.293036,40.670049,0
                9.293038,40.670051,0
                9.293039,40.670054,0
                9.29304,40.670056,0
                9.293041,40.670059,0
                9.293042,40.670061,0
                9.293043,40.670064,0
                9.293043,40.670067,0
                9.293044,40.670069,0
                9.293044,40.670072,0
                9.293044,40.670075,0
                9.293044,40.670077,0
                9.293043,40.67008,0
                9.293006,40.670312,0
                9.293005,40.670314,0
                9.293004,40.670317,0
                9.293004,40.67032,0
                9.293003,40.670322,0
                9.293001,40.670325,0
                9.293,40.670327,0
                9.292999,40.670329,0
                9.292997,40.670332,0
                9.292995,40.670334,0
                9.292993,40.670336,0
                9.292991,40.670338,0
                9.292989,40.67034,0
                9.292987,40.670342,0
                9.292984,40.670344,0
                9.292982,40.670346,0
                9.292979,40.670348,0
                9.292976,40.670349,0
                9.292973,40.670351,0
                9.29297,40.670352,0
                9.292967,40.670353,0
                9.292964,40.670355,0
                9.292961,40.670356,0
                9.292957,40.670356,0
                9.292954,40.670357,0
                9.292951,40.670358,0
                9.292947,40.670358,0
                9.292944,40.670359,0
                9.29294,40.670359,0
                9.292937,40.670359,0
                9.292933,40.670359,0
                9.29293,40.670359,0
                9.292926,40.670359,0
                9.292923,40.670358,0
                9.29292,40.670358,0
                9.292916,40.670357,0
                9.292913,40.670356,0
                9.29291,40.670356,0
                9.292906,40.670355,0
                9.292903,40.670353,0
                9.2929,40.670352,0
                9.292897,40.670351,0
                9.292894,40.670349,0
                9.292891,40.670348,0
                9.292889,40.670346,0
                9.292886,40.670344,0
                9.292884,40.670342,0
                9.292881,40.67034,0
                9.292879,40.670338,0
                9.292877,40.670336,0
                9.292875,40.670334,0
                9.292873,40.670332,0
                9.292872,40.670329,0
                9.29287,40.670327,0
                9.292869,40.670325,0
                9.292868,40.670322,0
                9.292867,40.67032,0
                9.292866,40.670317,0
                9.292865,40.670314,0
                9.292865,40.670312,0
                9.292864,40.670309,0
                9.292864,40.670306,0
                9.292864,40.670304,0
                9.292864,40.670301,0
                9.292865,40.670298,0
                9.29251,40.67031,0
              </coordinates>
            </LinearRing>
          </outerBoundaryIs>
        </Polygon>
      </Placemark>
      <Placemark>
        <name>08  - Experience</name>
        <styleUrl>#poly-0000FF-1200-128-nodesc</styleUrl>
        <Polygon>
          <outerBoundaryIs>
            <LinearRing>
              <tessellate>1</tessellate>
              <coordinates>
                9.290724,40.667648,0
                9.290725,40.667645,0
                9.290725,40.667642,0
                9.290726,40.66764,0
                9.290727,40.667637,0
                9.290728,40.667635,0
                9.29073,40.667632,0
                9.290731,40.66763,0
                9.290733,40.667628,0
                9.290734,40.667625,0
                9.290736,40.667623,0
                9.290738,40.667621,0
                9.290741,40.667619,0
                9.290743,40.667617,0
                9.290745,40.667615,0
                9.290748,40.667613,0
                9.290751,40.667611,0
                9.290753,40.66761,0
                9.290756,40.667608,0
                9.290759,40.667607,0
                9.290762,40.667606,0
                9.290765,40.667604,0
                9.290769,40.667603,0
                9.290772,40.667603,0
                9.290775,40.667602,0
                9.290779,40.667601,0
                9.290782,40.667601,0
                9.290785,40.6676,0
                9.290789,40.6676,0
                9.290792,40.6676,0
                9.290796,40.6676,0
                9.290799,40.6676,0
                9.290803,40.6676,0
                9.290806,40.6676,0
                9.29081,40.667601,0
                9.290813,40.667601,0
                9.290816,40.667602,0
                9.29082,40.667603,0
                9.290823,40.667604,0
                9.290826,40.667605,0
                9.290829,40.667606,0
                9.290832,40.667608,0
                9.290835,40.667609,0
                9.290838,40.667611,0
                9.290841,40.667612,0
                9.290843,40.667614,0
                9.290846,40.667616,0
                9.290848,40.667618,0
                9.29085,40.66762,0
                9.290852,40.667622,0
                9.290854,40.667624,0
                9.290856,40.667626,0
                9.290858,40.667629,0
                9.290859,40.667631,0
                9.290861,40.667634,0
                9.290862,40.667636,0
                9.290863,40.667639,0
                9.290864,40.667641,0
                9.290865,40.667644,0
                9.290865,40.667646,0
                9.290866,40.667649,0
                9.290866,40.667652,0
                9.290866,40.667654,0
                9.290866,40.667657,0
                9.290865,40.66766,0
                9.290886,40.667768,0
                9.291027,40.667783,0
                9.29103,40.667782,0
                9.291034,40.667782,0
                9.291037,40.667781,0
                9.291041,40.667781,0
                9.291044,40.667781,0
                9.291048,40.667781,0
                9.291051,40.667782,0
                9.291055,40.667782,0
                9.291058,40.667782,0
                9.291061,40.667783,0
                9.291065,40.667784,0
                9.291068,40.667785,0
                9.291071,40.667786,0
                9.291074,40.667787,0
                9.291078,40.667788,0
                9.291081,40.66779,0
                9.291083,40.667791,0
                9.291086,40.667793,0
                9.291089,40.667794,0
                9.291092,40.667796,0
                9.291094,40.667798,0
                9.291096,40.6678,0
                9.291099,40.667802,0
                9.291101,40.667804,0
                9.291103,40.667806,0
                9.291104,40.667809,0
                9.291106,40.667811,0
                9.291107,40.667813,0
                9.291109,40.667816,0
                9.29111,40.667818,0
                9.291111,40.667821,0
                9.291112,40.667823,0
                9.291113,40.667826,0
                9.291113,40.667829,0
                9.291113,40.667831,0
                9.291114,40.667834,0
                9.291114,40.667837,0
                9.291113,40.667839,0
                9.291113,40.667842,0
                9.291113,40.667844,0
                9.291112,40.667847,0
                9.291111,40.66785,0
                9.29111,40.667852,0
                9.291109,40.667855,0
                9.291108,40.667857,0
                9.291106,40.66786,0
                9.291104,40.667862,0
                9.291103,40.667864,0
                9.291101,40.667866,0
                9.291099,40.667868,0
                9.291096,40.667871,0
                9.291094,40.667872,0
                9.291092,40.667874,0
                9.291089,40.667876,0
                9.291086,40.667878,0
                9.291084,40.667879,0
                9.291081,40.667881,0
                9.291078,40.667882,0
                9.291075,40.667884,0
                9.291071,40.667885,0
                9.291068,40.667886,0
                9.291065,40.667887,0
                9.291062,40.667887,0
                9.291058,40.667888,0
                9.290777,40.667936,0
                9.290773,40.667937,0
                9.29077,40.667937,0
                9.290766,40.667938,0
                9.290763,40.667938,0
                9.290759,40.667938,0
                9.290756,40.667938,0
                9.290752,40.667937,0
                9.290749,40.667937,0
                9.290746,40.667936,0
                9.290742,40.667936,0
                9.290739,40.667935,0
                9.290736,40.667934,0
                9.290732,40.667933,0
                9.290729,40.667932,0
                9.290726,40.667931,0
                9.290723,40.667929,0
                9.29072,40.667928,0
                9.290718,40.667926,0
                9.290715,40.667925,0
                9.290712,40.667923,0
                9.29071,40.667921,0
                9.290708,40.667919,0
                9.290705,40.667917,0
                9.290703,40.667915,0
                9.290701,40.667913,0
                9.290699,40.667911,0
                9.290698,40.667908,0
                9.290696,40.667906,0
                9.290695,40.667903,0
                9.290694,40.667901,0
                9.290693,40.667898,0
                9.290692,40.667896,0
                9.290691,40.667893,0
                9.290691,40.667891,0
                9.29069,40.667888,0
                9.29069,40.667885,0
                9.29069,40.667883,0
                9.29069,40.66788,0
                9.29069,40.667878,0
                9.290724,40.667648,0
              </coordinates>
            </LinearRing>
          </outerBoundaryIs>
        </Polygon>
      </Placemark>
      <Placemark>
        <name>Hospitality Stand</name>
        <styleUrl>#poly-000000-1000-128-nodesc</styleUrl>
        <Polygon>
          <outerBoundaryIs>
            <LinearRing>
              <tessellate>1</tessellate>
              <coordinates>
                9.292354,40.670511,0
                9.292522,40.670371,0
                9.292694,40.670484,0
                9.292528,40.670623,0
                9.292354,40.670511,0
              </coordinates>
            </LinearRing>
          </outerBoundaryIs>
        </Polygon>
      </Placemark>
      <Placemark>
        <name>Hankook Stand</name>
        <styleUrl>#poly-000000-1000-128-nodesc</styleUrl>
        <Polygon>
          <outerBoundaryIs>
            <LinearRing>
              <tessellate>1</tessellate>
              <coordinates>
                9.292184,40.669195,0
                9.291988,40.669088,0
                9.292038,40.668891,0
                9.292513,40.668684,0
                9.292682,40.668866,0
                9.292184,40.669195,0
              </coordinates>
            </LinearRing>
          </outerBoundaryIs>
        </Polygon>
      </Placemark>
    </Folder>
    <Folder>
      <name>Hospitality TXT</name>
      <Placemark>
        <name>Hospitality</name>
        <styleUrl>#poly-D1D1D1-1200-255-nodesc</styleUrl>
        <MultiGeometry>
          <Polygon>
            <outerBoundaryIs>
              <LinearRing>
                <tessellate>1</tessellate>
                <coordinates>
                  9.292789,40.670622,0
                  9.292807,40.670622,0
                  9.29281,40.67064,0
                  9.292833,40.67064,0
                  9.292837,40.670622,0
                  9.292856,40.670622,0
                  9.292836,40.670717,0
                  9.292809,40.670717,0
                  9.292789,40.670622,0
                </coordinates>
              </LinearRing>
            </outerBoundaryIs>
            <innerBoundaryIs>
              <LinearRing>
                <tessellate>1</tessellate>
                <coordinates>
                  9.292822,40.6707,0
                  9.292821,40.6707,0
                  9.292813,40.670653,0
                  9.292831,40.670653,0
                  9.292822,40.6707,0
                </coordinates>
              </LinearRing>
            </innerBoundaryIs>
          </Polygon>
          <Polygon>
            <outerBoundaryIs>
              <LinearRing>
                <tessellate>1</tessellate>
                <coordinates>
                  9.293046,40.670622,0
                  9.293066,40.670622,0
                  9.293066,40.670662,0
                  9.29309,40.670717,0
                  9.293071,40.670717,0
                  9.293057,40.670682,0
                  9.293043,40.670717,0
                  9.293022,40.670717,0
                  9.293046,40.670662,0
                  9.293046,40.670622,0
                </coordinates>
              </LinearRing>
            </outerBoundaryIs>
          </Polygon>
          <Polygon>
            <outerBoundaryIs>
              <LinearRing>
                <tessellate>1</tessellate>
                <coordinates>
                  9.292523,40.67062,0
                  9.292525,40.67062,0
                  9.292528,40.67062,0
                  9.292531,40.670621,0
                  9.292533,40.670621,0
                  9.292535,40.670622,0
                  9.292538,40.670622,0
                  9.29254,40.670623,0
                  9.292542,40.670624,0
                  9.292543,40.670625,0
                  9.292545,40.670626,0
                  9.292546,40.670628,0
                  9.292548,40.670629,0
                  9.292549,40.670631,0
                  9.29255,40.670632,0
                  9.292551,40.670634,0
                  9.292551,40.670636,0
                  9.292552,40.670638,0
                  9.292552,40.67064,0
                  9.292553,40.670642,0
                  9.292553,40.670644,0
                  9.292553,40.670694,0
                  9.292553,40.670697,0
                  9.292552,40.670699,0
                  9.292552,40.670701,0
                  9.292551,40.670703,0
                  9.292551,40.670704,0
                  9.29255,40.670706,0
                  9.292549,40.670708,0
                  9.292548,40.670709,0
                  9.292546,40.670711,0
                  9.292545,40.670712,0
                  9.292543,40.670713,0
                  9.292542,40.670714,0
                  9.29254,40.670715,0
                  9.292538,40.670716,0
                  9.292535,40.670717,0
                  9.292533,40.670717,0
                  9.292531,40.670718,0
                  9.292528,40.670718,0
                  9.292525,40.670718,0
                  9.292523,40.670718,0
                  9.29252,40.670718,0
                  9.292517,40.670718,0
                  9.292515,40.670718,0
                  9.292512,40.670717,0
                  9.29251,40.670717,0
                  9.292508,40.670716,0
                  9.292506,40.670715,0
                  9.292504,40.670714,0
                  9.292502,40.670713,0
                  9.2925,40.670712,0
                  9.292499,40.670711,0
                  9.292498,40.670709,0
                  9.292496,40.670708,0
                  9.292495,40.670706,0
                  9.292495,40.670704,0
                  9.292494,40.670703,0
                  9.292493,40.670701,0
                  9.292493,40.670699,0
                  9.292493,40.670697,0
                  9.292493,40.670694,0
                  9.292493,40.670644,0
                  9.292493,40.670642,0
                  9.292493,40.67064,0
                  9.292493,40.670638,0
                  9.292494,40.670636,0
                  9.292495,40.670634,0
                  9.292495,40.670632,0
                  9.292496,40.670631,0
                  9.292498,40.670629,0
                  9.292499,40.670628,0
                  9.2925,40.670626,0
                  9.292502,40.670625,0
                  9.292504,40.670624,0
                  9.292506,40.670623,0
                  9.292508,40.670622,0
                  9.29251,40.670622,0
                  9.292512,40.670621,0
                  9.292515,40.670621,0
                  9.292517,40.67062,0
                  9.29252,40.67062,0
                  9.292523,40.67062,0
                </coordinates>
              </LinearRing>
            </outerBoundaryIs>
            <innerBoundaryIs>
              <LinearRing>
                <tessellate>1</tessellate>
                <coordinates>
                  9.292526,40.670634,0
                  9.292528,40.670635,0
                  9.292529,40.670635,0
                  9.29253,40.670636,0
                  9.292531,40.670637,0
                  9.292532,40.670638,0
                  9.292532,40.67064,0
                  9.292533,40.670641,0
                  9.292533,40.670643,0
                  9.292533,40.670695,0
                  9.292533,40.670697,0
                  9.292532,40.670699,0
                  9.292532,40.6707,0
                  9.292531,40.670701,0
                  9.29253,40.670702,0
                  9.292529,40.670703,0
                  9.292528,40.670704,0
                  9.292526,40.670704,0
                  9.292525,40.670705,0
                  9.292523,40.670705,0
                  9.292521,40.670705,0
                  9.292519,40.670704,0
                  9.292517,40.670704,0
                  9.292516,40.670703,0
                  9.292515,40.670702,0
                  9.292514,40.670701,0
                  9.292513,40.6707,0
                  9.292513,40.670699,0
                  9.292512,40.670697,0
                  9.292512,40.670695,0
                  9.292512,40.670643,0
                  9.292512,40.670641,0
                  9.292513,40.67064,0
                  9.292513,40.670638,0
                  9.292514,40.670637,0
                  9.292515,40.670636,0
                  9.292516,40.670635,0
                  9.292517,40.670635,0
                  9.292519,40.670634,0
                  9.292521,40.670634,0
                  9.292523,40.670634,0
                  9.292525,40.670634,0
                  9.292526,40.670634,0
                </coordinates>
              </LinearRing>
            </innerBoundaryIs>
          </Polygon>
          <Polygon>
            <outerBoundaryIs>
              <LinearRing>
                <tessellate>1</tessellate>
                <coordinates>
                  9.292978,40.670622,0
                  9.292997,40.670622,0
                  9.292997,40.670703,0
                  9.293018,40.670703,0
                  9.293018,40.670717,0
                  9.292957,40.670717,0
                  9.292957,40.670703,0
                  9.292978,40.670703,0
                  9.292978,40.670622,0
                </coordinates>
              </LinearRing>
            </outerBoundaryIs>
          </Polygon>
          <Polygon>
            <outerBoundaryIs>
              <LinearRing>
                <tessellate>1</tessellate>
                <coordinates>
                  9.292752,40.670622,0
                  9.292772,40.670622,0
                  9.292772,40.670703,0
                  9.292792,40.670703,0
                  9.292792,40.670717,0
                  9.292731,40.670717,0
                  9.292731,40.670703,0
                  9.292752,40.670703,0
                  9.292752,40.670622,0
                </coordinates>
              </LinearRing>
            </outerBoundaryIs>
          </Polygon>
          <Polygon>
            <outerBoundaryIs>
              <LinearRing>
                <tessellate>1</tessellate>
                <coordinates>
                  9.292419,40.670622,0
                  9.292438,40.670622,0
                  9.292438,40.670664,0
                  9.29246,40.670664,0
                  9.29246,40.670622,0
                  9.292479,40.670622,0
                  9.292479,40.670717,0
                  9.29246,40.670717,0
                  9.29246,40.670678,0
                  9.292438,40.670678,0
                  9.292438,40.670717,0
                  9.292419,40.670717,0
                  9.292419,40.670622,0
                </coordinates>
              </LinearRing>
            </outerBoundaryIs>
          </Polygon>
          <Polygon>
            <outerBoundaryIs>
              <LinearRing>
                <tessellate>1</tessellate>
                <coordinates>
                  9.292592,40.67062,0
                  9.292594,40.67062,0
                  9.2926,40.670621,0
                  9.292604,40.670622,0
                  9.292609,40.670623,0
                  9.292612,40.670625,0
                  9.292615,40.670628,0
                  9.292618,40.670631,0
                  9.29262,40.670634,0
                  9.292621,40.670638,0
                  9.292621,40.670642,0
                  9.292621,40.670644,0
                  9.292621,40.670648,0
                  9.292621,40.670651,0
                  9.29262,40.670654,0
                  9.292618,40.670657,0
                  9.292617,40.67066,0
                  9.292615,40.670663,0
                  9.292612,40.670666,0
                  9.292608,40.670669,0
                  9.292604,40.670672,0
                  9.2926,40.670675,0
                  9.292598,40.670676,0
                  9.292594,40.670679,0
                  9.292592,40.670681,0
                  9.292589,40.670683,0
                  9.292587,40.670685,0
                  9.292586,40.670687,0
                  9.292584,40.670689,0
                  9.292584,40.670691,0
                  9.292583,40.670692,0
                  9.292583,40.670694,0
                  9.292583,40.670696,0
                  9.292583,40.670699,0
                  9.292584,40.670701,0
                  9.292586,40.670703,0
                  9.292589,40.670704,0
                  9.292593,40.670705,0
                  9.292595,40.670704,0
                  9.292597,40.670704,0
                  9.292598,40.670704,0
                  9.292599,40.670703,0
                  9.2926,40.670702,0
                  9.292601,40.670701,0
                  9.292602,40.670699,0
                  9.292602,40.670698,0
                  9.292602,40.670696,0
                  9.292602,40.67069,0
                  9.292621,40.670694,0
                  9.292621,40.670697,0
                  9.29262,40.670701,0
                  9.292619,40.670705,0
                  9.292618,40.670708,0
                  9.292615,40.670711,0
                  9.292612,40.670713,0
                  9.292609,40.670715,0
                  9.292605,40.670717,0
                  9.2926,40.670718,0
                  9.292595,40.670718,0
                  9.292592,40.670718,0
                  9.292587,40.670718,0
                  9.292582,40.670717,0
                  9.292578,40.670716,0
                  9.292574,40.670714,0
                  9.29257,40.670712,0
                  9.292568,40.670709,0
                  9.292566,40.670706,0
                  9.292564,40.670703,0
                  9.292563,40.670699,0
                  9.292563,40.670695,0
                  9.292563,40.670693,0
                  9.292563,40.67069,0
                  9.292564,40.670687,0
                  9.292565,40.670684,0
                  9.292567,40.670681,0
                  9.292569,40.670678,0
                  9.292571,40.670676,0
                  9.292574,40.670673,0
                  9.292578,40.67067,0
                  9.292582,40.670666,0
                  9.292585,40.670665,0
                  9.292588,40.670662,0
                  9.292592,40.67066,0
                  9.292594,40.670658,0
                  9.292596,40.670656,0
                  9.292598,40.670654,0
                  9.292599,40.670652,0
                  9.2926,40.67065,0
                  9.292601,40.670648,0
                  9.292602,40.670646,0
                  9.292602,40.670643,0
                  9.292602,40.670642,0
                  9.292601,40.670641,0
                  9.292601,40.670639,0
                  9.2926,40.670638,0
                  9.2926,40.670637,0
                  9.292599,40.670636,0
                  9.292597,40.670635,0
                  9.292596,40.670634,0
                  9.292594,40.670634,0
                  9.292592,40.670634,0
                  9.292591,40.670634,0
                  9.292588,40.670634,0
                  9.292585,40.670635,0
                  9.292583,40.670637,0
                  9.292582,40.67064,0
                  9.292581,40.670643,0
                  9.292563,40.67065,0
                  9.292563,40.670644,0
                  9.292563,40.67064,0
                  9.292564,40.670636,0
                  9.292565,40.670632,0
                  9.292567,40.670629,0
                  9.29257,40.670626,0
                  9.292573,40.670624,0
                  9.292577,40.670622,0
                  9.292581,40.670621,0
                  9.292586,40.67062,0
                  9.292592,40.67062,0
                </coordinates>
              </LinearRing>
            </outerBoundaryIs>
          </Polygon>
          <Polygon>
            <outerBoundaryIs>
              <LinearRing>
                <tessellate>1</tessellate>
                <coordinates>
                  9.292633,40.670622,0
                  9.292653,40.670622,0
                  9.292653,40.67066,0
                  9.292662,40.67066,0
                  9.292665,40.67066,0
                  9.292667,40.670661,0
                  9.29267,40.670661,0
                  9.292672,40.670661,0
                  9.292675,40.670662,0
                  9.292677,40.670663,0
                  9.292679,40.670663,0
                  9.292681,40.670664,0
                  9.292682,40.670665,0
                  9.292684,40.670666,0
                  9.292685,40.670668,0
                  9.292687,40.670669,0
                  9.292688,40.67067,0
                  9.292689,40.670672,0
                  9.292689,40.670674,0
                  9.29269,40.670676,0
                  9.292691,40.670677,0
                  9.292691,40.67068,0
                  9.292691,40.670682,0
                  9.292691,40.670684,0
                  9.292691,40.670693,0
                  9.292691,40.670696,0
                  9.292691,40.670698,0
                  9.292691,40.6707,0
                  9.29269,40.670702,0
                  9.292689,40.670704,0
                  9.292689,40.670705,0
                  9.292688,40.670707,0
                  9.292687,40.670708,0
                  9.292685,40.67071,0
                  9.292684,40.670711,0
                  9.292682,40.670712,0
                  9.292681,40.670713,0
                  9.292679,40.670714,0
                  9.292677,40.670715,0
                  9.292675,40.670715,0
                  9.292672,40.670716,0
                  9.29267,40.670716,0
                  9.292667,40.670717,0
                  9.292665,40.670717,0
                  9.292662,40.670717,0
                  9.292633,40.670717,0
                  9.292633,40.670622,0
                </coordinates>
              </LinearRing>
            </outerBoundaryIs>
            <innerBoundaryIs>
              <LinearRing>
                <tessellate>1</tessellate>
                <coordinates>
                  9.292663,40.670674,0
                  9.292664,40.670674,0
                  9.292665,40.670674,0
                  9.292666,40.670675,0
                  9.292667,40.670675,0
                  9.292668,40.670675,0
                  9.292669,40.670676,0
                  9.29267,40.670676,0
                  9.29267,40.670677,0
                  9.29267,40.670678,0
                  9.292671,40.670678,0
                  9.292671,40.670679,0
                  9.292671,40.67068,0
                  9.292671,40.670681,0
                  9.292672,40.670682,0
                  9.292672,40.670683,0
                  9.292672,40.670694,0
                  9.292672,40.670695,0
                  9.292671,40.670696,0
                  9.292671,40.670697,0
                  9.292671,40.670698,0
                  9.292671,40.670699,0
                  9.29267,40.6707,0
                  9.29267,40.670701,0
                  9.292669,40.670701,0
                  9.292669,40.670702,0
                  9.292668,40.670702,0
                  9.292667,40.670702,0
                  9.292667,40.670703,0
                  9.292666,40.670703,0
                  9.292665,40.670703,0
                  9.292664,40.670703,0
                  9.292663,40.670703,0
                  9.292662,40.670703,0
                  9.292653,40.670703,0
                  9.292653,40.670674,0
                  9.292662,40.670674,0
                  9.292663,40.670674,0
                </coordinates>
              </LinearRing>
            </innerBoundaryIs>
          </Polygon>
          <Polygon>
            <outerBoundaryIs>
              <LinearRing>
                <tessellate>1</tessellate>
                <coordinates>
                  9.292866,40.670622,0
                  9.292918,40.670622,0
                  9.292918,40.670635,0
                  9.292886,40.670635,0
                  9.292886,40.670717,0
                  9.292866,40.670717,0
                  9.292866,40.670622,0
                </coordinates>
              </LinearRing>
            </outerBoundaryIs>
          </Polygon>
          <Polygon>
            <outerBoundaryIs>
              <LinearRing>
                <tessellate>1</tessellate>
                <coordinates>
                  9.292928,40.670622,0
                  9.292947,40.670622,0
                  9.292947,40.670717,0
                  9.292928,40.670717,0
                  9.292928,40.670622,0
                </coordinates>
              </LinearRing>
            </outerBoundaryIs>
          </Polygon>
          <Polygon>
            <outerBoundaryIs>
              <LinearRing>
                <tessellate>1</tessellate>
                <coordinates>
                  9.292702,40.670622,0
                  9.292722,40.670622,0
                  9.292722,40.670717,0
                  9.292702,40.670717,0
                  9.292702,40.670622,0
                </coordinates>
              </LinearRing>
            </outerBoundaryIs>
          </Polygon>
        </MultiGeometry>
      </Placemark>
      <Placemark>
        <name>Hankook</name>
        <styleUrl>#poly-D1D1D1-1200-255-nodesc</styleUrl>
        <MultiGeometry>
          <Polygon>
            <outerBoundaryIs>
              <LinearRing>
                <tessellate>1</tessellate>
                <coordinates>
                  9.292317,40.669002,0
                  9.292336,40.669002,0
                  9.292339,40.66902,0
                  9.292362,40.66902,0
                  9.292362,40.669021,0
                  9.292365,40.669002,0
                  9.292385,40.669002,0
                  9.292364,40.669097,0
                  9.292338,40.669097,0
                  9.292317,40.669002,0
                </coordinates>
              </LinearRing>
            </outerBoundaryIs>
            <innerBoundaryIs>
              <LinearRing>
                <tessellate>1</tessellate>
                <coordinates>
                  9.29235,40.66908,0
                  9.292341,40.669033,0
                  9.292359,40.669033,0
                  9.29235,40.66908,0
                </coordinates>
              </LinearRing>
            </innerBoundaryIs>
          </Polygon>
          <Polygon>
            <outerBoundaryIs>
              <LinearRing>
                <tessellate>1</tessellate>
                <coordinates>
                  9.292471,40.669002,0
                  9.292491,40.669002,0
                  9.292491,40.669032,0
                  9.292499,40.669044,0
                  9.292516,40.669002,0
                  9.292536,40.669002,0
                  9.292512,40.669062,0
                  9.292536,40.669097,0
                  9.292516,40.669097,0
                  9.292491,40.669057,0
                  9.292491,40.669097,0
                  9.292471,40.669097,0
                  9.292471,40.669002,0
                </coordinates>
              </LinearRing>
            </outerBoundaryIs>
          </Polygon>
          <Polygon>
            <outerBoundaryIs>
              <LinearRing>
                <tessellate>1</tessellate>
                <coordinates>
                  9.292686,40.669002,0
                  9.292706,40.669002,0
                  9.292706,40.669032,0
                  9.292714,40.669044,0
                  9.292731,40.669002,0
                  9.292751,40.669002,0
                  9.292728,40.669062,0
                  9.292751,40.669097,0
                  9.292731,40.669097,0
                  9.292706,40.669057,0
                  9.292706,40.669097,0
                  9.292686,40.669097,0
                  9.292686,40.669002,0
                </coordinates>
              </LinearRing>
            </outerBoundaryIs>
          </Polygon>
          <Polygon>
            <outerBoundaryIs>
              <LinearRing>
                <tessellate>1</tessellate>
                <coordinates>
                  9.292394,40.669002,0
                  9.292412,40.669002,0
                  9.292412,40.669071,0
                  9.292436,40.669002,0
                  9.292456,40.669002,0
                  9.292456,40.669097,0
                  9.292439,40.669097,0
                  9.292439,40.66904,0
                  9.292438,40.66904,0
                  9.292419,40.669097,0
                  9.292394,40.669097,0
                  9.292394,40.669002,0
                </coordinates>
              </LinearRing>
            </outerBoundaryIs>
          </Polygon>
          <Polygon>
            <outerBoundaryIs>
              <LinearRing>
                <tessellate>1</tessellate>
                <coordinates>
                  9.292571,40.669,0
                  9.292574,40.669,0
                  9.292577,40.669001,0
                  9.292579,40.669001,0
                  9.292582,40.669001,0
                  9.292584,40.669002,0
                  9.292586,40.669003,0
                  9.292588,40.669003,0
                  9.29259,40.669004,0
                  9.292592,40.669005,0
                  9.292594,40.669007,0
                  9.292595,40.669008,0
                  9.292596,40.669009,0
                  9.292597,40.669011,0
                  9.292598,40.669012,0
                  9.292599,40.669014,0
                  9.2926,40.669016,0
                  9.292601,40.669018,0
                  9.292601,40.66902,0
                  9.292601,40.669022,0
                  9.292601,40.669024,0
                  9.292601,40.669074,0
                  9.292601,40.669077,0
                  9.292601,40.669079,0
                  9.292601,40.669081,0
                  9.2926,40.669083,0
                  9.292599,40.669085,0
                  9.292598,40.669086,0
                  9.292597,40.669088,0
                  9.292596,40.669089,0
                  9.292595,40.669091,0
                  9.292594,40.669092,0
                  9.292592,40.669093,0
                  9.29259,40.669094,0
                  9.292588,40.669095,0
                  9.292586,40.669096,0
                  9.292584,40.669097,0
                  9.292582,40.669097,0
                  9.292579,40.669098,0
                  9.292577,40.669098,0
                  9.292574,40.669098,0
                  9.292571,40.669098,0
                  9.292568,40.669098,0
                  9.292566,40.669098,0
                  9.292563,40.669098,0
                  9.292561,40.669097,0
                  9.292558,40.669097,0
                  9.292556,40.669096,0
                  9.292554,40.669095,0
                  9.292552,40.669094,0
                  9.292551,40.669093,0
                  9.292549,40.669092,0
                  9.292547,40.669091,0
                  9.292546,40.669089,0
                  9.292545,40.669088,0
                  9.292544,40.669086,0
                  9.292543,40.669085,0
                  9.292542,40.669083,0
                  9.292542,40.669081,0
                  9.292542,40.669079,0
                  9.292541,40.669077,0
                  9.292541,40.669074,0
                  9.292541,40.669024,0
                  9.292541,40.669022,0
                  9.292542,40.66902,0
                  9.292542,40.669018,0
                  9.292542,40.669016,0
                  9.292543,40.669014,0
                  9.292544,40.669012,0
                  9.292545,40.669011,0
                  9.292546,40.669009,0
                  9.292547,40.669008,0
                  9.292549,40.669007,0
                  9.292551,40.669005,0
                  9.292552,40.669004,0
                  9.292554,40.669003,0
                  9.292556,40.669003,0
                  9.292558,40.669002,0
                  9.292561,40.669001,0
                  9.292563,40.669001,0
                  9.292566,40.669001,0
                  9.292568,40.669,0
                  9.292571,40.669,0
                </coordinates>
              </LinearRing>
            </outerBoundaryIs>
            <innerBoundaryIs>
              <LinearRing>
                <tessellate>1</tessellate>
                <coordinates>
                  9.292575,40.669014,0
                  9.292576,40.669015,0
                  9.292578,40.669015,0
                  9.292579,40.669016,0
                  9.29258,40.669017,0
                  9.292581,40.669019,0
                  9.292581,40.66902,0
                  9.292581,40.669022,0
                  9.292581,40.669023,0
                  9.292581,40.669075,0
                  9.292581,40.669077,0
                  9.292581,40.669079,0
                  9.292581,40.66908,0
                  9.29258,40.669081,0
                  9.292579,40.669082,0
                  9.292578,40.669083,0
                  9.292576,40.669084,0
                  9.292575,40.669084,0
                  9.292573,40.669085,0
                  9.292571,40.669085,0
                  9.292569,40.669085,0
                  9.292568,40.669084,0
                  9.292566,40.669084,0
                  9.292565,40.669083,0
                  9.292564,40.669082,0
                  9.292563,40.669081,0
                  9.292562,40.66908,0
                  9.292561,40.669079,0
                  9.292561,40.669077,0
                  9.292561,40.669075,0
                  9.292561,40.669023,0
                  9.292561,40.669022,0
                  9.292561,40.66902,0
                  9.292562,40.669019,0
                  9.292563,40.669017,0
                  9.292564,40.669016,0
                  9.292565,40.669015,0
                  9.292566,40.669015,0
                  9.292568,40.669014,0
                  9.292569,40.669014,0
                  9.292571,40.669014,0
                  9.292573,40.669014,0
                  9.292575,40.669014,0
                </coordinates>
              </LinearRing>
            </innerBoundaryIs>
          </Polygon>
          <Polygon>
            <outerBoundaryIs>
              <LinearRing>
                <tessellate>1</tessellate>
                <coordinates>
                  9.292643,40.669,0
                  9.292646,40.669,0
                  9.292649,40.669001,0
                  9.292651,40.669001,0
                  9.292654,40.669001,0
                  9.292656,40.669002,0
                  9.292658,40.669003,0
                  9.29266,40.669003,0
                  9.292662,40.669004,0
                  9.292664,40.669005,0
                  9.292665,40.669007,0
                  9.292667,40.669008,0
                  9.292668,40.669009,0
                  9.292669,40.669011,0
                  9.29267,40.669012,0
                  9.292671,40.669014,0
                  9.292672,40.669016,0
                  9.292672,40.669018,0
                  9.292673,40.66902,0
                  9.292673,40.669022,0
                  9.292673,40.669024,0
                  9.292673,40.669074,0
                  9.292673,40.669077,0
                  9.292673,40.669079,0
                  9.292672,40.669081,0
                  9.292672,40.669083,0
                  9.292671,40.669085,0
                  9.29267,40.669086,0
                  9.292669,40.669088,0
                  9.292668,40.669089,0
                  9.292667,40.669091,0
                  9.292665,40.669092,0
                  9.292664,40.669093,0
                  9.292662,40.669094,0
                  9.29266,40.669095,0
                  9.292658,40.669096,0
                  9.292656,40.669097,0
                  9.292654,40.669097,0
                  9.292651,40.669098,0
                  9.292649,40.669098,0
                  9.292646,40.669098,0
                  9.292643,40.669098,0
                  9.29264,40.669098,0
                  9.292638,40.669098,0
                  9.292635,40.669098,0
                  9.292633,40.669097,0
                  9.29263,40.669097,0
                  9.292628,40.669096,0
                  9.292626,40.669095,0
                  9.292624,40.669094,0
                  9.292622,40.669093,0
                  9.292621,40.669092,0
                  9.292619,40.669091,0
                  9.292618,40.669089,0
                  9.292617,40.669088,0
                  9.292616,40.669086,0
                  9.292615,40.669085,0
                  9.292614,40.669083,0
                  9.292614,40.669081,0
                  9.292613,40.669079,0
                  9.292613,40.669077,0
                  9.292613,40.669074,0
                  9.292613,40.669024,0
                  9.292613,40.669022,0
                  9.292613,40.66902,0
                  9.292614,40.669018,0
                  9.292614,40.669016,0
                  9.292615,40.669014,0
                  9.292616,40.669012,0
                  9.292617,40.669011,0
                  9.292618,40.669009,0
                  9.292619,40.669008,0
                  9.292621,40.669007,0
                  9.292622,40.669005,0
                  9.292624,40.669004,0
                  9.292626,40.669003,0
                  9.292628,40.669003,0
                  9.29263,40.669002,0
                  9.292633,40.669001,0
                  9.292635,40.669001,0
                  9.292638,40.669001,0
                  9.29264,40.669,0
                  9.292643,40.669,0
                </coordinates>
              </LinearRing>
            </outerBoundaryIs>
            <innerBoundaryIs>
              <LinearRing>
                <tessellate>1</tessellate>
                <coordinates>
                  9.292647,40.669014,0
                  9.292648,40.669015,0
                  9.29265,40.669015,0
                  9.292651,40.669016,0
                  9.292652,40.669017,0
                  9.292652,40.669019,0
                  9.292653,40.66902,0
                  9.292653,40.669022,0
                  9.292653,40.669023,0
                  9.292653,40.669075,0
                  9.292653,40.669077,0
                  9.292653,40.669079,0
                  9.292652,40.66908,0
                  9.292652,40.669081,0
                  9.292651,40.669082,0
                  9.29265,40.669083,0
                  9.292648,40.669084,0
                  9.292647,40.669084,0
                  9.292645,40.669085,0
                  9.292643,40.669085,0
                  9.292641,40.669085,0
                  9.292639,40.669084,0
                  9.292638,40.669084,0
                  9.292637,40.669083,0
                  9.292635,40.669082,0
                  9.292634,40.669081,0
                  9.292634,40.66908,0
                  9.292633,40.669079,0
                  9.292633,40.669077,0
                  9.292633,40.669075,0
                  9.292633,40.669023,0
                  9.292633,40.669022,0
                  9.292633,40.66902,0
                  9.292634,40.669019,0
                  9.292634,40.669017,0
                  9.292635,40.669016,0
                  9.292637,40.669015,0
                  9.292638,40.669015,0
                  9.292639,40.669014,0
                  9.292641,40.669014,0
                  9.292643,40.669014,0
                  9.292645,40.669014,0
                  9.292647,40.669014,0
                </coordinates>
              </LinearRing>
            </innerBoundaryIs>
          </Polygon>
          <Polygon>
            <outerBoundaryIs>
              <LinearRing>
                <tessellate>1</tessellate>
                <coordinates>
                  9.292247,40.669002,0
                  9.292267,40.669002,0
                  9.292267,40.669045,0
                  9.292288,40.669045,0
                  9.292288,40.669002,0
                  9.292308,40.669002,0
                  9.292308,40.669097,0
                  9.292288,40.669097,0
                  9.292288,40.669058,0
                  9.292267,40.669058,0
                  9.292267,40.669097,0
                  9.292247,40.669097,0
                  9.292247,40.669002,0
                </coordinates>
              </LinearRing>
            </outerBoundaryIs>
          </Polygon>
        </MultiGeometry>
      </Placemark>
      <Placemark>
        <name>Stand</name>
        <styleUrl>#poly-D1D1D1-1200-255-nodesc</styleUrl>
        <MultiGeometry>
          <Polygon>
            <outerBoundaryIs>
              <LinearRing>
                <tessellate>1</tessellate>
                <coordinates>
                  9.292537,40.670499,0
                  9.292556,40.670499,0
                  9.292559,40.670518,0
                  9.292582,40.670518,0
                  9.292585,40.670499,0
                  9.292605,40.670499,0
                  9.292585,40.670594,0
                  9.292558,40.670594,0
                  9.292537,40.670499,0
                </coordinates>
              </LinearRing>
            </outerBoundaryIs>
            <innerBoundaryIs>
              <LinearRing>
                <tessellate>1</tessellate>
                <coordinates>
                  9.292571,40.670578,0
                  9.29257,40.670578,0
                  9.292562,40.670531,0
                  9.292579,40.670531,0
                  9.292571,40.670578,0
                </coordinates>
              </LinearRing>
            </innerBoundaryIs>
          </Polygon>
          <Polygon>
            <outerBoundaryIs>
              <LinearRing>
                <tessellate>1</tessellate>
                <coordinates>
                  9.292615,40.670499,0
                  9.292632,40.670499,0
                  9.292632,40.670569,0
                  9.292633,40.670569,0
                  9.292656,40.670499,0
                  9.292677,40.670499,0
                  9.292677,40.670594,0
                  9.292659,40.670594,0
                  9.292659,40.670537,0
                  9.292639,40.670594,0
                  9.292615,40.670594,0
                  9.292615,40.670499,0
                </coordinates>
              </LinearRing>
            </outerBoundaryIs>
          </Polygon>
          <Polygon>
            <outerBoundaryIs>
              <LinearRing>
                <tessellate>1</tessellate>
                <coordinates>
                  9.292501,40.670499,0
                  9.292521,40.670499,0
                  9.292521,40.670581,0
                  9.292541,40.670581,0
                  9.292541,40.670594,0
                  9.29248,40.670594,0
                  9.29248,40.670581,0
                  9.292501,40.670581,0
                  9.292501,40.670499,0
                </coordinates>
              </LinearRing>
            </outerBoundaryIs>
          </Polygon>
          <Polygon>
            <outerBoundaryIs>
              <LinearRing>
                <tessellate>1</tessellate>
                <coordinates>
                  9.292444,40.670498,0
                  9.292447,40.670498,0
                  9.292452,40.670498,0
                  9.292457,40.670499,0
                  9.292461,40.670501,0
                  9.292465,40.670503,0
                  9.292468,40.670505,0
                  9.29247,40.670508,0
                  9.292472,40.670511,0
                  9.292473,40.670515,0
                  9.292474,40.670519,0
                  9.292474,40.670522,0
                  9.292474,40.670525,0
                  9.292473,40.670529,0
                  9.292472,40.670532,0
                  9.292471,40.670535,0
                  9.292469,40.670537,0
                  9.292467,40.67054,0
                  9.292464,40.670543,0
                  9.292461,40.670546,0
                  9.292457,40.670549,0
                  9.292452,40.670552,0
                  9.292451,40.670554,0
                  9.292447,40.670556,0
                  9.292444,40.670558,0
                  9.292442,40.67056,0
                  9.29244,40.670562,0
                  9.292438,40.670564,0
                  9.292437,40.670566,0
                  9.292436,40.670568,0
                  9.292436,40.67057,0
                  9.292435,40.670572,0
                  9.292435,40.670573,0
                  9.292436,40.670576,0
                  9.292437,40.670579,0
                  9.292439,40.670581,0
                  9.292442,40.670582,0
                  9.292445,40.670582,0
                  9.292446,40.670582,0
                  9.292448,40.670582,0
                  9.292449,40.670581,0
                  9.292451,40.670581,0
                  9.292452,40.67058,0
                  9.292453,40.670579,0
                  9.292454,40.670578,0
                  9.292454,40.670577,0
                  9.292455,40.670575,0
                  9.292455,40.670574,0
                  9.292455,40.670568,0
                  9.292474,40.670572,0
                  9.292474,40.670574,0
                  9.292473,40.670578,0
                  9.292472,40.670582,0
                  9.29247,40.670585,0
                  9.292468,40.670588,0
                  9.292465,40.670591,0
                  9.292461,40.670593,0
                  9.292457,40.670594,0
                  9.292453,40.670595,0
                  9.292448,40.670596,0
                  9.292445,40.670596,0
                  9.29244,40.670595,0
                  9.292435,40.670595,0
                  9.29243,40.670593,0
                  9.292426,40.670592,0
                  9.292423,40.670589,0
                  9.29242,40.670587,0
                  9.292418,40.670584,0
                  9.292417,40.67058,0
                  9.292416,40.670576,0
                  9.292416,40.670572,0
                  9.292416,40.67057,0
                  9.292416,40.670567,0
                  9.292417,40.670564,0
                  9.292418,40.670561,0
                  9.292419,40.670558,0
                  9.292421,40.670556,0
                  9.292424,40.670553,0
                  9.292427,40.67055,0
                  9.292431,40.670547,0
                  9.292435,40.670544,0
                  9.292437,40.670542,0
                  9.292441,40.67054,0
                  9.292444,40.670537,0
                  9.292447,40.670535,0
                  9.292449,40.670533,0
                  9.292451,40.670531,0
                  9.292452,40.670529,0
                  9.292453,40.670527,0
                  9.292454,40.670525,0
                  9.292454,40.670523,0
                  9.292454,40.670521,0
                  9.292454,40.67052,0
                  9.292454,40.670518,0
                  9.292454,40.670516,0
                  9.292453,40.670515,0
                  9.292452,40.670514,0
                  9.292451,40.670513,0
                  9.29245,40.670512,0
                  9.292449,40.670512,0
                  9.292447,40.670511,0
                  9.292445,40.670511,0
                  9.292444,40.670511,0
                  9.29244,40.670512,0
                  9.292438,40.670513,0
                  9.292436,40.670514,0
                  9.292434,40.670517,0
                  9.292434,40.67052,0
                  9.292415,40.670527,0
                  9.292415,40.670522,0
                  9.292415,40.670517,0
                  9.292416,40.670513,0
                  9.292418,40.67051,0
                  9.29242,40.670506,0
                  9.292423,40.670504,0
                  9.292426,40.670501,0
                  9.29243,40.6705,0
                  9.292434,40.670499,0
                  9.292439,40.670498,0
                  9.292444,40.670498,0
                </coordinates>
              </LinearRing>
            </outerBoundaryIs>
          </Polygon>
          <Polygon>
            <outerBoundaryIs>
              <LinearRing>
                <tessellate>1</tessellate>
                <coordinates>
                  9.292691,40.670499,0
                  9.292722,40.670499,0
                  9.292724,40.670499,0
                  9.292727,40.670499,0
                  9.29273,40.670499,0
                  9.292732,40.6705,0
                  9.292734,40.6705,0
                  9.292737,40.670501,0
                  9.292739,40.670502,0
                  9.29274,40.670503,0
                  9.292742,40.670504,0
                  9.292744,40.670505,0
                  9.292745,40.670506,0
                  9.292746,40.670508,0
                  9.292747,40.670509,0
                  9.292748,40.670511,0
                  9.292749,40.670512,0
                  9.29275,40.670514,0
                  9.29275,40.670516,0
                  9.292751,40.670518,0
                  9.292751,40.67052,0
                  9.292751,40.670522,0
                  9.292751,40.670571,0
                  9.292751,40.670573,0
                  9.292751,40.670575,0
                  9.29275,40.670577,0
                  9.29275,40.670579,0
                  9.292749,40.670581,0
                  9.292748,40.670583,0
                  9.292747,40.670584,0
                  9.292746,40.670586,0
                  9.292745,40.670587,0
                  9.292744,40.670588,0
                  9.292742,40.670589,0
                  9.29274,40.67059,0
                  9.292739,40.670591,0
                  9.292737,40.670592,0
                  9.292734,40.670593,0
                  9.292732,40.670593,0
                  9.29273,40.670594,0
                  9.292727,40.670594,0
                  9.292724,40.670594,0
                  9.292722,40.670594,0
                  9.292691,40.670594,0
                  9.292691,40.670499,0
                </coordinates>
              </LinearRing>
            </outerBoundaryIs>
            <innerBoundaryIs>
              <LinearRing>
                <tessellate>1</tessellate>
                <coordinates>
                  9.292722,40.670513,0
                  9.292723,40.670513,0
                  9.292724,40.670513,0
                  9.292725,40.670513,0
                  9.292726,40.670513,0
                  9.292727,40.670514,0
                  9.292728,40.670514,0
                  9.292729,40.670515,0
                  9.29273,40.670516,0
                  9.29273,40.670517,0
                  9.292731,40.670518,0
                  9.292731,40.670519,0
                  9.292731,40.67052,0
                  9.292731,40.670521,0
                  9.292731,40.670522,0
                  9.292731,40.670571,0
                  9.292731,40.670572,0
                  9.292731,40.670573,0
                  9.292731,40.670574,0
                  9.292731,40.670575,0
                  9.292731,40.670576,0
                  9.29273,40.670576,0
                  9.29273,40.670577,0
                  9.292729,40.670578,0
                  9.292728,40.670579,0
                  9.292727,40.670579,0
                  9.292727,40.67058,0
                  9.292726,40.67058,0
                  9.292725,40.67058,0
                  9.292724,40.67058,0
                  9.292723,40.670581,0
                  9.292722,40.670581,0
                  9.292721,40.670581,0
                  9.292711,40.670581,0
                  9.292711,40.670513,0
                  9.292721,40.670513,0
                  9.292722,40.670513,0
                </coordinates>
              </LinearRing>
            </innerBoundaryIs>
          </Polygon>
        </MultiGeometry>
      </Placemark>
      <Placemark>
        <name>Stand</name>
        <styleUrl>#poly-D1D1D1-1200-255-nodesc</styleUrl>
        <MultiGeometry>
          <Polygon>
            <outerBoundaryIs>
              <LinearRing>
                <tessellate>1</tessellate>
                <coordinates>
                  9.292366,40.668879,0
                  9.292384,40.668879,0
                  9.292388,40.668898,0
                  9.29241,40.668898,0
                  9.292414,40.668879,0
                  9.292433,40.668879,0
                  9.292413,40.668974,0
                  9.292386,40.668974,0
                  9.292366,40.668879,0
                </coordinates>
              </LinearRing>
            </outerBoundaryIs>
            <innerBoundaryIs>
              <LinearRing>
                <tessellate>1</tessellate>
                <coordinates>
                  9.292399,40.668958,0
                  9.29239,40.668911,0
                  9.292408,40.668911,0
                  9.292399,40.668958,0
                </coordinates>
              </LinearRing>
            </innerBoundaryIs>
          </Polygon>
          <Polygon>
            <outerBoundaryIs>
              <LinearRing>
                <tessellate>1</tessellate>
                <coordinates>
                  9.292443,40.668879,0
                  9.292461,40.668879,0
                  9.292461,40.668949,0
                  9.292485,40.668879,0
                  9.292505,40.668879,0
                  9.292505,40.668974,0
                  9.292487,40.668974,0
                  9.292487,40.668917,0
                  9.292468,40.668974,0
                  9.292443,40.668974,0
                  9.292443,40.668879,0
                </coordinates>
              </LinearRing>
            </outerBoundaryIs>
          </Polygon>
          <Polygon>
            <outerBoundaryIs>
              <LinearRing>
                <tessellate>1</tessellate>
                <coordinates>
                  9.292329,40.668879,0
                  9.292349,40.668879,0
                  9.292349,40.668961,0
                  9.29237,40.668961,0
                  9.29237,40.668974,0
                  9.292309,40.668974,0
                  9.292309,40.668961,0
                  9.292329,40.668961,0
                  9.292329,40.668879,0
                </coordinates>
              </LinearRing>
            </outerBoundaryIs>
          </Polygon>
          <Polygon>
            <outerBoundaryIs>
              <LinearRing>
                <tessellate>1</tessellate>
                <coordinates>
                  9.292273,40.668878,0
                  9.292275,40.668878,0
                  9.292281,40.668878,0
                  9.292285,40.668879,0
                  9.29229,40.668881,0
                  9.292293,40.668883,0
                  9.292296,40.668885,0
                  9.292299,40.668888,0
                  9.292301,40.668892,0
                  9.292302,40.668895,0
                  9.292302,40.6689,0
                  9.292302,40.668902,0
                  9.292302,40.668905,0
                  9.292302,40.668909,0
                  9.292301,40.668912,0
                  9.292299,40.668915,0
                  9.292298,40.668918,0
                  9.292296,40.66892,0
                  9.292293,40.668923,0
                  9.292289,40.668926,0
                  9.292285,40.668929,0
                  9.292281,40.668932,0
                  9.292279,40.668934,0
                  9.292275,40.668936,0
                  9.292273,40.668938,0
                  9.29227,40.66894,0
                  9.292268,40.668942,0
                  9.292267,40.668944,0
                  9.292265,40.668946,0
                  9.292265,40.668948,0
                  9.292264,40.66895,0
                  9.292264,40.668952,0
                  9.292264,40.668953,0
                  9.292264,40.668956,0
                  9.292265,40.668959,0
                  9.292267,40.668961,0
                  9.29227,40.668962,0
                  9.292274,40.668962,0
                  9.292276,40.668962,0
                  9.292278,40.668962,0
                  9.292279,40.668961,0
                  9.29228,40.66896,0
                  9.292281,40.668959,0
                  9.292282,40.668958,0
                  9.292283,40.668957,0
                  9.292283,40.668955,0
                  9.292283,40.668954,0
                  9.292283,40.668948,0
                  9.292302,40.668952,0
                  9.292302,40.668954,0
                  9.292301,40.668958,0
                  9.2923,40.668962,0
                  9.292299,40.668965,0
                  9.292296,40.668968,0
                  9.292293,40.668971,0
                  9.29229,40.668973,0
                  9.292286,40.668974,0
                  9.292281,40.668975,0
                  9.292276,40.668976,0
                  9.292273,40.668976,0
                  9.292268,40.668976,0
                  9.292263,40.668975,0
                  9.292259,40.668974,0
                  9.292255,40.668972,0
                  9.292251,40.66897,0
                  9.292249,40.668967,0
                  9.292247,40.668964,0
                  9.292245,40.66896,0
                  9.292244,40.668956,0
                  9.292244,40.668952,0
                  9.292244,40.66895,0
                  9.292244,40.668947,0
                  9.292245,40.668944,0
                  9.292246,40.668941,0
                  9.292248,40.668938,0
                  9.29225,40.668936,0
                  9.292252,40.668933,0
                  9.292255,40.66893,0
                  9.292259,40.668927,0
                  9.292263,40.668924,0
                  9.292266,40.668922,0
                  9.292269,40.66892,0
                  9.292273,40.668918,0
                  9.292275,40.668915,0
                  9.292277,40.668913,0
                  9.292279,40.668911,0
                  9.29228,40.66891,0
                  9.292281,40.668908,0
                  9.292282,40.668905,0
                  9.292283,40.668903,0
                  9.292283,40.668901,0
                  9.292283,40.6689,0
                  9.292282,40.668898,0
                  9.292282,40.668897,0
                  9.292281,40.668895,0
                  9.292281,40.668894,0
                  9.29228,40.668893,0
                  9.292278,40.668892,0
                  9.292277,40.668892,0
                  9.292275,40.668892,0
                  9.292273,40.668891,0
                  9.292272,40.668891,0
                  9.292269,40.668892,0
                  9.292266,40.668893,0
                  9.292264,40.668895,0
                  9.292263,40.668897,0
                  9.292262,40.668901,0
                  9.292244,40.668907,0
                  9.292244,40.668902,0
                  9.292244,40.668897,0
                  9.292245,40.668893,0
                  9.292246,40.66889,0
                  9.292248,40.668887,0
                  9.292251,40.668884,0
                  9.292254,40.668882,0
                  9.292258,40.66888,0
                  9.292262,40.668879,0
                  9.292267,40.668878,0
                  9.292273,40.668878,0
                </coordinates>
              </LinearRing>
            </outerBoundaryIs>
          </Polygon>
          <Polygon>
            <outerBoundaryIs>
              <LinearRing>
                <tessellate>1</tessellate>
                <coordinates>
                  9.29252,40.668879,0
                  9.29255,40.668879,0
                  9.292553,40.668879,0
                  9.292555,40.668879,0
                  9.292558,40.66888,0
                  9.29256,40.66888,0
                  9.292563,40.668881,0
                  9.292565,40.668881,0
                  9.292567,40.668882,0
                  9.292569,40.668883,0
                  9.29257,40.668884,0
                  9.292572,40.668885,0
                  9.292573,40.668886,0
                  9.292575,40.668888,0
                  9.292576,40.668889,0
                  9.292577,40.668891,0
                  9.292577,40.668892,0
                  9.292578,40.668894,0
                  9.292579,40.668896,0
                  9.292579,40.668898,0
                  9.292579,40.6689,0
                  9.292579,40.668903,0
                  9.292579,40.668951,0
                  9.292579,40.668953,0
                  9.292579,40.668955,0
                  9.292579,40.668957,0
                  9.292578,40.668959,0
                  9.292577,40.668961,0
                  9.292577,40.668963,0
                  9.292576,40.668964,0
                  9.292575,40.668966,0
                  9.292573,40.668967,0
                  9.292572,40.668968,0
                  9.29257,40.66897,0
                  9.292569,40.668971,0
                  9.292567,40.668971,0
                  9.292565,40.668972,0
                  9.292563,40.668973,0
                  9.29256,40.668973,0
                  9.292558,40.668974,0
                  9.292555,40.668974,0
                  9.292553,40.668974,0
                  9.29255,40.668974,0
                  9.29252,40.668974,0
                  9.29252,40.668879,0
                </coordinates>
              </LinearRing>
            </outerBoundaryIs>
            <innerBoundaryIs>
              <LinearRing>
                <tessellate>1</tessellate>
                <coordinates>
                  9.29255,40.668893,0
                  9.292551,40.668893,0
                  9.292552,40.668893,0
                  9.292553,40.668893,0
                  9.292554,40.668893,0
                  9.292555,40.668894,0
                  9.292556,40.668894,0
                  9.292557,40.668895,0
                  9.292558,40.668896,0
                  9.292559,40.668897,0
                  9.292559,40.668898,0
                  9.292559,40.668899,0
                  9.292559,40.6689,0
                  9.29256,40.668901,0
                  9.29256,40.668902,0
                  9.29256,40.668952,0
                  9.292559,40.668953,0
                  9.292559,40.668954,0
                  9.292559,40.668955,0
                  9.292559,40.668956,0
                  9.292558,40.668957,0
                  9.292558,40.668958,0
                  9.292557,40.668958,0
                  9.292557,40.668959,0
                  9.292556,40.668959,0
                  9.292555,40.66896,0
                  9.292554,40.66896,0
                  9.292553,40.66896,0
                  9.292552,40.668961,0
                  9.292551,40.668961,0
                  9.29255,40.668961,0
                  9.292549,40.668961,0
                  9.292539,40.668961,0
                  9.292539,40.668893,0
                  9.292549,40.668893,0
                  9.29255,40.668893,0
                </coordinates>
              </LinearRing>
            </innerBoundaryIs>
          </Polygon>
        </MultiGeometry>
      </Placemark>
    </Folder>
    <Folder>
      <name>NR</name>
      <Placemark>
        <name>Disability Point</name>
        <styleUrl>#icon-1899-DB4436-nodesc</styleUrl>
        <Point>
          <coordinates>
            9.290594,40.672835,0
          </coordinates>
        </Point>
      </Placemark>
      <Placemark>
        <name>07</name>
        <styleUrl>#icon-1899-DB4436-nodesc</styleUrl>
        <Point>
          <coordinates>
            9.292726,40.670099,0
          </coordinates>
        </Point>
      </Placemark>
      <Placemark>
        <name>08</name>
        <styleUrl>#icon-1899-DB4436-nodesc</styleUrl>
        <Point>
          <coordinates>
            9.290954,40.66774,0
          </coordinates>
        </Point>
      </Placemark>
      <Placemark>
        <name>06</name>
        <styleUrl>#icon-1899-DB4436-nodesc</styleUrl>
        <Point>
          <coordinates>
            9.289583,40.669817,0
          </coordinates>
        </Point>
      </Placemark>
      <Placemark>
        <name>07</name>
        <styleUrl>#icon-1899-DB4436-nodesc</styleUrl>
        <Point>
          <coordinates>
            9.2575,40.66835,0
          </coordinates>
        </Point>
      </Placemark>
      <Placemark>
        <name>08</name>
        <styleUrl>#icon-1899-DB4436-nodesc</styleUrl>
        <Point>
          <coordinates>
            9.179677,40.624659,0
          </coordinates>
        </Point>
      </Placemark>
    </Folder>
    <Folder>
      <name>Parking</name>
      <Placemark>
        <name>Camper Area</name>
        <styleUrl>#icon-1899-DB4436-nodesc</styleUrl>
        <Point>
          <coordinates>
            9.246564,40.671983,0
          </coordinates>
        </Point>
      </Placemark>
      <Placemark>
        <name>Camper Area</name>
        <styleUrl>#poly-000066-1000-191-nodesc</styleUrl>
        <Polygon>
          <outerBoundaryIs>
            <LinearRing>
              <tessellate>1</tessellate>
              <coordinates>
                9.248168,40.672305,0
                9.248484,40.672288,0
                9.248493,40.672378,0
                9.248164,40.672396,0
                9.247918,40.672371,0
                9.247611,40.67226,0
                9.247259,40.672122,0
                9.247027,40.672032,0
                9.246887,40.672004,0
                9.246641,40.672013,0
                9.246409,40.672051,0
                9.24625,40.672042,0
                9.246047,40.671892,0
                9.245811,40.671636,0
                9.24565,40.67131,0
                9.245528,40.671124,0
                9.245362,40.67088,0
                9.245088,40.670604,0
                9.244822,40.670333,0
                9.244556,40.670132,0
                9.244267,40.670007,0
                9.243911,40.669857,0
                9.243448,40.669662,0
                9.24322,40.669561,0
                9.24293,40.669418,0
                9.24267,40.669289,0
                9.242385,40.669168,0
                9.242021,40.669119,0
                9.241638,40.669115,0
                9.241262,40.669218,0
                9.240926,40.669278,0
                9.240511,40.669324,0
                9.240494,40.669235,0
                9.240904,40.669189,0
                9.241229,40.669131,0
                9.241618,40.669024,0
                9.242033,40.669029,0
                9.242426,40.669081,0
                9.242731,40.669212,0
                9.242994,40.669343,0
                9.243281,40.669484,0
                9.243506,40.669583,0
                9.243968,40.669778,0
                9.244325,40.669928,0
                9.244628,40.67006,0
                9.244911,40.670274,0
                9.245182,40.67055,0
                9.245463,40.670832,0
                9.245634,40.671083,0
                9.245759,40.671273,0
                9.245916,40.671593,0
                9.246137,40.671834,0
                9.246302,40.671955,0
                9.246401,40.671961,0
                9.246625,40.671924,0
                9.246899,40.671913,0
                9.247069,40.671947,0
                9.247313,40.672042,0
                9.247663,40.672179,0
                9.247952,40.672283,0
                9.248168,40.672305,0
              </coordinates>
            </LinearRing>
          </outerBoundaryIs>
        </Polygon>
      </Placemark>
      <Placemark>
        <name>Parking Area</name>
        <styleUrl>#poly-000066-1000-128-nodesc</styleUrl>
        <Polygon>
          <outerBoundaryIs>
            <LinearRing>
              <tessellate>1</tessellate>
              <coordinates>
                9.294618,40.671643,0
                9.294544,40.671137,0
                9.294313,40.670997,0
                9.293873,40.671028,0
                9.293826,40.67083,0
                9.293997,40.670662,0
                9.294832,40.670442,0
                9.294826,40.670501,0
                9.294817,40.670671,0
                9.294965,40.671617,0
                9.294618,40.671643,0
              </coordinates>
            </LinearRing>
          </outerBoundaryIs>
        </Polygon>
      </Placemark>
      <Placemark>
        <name>Parking Area</name>
        <styleUrl>#poly-000066-1000-128-nodesc</styleUrl>
        <Polygon>
          <outerBoundaryIs>
            <LinearRing>
              <tessellate>1</tessellate>
              <coordinates>
                9.29514,40.671578,0
                9.295065,40.671577,0
                9.294889,40.670605,0
                9.294905,40.670385,0
                9.295126,40.670453,0
                9.295195,40.670434,0
                9.295277,40.670347,0
                9.295358,40.670233,0
                9.295321,40.670081,0
                9.295285,40.670033,0
                9.295197,40.670021,0
                9.295098,40.66998,0
                9.295336,40.669732,0
                9.29559,40.669538,0
                9.295967,40.669285,0
                9.296497,40.668987,0
                9.296745,40.668873,0
                9.296819,40.668857,0
                9.296828,40.668783,0
                9.296894,40.668741,0
                9.296942,40.668739,0
                9.297047,40.668762,0
                9.297026,40.668938,0
                9.296997,40.668996,0
                9.296876,40.669005,0
                9.296774,40.668988,0
                9.29668,40.668996,0
                9.296433,40.669121,0
                9.295869,40.669468,0
                9.295836,40.669595,0
                9.295859,40.669667,0
                9.295984,40.669763,0
                9.296034,40.669789,0
                9.296037,40.669818,0
                9.295854,40.669936,0
                9.295643,40.670061,0
                9.295556,40.670214,0
                9.295529,40.670314,0
                9.295466,40.670453,0
                9.295408,40.670514,0
                9.29543,40.670555,0
                9.295522,40.670561,0
                9.295743,40.670451,0
                9.295849,40.670561,0
                9.295982,40.670629,0
                9.296083,40.67073,0
                9.296229,40.670914,0
                9.296324,40.670953,0
                9.29663,40.670959,0
                9.29688,40.670965,0
                9.296996,40.671315,0
                9.296248,40.671406,0
                9.295552,40.671539,0
                9.29514,40.671578,0
              </coordinates>
            </LinearRing>
          </outerBoundaryIs>
        </Polygon>
      </Placemark>
      <Placemark>
        <name>Parking Area</name>
        <styleUrl>#poly-000066-1000-128-nodesc</styleUrl>
        <Polygon>
          <outerBoundaryIs>
            <LinearRing>
              <tessellate>1</tessellate>
              <coordinates>
                9.294662,40.670132,0
                9.294462,40.670068,0
                9.294501,40.669882,0
                9.294511,40.669705,0
                9.293969,40.669103,0
                9.294008,40.668908,0
                9.294181,40.668897,0
                9.294286,40.669012,0
                9.294168,40.669068,0
                9.294172,40.669128,0
                9.294257,40.669146,0
                9.294551,40.669086,0
                9.294761,40.669236,0
                9.294914,40.669366,0
                9.295126,40.669335,0
                9.29546,40.669578,0
                9.294849,40.670129,0
                9.294751,40.670137,0
                9.294662,40.670132,0
              </coordinates>
            </LinearRing>
          </outerBoundaryIs>
        </Polygon>
      </Placemark>
      <Placemark>
        <name>Parking Area</name>
        <styleUrl>#poly-000066-1000-128-nodesc</styleUrl>
        <Polygon>
          <outerBoundaryIs>
            <LinearRing>
              <tessellate>1</tessellate>
              <coordinates>
                9.293028,40.671728,0
                9.292695,40.671596,0
                9.292757,40.671352,0
                9.293317,40.6713,0
                9.293647,40.671453,0
                9.293706,40.671529,0
                9.293608,40.671698,0
                9.29326,40.671709,0
                9.293028,40.671728,0
              </coordinates>
            </LinearRing>
          </outerBoundaryIs>
        </Polygon>
      </Placemark>
      <Placemark>
        <name>Parking Spectator</name>
        <styleUrl>#icon-1899-DB4436-nodesc</styleUrl>
        <Point>
          <coordinates>
            9.294639,40.670986,0
          </coordinates>
        </Point>
      </Placemark>
      <Placemark>
        <name>Parking Spectator</name>
        <styleUrl>#icon-1899-DB4436-nodesc</styleUrl>
        <Point>
          <coordinates>
            9.295513,40.671019,0
          </coordinates>
        </Point>
      </Placemark>
    </Folder>
    <Folder>
      <name>Track</name>
      <Placemark>
        <name>START</name>
        <description>Km: 0.00</description>
        <styleUrl>#icon-1899-DB4436</styleUrl>
        <Point>
          <coordinates>
            9.292929,40.668089,0
          </coordinates>
        </Point>
      </Placemark>
      <Placemark>
        <name>SS4/7 Monti di Alà-Sa Conchedda-Lerno - km. 23.23</name>
        <styleUrl>#line-FF0000-5000-nodesc</styleUrl>
        <LineString>
          <tessellate>1</tessellate>
          <coordinates>
            9.292929,40.668097,834.47
            9.292961,40.668181,834.47
            9.292995,40.668253,834.45
            9.293081,40.668381,834.47
            9.293196,40.668495,834.62
            9.293317,40.668606,834.96
            9.293347,40.668634,835.08
            9.293374,40.668664,835.24
            9.293395,40.668696,835.45
            9.293406,40.668731,835.69
            9.29341,40.668767,835.93
            9.29341,40.668803,836.19
            9.29341,40.668839,836.45
            9.293412,40.668875,836.72
            9.293416,40.668911,837
            9.293421,40.668946,837.32
            9.293427,40.668982,837.66
            9.293434,40.669018,838.01
            9.29344,40.669053,838.35
            9.293439,40.669089,838.64
            9.293425,40.669124,838.85
            9.293395,40.669151,838.93
            9.293351,40.669165,838.84
            9.293304,40.669163,838.62
            9.293258,40.669153,838.36
            9.293212,40.669145,838.12
            9.293165,40.669144,837.92
            9.293118,40.66915,837.79
            9.293073,40.669162,837.71
            9.293034,40.669186,837.66
            9.293005,40.669209,837.68
            9.292979,40.669237,837.75
            9.292953,40.669267,837.85
            9.292927,40.669296,837.98
            9.292896,40.669339,838.08
            9.29283,40.669409,838.19
            9.292704,40.66951,838.25
            9.292526,40.669633,838.43
            9.292374,40.669741,838.88
            9.292261,40.669836,839.24
            9.29223,40.669871,839.36
            9.292206,40.669892,839.52
            9.292189,40.669916,839.71
            9.292182,40.66995,839.92
            9.292197,40.669984,840.18
            9.292223,40.670013,840.46
            9.292257,40.670038,840.74
            9.292298,40.670055,840.98
            9.292344,40.670061,841.14
            9.292391,40.670055,841.24
            9.292434,40.670042,841.3
            9.292476,40.670024,841.31
            9.292517,40.670006,841.32
            9.292557,40.669987,841.32
            9.292597,40.669968,841.31
            9.292636,40.669948,841.3
            9.292829,40.669849,841.26
            9.293021,40.669744,841.27
            9.293059,40.669722,841.3
            9.293097,40.669701,841.37
            9.293135,40.669679,841.47
            9.293174,40.669659,841.6
            9.293218,40.669646,841.78
            9.293259,40.669656,842.06
            9.29328,40.669686,842.32
            9.293284,40.669722,842.54
            9.293284,40.669758,842.72
            9.293282,40.669793,842.9
            9.293279,40.669829,843.08
            9.293275,40.669865,843.24
            9.293253,40.670028,844.17
            9.293223,40.670206,845.35
            9.29319,40.670384,846.5
            9.293163,40.670563,847.73
            9.293154,40.670743,849.12
            9.293155,40.670779,849.41
            9.293156,40.670814,849.7
            9.293155,40.67085,849.98
            9.293145,40.670885,850.21
            9.293118,40.670914,850.35
            9.293078,40.670933,850.35
            9.293032,40.67094,850.24
            9.292985,40.670939,850.04
            9.292938,40.670933,849.82
            9.292892,40.670925,849.58
            9.292846,40.670916,849.34
            9.2928,40.670905,849.08
            9.292755,40.670894,848.79
            9.292541,40.670837,847.26
            9.292321,40.67077,845.78
            9.292111,40.670687,844.8
            9.291942,40.670594,843.94
            9.291794,40.670484,843.09
            9.291643,40.670351,842.34
            9.291589,40.670302,842.09
            9.291558,40.670275,841.96
            9.291524,40.67025,841.85
            9.291486,40.670228,841.79
            9.291444,40.670212,841.79
            9.291399,40.670202,841.85
            9.291352,40.670197,841.95
            9.291305,40.670194,842.12
            9.291258,40.670188,842.31
            9.291193,40.670182,842.49
            9.291108,40.670167,842.65
            9.290976,40.670106,843.12
            9.290846,40.670025,843.19
            9.290774,40.669944,842.85
            9.290703,40.669805,842.44
            9.290637,40.669706,842.12
            9.290496,40.669534,842.04
            9.290373,40.66938,842.16
            9.290283,40.669214,842.31
            9.290247,40.669075,842.34
            9.290246,40.668927,842.34
            9.290252,40.668838,842.32
            9.290259,40.668803,842.31
            9.290272,40.668768,842.29
            9.29029,40.668735,842.25
            9.290315,40.668705,842.19
            9.290348,40.668679,842.1
            9.290388,40.66866,841.98
            9.290432,40.668648,841.84
            9.290479,40.66864,841.7
            9.290526,40.668636,841.56
            9.290573,40.668636,841.43
            9.29062,40.668637,841.3
            9.290668,40.66864,841.17
            9.290715,40.668645,841.04
            9.290761,40.668651,840.89
            9.290807,40.668662,840.75
            9.29085,40.668677,840.63
            9.290888,40.668698,840.51
            9.29092,40.668724,840.41
            9.290944,40.668755,840.31
            9.290959,40.668789,840.24
            9.290965,40.668825,840.22
            9.29096,40.66886,840.22
            9.290944,40.668894,840.24
            9.29092,40.668925,840.28
            9.29089,40.668953,840.34
            9.290856,40.668978,840.4
            9.290821,40.669002,840.47
            9.290786,40.669027,840.55
            9.290751,40.669051,840.64
            9.290716,40.669075,840.74
            9.290683,40.669101,840.84
            9.290655,40.66913,840.93
            9.290634,40.669162,841.01
            9.29062,40.669196,841.07
            9.290613,40.669232,841.13
            9.290615,40.669268,841.16
            9.290626,40.669302,841.17
            9.290648,40.669334,841.13
            9.290679,40.669361,841.06
            9.290717,40.669383,840.95
            9.290759,40.669399,840.82
            9.290804,40.669411,840.69
            9.29085,40.669419,840.57
            9.290897,40.669424,840.47
            9.290944,40.669426,840.36
            9.290991,40.669425,840.26
            9.291038,40.669419,840.16
            9.291083,40.669407,840.07
            9.291124,40.66939,839.99
            9.291162,40.669368,839.92
            9.291197,40.669343,839.86
            9.291228,40.669317,839.8
            9.291257,40.669288,839.75
            9.291285,40.669259,839.69
            9.291327,40.669205,839.6
            9.291358,40.669147,839.51
            9.29137,40.669085,839.46
            9.291369,40.669023,839.43
            9.291362,40.668961,839.42
            9.291369,40.668898,839.38
            9.291406,40.668762,839.24
            9.291475,40.668623,839.03
            9.291509,40.66857,838.93
            9.291552,40.668521,838.8
            9.291608,40.668481,838.62
            9.291672,40.668448,838.41
            9.291739,40.668418,838.18
            9.291807,40.66839,837.96
            9.291959,40.668328,837.54
            9.292001,40.668312,837.42
            9.292043,40.668295,837.31
            9.292084,40.668278,837.21
            9.292126,40.66826,837.11
            9.292164,40.668239,837.04
            9.292194,40.668212,836.99
            9.292211,40.668178,837
            9.292213,40.668143,837.07
            9.292202,40.668108,837.22
            9.292178,40.668077,837.44
            9.292145,40.668052,837.7
            9.292106,40.668031,837.99
            9.292064,40.668015,838.28
            9.292019,40.668004,838.59
            9.291972,40.667998,838.87
            9.291925,40.667995,839.14
            9.291877,40.667996,839.39
            9.29183,40.667997,839.64
            9.291731,40.668005,840.16
            9.291515,40.668043,841.13
            9.291307,40.6681,841.63
            9.291107,40.668174,841.76
            9.290936,40.668238,841.81
            9.290891,40.66825,841.88
            9.290845,40.668256,841.99
            9.290798,40.668257,842.19
            9.290751,40.668253,842.47
            9.290705,40.668243,842.79
            9.290664,40.668226,843.14
            9.290627,40.668204,843.5
            9.290594,40.668178,843.86
            9.290565,40.668149,844.23
            9.290541,40.668118,844.62
            9.29052,40.668086,845.04
            9.290502,40.668053,845.45
            9.290476,40.66796,846.55
            9.290433,40.667828,848.27
            9.290389,40.667755,849.06
            9.290317,40.667693,849.85
            9.290205,40.667566,850.88
            9.290072,40.667417,851.84
            9.289973,40.667287,852.77
            9.289932,40.667233,852.92
            9.289904,40.6672,853.08
            9.289871,40.667168,853.2
            9.289834,40.667137,853.28
            9.289797,40.667115,853.36
            9.289742,40.667103,853.47
            9.289694,40.667098,853.61
            9.289643,40.667104,853.79
            9.289592,40.667116,853.99
            9.28955,40.667138,854.21
            9.289511,40.66716,854.46
            9.289475,40.667184,854.71
            9.289439,40.667211,854.95
            9.2894,40.667241,855.17
            9.289347,40.667272,855.39
            9.289178,40.667356,856.51
            9.288992,40.667421,857.58
            9.288775,40.667522,858.52
            9.28857,40.667611,859.56
            9.288344,40.667667,860.63
            9.288113,40.667694,861.62
            9.287886,40.667707,862.6
            9.287649,40.667708,863.47
            9.287413,40.667694,864.02
            9.287365,40.66769,864.11
            9.287318,40.667689,864.22
            9.287271,40.667693,864.37
            9.287226,40.667702,864.56
            9.287182,40.667717,864.81
            9.28714,40.667733,865.09
            9.287098,40.66775,865.35
            9.287056,40.667767,865.62
            9.287014,40.667782,865.89
            9.286801,40.667835,867.27
            9.286589,40.667882,868.61
            9.286475,40.667919,869.26
            9.286357,40.667947,869.84
            9.286233,40.667948,870.27
            9.28611,40.667934,870.56
            9.286013,40.667924,870.76
            9.28596,40.667921,870.83
            9.285897,40.66792,870.89
            9.285841,40.667931,870.97
            9.285798,40.667953,871.04
            9.285755,40.667976,871.12
            9.285723,40.66801,871.24
            9.285704,40.66804,871.39
            9.285692,40.668076,871.57
            9.285687,40.668111,871.77
            9.285686,40.668147,871.96
            9.285694,40.668182,872.14
            9.285702,40.668217,872.31
            9.285716,40.668252,872.47
            9.285735,40.668285,872.59
            9.285757,40.668317,872.69
            9.285792,40.668366,872.83
            9.285828,40.668415,872.95
            9.285933,40.668561,872.97
            9.286033,40.668724,872.95
            9.28613,40.668889,872.91
            9.286226,40.669053,872.93
            9.286322,40.669218,873.04
            9.286417,40.669382,873.15
            9.286514,40.669546,873.48
            9.286615,40.669709,873.78
            9.286715,40.669872,874.15
            9.286812,40.670036,874.39
            9.286909,40.670201,874.6
            9.287005,40.670365,874.93
            9.287104,40.670528,875.39
            9.287206,40.670691,876
            9.287309,40.670853,876.8
            9.287412,40.671015,877.36
            9.287524,40.671173,877.73
            9.287649,40.671326,877.9
            9.287783,40.671475,877.69
            9.287922,40.67162,877.44
            9.288053,40.67177,876.69
            9.288185,40.67192,875.22
            9.288332,40.672061,873.32
            9.288445,40.672158,871.83
            9.288576,40.672241,870.63
            9.288721,40.672311,869.87
            9.288929,40.672397,869.06
            9.289142,40.672477,868.04
            9.289356,40.672554,867.15
            9.28957,40.672631,866.62
            9.289788,40.672703,866.34
            9.29001,40.672765,866.29
            9.29013,40.672798,866.31
            9.290174,40.672812,866.29
            9.290216,40.672829,866.27
            9.290253,40.672851,866.26
            9.290285,40.672877,866.27
            9.290313,40.672906,866.29
            9.290335,40.672938,866.31
            9.290348,40.672973,866.31
            9.290349,40.673009,866.32
            9.290341,40.673044,866.33
            9.290326,40.673078,866.34
            9.290304,40.67311,866.36
            9.290272,40.673137,866.35
            9.290235,40.673159,866.34
            9.290194,40.673177,866.31
            9.29015,40.673189,866.26
            9.290104,40.673199,866.18
            9.290058,40.673209,866.1
            9.290013,40.673218,866
            9.289967,40.673228,865.88
            9.289746,40.673286,864.97
            9.28953,40.673361,863.87
            9.289316,40.673438,862.63
            9.289175,40.67349,861.88
            9.289057,40.673568,861.18
            9.288963,40.673663,860.45
            9.288868,40.673778,859.66
            9.288743,40.673931,859.08
            9.288617,40.674084,858.83
            9.288482,40.674232,857.78
            9.288334,40.674372,856.13
            9.28818,40.674509,854.24
            9.28803,40.674648,852.36
            9.287936,40.674771,851.23
            9.287887,40.674907,850.54
            9.287866,40.675048,850.04
            9.287859,40.675221,849.27
            9.287852,40.6754,848.26
            9.28785,40.67558,847.48
            9.287844,40.675754,847.11
            9.287839,40.67579,847.06
            9.287834,40.675826,847
            9.287824,40.675861,846.94
            9.287807,40.675894,846.82
            9.287782,40.675925,846.65
            9.287751,40.675952,846.43
            9.28771,40.67597,846.19
            9.287663,40.675971,845.97
            9.287619,40.675958,845.74
            9.287579,40.675938,845.55
            9.287543,40.675915,845.52
            9.287506,40.675892,845.59
            9.28747,40.675869,845.6
            9.287433,40.675846,845.58
            9.287397,40.675823,845.52
            9.287216,40.675707,845.37
            9.287037,40.675588,844.91
            9.286859,40.67547,843.95
            9.28668,40.675352,842.54
            9.286501,40.675234,841.01
            9.286323,40.675115,839.07
            9.286141,40.675,836.89
            9.285958,40.674885,834.78
            9.285768,40.674778,832.9
            9.285565,40.674684,831.87
            9.285371,40.674581,830.95
            9.285189,40.674466,829.9
            9.285011,40.674347,829.34
            9.284869,40.674264,829.74
            9.284833,40.674241,829.94
            9.2848,40.674215,830.07
            9.284771,40.674186,830.17
            9.284749,40.674155,830.16
            9.284737,40.67412,830.07
            9.284729,40.674084,829.95
            9.284728,40.674048,829.77
            9.284729,40.674013,829.55
            9.284728,40.673953,829.13
            9.284719,40.673894,828.72
            9.284673,40.673762,827.96
            9.284639,40.673665,827.44
            9.284581,40.673581,827.44
            9.284497,40.673511,827.9
            9.284399,40.673451,828.32
            9.284238,40.673373,828.84
            9.284025,40.673294,829.73
            9.283812,40.673215,830.48
            9.283599,40.673136,830.56
            9.283384,40.673061,830.16
            9.283164,40.672993,829.66
            9.282939,40.672936,829.11
            9.282713,40.672882,828.31
            9.282497,40.672851,828.03
            9.282279,40.672826,827.67
            9.282048,40.672785,827.2
            9.281833,40.672723,826.73
            9.281764,40.672694,826.4
            9.281695,40.672663,825.99
            9.281635,40.672624,825.27
            9.281586,40.672577,824.23
            9.281543,40.672526,823.19
            9.281502,40.672474,822.19
            9.281403,40.672353,820.22
            9.281275,40.67224,818.87
            9.281142,40.672156,817.96
            9.28099,40.672095,817.96
            9.280828,40.672049,818.77
            9.280604,40.671988,820.22
            9.280382,40.671926,821.44
            9.280176,40.671851,822.67
            9.28,40.671753,823.48
            9.279824,40.671656,824.42
            9.279662,40.671557,825.37
            9.279506,40.671452,826.19
            9.279435,40.671412,826.66
            9.279359,40.671379,827.39
            9.27932,40.671359,827.72
            9.279285,40.671335,827.88
            9.279257,40.671306,827.81
            9.279236,40.671274,827.54
            9.279219,40.67124,827.17
            9.279202,40.671207,826.83
            9.279181,40.671174,826.56
            9.279157,40.671143,826.42
            9.279129,40.671115,826.5
            9.27905,40.671055,827.21
            9.278961,40.671006,828.13
            9.278798,40.670931,829.76
            9.2786,40.670852,831.97
            9.27839,40.670768,834.62
            9.278175,40.670692,837.32
            9.27795,40.670635,840.39
            9.27772,40.670592,843.6
            9.277536,40.670552,846.19
            9.277408,40.6705,847.59
            9.277291,40.670434,848.64
            9.277171,40.67037,849.7
            9.276973,40.670272,851.53
            9.276822,40.67017,853
            9.276718,40.670058,853.69
            9.276617,40.669944,854.08
            9.27648,40.669798,854.69
            9.276341,40.669652,855.27
            9.276202,40.669547,855.78
            9.276045,40.669457,855.92
            9.275856,40.669379,856.15
            9.275651,40.66933,856.31
            9.275429,40.669303,856.59
            9.275279,40.669312,857.06
            9.275133,40.669341,857.69
            9.274931,40.669401,858.63
            9.274716,40.669473,859.88
            9.274497,40.669543,861.71
            9.274295,40.66959,863.47
            9.274089,40.669625,865.07
            9.273858,40.669664,866.85
            9.273658,40.669696,868.52
            9.273454,40.669709,870.14
            9.273251,40.669727,871.86
            9.273044,40.669774,874.12
            9.272845,40.669837,876.58
            9.272626,40.669907,879.36
            9.272486,40.669938,881.14
            9.272341,40.669944,881.75
            9.272196,40.66993,881.82
            9.272036,40.669898,881.89
            9.271884,40.669847,881.81
            9.271737,40.669788,881.68
            9.271597,40.669746,881.73
            9.271446,40.669735,882.06
            9.271296,40.669742,882.54
            9.271102,40.669755,882.95
            9.270909,40.669744,882.8
            9.270715,40.669731,882.55
            9.270479,40.669719,882.24
            9.270414,40.669714,882.14
            9.270352,40.669701,882.01
            9.270294,40.669679,881.87
            9.27024,40.669652,881.73
            9.270186,40.669625,881.63
            9.270131,40.669599,881.54
            9.269939,40.669525,881.13
            9.269781,40.669486,880.81
            9.269621,40.669478,880.8
            9.269464,40.669503,881.19
            9.269312,40.669543,881.79
            9.269185,40.669573,882.29
            9.269098,40.669584,882.57
            9.26901,40.669581,882.7
            9.268924,40.669562,882.65
            9.268842,40.669537,882.46
            9.26876,40.669511,882.19
            9.268627,40.669482,881.91
            9.268487,40.669478,882.01
            9.268349,40.669488,882.3
            9.268165,40.669511,882.48
            9.267931,40.669537,881.96
            9.267696,40.669562,880.44
            9.267528,40.669593,879.22
            9.267398,40.669643,878.54
            9.267287,40.669716,878.49
            9.267197,40.669803,879.06
            9.2671,40.669915,879.86
            9.266963,40.670062,880.64
            9.266817,40.670204,881.23
            9.266663,40.670318,881.59
            9.266493,40.670419,881.66
            9.2663,40.670523,881.47
            9.266106,40.670627,881.2
            9.265903,40.67072,880.68
            9.265787,40.670765,880.28
            9.26566,40.670787,879.62
            9.265613,40.670792,879.34
            9.265566,40.67079,879.06
            9.265526,40.670773,878.73
            9.265495,40.670745,878.38
            9.26547,40.670715,878.03
            9.265445,40.670684,877.68
            9.265421,40.670653,877.36
            9.265396,40.670623,877.06
            9.265288,40.670505,875.84
            9.265143,40.670363,874.06
            9.264993,40.670223,871.89
            9.264954,40.670174,871.1
            9.264934,40.670118,870.3
            9.264929,40.670083,869.79
            9.264928,40.670047,869.23
            9.264923,40.670011,868.65
            9.264913,40.669976,868.05
            9.264891,40.669944,867.44
            9.264862,40.669915,866.87
            9.264833,40.669887,866.31
            9.264806,40.669857,865.76
            9.264781,40.669827,865.19
            9.264755,40.669797,864.62
            9.264611,40.669654,861.82
            9.264485,40.669501,858.78
            9.26438,40.669344,855.51
            9.264302,40.669177,852.42
            9.264234,40.669043,850.25
            9.26414,40.668919,848.11
            9.264033,40.6688,845.88
            9.263896,40.668653,843.01
            9.263746,40.668517,840.14
            9.263588,40.668386,837.49
            9.263429,40.668253,835.01
            9.263274,40.668154,832.69
            9.263192,40.668095,831.31
            9.263134,40.668022,829.96
            9.263088,40.667949,828.86
            9.263068,40.667916,828.4
            9.263045,40.667885,827.92
            9.263017,40.667856,827.4
            9.262982,40.667832,826.85
            9.262941,40.667814,826.35
            9.262896,40.667801,825.93
            9.26285,40.667794,825.57
            9.262802,40.667793,825.31
            9.262756,40.667802,825.18
            9.262714,40.667818,825.2
            9.262674,40.667837,825.25
            9.262631,40.667852,825.23
            9.262585,40.667861,825.11
            9.262538,40.667868,824.95
            9.262493,40.667877,824.85
            9.262374,40.667905,824.69
            9.262196,40.667979,824.95
            9.262066,40.668046,825.38
            9.261955,40.668131,826.08
            9.261858,40.668226,826.73
            9.261727,40.668376,827.83
            9.261647,40.668484,828.73
            9.261585,40.668598,829.65
            9.261552,40.66872,830.62
            9.261525,40.668884,832.13
            9.261501,40.669048,833.86
            9.261447,40.669192,835.22
            9.261363,40.669328,836.49
            9.261289,40.669468,837.58
            9.261259,40.669615,838.59
            9.261233,40.669765,839.63
            9.261209,40.669943,841.34
            9.261208,40.669978,841.77
            9.261204,40.670026,842.24
            9.261191,40.670095,842.24
            9.261188,40.670175,842.24
            9.261181,40.670219,842.24
            9.261166,40.670251,842.24
            9.261135,40.67028,842.24
            9.261113,40.670297,842.24
            9.26108,40.670309,842.24
            9.26103,40.670322,842.24
            9.260986,40.670322,842.24
            9.260941,40.670319,842.24
            9.2609,40.670309,842.24
            9.260878,40.670295,842.24
            9.260834,40.670252,842.24
            9.260796,40.670215,842.24
            9.260756,40.670164,842.24
            9.260698,40.670091,842.24
            9.260649,40.670026,842.24
            9.260605,40.669961,842.24
            9.260572,40.669902,842.24
            9.260543,40.669855,842.24
            9.260519,40.669821,842.24
            9.260489,40.669788,842.24
            9.260466,40.669763,842.24
            9.260413,40.669722,842.24
            9.260333,40.669678,842.24
            9.260231,40.669632,843.88
            9.260029,40.669551,844.52
            9.259816,40.669471,845.3
            9.259601,40.669396,846.05
            9.259448,40.669313,846.34
            9.259311,40.669214,846.45
            9.259122,40.669106,846.45
            9.259081,40.669088,846.42
            9.259044,40.669065,846.39
            9.259016,40.669036,846.4
            9.258995,40.669004,846.48
            9.258986,40.668969,846.61
            9.258989,40.668933,846.77
            9.258998,40.668898,846.94
            9.259011,40.668863,847.11
            9.259025,40.668829,847.29
            9.259033,40.668793,847.44
            9.259031,40.668757,847.57
            9.259023,40.668722,847.68
            9.259005,40.668689,847.77
            9.258981,40.668658,847.82
            9.258953,40.668629,847.86
            9.258927,40.668599,847.92
            9.258905,40.668567,848
            9.258895,40.668532,848.12
            9.258895,40.668496,848.3
            9.258902,40.66846,848.51
            9.258918,40.668427,848.72
            9.25894,40.668395,848.95
            9.258966,40.668365,849.21
            9.258991,40.668334,849.48
            9.259016,40.668303,849.74
            9.259049,40.668251,850.22
            9.259069,40.668195,850.78
            9.259072,40.668137,851.35
            9.259064,40.668079,851.97
            9.259065,40.668021,852.58
            9.259093,40.667936,853.23
            9.259131,40.667853,853.75
            9.259153,40.66771,854.85
            9.259153,40.667617,855.78
            9.259147,40.667581,856.25
            9.259135,40.667547,856.78
            9.259115,40.667514,857.37
            9.259083,40.667488,857.97
            9.25904,40.667474,858.3
            9.258993,40.667472,858.44
            9.258948,40.667482,858.45
            9.25891,40.667502,858.26
            9.258876,40.667527,857.82
            9.258843,40.667553,857.3
            9.25881,40.667579,856.79
            9.258776,40.667604,856.31
            9.258739,40.667627,855.92
            9.258605,40.667695,854.85
            9.258458,40.667748,854.14
            9.258308,40.667794,853.47
            9.258217,40.667817,853
            9.258122,40.667826,852.52
            9.258027,40.667819,852.14
            9.257936,40.667795,851.86
            9.257853,40.667759,851.65
            9.257768,40.667702,851.51
            9.257687,40.667636,851.41
            9.257584,40.667526,851.45
            9.257517,40.6674,851.71
            9.257471,40.667247,851.92
            9.25743,40.667101,851.84
            9.257364,40.66696,851.3
            9.25727,40.666829,850.29
            9.25714,40.666694,848.58
            9.256984,40.666559,846.03
            9.256802,40.666444,843
            9.256621,40.666361,840.41
            9.256437,40.666312,838.5
            9.256252,40.666281,837.41
            9.256063,40.666276,837.01
            9.255873,40.666282,837
            9.255637,40.666295,837.1
            9.255517,40.666301,837.16
            9.25547,40.666303,837.19
            9.255423,40.666305,837.2
            9.255376,40.66631,837.19
            9.255331,40.666322,837.17
            9.25529,40.666339,837.11
            9.255251,40.666359,837.02
            9.255219,40.666386,836.9
            9.255193,40.666416,836.77
            9.255168,40.666447,836.62
            9.255142,40.666477,836.45
            9.255084,40.666536,836.09
            9.255023,40.666594,835.72
            9.254868,40.66673,834.87
            9.254705,40.66686,834.18
            9.254536,40.666987,833.65
            9.254367,40.667113,833.25
            9.2542,40.667241,832.93
            9.254044,40.667376,832.64
            9.253905,40.667521,832.43
            9.253781,40.667675,832.25
            9.253664,40.667831,831.95
            9.253548,40.667988,831.64
            9.253433,40.668146,831.44
            9.253321,40.668304,831.2
            9.253212,40.668464,830.88
            9.253109,40.668626,830.55
            9.253009,40.668789,830.12
            9.252908,40.668952,829.53
            9.252803,40.669113,828.87
            9.252689,40.669271,828.11
            9.25256,40.669421,827.16
            9.252412,40.669561,826.07
            9.252245,40.669689,825.04
            9.252066,40.669806,824.07
            9.251874,40.669912,823.19
            9.251675,40.67001,822.4
            9.251479,40.670111,821.51
            9.251296,40.670225,820.66
            9.251127,40.670351,820.06
            9.250975,40.670489,819.81
            9.25084,40.670637,819.84
            9.250719,40.670791,820.06
            9.250609,40.670951,820.48
            9.250506,40.671113,821.06
            9.250394,40.671271,821.74
            9.250255,40.671417,822.47
            9.250104,40.671555,823.11
            9.249952,40.671693,823.59
            9.249797,40.671829,823.99
            9.24964,40.671964,824.36
            9.249495,40.672106,824.76
            9.24939,40.672247,825.22
            9.249324,40.672387,825.82
            9.249182,40.67256,826.73
            9.249051,40.672703,827.79
            9.248903,40.672839,828.86
            9.248738,40.672975,829.93
            9.248565,40.673101,830.76
            9.248415,40.673248,831.41
            9.248272,40.67338,831.95
            9.248098,40.673503,832.47
            9.247924,40.673625,832.94
            9.247752,40.673749,833.23
            9.247617,40.673864,833.38
            9.24749,40.674003,833.35
            9.247393,40.674131,833.2
            9.247305,40.67429,832.86
            9.247193,40.674449,832.33
            9.247098,40.674627,831.61
            9.247004,40.674788,830.88
            9.246905,40.674944,830.14
            9.24679,40.675115,829.21
            9.24668,40.675276,828.08
            9.246562,40.675455,826.83
            9.246476,40.675589,825.49
            9.246339,40.675797,823.73
            9.246245,40.675927,821.96
            9.246135,40.676071,820.06
            9.246041,40.676214,817.77
            9.245974,40.67634,816.01
            9.245963,40.676468,814.41
            9.245971,40.676647,812.77
            9.245953,40.676781,811.3
            9.245944,40.676812,810.99
            9.24591,40.676864,810.69
            9.245859,40.676919,810.39
            9.245814,40.676959,810.08
            9.245771,40.676991,809.76
            9.245735,40.677014,809.46
            9.245696,40.677043,809.18
            9.245657,40.67707,808.94
            9.245594,40.677107,808.72
            9.245486,40.67716,808.31
            9.24531,40.677218,807.54
            9.245109,40.677284,806.53
            9.245046,40.677319,806.28
            9.24501,40.677344,806.03
            9.244983,40.677369,805.76
            9.244955,40.677401,805.47
            9.244925,40.677436,805.18
            9.244896,40.677494,804.89
            9.24488,40.677529,804.6
            9.244865,40.677561,804.32
            9.244851,40.677591,804.05
            9.244827,40.677647,803.41
            9.244809,40.677691,803.06
            9.244786,40.677742,802.58
            9.244756,40.677798,802.1
            9.244723,40.677858,801.59
            9.244675,40.677916,801.12
            9.244621,40.677967,800.72
            9.244553,40.67802,800.33
            9.244461,40.678078,799.75
            9.244275,40.67818,798.65
            9.244134,40.678264,798.28
            9.244056,40.678326,798.32
            9.24401,40.678349,798.48
            9.243959,40.678364,798.71
            9.243903,40.678385,799.01
            9.243833,40.678399,799.32
            9.243781,40.6784,799.6
            9.243716,40.678394,799.84
            9.243654,40.678381,800.02
            9.243557,40.678352,800.26
            9.243429,40.678298,800.42
            9.243258,40.67823,800.7
            9.243056,40.67815,800.82
            9.242838,40.678078,800.6
            9.242621,40.678007,800.04
            9.242403,40.677935,799.34
            9.242178,40.67787,798.59
            9.241928,40.677801,797.87
            9.241764,40.677738,797.51
            9.241699,40.677713,797.47
            9.241645,40.677689,797.43
            9.241593,40.677667,797.36
            9.241546,40.677642,797.24
            9.241505,40.677611,797.03
            9.24147,40.677577,796.79
            9.241436,40.677541,796.53
            9.241403,40.677506,796.3
            9.241283,40.677369,795.58
            9.241121,40.677237,794.98
            9.240949,40.677098,794.57
            9.240785,40.676963,794.07
            9.240608,40.676836,793.58
            9.240447,40.676716,793.19
            9.240289,40.676594,792.79
            9.240096,40.67646,792.26
            9.239926,40.676334,791.69
            9.239741,40.676207,791.37
            9.239568,40.676088,791.14
            9.239349,40.675969,790.84
            9.239172,40.675845,790.55
            9.239059,40.67573,790.39
            9.238932,40.675577,790.2
            9.23881,40.675425,789.95
            9.238691,40.675276,789.57
            9.23856,40.675166,789.36
            9.238387,40.675077,789.45
            9.238184,40.674997,789.78
            9.237961,40.674904,790.46
            9.237763,40.67482,791.19
            9.237567,40.674725,791.57
            9.237396,40.674641,791.49
            9.237317,40.674606,791.23
            9.237229,40.67458,790.93
            9.237113,40.67455,790.57
            9.236999,40.674532,790.26
            9.236789,40.67452,789.72
            9.236561,40.674508,789.14
            9.236325,40.674532,788.28
            9.2361,40.674579,787.45
            9.235849,40.674629,786.79
            9.23561,40.674658,786.28
            9.235387,40.674675,785.54
            9.235162,40.674686,784.59
            9.235031,40.674688,783.47
            9.234906,40.67469,782.31
            9.234815,40.674695,782.07
            9.234675,40.674696,781.83
            9.234577,40.674701,781.59
            9.234475,40.674703,781.53
            9.2344,40.674701,781.48
            9.234343,40.67469,781.36
            9.234221,40.674639,780.72
            9.234103,40.674568,780.08
            9.233893,40.674422,780.25
            9.233703,40.674332,781.1
            9.233274,40.674202,782.64
            9.232955,40.6741,784.29
            9.232729,40.674045,785.79
            9.232503,40.673991,787.32
            9.232277,40.673937,788.92
            9.232051,40.673883,790.4
            9.231825,40.673829,791.64
            9.231602,40.673768,792.64
            9.231384,40.673696,793.48
            9.231171,40.673618,794.24
            9.230961,40.673534,794.86
            9.230757,40.673442,795.29
            9.230556,40.673346,795.52
            9.230356,40.67325,795.65
            9.230156,40.673154,795.67
            9.229955,40.673057,795.59
            9.229776,40.672951,795.4
            9.229586,40.672855,795.05
            9.229385,40.672735,794.54
            9.22917,40.672638,793.99
            9.228923,40.67256,793.42
            9.228746,40.672511,792.61
            9.228511,40.672438,791.48
            9.228302,40.672353,790.46
            9.228094,40.672268,789.14
            9.227885,40.672183,787.2
            9.227676,40.672097,785.19
            9.227471,40.672007,783.58
            9.22725,40.671875,782.45
            9.227091,40.671777,781.65
            9.226869,40.671671,781.01
            9.226691,40.671599,780.32
            9.226458,40.671496,779.47
            9.226303,40.671401,778.62
            9.226107,40.671279,777.97
            9.225931,40.671167,777.59
            9.22574,40.671061,777.36
            9.225571,40.670992,776.89
            9.22538,40.670923,776.04
            9.225219,40.670872,775.44
            9.225053,40.670798,774.9
            9.224946,40.670732,774.43
            9.224795,40.670612,773.8
            9.224634,40.670451,773.12
            9.224498,40.670351,772.54
            9.224306,40.67022,772.05
            9.224145,40.670088,771.73
            9.223986,40.669954,771.58
            9.223829,40.66982,771.67
            9.223672,40.669639,771.77
            9.223516,40.669492,771.78
            9.223382,40.669405,771.71
            9.2232,40.669281,771.71
            9.223032,40.669154,772.28
            9.22285,40.669039,773.26
            9.222664,40.668927,773.99
            9.222467,40.668807,774.15
            9.222285,40.668721,774.15
            9.222073,40.668648,774.39
            9.221874,40.668575,775.02
            9.221638,40.668502,775.78
            9.221327,40.668408,776.49
            9.221148,40.668347,777.11
            9.220981,40.668274,777.24
            9.220793,40.668176,776.85
            9.220568,40.668066,776.38
            9.220367,40.667971,776.08
            9.220169,40.667889,776.09
            9.22004,40.667806,776.39
            9.219938,40.667733,777.18
            9.219804,40.667619,777.79
            9.219667,40.667468,778.49
            9.21956,40.667334,778.93
            9.219479,40.667169,779.19
            9.219431,40.667021,779.24
            9.219384,40.666935,779.17
            9.219303,40.666852,778.98
            9.219254,40.666814,778.82
            9.219205,40.666777,778.64
            9.219156,40.666741,778.45
            9.219096,40.666698,778.28
            9.218948,40.666606,777.88
            9.218762,40.666517,777.35
            9.218549,40.666429,776.9
            9.218364,40.666338,776.45
            9.218211,40.666218,776.04
            9.218064,40.666093,775.64
            9.21793,40.665978,775.28
            9.21789,40.665923,775.23
            9.217874,40.665889,775.21
            9.217864,40.665854,775.21
            9.217861,40.665818,775.22
            9.217865,40.665782,775.25
            9.217878,40.665748,775.31
            9.217897,40.665715,775.37
            9.217919,40.665683,775.42
            9.217941,40.665651,775.45
            9.217966,40.665614,775.44
            9.217992,40.665576,775.41
            9.218121,40.665449,774.84
            9.218205,40.665305,774.01
            9.218253,40.665145,772.64
            9.218279,40.664988,770.61
            9.218299,40.664827,768.14
            9.218322,40.664669,765.21
            9.218349,40.664468,761.64
            9.218366,40.664317,758.49
            9.218375,40.664244,757.48
            9.218377,40.664168,756.63
            9.218369,40.664097,755.85
            9.218349,40.664035,755.36
            9.218318,40.663955,755.11
            9.218283,40.663896,754.86
            9.218213,40.663796,754.52
            9.218109,40.663657,753.55
            9.217973,40.663527,752.4
            9.217835,40.663399,751.4
            9.217684,40.66326,750.47
            9.217519,40.66311,749.76
            9.217365,40.662994,749.52
            9.217205,40.662861,748.94
            9.217044,40.662729,747.92
            9.216927,40.662627,747.21
            9.216833,40.662514,746.61
            9.216759,40.662391,746.12
            9.216669,40.662225,745.69
            9.216581,40.662058,745.49
            9.216564,40.662024,745.46
            9.216547,40.66199,745.46
            9.216536,40.661956,745.47
            9.216537,40.66192,745.48
            9.216555,40.661887,745.49
            9.216585,40.661858,745.49
            9.216617,40.661832,745.46
            9.216646,40.661804,745.42
            9.216665,40.661771,745.38
            9.21667,40.661735,745.3
            9.216665,40.661699,745.21
            9.216655,40.661664,745.14
            9.216643,40.66163,745.08
            9.216629,40.661595,744.98
            9.216614,40.661561,744.88
            9.216599,40.661527,744.78
            9.216524,40.661356,743.67
            9.216449,40.661186,742.41
            9.21637,40.661016,741.04
            9.216285,40.660848,739.36
            9.216196,40.660681,737.83
            9.216106,40.660515,736.09
            9.215997,40.660355,734.42
            9.215871,40.660203,733.18
            9.215742,40.660052,731.92
            9.215612,40.659902,730.31
            9.215481,40.659752,728.64
            9.215351,40.659601,727.53
            9.215222,40.659451,726.86
            9.215095,40.659299,725.86
            9.214972,40.659145,723.52
            9.214873,40.659014,721.42
            9.214833,40.658942,720
            9.214812,40.658885,718.82
            9.214811,40.658826,717.67
            9.214823,40.658768,716.5
            9.21485,40.658712,715.32
            9.21489,40.658661,714.19
            9.21494,40.658616,713.14
            9.215007,40.658561,711.88
            9.215104,40.65848,709.96
            9.215265,40.658348,706.55
            9.215425,40.658215,703.17
            9.215463,40.658178,702.22
            9.215489,40.658136,701.31
            9.215499,40.658089,700.52
            9.215503,40.658042,699.78
            9.215505,40.657996,699.06
            9.215509,40.657942,698.19
            9.215512,40.657888,697.3
            9.215513,40.657754,694.97
            9.215489,40.657661,693.63
            9.215437,40.657574,692.76
            9.215378,40.65749,691.86
            9.215265,40.657332,690.12
            9.215152,40.657174,688.11
            9.215036,40.657017,685.79
            9.214995,40.656968,684.94
            9.214942,40.656927,684.45
            9.21488,40.656893,684.33
            9.214816,40.656861,684.24
            9.214752,40.656829,684.08
            9.214559,40.656731,683
            9.214384,40.65663,681.29
            9.21423,40.656513,678.96
            9.214066,40.656383,675.97
            9.213891,40.656261,673.78
            9.213711,40.656144,671.83
            9.213599,40.656057,670.57
            9.21352,40.655952,668.81
            9.213452,40.655842,666.71
            9.213352,40.655678,663.03
            9.213332,40.655646,662.24
            9.213312,40.655613,661.46
            9.213293,40.65558,660.62
            9.213276,40.655547,659.72
            9.213267,40.655512,658.8
            9.213274,40.655476,657.96
            9.213294,40.655444,657.21
            9.213319,40.655413,656.52
            9.213346,40.655383,655.84
            9.213373,40.655354,655.17
            9.213417,40.655304,654.06
            9.21346,40.655254,653.02
            9.213574,40.655109,650.34
            9.213665,40.654955,648.53
            9.213736,40.654793,648.13
            9.213746,40.654758,648.16
            9.213755,40.654722,648.23
            9.213758,40.654687,648.34
            9.213758,40.654651,648.48
            9.213753,40.654615,648.6
            9.213734,40.654583,648.71
            9.213694,40.654569,648.69
            9.213648,40.65457,648.55
            9.213601,40.654577,648.38
            9.213555,40.654585,648.24
            9.213509,40.654593,648.12
            9.213463,40.654602,648.02
            9.213416,40.65461,647.97
            9.213186,40.654651,647.94
            9.213139,40.654659,647.99
            9.213093,40.654667,648.05
            9.213047,40.654675,648.12
            9.213,40.65468,648.19
            9.212953,40.654677,648.24
            9.212911,40.654663,648.24
            9.212874,40.654641,648.2
            9.212841,40.654615,648.14
            9.212811,40.654587,648.01
            9.212784,40.654557,647.83
            9.212759,40.654527,647.65
            9.212736,40.654495,647.51
            9.212655,40.654383,647.28
            9.21254,40.654226,647.5
            9.212426,40.654068,648.11
            9.212311,40.653911,649.75
            9.212195,40.653754,651.64
            9.212081,40.653615,653.1
            9.211946,40.653488,654.12
            9.21184,40.653399,654.65
            9.211794,40.653361,654.86
            9.211743,40.653328,654.89
            9.211682,40.653305,654.6
            9.211617,40.653289,654.06
            9.211551,40.653276,653.47
            9.211485,40.653263,652.98
            9.211419,40.653249,652.6
            9.21119,40.653203,651.43
            9.21096,40.653157,650.68
            9.210731,40.65311,650.28
            9.210525,40.653061,650.05
            9.210328,40.652993,650.06
            9.210122,40.652904,650.55
            9.209918,40.652812,651.32
            9.209878,40.652793,651.48
            9.209839,40.652772,651.68
            9.209807,40.652746,651.92
            9.209784,40.652715,652.18
            9.209768,40.652681,652.5
            9.209755,40.652647,652.84
            9.209742,40.652612,653.2
            9.209728,40.652577,653.57
            9.209692,40.652498,654.37
            9.209606,40.65233,655.62
            9.209503,40.652168,656.12
            9.209395,40.652008,656.53
            9.209281,40.651851,656.81
            9.209157,40.651697,656.49
            9.209014,40.651554,655.8
            9.208859,40.651418,655.07
            9.2087,40.651285,654.4
            9.208538,40.651153,654.04
            9.208374,40.651023,653.83
            9.208207,40.650896,653.93
            9.208054,40.650772,654.13
            9.207922,40.650634,654.79
            9.207897,40.650603,655.02
            9.207873,40.650573,655.25
            9.207849,40.650542,655.48
            9.207826,40.65051,655.72
            9.207809,40.650477,656.03
            9.207802,40.650441,656.43
            9.207799,40.650405,656.91
            9.207798,40.650369,657.45
            9.207798,40.650333,658.02
            9.2078,40.650297,658.6
            9.207813,40.650141,661.2
            9.207831,40.649962,664.61
            9.20785,40.649782,668.41
            9.207872,40.649603,672.28
            9.207902,40.649425,675.36
            9.207936,40.649247,677.16
            9.207974,40.649069,677.38
            9.208018,40.648893,676.54
            9.208069,40.648717,675.54
            9.208113,40.64854,674.88
            9.208135,40.648361,674
            9.208154,40.648183,672.99
            9.20818,40.648091,672.6
            9.20823,40.648006,672.66
            9.208288,40.647923,672.94
            9.20835,40.647842,673.4
            9.208465,40.647685,673.96
            9.208595,40.647535,673.98
            9.208741,40.647413,674.26
            9.208903,40.647305,675.24
            9.209094,40.647199,674.89
            9.209294,40.647102,675.17
            9.209503,40.647017,675.21
            9.209711,40.64695,675.16
            9.209927,40.6469,675.18
            9.210153,40.646847,674.83
            9.210327,40.646782,674.04
            9.21048,40.64669,672.79
            9.210625,40.646592,671.97
            9.210661,40.646568,671.84
            9.210696,40.646544,671.71
            9.21073,40.646519,671.62
            9.210756,40.64649,671.53
            9.21076,40.646456,671.37
            9.210733,40.646429,671.16
            9.210691,40.646413,670.98
            9.210645,40.646404,670.82
            9.210599,40.646396,670.66
            9.210552,40.64639,670.51
            9.210506,40.646384,670.36
            9.210459,40.646378,670.2
            9.210225,40.646347,669.38
            9.209992,40.646316,668.73
            9.209759,40.646283,668.19
            9.209526,40.64625,667.53
            9.209293,40.646217,666.97
            9.209061,40.646181,666.58
            9.208832,40.646135,666.08
            9.208607,40.646077,665.27
            9.208388,40.646009,664.33
            9.208172,40.645934,663.68
            9.20796,40.645854,663.43
            9.207746,40.645776,663.52
            9.207528,40.645706,664.06
            9.207307,40.645641,665.06
            9.207085,40.645578,666.1
            9.206863,40.645514,667.27
            9.206668,40.645475,668.43
            9.206474,40.64546,669.25
            9.206278,40.645466,669.45
            9.206042,40.645484,669.82
            9.20582,40.64549,670.82
            9.205597,40.645475,671.63
            9.205377,40.64545,672.33
            9.205142,40.645424,673
            9.204908,40.645395,673.44
            9.204677,40.645355,673.72
            9.204452,40.645298,674.3
            9.204237,40.645223,675.03
            9.204026,40.645141,675.54
            9.203812,40.645063,676.07
            9.20359,40.645001,676.84
            9.20336,40.64496,677.57
            9.203177,40.644943,678.29
            9.203081,40.644952,678.76
            9.20299,40.644977,679.35
            9.202906,40.645013,680.06
            9.202827,40.645055,680.81
            9.202713,40.645119,682.18
            9.20253,40.645232,684.92
            9.202357,40.645355,688.12
            9.202302,40.645396,689.21
            9.202268,40.645421,689.88
            9.202232,40.645445,690.57
            9.202192,40.645463,691.23
            9.202145,40.645467,691.7
            9.202104,40.645451,691.78
            9.202079,40.645421,691.49
            9.202063,40.645387,691.06
            9.202046,40.645353,690.64
            9.202024,40.645321,690.29
            9.201997,40.645292,690.03
            9.201964,40.645266,689.84
            9.201929,40.645241,689.68
            9.201866,40.645206,689.7
            9.201798,40.645174,689.86
            9.201666,40.645125,690.45
            9.201473,40.64507,691.47
            9.201246,40.645018,692.87
            9.201015,40.644979,694.3
            9.200968,40.644972,694.57
            9.200921,40.644966,694.86
            9.200874,40.644964,695.2
            9.200827,40.644968,695.63
            9.200783,40.64498,696.15
            9.200742,40.644998,696.76
            9.200706,40.645022,697.41
            9.200675,40.645049,698.04
            9.200647,40.645078,698.66
            9.200618,40.645107,699.29
            9.200585,40.645132,699.88
            9.200545,40.645152,700.44
            9.200502,40.645166,701
            9.200456,40.645175,701.53
            9.200409,40.645181,702.02
            9.200362,40.645184,702.48
            9.20029,40.645185,703.18
            9.200218,40.645179,703.78
            9.200056,40.645151,704.79
            9.199906,40.645099,705.22
            9.199722,40.645029,705.7
            9.199501,40.644965,706.73
            9.199277,40.644906,708.02
            9.199092,40.644836,708.83
            9.198908,40.644762,709.26
            9.198692,40.6447,709.66
            9.198463,40.644653,710.42
            9.198229,40.644623,711.36
            9.197997,40.644608,712.49
            9.197833,40.644611,713.24
            9.197674,40.644634,714.37
            9.197522,40.644679,716.06
            9.197334,40.644761,719.38
            9.197295,40.64478,720.22
            9.197253,40.644797,720.98
            9.197207,40.644806,721.53
            9.197161,40.644803,721.74
            9.197119,40.644787,721.55
            9.197084,40.644763,721.04
            9.197053,40.644736,720.38
            9.197022,40.644709,719.72
            9.196989,40.644683,719.23
            9.196953,40.64466,718.88
            9.196854,40.644619,718.41
            9.196751,40.644584,718.17
            9.196553,40.644545,718.62
            9.196353,40.644515,719.37
            9.196118,40.644489,720.13
            9.195882,40.644473,720.78
            9.195645,40.644467,721.38
            9.195408,40.644466,722.07
            9.195171,40.644467,722.97
            9.194935,40.644473,724.14
            9.194699,40.644489,725.72
            9.194463,40.644511,727.64
            9.194228,40.644528,729.45
            9.194002,40.644524,730.88
            9.193778,40.644498,732.18
            9.193545,40.644464,733.57
            9.193312,40.644434,735.11
            9.193079,40.6444,736.71
            9.192863,40.644345,737.64
            9.19266,40.644267,737.66
            9.192462,40.644173,737.03
            9.192265,40.644073,736.22
            9.192067,40.643974,735.44
            9.191864,40.643881,735.17
            9.191755,40.643842,735.37
            9.191636,40.643823,735.86
            9.191515,40.643818,736.62
            9.191332,40.643839,738.38
            9.191156,40.643881,740.48
            9.191024,40.643901,741.85
            9.190891,40.643896,742.74
            9.190762,40.643868,743.08
            9.190641,40.643825,743.07
            9.190498,40.643772,743.04
            9.190283,40.643696,743.08
            9.190067,40.643622,743.46
            9.189851,40.643547,744.09
            9.18964,40.643466,744.85
            9.189438,40.643372,745.13
            9.189237,40.643276,745.14
            9.189028,40.643192,746.07
            9.188836,40.643119,747.13
            9.188658,40.643027,747.79
            9.188487,40.642927,748.05
            9.188296,40.642821,748.76
            9.188102,40.642718,750.34
            9.187907,40.642615,752.2
            9.187707,40.642519,753.94
            9.187519,40.642447,755.25
            9.187319,40.642396,756.68
            9.187095,40.642337,758.28
            9.186879,40.642263,759.44
            9.186665,40.642186,760.2
            9.186459,40.642097,760.86
            9.186268,40.641991,761.38
            9.186088,40.641874,761.82
            9.185911,40.641754,761.94
            9.185873,40.641728,761.89
            9.185835,40.641702,761.84
            9.185797,40.641676,761.79
            9.18576,40.64165,761.75
            9.185728,40.641619,761.68
            9.185708,40.641584,761.63
            9.185695,40.641547,761.71
            9.185678,40.64151,761.9
            9.185655,40.641475,762.08
            9.185583,40.641398,762.58
            9.185507,40.641324,763.04
            9.185353,40.641187,763.68
            9.185187,40.641059,764.48
            9.185011,40.640938,765.5
            9.184831,40.640821,766.62
            9.18465,40.640705,767
            9.184469,40.640589,766.75
            9.184293,40.640469,767.02
            9.184126,40.640341,766.36
            9.183972,40.640204,765.98
            9.183826,40.640062,765.99
            9.183682,40.63992,766.47
            9.183532,40.63978,767.26
            9.183385,40.639639,768.18
            9.183258,40.639488,769.44
            9.183151,40.639327,771.25
            9.183057,40.639163,773.27
            9.182977,40.638993,775.21
            9.182914,40.63882,776.74
            9.182879,40.638657,777.61
            9.182875,40.638499,778.26
            9.182896,40.638342,778.9
            9.18294,40.638165,779.41
            9.183004,40.637992,779.75
            9.183087,40.637824,780.28
            9.183183,40.637659,781.28
            9.183284,40.637497,782.67
            9.183381,40.637333,783.7
            9.183468,40.637166,784.26
            9.183547,40.636996,785.02
            9.18362,40.636825,785.86
            9.183691,40.636653,786.56
            9.183766,40.636483,787.19
            9.183855,40.636316,787.86
            9.183956,40.636153,788.71
            9.18406,40.635992,789.73
            9.184162,40.635829,790.89
            9.184259,40.635665,792.03
            9.184349,40.635499,793.17
            9.184428,40.63534,794.14
            9.184535,40.635192,795.6
            9.18464,40.635089,797.91
            9.184863,40.634932,799.81
            9.185037,40.63481,801.82
            9.185222,40.634698,803.85
            9.185385,40.634632,805.32
            9.18556,40.634587,806.66
            9.185789,40.634542,808.22
            9.186019,40.634499,809.56
            9.186248,40.634451,810.52
            9.18644,40.634407,811.21
            9.186615,40.634342,811.76
            9.18682,40.63422,812.25
            9.187025,40.634131,812.82
            9.187232,40.634071,813.69
            9.187445,40.634024,814.79
            9.187671,40.633971,816.63
            9.187895,40.633913,819.24
            9.188122,40.63386,822.03
            9.188351,40.633814,824.62
            9.188581,40.633769,827.44
            9.188809,40.63372,830.79
            9.189032,40.63366,833.83
            9.189253,40.633595,836.28
            9.189475,40.633532,838
            9.189694,40.633463,839.28
            9.18986,40.633382,840.09
            9.190013,40.633285,840.78
            9.190206,40.633181,841.53
            9.190406,40.633085,842.4
            9.190603,40.632985,843.46
            9.19079,40.632875,844.51
            9.190971,40.632758,845.42
            9.191127,40.632681,845.8
            9.191299,40.632625,845.87
            9.191514,40.632572,845.59
            9.191737,40.632512,845.23
            9.191954,40.632439,845.27
            9.192158,40.632348,845.92
            9.192349,40.632242,846.86
            9.192529,40.632125,847.47
            9.192705,40.632004,847.78
            9.192781,40.63196,847.86
            9.192869,40.631929,847.89
            9.192963,40.631912,847.86
            9.193058,40.6319,847.85
            9.193198,40.631883,847.86
            9.193334,40.63184,847.86
            9.193462,40.63176,847.93
            9.193606,40.631637,848.17
            9.19369,40.63156,848.28
            9.193719,40.63153,848.3
            9.193747,40.631497,848.34
            9.193753,40.631464,848.43
            9.193752,40.631439,848.51
            9.193731,40.631414,848.6
            9.193691,40.6314,848.78
            9.193641,40.631393,848.95
            9.193592,40.631394,849.1
            9.193544,40.631397,849.24
            9.193492,40.6314,849.38
            9.193428,40.631402,849.49
            9.193273,40.631393,849.86
            9.193134,40.631384,850.16
            9.193001,40.631377,850.46
            9.192774,40.631392,851.33
            9.192633,40.631427,851.87
            9.192517,40.631476,851.82
            9.192411,40.631535,851.66
            9.192206,40.631642,851.29
            9.19203,40.631692,850.87
            9.191976,40.631704,850.78
            9.191931,40.631711,850.71
            9.191881,40.631714,850.7
            9.191834,40.631712,850.76
            9.191789,40.631701,850.89
            9.191748,40.631684,851.05
            9.191713,40.631658,851.22
            9.191688,40.631635,851.37
            9.191655,40.631602,851.5
            9.191604,40.631568,851.59
            9.191523,40.631529,851.61
            9.191408,40.631496,851.49
            9.191267,40.631479,851.13
            9.191057,40.631453,850.36
            9.190829,40.631412,849.32
            9.190593,40.63138,848.22
            9.190361,40.631343,846.98
            9.190129,40.631307,845.78
            9.189897,40.63127,844.67
            9.189665,40.631234,843.65
            9.189432,40.631198,842.44
            9.1892,40.631164,840.94
            9.188965,40.631137,839.37
            9.188753,40.631125,838.12
            9.18858,40.631143,837.34
            9.188443,40.631185,836.93
            9.188321,40.631248,836.71
            9.188206,40.63132,836.56
            9.18812,40.631369,836.48
            9.188022,40.631404,836.34
            9.187918,40.631426,836.18
            9.187815,40.631453,836.07
            9.187597,40.63152,835.92
            9.187386,40.631583,835.6
            9.187341,40.631592,835.5
            9.187294,40.631596,835.39
            9.187247,40.631591,835.27
            9.187204,40.631578,835.15
            9.187163,40.631559,835.04
            9.187125,40.631537,834.92
            9.187089,40.631515,834.77
            9.187053,40.631491,834.6
            9.187016,40.631468,834.43
            9.18698,40.631445,834.24
            9.1868,40.631328,833.15
            9.186621,40.631211,831.89
            9.186452,40.631086,830.59
            9.186303,40.630949,829.29
            9.18616,40.630806,828.2
            9.186025,40.630658,827.19
            9.186,40.630628,826.96
            9.185973,40.630598,826.74
            9.185939,40.630574,826.53
            9.185895,40.630566,826.38
            9.18585,40.630576,826.3
            9.185809,40.630594,826.27
            9.185769,40.630613,826.26
            9.185727,40.63063,826.28
            9.185685,40.630647,826.31
            9.185643,40.630663,826.34
            9.185434,40.630747,826.35
            9.185238,40.630849,826.71
            9.1852,40.63087,826.84
            9.185163,40.630892,826.99
            9.185125,40.630914,827.14
            9.185083,40.63093,827.25
            9.185037,40.630935,827.28
            9.184991,40.630927,827.25
            9.18495,40.63091,827.16
            9.184912,40.630888,827.05
            9.184875,40.630865,826.94
            9.184839,40.630842,826.83
            9.184803,40.630819,826.73
            9.184768,40.630795,826.64
            9.184599,40.630682,826.28
            9.184514,40.630609,826.16
            9.184487,40.630579,826.1
            9.184468,40.630547,826.04
            9.184455,40.630512,825.99
            9.184449,40.630476,825.94
            9.184449,40.630441,825.9
            9.184456,40.630405,825.87
            9.184467,40.63037,825.84
            9.18448,40.630335,825.82
            9.184499,40.63028,825.78
            9.184517,40.630223,825.76
            9.184566,40.630048,825.67
            9.184596,40.629869,824.92
            9.184611,40.62969,823.93
            9.184603,40.62951,822.48
            9.184577,40.629331,820.62
            9.184543,40.629153,818.82
            9.184502,40.629023,816.45
            9.184435,40.62892,814.39
            9.184345,40.628828,812.82
            9.184261,40.628733,811.48
            9.184157,40.628572,808.82
            9.184048,40.628432,806.62
            9.183919,40.628303,804.61
            9.183768,40.628171,802.82
            9.183604,40.628042,800.61
            9.183429,40.627926,798.85
            9.183337,40.627873,798.13
            9.183235,40.62783,797.4
            9.183123,40.62781,796.75
            9.183007,40.627804,796.16
            9.182874,40.627799,795.72
            9.182637,40.627787,794.89
            9.182403,40.627762,794.28
            9.182171,40.627724,793.68
            9.181939,40.627687,793.03
            9.181706,40.627654,793.15
            9.181473,40.627621,794.18
            9.181241,40.627585,794.65
            9.181195,40.627577,794.75
            9.181149,40.627567,794.93
            9.181105,40.627555,795.32
            9.181063,40.627538,795.84
            9.181026,40.627516,796.34
            9.180996,40.627488,796.76
            9.180974,40.627456,797.05
            9.180959,40.627422,797.18
            9.180947,40.627387,797.2
            9.180941,40.627352,797.18
            9.18094,40.627316,797.1
            9.180945,40.62728,796.93
            9.180962,40.627202,796.45
            9.181015,40.627098,795.23
            9.181104,40.626987,793.31
            9.18121,40.626873,791.8
            9.181348,40.626726,791.25
            9.181486,40.62658,791.82
            9.181628,40.626436,791.59
            9.181781,40.626299,791.75
            9.181813,40.626272,791.66
            9.181845,40.626246,791.54
            9.181877,40.626219,791.44
            9.181906,40.626191,791.4
            9.181928,40.626159,791.42
            9.181942,40.626125,791.45
            9.181945,40.626089,791.5
            9.181938,40.626054,791.64
            9.181921,40.626021,791.89
            9.181897,40.62599,792.17
            9.181869,40.62596,792.49
            9.18184,40.625933,792.94
            9.181807,40.625907,793.61
            9.181772,40.625882,794.37
            9.181737,40.625858,795.12
            9.181606,40.625773,797.54
            9.181424,40.625657,800.08
            9.181237,40.625547,802.3
            9.181042,40.625445,803.75
            9.180851,40.625365,804.37
            9.180649,40.625302,804.62
            9.180426,40.625242,804.78
            9.180204,40.625188,804.72
            9.180158,40.62518,804.64
            9.180111,40.625177,804.51
            9.180064,40.625181,804.27
            9.180022,40.625197,803.99
            9.179987,40.625221,803.75
            9.179957,40.625248,803.52
            9.179928,40.625277,803.25
            9.179898,40.625305,802.89
            9.179868,40.625333,802.51
            9.17971,40.625467,800.63
            9.179547,40.625597,798.71
            9.179379,40.625724,796.22
            9.179212,40.625852,793.89
            9.179053,40.625985,792.69
            9.178908,40.626127,791.96
            9.178773,40.626275,791.16
            9.178653,40.62643,790.31
            9.178554,40.626593,789.48
            9.178468,40.626761,788.64
            9.17838,40.626928,787.58
            9.178284,40.627092,786.38
            9.178181,40.627254,784.7
            9.178074,40.627415,783.04
            9.177987,40.627568,781.8
            9.177935,40.62773,780.64
            9.177892,40.627894,779.41
            9.177841,40.628069,777.73
            9.177785,40.628244,776.29
            9.177721,40.628417,775.74
            9.177656,40.62859,775.56
            9.177621,40.628719,775.54
            9.177617,40.628785,775.74
            9.177632,40.628849,776.2
            9.177664,40.62891,776.77
            9.177705,40.628968,777.38
            9.177778,40.629065,778.22
            9.177898,40.62922,779.55
            9.178024,40.629373,781.01
            9.178153,40.629523,781.95
            9.178282,40.629674,782.27
            9.178375,40.629795,782.26
            9.178441,40.629924,782.39
            9.178467,40.630063,782.64
            9.178487,40.63021,782.66
            9.178519,40.630388,782.13
            9.178545,40.630567,781
            9.178549,40.630707,779.76
            9.178532,40.630789,778.87
            9.178489,40.630865,777.98
            9.178428,40.630934,777.17
            9.178354,40.630994,776.56
            9.17824,40.631072,775.96
            9.17806,40.631189,775.02
            9.177874,40.6313,774.26
            9.177681,40.631404,773.9
            9.177476,40.631494,773.54
            9.177264,40.631575,773.23
            9.177049,40.631651,773.16
            9.17683,40.63172,773.1
            9.176608,40.631781,772.99
            9.176382,40.631835,772.69
            9.176151,40.631875,772.2
            9.175917,40.631904,771.83
            9.175684,40.631935,771.64
            9.175452,40.631974,771.62
            9.175398,40.631986,771.64
            9.175344,40.631999,771.64
            9.175296,40.632021,771.62
            9.175255,40.63205,771.51
            9.175218,40.632083,771.39
            9.175184,40.632117,771.26
            9.175149,40.632151,771.18
            9.175086,40.632216,771.14
            9.174947,40.632362,771.38
            9.17481,40.632508,772.2
            9.174673,40.632655,773.5
            9.174645,40.632684,773.83
            9.174617,40.632713,774.19
            9.174588,40.632741,774.62
            9.174553,40.632765,775.07
            9.174509,40.632776,775.39
            9.174466,40.632765,775.42
            9.174434,40.632738,775.17
            9.174412,40.632707,774.82
            9.174394,40.632673,774.45
            9.17438,40.632639,774.06
            9.174367,40.632604,773.63
            9.174356,40.63257,773.18
            9.17432,40.632444,771.53
            9.174279,40.632267,769.14
            9.174263,40.6321,766.82
            9.174271,40.631931,764.65
            9.17429,40.631752,762.85
            9.174308,40.631573,761.67
            9.174314,40.631426,761.04
            9.174311,40.631375,760.83
            9.174296,40.631324,760.48
            9.174269,40.631276,759.93
            9.174231,40.631233,759.16
            9.174186,40.631194,758.25
            9.174136,40.631159,757.25
            9.174057,40.631109,755.61
            9.173907,40.631013,752.27
            9.173734,40.63089,748.08
            9.173578,40.630755,744.02
            9.173519,40.630699,742.43
            9.173492,40.630669,741.7
            9.173471,40.630637,741.07
            9.173459,40.630602,740.54
            9.173457,40.630567,740.19
            9.173466,40.630531,740.05
            9.173482,40.630498,740.03
            9.173503,40.630465,740.03
            9.173526,40.630434,740.04
            9.173551,40.630403,740.07
            9.173587,40.63036,739.99
            9.173624,40.630318,739.64
            9.173761,40.630171,738.42
            9.17391,40.630032,737.3
            9.174071,40.6299,735.97
            9.174232,40.629767,734.45
            9.174386,40.629631,732.99
            9.174527,40.629487,731.39
            9.174646,40.629332,729.6
            9.174734,40.629165,727.9
            9.174819,40.628997,726.48
            9.174913,40.628871,726.46
            9.175037,40.62876,727.83
            9.175193,40.628647,730.48
            9.175226,40.628622,731.18
            9.175254,40.628593,731.78
            9.175271,40.62856,732.11
            9.175271,40.628524,732.05
            9.175255,40.628491,731.61
            9.175228,40.628461,730.92
            9.175197,40.628434,730.12
            9.175165,40.628408,729.34
            9.175133,40.628381,728.68
            9.175074,40.628329,727.75
            9.175016,40.628276,727.08
            9.174865,40.628138,725.69
            9.174833,40.628111,725.57
            9.174799,40.628087,725.36
            9.174759,40.628068,725.01
            9.174715,40.628055,724.48
            9.174668,40.628048,723.8
            9.174621,40.628046,723.04
            9.174574,40.628046,722.25
            9.174526,40.628047,721.43
            9.174479,40.628049,720.62
            9.174321,40.628058,717.52
            9.174085,40.628078,712.94
            9.17385,40.628102,708.69
            9.173616,40.628127,704.7
            9.173381,40.628156,700.53
            9.173151,40.628196,696.19
            9.172924,40.628248,691.65
            9.172697,40.6283,687.13
            9.172481,40.628334,683.12
            9.172279,40.628345,679.9
            9.172077,40.628333,677.16
            9.17188,40.628298,675.04
            9.171727,40.628277,673.32
            9.171573,40.628284,670.85
            9.171422,40.628312,668.08
            9.171247,40.628338,665
            9.171041,40.628345,661.63
            9.170835,40.628332,658.6
            9.1706,40.628308,655.24
            9.170366,40.62828,651.94
            9.170134,40.628244,648.75
            9.169903,40.628204,645.64
            9.169672,40.628162,642.33
            9.169441,40.628121,639.38
            9.16921,40.628082,636.51
            9.168978,40.628046,633.45
            9.168746,40.628011,630.35
            9.168514,40.627973,627.52
            9.168284,40.627929,624.71
            9.168064,40.627878,622.08
            9.16792,40.62782,620.8
            9.167793,40.627743,620.29
            9.167697,40.627689,619.91
            9.167593,40.627644,619.3
            9.167479,40.627616,618.48
            9.167361,40.627603,617.46
            9.167159,40.627592,615.51
            9.166924,40.627576,613.5
            9.166689,40.627551,611.85
            9.166476,40.627504,610.78
            9.166271,40.627439,609.88
            9.166057,40.627366,608.9
            9.165845,40.627287,608.11
            9.165642,40.627194,607.22
            9.165477,40.627096,606.57
            9.165327,40.626986,606.15
            9.165171,40.626859,605.99
            9.165016,40.626725,606.18
            9.164893,40.626641,605.7
            9.164746,40.626584,604.12
            9.164588,40.626546,602.04
            9.164394,40.626497,599.62
            9.164173,40.626431,597.55
            9.163959,40.626353,595.79
            9.163757,40.62626,594.5
            9.16356,40.62616,593.88
            9.16336,40.626062,593.59
            9.163237,40.62601,593.23
            9.163125,40.625977,592.6
            9.163006,40.625967,591.57
            9.162886,40.625972,590.38
            9.162766,40.62597,589.37
            9.162571,40.625943,588.12
            9.162386,40.625885,587.58
            9.162197,40.625825,586.78
            9.162001,40.62578,585.49
            9.161803,40.625738,584.08
            9.161577,40.625684,582.69
            9.161351,40.62563,581.59
            9.161125,40.625574,580.43
            9.160899,40.625522,578.66
            9.160669,40.625477,576.44
            9.160439,40.625435,574.14
            9.160208,40.625395,572.06
            9.159977,40.625353,570.17
            9.159749,40.625305,568.1
            9.159527,40.625243,566.12
            9.15931,40.625172,564.63
            9.159095,40.625096,563.42
            9.158883,40.625017,561.97
            9.158666,40.624944,560.17
            9.158442,40.624886,558.22
            9.158214,40.624838,556.14
            9.157988,40.624785,554.02
            9.157871,40.624756,552.94
            9.157826,40.624743,552.55
            9.157785,40.624725,552.18
            9.157754,40.624699,551.96
            9.157734,40.624666,551.9
            9.157718,40.624632,551.91
            9.157702,40.624598,551.93
            9.157686,40.624564,551.95
            9.157653,40.624499,551.95
          </coordinates>
        </LineString>
      </Placemark>
      <Placemark>
        <name>FINISH</name>
        <description>Km: 23.23</description>
        <styleUrl>#icon-1899-DB4436</styleUrl>
        <Point>
          <coordinates>
            9.157652,40.624498,0
          </coordinates>
        </Point>
      </Placemark>
    </Folder>
    <Folder>
      <name>TXT</name>
      <Placemark>
        <name>SS4/7</name>
        <styleUrl>#poly-F9F9F9-1200-255-nodesc</styleUrl>
        <MultiGeometry>
          <Polygon>
            <outerBoundaryIs>
              <LinearRing>
                <tessellate>1</tessellate>
                <coordinates>
                  9.213128,40.676621,0
                  9.213128,40.677115,0
                  9.212436,40.677158,0
                  9.211765,40.677254,0
                  9.211121,40.6774,0
                  9.210506,40.677594,0
                  9.209925,40.677832,0
                  9.209381,40.678113,0
                  9.208879,40.678432,0
                  9.20842,40.678787,0
                  9.208011,40.679176,0
                  9.207653,40.679595,0
                  9.207352,40.680042,0
                  9.20711,40.680513,0
                  9.206932,40.681006,0
                  9.206821,40.681519,0
                  9.206781,40.682047,0
                  9.20613,40.682047,0
                  9.206174,40.681465,0
                  9.206296,40.6809,0
                  9.206492,40.680357,0
                  9.206759,40.679837,0
                  9.207091,40.679345,0
                  9.207485,40.678884,0
                  9.207937,40.678456,0
                  9.208442,40.678065,0
                  9.208997,40.677714,0
                  9.209596,40.677406,0
                  9.210237,40.677144,0
                  9.210915,40.676931,0
                  9.211625,40.676771,0
                  9.212365,40.676667,0
                  9.213128,40.676621,0
                </coordinates>
              </LinearRing>
            </outerBoundaryIs>
          </Polygon>
          <Polygon>
            <outerBoundaryIs>
              <LinearRing>
                <tessellate>1</tessellate>
                <coordinates>
                  9.220507,40.682047,0
                  9.219856,40.682047,0
                  9.219816,40.68152,0
                  9.219705,40.681009,0
                  9.219528,40.680517,0
                  9.219288,40.680047,0
                  9.218988,40.679601,0
                  9.218632,40.679183,0
                  9.218225,40.678795,0
                  9.217769,40.67844,0
                  9.217269,40.67812,0
                  9.216728,40.67784,0
                  9.216149,40.677601,0
                  9.215537,40.677406,0
                  9.214896,40.677259,0
                  9.214229,40.677161,0
                  9.213539,40.677116,0
                  9.213539,40.676622,0
                  9.2143,40.67667,0
                  9.215036,40.676776,0
                  9.215743,40.676937,0
                  9.216418,40.677151,0
                  9.217056,40.677413,0
                  9.217653,40.677722,0
                  9.218205,40.678073,0
                  9.218708,40.678464,0
                  9.219158,40.678891,0
                  9.21955,40.679352,0
                  9.219881,40.679843,0
                  9.220146,40.680361,0
                  9.220342,40.680903,0
                  9.220463,40.681466,0
                  9.220507,40.682047,0
                </coordinates>
              </LinearRing>
            </outerBoundaryIs>
          </Polygon>
          <Polygon>
            <outerBoundaryIs>
              <LinearRing>
                <tessellate>1</tessellate>
                <coordinates>
                  9.229158,40.68752,0
                  9.229158,40.687026,0
                  9.229838,40.686983,0
                  9.230496,40.686889,0
                  9.23113,40.686747,0
                  9.231735,40.686558,0
                  9.232307,40.686327,0
                  9.232844,40.686055,0
                  9.233342,40.685745,0
                  9.233797,40.6854,0
                  9.234206,40.685022,0
                  9.234565,40.684615,0
                  9.23487,40.684181,0
                  9.235119,40.683722,0
                  9.235307,40.683242,0
                  9.23543,40.682742,0
                  9.235487,40.682227,0
                  9.236139,40.682227,0
                  9.236078,40.682796,0
                  9.235943,40.683348,0
                  9.235737,40.683878,0
                  9.235464,40.684385,0
                  9.235127,40.684864,0
                  9.234732,40.685314,0
                  9.234281,40.685731,0
                  9.233779,40.686111,0
                  9.233229,40.686453,0
                  9.232636,40.686753,0
                  9.232004,40.687008,0
                  9.231336,40.687216,0
                  9.230636,40.687372,0
                  9.229909,40.687474,0
                  9.229158,40.68752,0
                </coordinates>
              </LinearRing>
            </outerBoundaryIs>
          </Polygon>
          <Polygon>
            <outerBoundaryIs>
              <LinearRing>
                <tessellate>1</tessellate>
                <coordinates>
                  9.236139,40.681915,0
                  9.235487,40.681915,0
                  9.23543,40.681399,0
                  9.235306,40.6809,0
                  9.235118,40.68042,0
                  9.23487,40.679961,0
                  9.234565,40.679527,0
                  9.234206,40.679119,0
                  9.233797,40.678742,0
                  9.233342,40.678397,0
                  9.232844,40.678087,0
                  9.232307,40.677815,0
                  9.231734,40.677583,0
                  9.23113,40.677395,0
                  9.230496,40.677252,0
                  9.229838,40.677158,0
                  9.229158,40.677116,0
                  9.229158,40.676621,0
                  9.229909,40.676667,0
                  9.230636,40.676769,0
                  9.231336,40.676926,0
                  9.232004,40.677133,0
                  9.232636,40.677388,0
                  9.233229,40.677688,0
                  9.233778,40.67803,0
                  9.234281,40.678411,0
                  9.234732,40.678828,0
                  9.235127,40.679277,0
                  9.235464,40.679757,0
                  9.235737,40.680264,0
                  9.235943,40.680794,0
                  9.236078,40.681346,0
                  9.236139,40.681915,0
                </coordinates>
              </LinearRing>
            </outerBoundaryIs>
          </Polygon>
          <Polygon>
            <outerBoundaryIs>
              <LinearRing>
                <tessellate>1</tessellate>
                <coordinates>
                  9.228747,40.676621,0
                  9.228747,40.677116,0
                  9.228067,40.677158,0
                  9.227409,40.677252,0
                  9.226776,40.677395,0
                  9.226171,40.677583,0
                  9.225598,40.677815,0
                  9.225061,40.678087,0
                  9.224563,40.678397,0
                  9.224108,40.678742,0
                  9.223699,40.67912,0
                  9.223341,40.679527,0
                  9.223035,40.679961,0
                  9.222787,40.68042,0
                  9.222599,40.6809,0
                  9.222475,40.6814,0
                  9.222419,40.681915,0
                  9.221767,40.681915,0
                  9.221827,40.681346,0
                  9.221962,40.680794,0
                  9.222168,40.680264,0
                  9.222442,40.679757,0
                  9.222778,40.679277,0
                  9.223174,40.678828,0
                  9.223625,40.678411,0
                  9.224127,40.67803,0
                  9.224676,40.677688,0
                  9.225269,40.677388,0
                  9.225902,40.677133,0
                  9.22657,40.676926,0
                  9.227269,40.676769,0
                  9.227996,40.676667,0
                  9.228747,40.676621,0
                </coordinates>
              </LinearRing>
            </outerBoundaryIs>
          </Polygon>
          <Polygon>
            <outerBoundaryIs>
              <LinearRing>
                <tessellate>1</tessellate>
                <coordinates>
                  9.221767,40.682227,0
                  9.222419,40.682227,0
                  9.222475,40.682742,0
                  9.222599,40.683242,0
                  9.222787,40.683722,0
                  9.223035,40.68418,0
                  9.223341,40.684615,0
                  9.223699,40.685022,0
                  9.224108,40.685399,0
                  9.224563,40.685744,0
                  9.225061,40.686054,0
                  9.225598,40.686327,0
                  9.226171,40.686558,0
                  9.226776,40.686747,0
                  9.227409,40.686889,0
                  9.228067,40.686983,0
                  9.228747,40.687026,0
                  9.228747,40.68752,0
                  9.227996,40.687474,0
                  9.227269,40.687372,0
                  9.22657,40.687216,0
                  9.225902,40.687008,0
                  9.225269,40.686753,0
                  9.224676,40.686453,0
                  9.224127,40.686111,0
                  9.223624,40.685731,0
                  9.223173,40.685314,0
                  9.222778,40.684864,0
                  9.222441,40.684385,0
                  9.222168,40.683878,0
                  9.221962,40.683348,0
                  9.221827,40.682796,0
                  9.221767,40.682227,0
                </coordinates>
              </LinearRing>
            </outerBoundaryIs>
          </Polygon>
          <Polygon>
            <outerBoundaryIs>
              <LinearRing>
                <tessellate>1</tessellate>
                <coordinates>
                  9.20614,40.682359,0
                  9.206792,40.682359,0
                  9.206864,40.682863,0
                  9.207001,40.68335,0
                  9.207199,40.683819,0
                  9.207455,40.684266,0
                  9.207766,40.684689,0
                  9.208128,40.685085,0
                  9.208537,40.685452,0
                  9.208991,40.685787,0
                  9.209486,40.686088,0
                  9.210019,40.686352,0
                  9.210586,40.686576,0
                  9.211184,40.686758,0
                  9.211809,40.686895,0
                  9.212458,40.686986,0
                  9.213128,40.687026,0
                  9.213128,40.68752,0
                  9.212387,40.687477,0
                  9.211669,40.687378,0
                  9.210978,40.687227,0
                  9.210317,40.687026,0
                  9.20969,40.686778,0
                  9.209102,40.686486,0
                  9.208555,40.686154,0
                  9.208054,40.685783,0
                  9.207602,40.685377,0
                  9.207203,40.684938,0
                  9.206861,40.68447,0
                  9.20658,40.683975,0
                  9.206364,40.683456,0
                  9.206216,40.682917,0
                  9.20614,40.682359,0
                </coordinates>
              </LinearRing>
            </outerBoundaryIs>
          </Polygon>
          <Polygon>
            <outerBoundaryIs>
              <LinearRing>
                <tessellate>1</tessellate>
                <coordinates>
                  9.213539,40.68752,0
                  9.213538,40.68752,0
                  9.213538,40.687025,0
                  9.214206,40.686983,0
                  9.214852,40.686891,0
                  9.215474,40.686752,0
                  9.216069,40.686569,0
                  9.216633,40.686344,0
                  9.217164,40.68608,0
                  9.217656,40.685779,0
                  9.218108,40.685444,0
                  9.218515,40.685078,0
                  9.218875,40.684682,0
                  9.219184,40.68426,0
                  9.219439,40.683815,0
                  9.219636,40.683347,0
                  9.219772,40.682861,0
                  9.219844,40.682359,0
                  9.220497,40.682359,0
                  9.220421,40.682915,0
                  9.220274,40.683453,0
                  9.220058,40.683971,0
                  9.219779,40.684465,0
                  9.219439,40.684932,0
                  9.219042,40.68537,0
                  9.218592,40.685776,0
                  9.218093,40.686146,0
                  9.217549,40.686479,0
                  9.216963,40.686771,0
                  9.216339,40.687019,0
                  9.215681,40.687221,0
                  9.214992,40.687374,0
                  9.214277,40.687474,0
                  9.213539,40.68752,0
                </coordinates>
              </LinearRing>
            </outerBoundaryIs>
          </Polygon>
          <Polygon>
            <outerBoundaryIs>
              <LinearRing>
                <tessellate>1</tessellate>
                <coordinates>
                  9.231088,40.684864,0
                  9.231089,40.684864,0
                  9.231089,40.684888,0
                  9.231089,40.684912,0
                  9.231089,40.684935,0
                  9.231088,40.684958,0
                  9.231088,40.68498,0
                  9.231087,40.685001,0
                  9.231086,40.685021,0
                  9.231085,40.685041,0
                  9.231083,40.68506,0
                  9.231082,40.685079,0
                  9.23108,40.685097,0
                  9.231079,40.685114,0
                  9.231077,40.685131,0
                  9.231075,40.685147,0
                  9.231073,40.685163,0
                  9.23107,40.685178,0
                  9.231067,40.685192,0
                  9.231065,40.685206,0
                  9.231062,40.68522,0
                  9.231059,40.685233,0
                  9.231056,40.685246,0
                  9.231053,40.685258,0
                  9.231049,40.68527,0
                  9.231046,40.685281,0
                  9.231042,40.685292,0
                  9.231038,40.685302,0
                  9.231034,40.685312,0
                  9.23103,40.685322,0
                  9.231025,40.685331,0
                  9.231021,40.685339,0
                  9.231016,40.685347,0
                  9.231011,40.685355,0
                  9.231006,40.685362,0
                  9.231,40.685369,0
                  9.230995,40.685375,0
                  9.230989,40.685382,0
                  9.230983,40.685387,0
                  9.230977,40.685393,0
                  9.23097,40.685397,0
                  9.230964,40.685402,0
                  9.230957,40.685406,0
                  9.23095,40.68541,0
                  9.230943,40.685413,0
                  9.230935,40.685416,0
                  9.230927,40.685419,0
                  9.230919,40.685421,0
                  9.230911,40.685424,0
                  9.230903,40.685426,0
                  9.230894,40.685427,0
                  9.230886,40.685429,0
                  9.230876,40.685431,0
                  9.230867,40.685432,0
                  9.230857,40.685433,0
                  9.230847,40.685434,0
                  9.230837,40.685435,0
                  9.230826,40.685435,0
                  9.230815,40.685436,0
                  9.230804,40.685436,0
                  9.230793,40.685437,0
                  9.230781,40.685437,0
                  9.227023,40.685437,0
                  9.227017,40.685436,0
                  9.227011,40.685436,0
                  9.227005,40.685435,0
                  9.226999,40.685434,0
                  9.226993,40.685433,0
                  9.226987,40.685431,0
                  9.226981,40.68543,0
                  9.226975,40.685427,0
                  9.22697,40.685425,0
                  9.226964,40.685422,0
                  9.226959,40.685419,0
                  9.226954,40.685416,0
                  9.226948,40.685413,0
                  9.226943,40.685409,0
                  9.226938,40.685405,0
                  9.226933,40.685401,0
                  9.226929,40.685396,0
                  9.226924,40.685391,0
                  9.226919,40.685386,0
                  9.226915,40.68538,0
                  9.22691,40.685374,0
                  9.226906,40.685368,0
                  9.226902,40.685361,0
                  9.226898,40.685353,0
                  9.226894,40.685346,0
                  9.22689,40.685338,0
                  9.226886,40.685329,0
                  9.226882,40.685321,0
                  9.226878,40.685312,0
                  9.226875,40.685302,0
                  9.226871,40.685293,0
                  9.226868,40.685282,0
                  9.226865,40.685272,0
                  9.226861,40.685261,0
                  9.226858,40.68525,0
                  9.226855,40.685238,0
                  9.226852,40.685227,0
                  9.22685,40.685214,0
                  9.226847,40.685202,0
                  9.226844,40.685189,0
                  9.226842,40.685175,0
                  9.22684,40.685162,0
                  9.226837,40.685148,0
                  9.226835,40.685133,0
                  9.226833,40.685119,0
                  9.226831,40.685104,0
                  9.22683,40.685089,0
                  9.226828,40.685073,0
                  9.226826,40.685057,0
                  9.226825,40.68504,0
                  9.226824,40.685023,0
                  9.226823,40.685006,0
                  9.226822,40.684988,0
                  9.226821,40.68497,0
                  9.22682,40.684952,0
                  9.226819,40.684933,0
                  9.226819,40.684913,0
                  9.226818,40.684894,0
                  9.226818,40.684874,0
                  9.226818,40.684853,0
                  9.226818,40.684813,0
                  9.226819,40.684774,0
                  9.22682,40.684736,0
                  9.226822,40.6847,0
                  9.226824,40.684665,0
                  9.226826,40.684632,0
                  9.226829,40.684601,0
                  9.226833,40.684571,0
                  9.226837,40.684542,0
                  9.226841,40.684515,0
                  9.226846,40.684489,0
                  9.226851,40.684465,0
                  9.226857,40.684442,0
                  9.226863,40.684421,0
                  9.22687,40.684401,0
                  9.226877,40.684383,0
                  9.226884,40.684366,0
                  9.226892,40.684351,0
                  9.226901,40.684336,0
                  9.22691,40.684323,0
                  9.226919,40.684311,0
                  9.226929,40.6843,0
                  9.226939,40.684291,0
                  9.22695,40.684283,0
                  9.226961,40.684276,0
                  9.226972,40.68427,0
                  9.226984,40.684266,0
                  9.226997,40.684262,0
                  9.22701,40.684261,0
                  9.227024,40.68426,0
                  9.229679,40.68426,0
                  9.227449,40.679027,0
                  9.227444,40.679015,0
                  9.227439,40.679004,0
                  9.227435,40.678993,0
                  9.227431,40.678982,0
                  9.227427,40.678972,0
                  9.227424,40.678961,0
                  9.227422,40.678951,0
                  9.22742,40.678941,0
                  9.227418,40.678932,0
                  9.227416,40.678922,0
                  9.227415,40.678913,0
                  9.227415,40.678904,0
                  9.227415,40.678895,0
                  9.227415,40.678887,0
                  9.227415,40.678879,0
                  9.227416,40.678871,0
                  9.227417,40.678863,0
                  9.227419,40.678856,0
                  9.227422,40.678849,0
                  9.227425,40.678842,0
                  9.227429,40.678835,0
                  9.227433,40.678828,0
                  9.227439,40.678822,0
                  9.227444,40.678815,0
                  9.22745,40.678809,0
                  9.227457,40.678803,0
                  9.227465,40.678798,0
                  9.227473,40.678792,0
                  9.227481,40.678787,0
                  9.22749,40.678782,0
                  9.2275,40.678776,0
                  9.22751,40.678771,0
                  9.227522,40.678767,0
                  9.227534,40.678762,0
                  9.227546,40.678758,0
                  9.22756,40.678753,0
                  9.227574,40.678749,0
                  9.227589,40.678745,0
                  9.227604,40.678742,0
                  9.22762,40.678738,0
                  9.227637,40.678735,0
                  9.227655,40.678732,0
                  9.227673,40.678729,0
                  9.227692,40.678726,0
                  9.227712,40.678723,0
                  9.227733,40.678721,0
                  9.227754,40.678719,0
                  9.227777,40.678717,0
                  9.227801,40.678715,0
                  9.227825,40.678713,0
                  9.227851,40.678712,0
                  9.227877,40.678711,0
                  9.227904,40.67871,0
                  9.227933,40.678709,0
                  9.227962,40.678708,0
                  9.227992,40.678707,0
                  9.228023,40.678707,0
                  9.228055,40.678706,0
                  9.228088,40.678706,0
                  9.228122,40.678706,0
                  9.228147,40.678706,0
                  9.228171,40.678706,0
                  9.228195,40.678706,0
                  9.228219,40.678706,0
                  9.228242,40.678707,0
                  9.228264,40.678707,0
                  9.228286,40.678707,0
                  9.228308,40.678708,0
                  9.228328,40.678708,0
                  9.228349,40.678709,0
                  9.228368,40.678709,0
                  9.228388,40.67871,0
                  9.228406,40.678711,0
                  9.228424,40.678712,0
                  9.228442,40.678713,0
                  9.228459,40.678714,0
                  9.228475,40.678715,0
                  9.228491,40.678717,0
                  9.228507,40.678718,0
                  9.228522,40.67872,0
                  9.228537,40.678722,0
                  9.228552,40.678724,0
                  9.228566,40.678726,0
                  9.22858,40.678728,0
                  9.228593,40.678731,0
                  9.228606,40.678733,0
                  9.228619,40.678736,0
                  9.228631,40.678739,0
                  9.228642,40.678742,0
                  9.228654,40.678745,0
                  9.228665,40.678748,0
                  9.228675,40.678751,0
                  9.228685,40.678755,0
                  9.228695,40.678759,0
                  9.228705,40.678762,0
                  9.228714,40.678766,0
                  9.228723,40.678771,0
                  9.228732,40.678775,0
                  9.22874,40.678779,0
                  9.228748,40.678784,0
                  9.228756,40.678789,0
                  9.228763,40.678794,0
                  9.22877,40.678799,0
                  9.228777,40.678804,0
                  9.228784,40.67881,0
                  9.22879,40.678815,0
                  9.228795,40.678821,0
                  9.228801,40.678827,0
                  9.228806,40.678833,0
                  9.228812,40.67884,0
                  9.228817,40.678847,0
                  9.228822,40.678854,0
                  9.228827,40.678861,0
                  9.228832,40.678868,0
                  9.228837,40.678876,0
                  9.228841,40.678884,0
                  9.228846,40.678892,0
                  9.22885,40.6789,0
                  9.228854,40.678909,0
                  9.228859,40.678918,0
                  9.230937,40.684032,0
                  9.230942,40.684045,0
                  9.230947,40.684058,0
                  9.230952,40.684071,0
                  9.230957,40.684084,0
                  9.230962,40.684096,0
                  9.230967,40.684109,0
                  9.230972,40.684121,0
                  9.230976,40.684133,0
                  9.230981,40.684146,0
                  9.230985,40.684158,0
                  9.230989,40.684169,0
                  9.230993,40.684181,0
                  9.230997,40.684193,0
                  9.231001,40.684204,0
                  9.231005,40.684216,0
                  9.231009,40.684227,0
                  9.231013,40.684238,0
                  9.231017,40.68425,0
                  9.23102,40.684262,0
                  9.231024,40.684273,0
                  9.231027,40.684285,0
                  9.23103,40.684297,0
                  9.231033,40.684309,0
                  9.231036,40.684321,0
                  9.231039,40.684334,0
                  9.231042,40.684346,0
                  9.231044,40.684358,0
                  9.231047,40.684371,0
                  9.231049,40.684383,0
                  9.231052,40.684396,0
                  9.231054,40.684409,0
                  9.231056,40.684422,0
                  9.231058,40.684435,0
                  9.23106,40.684448,0
                  9.231062,40.684461,0
                  9.231064,40.684475,0
                  9.231066,40.684488,0
                  9.231068,40.684502,0
                  9.23107,40.684516,0
                  9.231071,40.68453,0
                  9.231073,40.684544,0
                  9.231074,40.684559,0
                  9.231076,40.684573,0
                  9.231077,40.684588,0
                  9.231078,40.684602,0
                  9.23108,40.684617,0
                  9.231081,40.684633,0
                  9.231082,40.684649,0
                  9.231083,40.684665,0
                  9.231084,40.684681,0
                  9.231085,40.684698,0
                  9.231085,40.684715,0
                  9.231086,40.684732,0
                  9.231087,40.68475,0
                  9.231087,40.684768,0
                  9.231087,40.684786,0
                  9.231088,40.684805,0
                  9.231088,40.684824,0
                  9.231088,40.684844,0
                  9.231088,40.684864,0
                </coordinates>
              </LinearRing>
            </outerBoundaryIs>
          </Polygon>
          <Polygon>
            <outerBoundaryIs>
              <LinearRing>
                <tessellate>1</tessellate>
                <coordinates>
                  9.213534,40.68011,0
                  9.213534,40.681201,0
                  9.212002,40.681201,0
                  9.213534,40.684037,0
                  9.213534,40.685435,0
                  9.213519,40.685434,0
                  9.213505,40.685433,0
                  9.213491,40.685431,0
                  9.213477,40.685429,0
                  9.213463,40.685428,0
                  9.21345,40.685426,0
                  9.213437,40.685424,0
                  9.213424,40.685423,0
                  9.213411,40.685421,0
                  9.213399,40.685419,0
                  9.213387,40.685417,0
                  9.213376,40.685414,0
                  9.213364,40.685412,0
                  9.213353,40.68541,0
                  9.213343,40.685408,0
                  9.213329,40.685405,0
                  9.213316,40.685401,0
                  9.213303,40.685398,0
                  9.21329,40.685395,0
                  9.213278,40.685391,0
                  9.213267,40.685388,0
                  9.213255,40.685384,0
                  9.213245,40.68538,0
                  9.213234,40.685377,0
                  9.213224,40.685373,0
                  9.213214,40.685369,0
                  9.213205,40.685365,0
                  9.213196,40.68536,0
                  9.213188,40.685356,0
                  9.21318,40.685351,0
                  9.213172,40.685347,0
                  9.213165,40.685342,0
                  9.213158,40.685337,0
                  9.213151,40.685332,0
                  9.213144,40.685327,0
                  9.213138,40.685322,0
                  9.213132,40.685317,0
                  9.213127,40.685311,0
                  9.213121,40.685306,0
                  9.213116,40.685301,0
                  9.213112,40.685295,0
                  9.213107,40.685289,0
                  9.213103,40.685284,0
                  9.213099,40.685278,0
                  9.213096,40.685272,0
                  9.211134,40.681604,0
                  9.211127,40.681591,0
                  9.211121,40.681578,0
                  9.211115,40.681565,0
                  9.211109,40.681553,0
                  9.211103,40.68154,0
                  9.211097,40.681527,0
                  9.211091,40.681515,0
                  9.211086,40.681503,0
                  9.21108,40.68149,0
                  9.211075,40.681478,0
                  9.21107,40.681466,0
                  9.211066,40.681454,0
                  9.211061,40.681442,0
                  9.211056,40.68143,0
                  9.211052,40.681419,0
                  9.211048,40.681407,0
                  9.211044,40.681395,0
                  9.21104,40.681382,0
                  9.211037,40.68137,0
                  9.211033,40.681358,0
                  9.21103,40.681346,0
                  9.211026,40.681333,0
                  9.211023,40.681321,0
                  9.21102,40.681308,0
                  9.211017,40.681296,0
                  9.211014,40.681283,0
                  9.211011,40.68127,0
                  9.211008,40.681257,0
                  9.211006,40.681244,0
                  9.211004,40.681231,0
                  9.211001,40.681218,0
                  9.210999,40.681205,0
                  9.210997,40.681191,0
                  9.210995,40.681177,0
                  9.210993,40.681163,0
                  9.210991,40.681149,0
                  9.21099,40.681134,0
                  9.210988,40.681119,0
                  9.210986,40.681105,0
                  9.210985,40.681089,0
                  9.210984,40.681074,0
                  9.210982,40.681058,0
                  9.210981,40.681043,0
                  9.21098,40.681027,0
                  9.210979,40.68101,0
                  9.210978,40.680994,0
                  9.210977,40.680977,0
                  9.210976,40.68096,0
                  9.210976,40.680942,0
                  9.210975,40.680924,0
                  9.210975,40.680906,0
                  9.210974,40.680887,0
                  9.210974,40.680868,0
                  9.210973,40.680849,0
                  9.210973,40.680829,0
                  9.210973,40.680808,0
                  9.210973,40.680787,0
                  9.210973,40.680766,0
                  9.210972,40.680745,0
                  9.210972,40.680723,0
                  9.210973,40.680696,0
                  9.210973,40.68067,0
                  9.210973,40.680644,0
                  9.210974,40.68062,0
                  9.210974,40.680596,0
                  9.210975,40.680573,0
                  9.210976,40.680551,0
                  9.210977,40.680529,0
                  9.210978,40.680508,0
                  9.21098,40.680488,0
                  9.210981,40.680468,0
                  9.210983,40.68045,0
                  9.210985,40.680432,0
                  9.210987,40.680414,0
                  9.210989,40.680398,0
                  9.210992,40.680382,0
                  9.210994,40.680366,0
                  9.210997,40.680351,0
                  9.211,40.680337,0
                  9.211003,40.680323,0
                  9.211006,40.680309,0
                  9.21101,40.680296,0
                  9.211013,40.680284,0
                  9.211017,40.680272,0
                  9.211021,40.68026,0
                  9.211025,40.680249,0
                  9.211029,40.680239,0
                  9.211034,40.680229,0
                  9.211038,40.680219,0
                  9.211043,40.68021,0
                  9.211048,40.680202,0
                  9.211053,40.680194,0
                  9.211058,40.680187,0
                  9.211064,40.680179,0
                  9.211069,40.680173,0
                  9.211075,40.680166,0
                  9.211081,40.68016,0
                  9.211087,40.680155,0
                  9.211093,40.68015,0
                  9.2111,40.680145,0
                  9.211106,40.68014,0
                  9.211113,40.680137,0
                  9.21112,40.680133,0
                  9.211127,40.68013,0
                  9.211135,40.680127,0
                  9.211142,40.680125,0
                  9.211149,40.680123,0
                  9.211156,40.680121,0
                  9.211164,40.680119,0
                  9.211172,40.680117,0
                  9.21118,40.680116,0
                  9.211188,40.680114,0
                  9.211196,40.680113,0
                  9.211204,40.680112,0
                  9.211213,40.680112,0
                  9.211221,40.680111,0
                  9.21123,40.68011,0
                  9.211238,40.68011,0
                  9.211247,40.68011,0
                  9.211256,40.68011,0
                  9.213534,40.68011,0
                </coordinates>
              </LinearRing>
            </outerBoundaryIs>
          </Polygon>
          <Polygon>
            <outerBoundaryIs>
              <LinearRing>
                <tessellate>1</tessellate>
                <coordinates>
                  9.215663,40.68065,0
                  9.215663,40.680689,0
                  9.215662,40.680727,0
                  9.215661,40.680762,0
                  9.215659,40.680797,0
                  9.215657,40.680829,0
                  9.215654,40.680861,0
                  9.215651,40.68089,0
                  9.215647,40.680919,0
                  9.215643,40.680945,0
                  9.215638,40.680971,0
                  9.215633,40.680994,0
                  9.215627,40.681017,0
                  9.215621,40.681037,0
                  9.215614,40.681057,0
                  9.215606,40.681074,0
                  9.215599,40.681091,0
                  9.215591,40.681106,0
                  9.215584,40.68112,0
                  9.215575,40.681133,0
                  9.215567,40.681145,0
                  9.215559,40.681156,0
                  9.21555,40.681165,0
                  9.215541,40.681174,0
                  9.215532,40.681181,0
                  9.215523,40.681188,0
                  9.215513,40.681193,0
                  9.215503,40.681197,0
                  9.215494,40.681199,0
                  9.215483,40.681201,0
                  9.215473,40.681202,0
                  9.214913,40.681202,0
                  9.214913,40.68523,0
                  9.214913,40.685237,0
                  9.214912,40.685245,0
                  9.214911,40.685252,0
                  9.214909,40.685259,0
                  9.214907,40.685266,0
                  9.214905,40.685273,0
                  9.214902,40.68528,0
                  9.214899,40.685286,0
                  9.214895,40.685293,0
                  9.214891,40.685299,0
                  9.214887,40.685305,0
                  9.214882,40.685311,0
                  9.214876,40.685317,0
                  9.214871,40.685323,0
                  9.214865,40.685329,0
                  9.214858,40.685334,0
                  9.21485,40.685339,0
                  9.214842,40.685344,0
                  9.214834,40.685349,0
                  9.214825,40.685354,0
                  9.214816,40.685359,0
                  9.214806,40.685364,0
                  9.214795,40.685369,0
                  9.214784,40.685373,0
                  9.214773,40.685378,0
                  9.214761,40.685382,0
                  9.214749,40.685386,0
                  9.214736,40.68539,0
                  9.214723,40.685394,0
                  9.214709,40.685398,0
                  9.214695,40.685402,0
                  9.21468,40.685405,0
                  9.214664,40.685409,0
                  9.214648,40.685412,0
                  9.214631,40.685415,0
                  9.214614,40.685419,0
                  9.214595,40.685422,0
                  9.214576,40.685424,0
                  9.214557,40.685427,0
                  9.214537,40.68543,0
                  9.214516,40.685432,0
                  9.214494,40.685434,0
                  9.214472,40.685436,0
                  9.214449,40.685438,0
                  9.214426,40.68544,0
                  9.214402,40.685442,0
                  9.214378,40.685443,0
                  9.214353,40.685445,0
                  9.214327,40.685446,0
                  9.214301,40.685447,0
                  9.214274,40.685448,0
                  9.214246,40.685449,0
                  9.214217,40.68545,0
                  9.214188,40.685451,0
                  9.214158,40.685451,0
                  9.214128,40.685452,0
                  9.214096,40.685452,0
                  9.214065,40.685452,0
                  9.214032,40.685452,0
                  9.213999,40.685452,0
                  9.213975,40.685452,0
                  9.213951,40.685452,0
                  9.213927,40.685452,0
                  9.213903,40.685452,0
                  9.21388,40.685452,0
                  9.213857,40.685451,0
                  9.213835,40.685451,0
                  9.213813,40.68545,0
                  9.213792,40.68545,0
                  9.21377,40.685449,0
                  9.21375,40.685449,0
                  9.213729,40.685448,0
                  9.213709,40.685447,0
                  9.21369,40.685446,0
                  9.213671,40.685445,0
                  9.213671,40.684276,0
                  9.213673,40.684276,0
                  9.213673,40.681202,0
                  9.213671,40.681202,0
                  9.213671,40.68011,0
                  9.213673,40.68011,0
                  9.213673,40.678896,0
                  9.213673,40.67889,0
                  9.213673,40.678883,0
                  9.213674,40.678876,0
                  9.213674,40.67887,0
                  9.213676,40.678864,0
                  9.213677,40.678858,0
                  9.213678,40.678852,0
                  9.21368,40.678846,0
                  9.213682,40.67884,0
                  9.213684,40.678834,0
                  9.213687,40.678828,0
                  9.213689,40.678822,0
                  9.213692,40.678817,0
                  9.213696,40.678811,0
                  9.213699,40.678806,0
                  9.213703,40.678801,0
                  9.213707,40.678796,0
                  9.213712,40.678791,0
                  9.213717,40.678786,0
                  9.213723,40.678781,0
                  9.213729,40.678777,0
                  9.213735,40.678772,0
                  9.213741,40.678768,0
                  9.213748,40.678764,0
                  9.213756,40.67876,0
                  9.213763,40.678756,0
                  9.213771,40.678752,0
                  9.21378,40.678748,0
                  9.213789,40.678744,0
                  9.213798,40.678741,0
                  9.213808,40.678738,0
                  9.213818,40.678735,0
                  9.213828,40.678731,0
                  9.213839,40.678728,0
                  9.213851,40.678726,0
                  9.213863,40.678723,0
                  9.213875,40.67872,0
                  9.213888,40.678717,0
                  9.213901,40.678715,0
                  9.213915,40.678712,0
                  9.213929,40.67871,0
                  9.213943,40.678708,0
                  9.213958,40.678706,0
                  9.213974,40.678704,0
                  9.213989,40.678702,0
                  9.214006,40.6787,0
                  9.214022,40.678699,0
                  9.21404,40.678697,0
                  9.214058,40.678696,0
                  9.214076,40.678695,0
                  9.214095,40.678694,0
                  9.214114,40.678693,0
                  9.214134,40.678692,0
                  9.214154,40.678692,0
                  9.214175,40.678691,0
                  9.214196,40.67869,0
                  9.214218,40.67869,0
                  9.21424,40.67869,0
                  9.214263,40.67869,0
                  9.214287,40.67869,0
                  9.214311,40.67869,0
                  9.214335,40.67869,0
                  9.214358,40.67869,0
                  9.214381,40.67869,0
                  9.214403,40.678691,0
                  9.214424,40.678692,0
                  9.214445,40.678692,0
                  9.214465,40.678693,0
                  9.214485,40.678694,0
                  9.214504,40.678695,0
                  9.214522,40.678696,0
                  9.21454,40.678697,0
                  9.214557,40.678699,0
                  9.214574,40.6787,0
                  9.21459,40.678702,0
                  9.214605,40.678704,0
                  9.21462,40.678706,0
                  9.214635,40.678708,0
                  9.214649,40.67871,0
                  9.214663,40.678712,0
                  9.214677,40.678715,0
                  9.21469,40.678717,0
                  9.214702,40.67872,0
                  9.214715,40.678723,0
                  9.214727,40.678726,0
                  9.214738,40.678729,0
                  9.21475,40.678732,0
                  9.214761,40.678735,0
                  9.214771,40.678738,0
                  9.214781,40.678741,0
                  9.214791,40.678744,0
                  9.2148,40.678748,0
                  9.214809,40.678752,0
                  9.214817,40.678756,0
                  9.214825,40.67876,0
                  9.214833,40.678764,0
                  9.21484,40.678768,0
                  9.214847,40.678772,0
                  9.214853,40.678777,0
                  9.214859,40.678781,0
                  9.214865,40.678786,0
                  9.21487,40.678791,0
                  9.214875,40.678796,0
                  9.214879,40.678801,0
                  9.214883,40.678806,0
                  9.214887,40.678811,0
                  9.214891,40.678817,0
                  9.214894,40.678822,0
                  9.214897,40.678828,0
                  9.2149,40.678834,0
                  9.214902,40.67884,0
                  9.214905,40.678846,0
                  9.214907,40.678852,0
                  9.214908,40.678858,0
                  9.21491,40.678864,0
                  9.214911,40.67887,0
                  9.214912,40.678876,0
                  9.214912,40.678883,0
                  9.214913,40.67889,0
                  9.214913,40.678896,0
                  9.214913,40.68011,0
                  9.215473,40.68011,0
                  9.215485,40.68011,0
                  9.215496,40.680112,0
                  9.215507,40.680115,0
                  9.215517,40.68012,0
                  9.215528,40.680125,0
                  9.215538,40.680132,0
                  9.215547,40.68014,0
                  9.215556,40.680149,0
                  9.215565,40.680159,0
                  9.215574,40.680171,0
                  9.215582,40.680184,0
                  9.21559,40.680198,0
                  9.215597,40.680213,0
                  9.215605,40.68023,0
                  9.215612,40.680248,0
                  9.215618,40.680266,0
                  9.215625,40.680287,0
                  9.21563,40.680308,0
                  9.215636,40.68033,0
                  9.215641,40.680354,0
                  9.215645,40.680378,0
                  9.215649,40.680404,0
                  9.215652,40.680431,0
                  9.215655,40.680459,0
                  9.215658,40.680488,0
                  9.21566,40.680518,0
                  9.215661,40.68055,0
                  9.215663,40.680582,0
                  9.215663,40.680616,0
                  9.215663,40.68065,0
                </coordinates>
              </LinearRing>
            </outerBoundaryIs>
          </Polygon>
        </MultiGeometry>
      </Placemark>
      <Placemark>
        <name>Altopiano</name>
        <styleUrl>#poly-F9F9F9-1200-255-nodesc</styleUrl>
        <MultiGeometry>
          <Polygon>
            <outerBoundaryIs>
              <LinearRing>
                <tessellate>1</tessellate>
                <coordinates>
                  9.258617,40.665225,0
                  9.258615,40.665244,0
                  9.258612,40.665263,0
                  9.258608,40.665281,0
                  9.258602,40.665298,0
                  9.258595,40.665315,0
                  9.258586,40.665331,0
                  9.258575,40.665346,0
                  9.258563,40.665361,0
                  9.25855,40.665375,0
                  9.258535,40.665389,0
                  9.258516,40.665404,0
                  9.258495,40.665418,0
                  9.258472,40.665431,0
                  9.258448,40.665441,0
                  9.258422,40.66545,0
                  9.258395,40.665458,0
                  9.258366,40.665463,0
                  9.258335,40.665467,0
                  9.258303,40.66547,0
                  9.258269,40.665471,0
                  9.258237,40.66547,0
                  9.258206,40.665467,0
                  9.258174,40.665463,0
                  9.258144,40.665458,0
                  9.258113,40.66545,0
                  9.258083,40.665441,0
                  9.258054,40.665431,0
                  9.258025,40.665418,0
                  9.257996,40.665404,0
                  9.257968,40.665389,0
                  9.257945,40.665375,0
                  9.257924,40.665361,0
                  9.257903,40.665346,0
                  9.257884,40.66533,0
                  9.257866,40.665314,0
                  9.257848,40.665297,0
                  9.257833,40.66528,0
                  9.257818,40.665262,0
                  9.257804,40.665244,0
                  9.257792,40.665225,0
                  9.256993,40.663909,0
                  9.257438,40.663909,0
                  9.257627,40.664227,0
                  9.258201,40.664227,0
                  9.258208,40.663909,0
                  9.258677,40.663909,0
                  9.258617,40.665225,0
                </coordinates>
              </LinearRing>
            </outerBoundaryIs>
            <innerBoundaryIs>
              <LinearRing>
                <tessellate>1</tessellate>
                <coordinates>
                  9.258193,40.664593,0
                  9.258193,40.664611,0
                  9.258193,40.664631,0
                  9.258192,40.664653,0
                  9.258191,40.664679,0
                  9.25819,40.664707,0
                  9.258189,40.664738,0
                  9.258187,40.664771,0
                  9.258186,40.664807,0
                  9.258184,40.664846,0
                  9.258181,40.664888,0
                  9.258179,40.664918,0
                  9.258178,40.664946,0
                  9.258177,40.664972,0
                  9.258176,40.664996,0
                  9.258176,40.665019,0
                  9.258177,40.665041,0
                  9.258178,40.66506,0
                  9.258179,40.665078,0
                  9.25818,40.665094,0
                  9.258183,40.665108,0
                  9.258183,40.665112,0
                  9.258183,40.665115,0
                  9.258183,40.665117,0
                  9.258182,40.665119,0
                  9.25818,40.665121,0
                  9.258178,40.665123,0
                  9.258175,40.665124,0
                  9.258172,40.665125,0
                  9.258168,40.665125,0
                  9.258164,40.665125,0
                  9.25816,40.665125,0
                  9.258156,40.665125,0
                  9.258152,40.665124,0
                  9.258148,40.665123,0
                  9.258145,40.665121,0
                  9.258142,40.665119,0
                  9.258139,40.665117,0
                  9.258136,40.665115,0
                  9.258134,40.665112,0
                  9.258131,40.665108,0
                  9.258124,40.665092,0
                  9.258112,40.665068,0
                  9.258095,40.665036,0
                  9.258073,40.664996,0
                  9.258046,40.664949,0
                  9.258015,40.664893,0
                  9.257978,40.66483,0
                  9.257937,40.664759,0
                  9.25789,40.66468,0
                  9.257839,40.664593,0
                  9.257793,40.664516,0
                  9.258192,40.664516,0
                  9.258193,40.664593,0
                </coordinates>
              </LinearRing>
            </innerBoundaryIs>
          </Polygon>
          <Polygon>
            <outerBoundaryIs>
              <LinearRing>
                <tessellate>1</tessellate>
                <coordinates>
                  9.263694,40.664693,0
                  9.263702,40.664728,0
                  9.263707,40.664762,0
                  9.263708,40.664794,0
                  9.263707,40.664825,0
                  9.263701,40.664854,0
                  9.263693,40.664883,0
                  9.263681,40.66491,0
                  9.263666,40.664935,0
                  9.263647,40.66496,0
                  9.263625,40.664983,0
                  9.2636,40.665004,0
                  9.263573,40.665023,0
                  9.263543,40.66504,0
                  9.263511,40.665054,0
                  9.263477,40.665067,0
                  9.26344,40.665077,0
                  9.263401,40.665084,0
                  9.263359,40.66509,0
                  9.263315,40.665093,0
                  9.263269,40.665094,0
                  9.263145,40.665094,0
                  9.2631,40.665093,0
                  9.263056,40.66509,0
                  9.263013,40.665084,0
                  9.26297,40.665076,0
                  9.262928,40.665066,0
                  9.262887,40.665053,0
                  9.262847,40.665038,0
                  9.262807,40.66502,0
                  9.262768,40.665001,0
                  9.26273,40.664979,0
                  9.262694,40.664955,0
                  9.262661,40.66493,0
                  9.26263,40.664904,0
                  9.262602,40.664877,0
                  9.262577,40.664849,0
                  9.262555,40.66482,0
                  9.262536,40.66479,0
                  9.262519,40.664759,0
                  9.262506,40.664727,0
                  9.262495,40.664693,0
                  9.262165,40.663512,0
                  9.262604,40.663512,0
                  9.262709,40.663889,0
                  9.262716,40.663888,0
                  9.262725,40.663887,0
                  9.262735,40.663886,0
                  9.262746,40.663885,0
                  9.262759,40.663885,0
                  9.262773,40.663884,0
                  9.262789,40.663884,0
                  9.262806,40.663884,0
                  9.262825,40.663884,0
                  9.262845,40.663884,0
                  9.262947,40.663884,0
                  9.262994,40.663885,0
                  9.263039,40.663888,0
                  9.263084,40.663894,0
                  9.263127,40.663902,0
                  9.263169,40.663913,0
                  9.263209,40.663926,0
                  9.263249,40.663941,0
                  9.263287,40.663958,0
                  9.263325,40.663978,0
                  9.263361,40.664,0
                  9.263393,40.664023,0
                  9.263424,40.664048,0
                  9.263452,40.664073,0
                  9.263477,40.6641,0
                  9.2635,40.664127,0
                  9.263521,40.664157,0
                  9.263539,40.664187,0
                  9.263555,40.664218,0
                  9.263568,40.664251,0
                  9.263579,40.664285,0
                  9.263694,40.664693,0
                </coordinates>
              </LinearRing>
            </outerBoundaryIs>
            <innerBoundaryIs>
              <LinearRing>
                <tessellate>1</tessellate>
                <coordinates>
                  9.263263,40.664721,0
                  9.263264,40.66473,0
                  9.263265,40.664738,0
                  9.263264,40.664746,0
                  9.263263,40.664754,0
                  9.26326,40.664762,0
                  9.263257,40.66477,0
                  9.263253,40.664777,0
                  9.263248,40.664784,0
                  9.263242,40.664791,0
                  9.263236,40.664797,0
                  9.263229,40.664803,0
                  9.263221,40.664808,0
                  9.263213,40.664813,0
                  9.263204,40.664816,0
                  9.263195,40.66482,0
                  9.263186,40.664822,0
                  9.263176,40.664824,0
                  9.263165,40.664825,0
                  9.263154,40.664825,0
                  9.263108,40.664825,0
                  9.263097,40.664825,0
                  9.263086,40.664824,0
                  9.263075,40.664822,0
                  9.263064,40.66482,0
                  9.263053,40.664816,0
                  9.263043,40.664813,0
                  9.263032,40.664808,0
                  9.263022,40.664803,0
                  9.263012,40.664797,0
                  9.263002,40.664791,0
                  9.262993,40.664784,0
                  9.262984,40.664777,0
                  9.262976,40.66477,0
                  9.262968,40.664762,0
                  9.262962,40.664754,0
                  9.262956,40.664746,0
                  9.262951,40.664738,0
                  9.262946,40.66473,0
                  9.262943,40.664721,0
                  9.26294,40.664712,0
                  9.262786,40.66416,0
                  9.262789,40.664159,0
                  9.262794,40.664158,0
                  9.262802,40.664157,0
                  9.262812,40.664156,0
                  9.262824,40.664156,0
                  9.262839,40.664155,0
                  9.262856,40.664155,0
                  9.262875,40.664154,0
                  9.262896,40.664154,0
                  9.26292,40.664154,0
                  9.262966,40.664154,0
                  9.262979,40.664155,0
                  9.262991,40.664156,0
                  9.263003,40.664157,0
                  9.263015,40.66416,0
                  9.263026,40.664163,0
                  9.263038,40.664166,0
                  9.263048,40.664171,0
                  9.263059,40.664176,0
                  9.263069,40.664182,0
                  9.263079,40.664188,0
                  9.263087,40.664194,0
                  9.263095,40.664201,0
                  9.263102,40.664208,0
                  9.263109,40.664215,0
                  9.263115,40.664223,0
                  9.26312,40.66423,0
                  9.263125,40.664238,0
                  9.263129,40.664247,0
                  9.263133,40.664255,0
                  9.263136,40.664264,0
                  9.263261,40.664712,0
                  9.263263,40.664721,0
                </coordinates>
              </LinearRing>
            </innerBoundaryIs>
          </Polygon>
          <Polygon>
            <outerBoundaryIs>
              <LinearRing>
                <tessellate>1</tessellate>
                <coordinates>
                  9.267557,40.664693,0
                  9.267565,40.664726,0
                  9.267569,40.664759,0
                  9.26757,40.66479,0
                  9.267568,40.66482,0
                  9.267562,40.664849,0
                  9.267552,40.664877,0
                  9.26754,40.664904,0
                  9.267523,40.66493,0
                  9.267504,40.664954,0
                  9.267481,40.664978,0
                  9.267455,40.665,0
                  9.267427,40.66502,0
                  9.267397,40.665037,0
                  9.267366,40.665053,0
                  9.267332,40.665065,0
                  9.267296,40.665076,0
                  9.267258,40.665084,0
                  9.267218,40.66509,0
                  9.267176,40.665093,0
                  9.267132,40.665094,0
                  9.267008,40.665094,0
                  9.266964,40.665093,0
                  9.26692,40.66509,0
                  9.266877,40.665084,0
                  9.266835,40.665076,0
                  9.266793,40.665065,0
                  9.266752,40.665053,0
                  9.266712,40.665037,0
                  9.266672,40.66502,0
                  9.266633,40.665,0
                  9.266595,40.664978,0
                  9.266559,40.664954,0
                  9.266525,40.66493,0
                  9.266494,40.664904,0
                  9.266466,40.664877,0
                  9.266441,40.664849,0
                  9.266419,40.66482,0
                  9.266399,40.66479,0
                  9.266383,40.664759,0
                  9.266369,40.664726,0
                  9.266358,40.664693,0
                  9.266139,40.663909,0
                  9.266578,40.663909,0
                  9.266802,40.664708,0
                  9.266805,40.664717,0
                  9.266808,40.664725,0
                  9.266813,40.664734,0
                  9.266818,40.664742,0
                  9.266824,40.664749,0
                  9.266831,40.664757,0
                  9.266838,40.664764,0
                  9.266846,40.664771,0
                  9.266855,40.664778,0
                  9.266864,40.664785,0
                  9.266874,40.664791,0
                  9.266884,40.664797,0
                  9.266894,40.664802,0
                  9.266905,40.664806,0
                  9.266915,40.66481,0
                  9.266926,40.664813,0
                  9.266937,40.664815,0
                  9.266948,40.664817,0
                  9.266959,40.664818,0
                  9.26697,40.664818,0
                  9.267016,40.664818,0
                  9.267027,40.664818,0
                  9.267038,40.664817,0
                  9.267048,40.664815,0
                  9.267057,40.664813,0
                  9.267066,40.66481,0
                  9.267075,40.664806,0
                  9.267083,40.664802,0
                  9.26709,40.664797,0
                  9.267097,40.664791,0
                  9.267104,40.664785,0
                  9.267109,40.664778,0
                  9.267114,40.664771,0
                  9.267118,40.664764,0
                  9.267122,40.664756,0
                  9.267124,40.664749,0
                  9.267125,40.664741,0
                  9.267126,40.664733,0
                  9.267126,40.664725,0
                  9.267125,40.664717,0
                  9.267123,40.664708,0
                  9.266899,40.663909,0
                  9.267337,40.663909,0
                  9.267557,40.664693,0
                </coordinates>
              </LinearRing>
            </outerBoundaryIs>
          </Polygon>
          <Polygon>
            <outerBoundaryIs>
              <LinearRing>
                <tessellate>1</tessellate>
                <coordinates>
                  9.266011,40.664702,0
                  9.266019,40.664736,0
                  9.266024,40.664769,0
                  9.266027,40.664801,0
                  9.266026,40.664831,0
                  9.266022,40.66486,0
                  9.266016,40.664887,0
                  9.266006,40.664913,0
                  9.265994,40.664938,0
                  9.265978,40.664961,0
                  9.26596,40.664983,0
                  9.265937,40.665004,0
                  9.265911,40.665023,0
                  9.265883,40.66504,0
                  9.265851,40.665054,0
                  9.265817,40.665067,0
                  9.26578,40.665077,0
                  9.26574,40.665084,0
                  9.265697,40.66509,0
                  9.265652,40.665093,0
                  9.265603,40.665094,0
                  9.265441,40.665094,0
                  9.26539,40.665094,0
                  9.26534,40.665092,0
                  9.265292,40.665088,0
                  9.265245,40.665084,0
                  9.2652,40.665077,0
                  9.265157,40.66507,0
                  9.265115,40.665061,0
                  9.265075,40.665051,0
                  9.265036,40.665039,0
                  9.264999,40.665027,0
                  9.265044,40.66479,0
                  9.265073,40.6648,0
                  9.265102,40.664808,0
                  9.265133,40.664816,0
                  9.265164,40.664823,0
                  9.265196,40.664828,0
                  9.265229,40.664833,0
                  9.265263,40.664836,0
                  9.265298,40.664839,0
                  9.265334,40.66484,0
                  9.26537,40.664841,0
                  9.265454,40.664841,0
                  9.265484,40.66484,0
                  9.265509,40.664836,0
                  9.265531,40.66483,0
                  9.265549,40.664821,0
                  9.265563,40.66481,0
                  9.265573,40.664796,0
                  9.265579,40.66478,0
                  9.265582,40.664761,0
                  9.265581,40.66474,0
                  9.265575,40.664716,0
                  9.265556,40.664644,0
                  9.26555,40.664645,0
                  9.265543,40.664646,0
                  9.265533,40.664647,0
                  9.265522,40.664648,0
                  9.26551,40.664649,0
                  9.265495,40.664649,0
                  9.265479,40.66465,0
                  9.26546,40.66465,0
                  9.26544,40.66465,0
                  9.265419,40.66465,0
                  9.265306,40.66465,0
                  9.265255,40.664649,0
                  9.265207,40.664646,0
                  9.26516,40.664641,0
                  9.265115,40.664633,0
                  9.265072,40.664623,0
                  9.265031,40.664611,0
                  9.264992,40.664597,0
                  9.264955,40.664581,0
                  9.264919,40.664563,0
                  9.264886,40.664542,0
                  9.264858,40.664523,0
                  9.264831,40.664502,0
                  9.264807,40.664479,0
                  9.264785,40.664455,0
                  9.264765,40.66443,0
                  9.264747,40.664404,0
                  9.26473,40.664376,0
                  9.264716,40.664347,0
                  9.264704,40.664317,0
                  9.264694,40.664285,0
                  9.264684,40.664247,0
                  9.264679,40.66421,0
                  9.264676,40.664176,0
                  9.264677,40.664143,0
                  9.264682,40.664112,0
                  9.26469,40.664083,0
                  9.264702,40.664056,0
                  9.264717,40.66403,0
                  9.264736,40.664006,0
                  9.264758,40.663985,0
                  9.264782,40.663965,0
                  9.264809,40.663948,0
                  9.264839,40.663933,0
                  9.264871,40.66392,0
                  9.264906,40.663909,0
                  9.264943,40.6639,0
                  9.264983,40.663893,0
                  9.265026,40.663888,0
                  9.265071,40.663885,0
                  9.265119,40.663884,0
                  9.265271,40.663884,0
                  9.265316,40.663885,0
                  9.26536,40.663888,0
                  9.265403,40.663893,0
                  9.265444,40.6639,0
                  9.265485,40.66391,0
                  9.265524,40.663921,0
                  9.265562,40.663935,0
                  9.265599,40.663951,0
                  9.265635,40.663969,0
                  9.265669,40.663989,0
                  9.265702,40.66401,0
                  9.265733,40.664033,0
                  9.265761,40.664057,0
                  9.265786,40.664083,0
                  9.265809,40.664109,0
                  9.26583,40.664137,0
                  9.265848,40.664167,0
                  9.265863,40.664197,0
                  9.265876,40.664229,0
                  9.265887,40.664262,0
                  9.266011,40.664702,0
                </coordinates>
              </LinearRing>
            </outerBoundaryIs>
            <innerBoundaryIs>
              <LinearRing>
                <tessellate>1</tessellate>
                <coordinates>
                  9.265481,40.664394,0
                  9.265475,40.664395,0
                  9.265467,40.664396,0
                  9.265457,40.664397,0
                  9.265445,40.664398,0
                  9.26543,40.664399,0
                  9.265413,40.664399,0
                  9.265394,40.664399,0
                  9.265373,40.6644,0
                  9.265349,40.6644,0
                  9.265303,40.6644,0
                  9.265277,40.664399,0
                  9.265252,40.664395,0
                  9.26523,40.66439,0
                  9.26521,40.664382,0
                  9.265192,40.664372,0
                  9.265177,40.66436,0
                  9.265163,40.664345,0
                  9.265151,40.664329,0
                  9.265142,40.66431,0
                  9.265134,40.664289,0
                  9.265125,40.664258,0
                  9.265123,40.664249,0
                  9.265122,40.66424,0
                  9.265122,40.664232,0
                  9.265123,40.664224,0
                  9.265124,40.664216,0
                  9.265126,40.664208,0
                  9.26513,40.664201,0
                  9.265134,40.664193,0
                  9.265139,40.664186,0
                  9.265144,40.66418,0
                  9.265151,40.664173,0
                  9.265158,40.664168,0
                  9.265165,40.664163,0
                  9.265173,40.664158,0
                  9.265182,40.664155,0
                  9.265191,40.664152,0
                  9.2652,40.664149,0
                  9.26521,40.664148,0
                  9.265221,40.664147,0
                  9.265232,40.664146,0
                  9.265278,40.664146,0
                  9.265304,40.664147,0
                  9.265329,40.664151,0
                  9.265351,40.664156,0
                  9.265371,40.664163,0
                  9.265389,40.664173,0
                  9.265405,40.664185,0
                  9.265418,40.664199,0
                  9.26543,40.664215,0
                  9.265439,40.664234,0
                  9.265446,40.664254,0
                  9.265485,40.664393,0
                  9.265481,40.664394,0
                </coordinates>
              </LinearRing>
            </innerBoundaryIs>
          </Polygon>
          <Polygon>
            <outerBoundaryIs>
              <LinearRing>
                <tessellate>1</tessellate>
                <coordinates>
                  9.262143,40.664693,0
                  9.262151,40.664726,0
                  9.262156,40.664759,0
                  9.262157,40.66479,0
                  9.262154,40.66482,0
                  9.262148,40.664849,0
                  9.262139,40.664877,0
                  9.262126,40.664904,0
                  9.26211,40.66493,0
                  9.26209,40.664954,0
                  9.262067,40.664978,0
                  9.262041,40.665,0
                  9.262014,40.66502,0
                  9.261984,40.665037,0
                  9.261952,40.665053,0
                  9.261918,40.665065,0
                  9.261882,40.665076,0
                  9.261844,40.665084,0
                  9.261804,40.66509,0
                  9.261762,40.665093,0
                  9.261718,40.665094,0
                  9.261595,40.665094,0
                  9.26155,40.665093,0
                  9.261507,40.66509,0
                  9.261464,40.665084,0
                  9.261421,40.665076,0
                  9.26138,40.665065,0
                  9.261339,40.665053,0
                  9.261298,40.665037,0
                  9.261259,40.66502,0
                  9.26122,40.665,0
                  9.261182,40.664978,0
                  9.261145,40.664954,0
                  9.261111,40.66493,0
                  9.261081,40.664904,0
                  9.261053,40.664877,0
                  9.261028,40.664849,0
                  9.261005,40.66482,0
                  9.260986,40.66479,0
                  9.260969,40.664759,0
                  9.260956,40.664726,0
                  9.260945,40.664693,0
                  9.26083,40.664285,0
                  9.260822,40.664252,0
                  9.260818,40.66422,0
                  9.260817,40.664188,0
                  9.26082,40.664158,0
                  9.260826,40.664129,0
                  9.260835,40.664101,0
                  9.260848,40.664074,0
                  9.260864,40.664049,0
                  9.260884,40.664024,0
                  9.260907,40.664,0
                  9.260933,40.663978,0
                  9.260961,40.663958,0
                  9.260991,40.663941,0
                  9.261023,40.663926,0
                  9.261056,40.663913,0
                  9.261092,40.663902,0
                  9.26113,40.663894,0
                  9.26117,40.663888,0
                  9.261211,40.663885,0
                  9.261255,40.663884,0
                  9.261379,40.663884,0
                  9.261424,40.663885,0
                  9.261467,40.663888,0
                  9.261511,40.663894,0
                  9.261553,40.663902,0
                  9.261595,40.663913,0
                  9.261636,40.663926,0
                  9.261676,40.663941,0
                  9.261716,40.663958,0
                  9.261755,40.663978,0
                  9.261793,40.664,0
                  9.261829,40.664024,0
                  9.261863,40.664049,0
                  9.261893,40.664074,0
                  9.261921,40.664101,0
                  9.261946,40.664129,0
                  9.261968,40.664158,0
                  9.261988,40.664188,0
                  9.262004,40.66422,0
                  9.262018,40.664252,0
                  9.262029,40.664285,0
                  9.262143,40.664693,0
                </coordinates>
              </LinearRing>
            </outerBoundaryIs>
            <innerBoundaryIs>
              <LinearRing>
                <tessellate>1</tessellate>
                <coordinates>
                  9.261713,40.664721,0
                  9.261714,40.66473,0
                  9.261714,40.664738,0
                  9.261714,40.664746,0
                  9.261713,40.664754,0
                  9.26171,40.664762,0
                  9.261707,40.66477,0
                  9.261703,40.664777,0
                  9.261698,40.664784,0
                  9.261692,40.664791,0
                  9.261686,40.664797,0
                  9.261678,40.664803,0
                  9.261671,40.664808,0
                  9.261663,40.664813,0
                  9.261654,40.664816,0
                  9.261645,40.66482,0
                  9.261636,40.664822,0
                  9.261626,40.664824,0
                  9.261615,40.664825,0
                  9.261604,40.664825,0
                  9.261558,40.664825,0
                  9.261547,40.664825,0
                  9.261536,40.664824,0
                  9.261525,40.664822,0
                  9.261514,40.66482,0
                  9.261503,40.664816,0
                  9.261493,40.664813,0
                  9.261482,40.664808,0
                  9.261472,40.664803,0
                  9.261462,40.664797,0
                  9.261452,40.664791,0
                  9.261442,40.664784,0
                  9.261434,40.664777,0
                  9.261426,40.66477,0
                  9.261418,40.664762,0
                  9.261412,40.664754,0
                  9.261406,40.664746,0
                  9.261401,40.664738,0
                  9.261396,40.66473,0
                  9.261392,40.664721,0
                  9.261389,40.664712,0
                  9.261264,40.664264,0
                  9.261262,40.664255,0
                  9.261261,40.664247,0
                  9.261261,40.664239,0
                  9.261261,40.664231,0
                  9.261262,40.664223,0
                  9.261265,40.664215,0
                  9.261268,40.664208,0
                  9.261272,40.664201,0
                  9.261276,40.664194,0
                  9.261282,40.664187,0
                  9.261289,40.664181,0
                  9.261296,40.664175,0
                  9.261303,40.66417,0
                  9.261311,40.664166,0
                  9.26132,40.664162,0
                  9.261329,40.664159,0
                  9.261338,40.664157,0
                  9.261348,40.664156,0
                  9.261359,40.664155,0
                  9.26137,40.664154,0
                  9.261416,40.664154,0
                  9.261427,40.664155,0
                  9.261438,40.664156,0
                  9.261449,40.664157,0
                  9.26146,40.66416,0
                  9.261471,40.664163,0
                  9.261482,40.664166,0
                  9.261492,40.664171,0
                  9.261503,40.664176,0
                  9.261513,40.664181,0
                  9.261523,40.664188,0
                  9.261533,40.664194,0
                  9.261542,40.664201,0
                  9.26155,40.664209,0
                  9.261557,40.664216,0
                  9.261564,40.664223,0
                  9.26157,40.664231,0
                  9.261575,40.664239,0
                  9.261579,40.664247,0
                  9.261583,40.664256,0
                  9.261586,40.664264,0
                  9.261711,40.664712,0
                  9.261713,40.664721,0
                </coordinates>
              </LinearRing>
            </innerBoundaryIs>
          </Polygon>
          <Polygon>
            <outerBoundaryIs>
              <LinearRing>
                <tessellate>1</tessellate>
                <coordinates>
                  9.269107,40.664693,0
                  9.269115,40.664726,0
                  9.269119,40.664759,0
                  9.26912,40.66479,0
                  9.269118,40.66482,0
                  9.269112,40.664849,0
                  9.269102,40.664877,0
                  9.26909,40.664904,0
                  9.269073,40.66493,0
                  9.269054,40.664954,0
                  9.269031,40.664978,0
                  9.269005,40.665,0
                  9.268977,40.66502,0
                  9.268948,40.665037,0
                  9.268916,40.665053,0
                  9.268882,40.665065,0
                  9.268846,40.665076,0
                  9.268808,40.665084,0
                  9.268768,40.66509,0
                  9.268726,40.665093,0
                  9.268682,40.665094,0
                  9.268558,40.665094,0
                  9.268514,40.665093,0
                  9.26847,40.66509,0
                  9.268427,40.665084,0
                  9.268385,40.665076,0
                  9.268343,40.665065,0
                  9.268302,40.665053,0
                  9.268262,40.665037,0
                  9.268222,40.66502,0
                  9.268183,40.665,0
                  9.268145,40.664978,0
                  9.268109,40.664954,0
                  9.268075,40.66493,0
                  9.268044,40.664904,0
                  9.268016,40.664877,0
                  9.267991,40.664849,0
                  9.267969,40.66482,0
                  9.26795,40.66479,0
                  9.267933,40.664759,0
                  9.267919,40.664726,0
                  9.267908,40.664693,0
                  9.267794,40.664285,0
                  9.267786,40.664252,0
                  9.267782,40.66422,0
                  9.267781,40.664188,0
                  9.267783,40.664158,0
                  9.267789,40.664129,0
                  9.267799,40.664101,0
                  9.267812,40.664074,0
                  9.267828,40.664049,0
                  9.267848,40.664024,0
                  9.267871,40.664,0
                  9.267897,40.663978,0
                  9.267925,40.663958,0
                  9.267954,40.663941,0
                  9.267986,40.663926,0
                  9.26802,40.663913,0
                  9.268056,40.663902,0
                  9.268094,40.663894,0
                  9.268133,40.663888,0
                  9.268175,40.663885,0
                  9.268219,40.663884,0
                  9.268343,40.663884,0
                  9.268387,40.663885,0
                  9.268431,40.663888,0
                  9.268474,40.663894,0
                  9.268517,40.663902,0
                  9.268559,40.663913,0
                  9.2686,40.663926,0
                  9.26864,40.663941,0
                  9.26868,40.663958,0
                  9.268718,40.663978,0
                  9.268756,40.664,0
                  9.268793,40.664024,0
                  9.268826,40.664049,0
                  9.268857,40.664074,0
                  9.268885,40.664101,0
                  9.26891,40.664129,0
                  9.268932,40.664158,0
                  9.268952,40.664188,0
                  9.268968,40.66422,0
                  9.268982,40.664252,0
                  9.268993,40.664285,0
                  9.269107,40.664693,0
                </coordinates>
              </LinearRing>
            </outerBoundaryIs>
            <innerBoundaryIs>
              <LinearRing>
                <tessellate>1</tessellate>
                <coordinates>
                  9.268676,40.664721,0
                  9.268678,40.66473,0
                  9.268678,40.664738,0
                  9.268678,40.664746,0
                  9.268676,40.664754,0
                  9.268674,40.664762,0
                  9.268671,40.66477,0
                  9.268667,40.664777,0
                  9.268662,40.664784,0
                  9.268656,40.664791,0
                  9.268649,40.664797,0
                  9.268642,40.664803,0
                  9.268635,40.664808,0
                  9.268627,40.664813,0
                  9.268618,40.664816,0
                  9.268609,40.66482,0
                  9.268599,40.664822,0
                  9.268589,40.664824,0
                  9.268579,40.664825,0
                  9.268568,40.664825,0
                  9.268522,40.664825,0
                  9.26851,40.664825,0
                  9.268499,40.664824,0
                  9.268488,40.664822,0
                  9.268477,40.66482,0
                  9.268467,40.664816,0
                  9.268456,40.664813,0
                  9.268446,40.664808,0
                  9.268436,40.664803,0
                  9.268426,40.664797,0
                  9.268416,40.664791,0
                  9.268406,40.664784,0
                  9.268397,40.664777,0
                  9.268389,40.66477,0
                  9.268382,40.664762,0
                  9.268375,40.664754,0
                  9.268369,40.664746,0
                  9.268364,40.664738,0
                  9.26836,40.66473,0
                  9.268356,40.664721,0
                  9.268353,40.664712,0
                  9.268228,40.664264,0
                  9.268226,40.664255,0
                  9.268225,40.664247,0
                  9.268224,40.664239,0
                  9.268225,40.664231,0
                  9.268226,40.664223,0
                  9.268228,40.664215,0
                  9.268231,40.664208,0
                  9.268235,40.664201,0
                  9.26824,40.664194,0
                  9.268246,40.664187,0
                  9.268252,40.664181,0
                  9.268259,40.664175,0
                  9.268267,40.66417,0
                  9.268275,40.664166,0
                  9.268283,40.664162,0
                  9.268292,40.664159,0
                  9.268302,40.664157,0
                  9.268312,40.664156,0
                  9.268322,40.664155,0
                  9.268333,40.664154,0
                  9.268379,40.664154,0
                  9.268391,40.664155,0
                  9.268402,40.664156,0
                  9.268413,40.664157,0
                  9.268424,40.66416,0
                  9.268435,40.664163,0
                  9.268445,40.664166,0
                  9.268456,40.664171,0
                  9.268466,40.664176,0
                  9.268477,40.664181,0
                  9.268487,40.664188,0
                  9.268496,40.664194,0
                  9.268505,40.664201,0
                  9.268514,40.664209,0
                  9.268521,40.664216,0
                  9.268528,40.664223,0
                  9.268534,40.664231,0
                  9.268539,40.664239,0
                  9.268543,40.664247,0
                  9.268546,40.664256,0
                  9.268549,40.664264,0
                  9.268674,40.664712,0
                  9.268676,40.664721,0
                </coordinates>
              </LinearRing>
            </innerBoundaryIs>
          </Polygon>
          <Polygon>
            <outerBoundaryIs>
              <LinearRing>
                <tessellate>1</tessellate>
                <coordinates>
                  9.260579,40.664162,0
                  9.260537,40.664163,0
                  9.260498,40.664163,0
                  9.260462,40.664165,0
                  9.260429,40.664167,0
                  9.2604,40.66417,0
                  9.260373,40.664174,0
                  9.260349,40.664178,0
                  9.260328,40.664183,0
                  9.260311,40.664188,0
                  9.260296,40.664194,0
                  9.260282,40.664202,0
                  9.260269,40.664212,0
                  9.260259,40.664223,0
                  9.260251,40.664235,0
                  9.260245,40.66425,0
                  9.260242,40.664265,0
                  9.26024,40.664282,0
                  9.260241,40.6643,0
                  9.260244,40.66432,0
                  9.260249,40.664342,0
                  9.260343,40.664679,0
                  9.260693,40.664679,0
                  9.260772,40.664962,0
                  9.260422,40.664962,0
                  9.26051,40.665274,0
                  9.260071,40.665274,0
                  9.259805,40.664328,0
                  9.259789,40.664246,0
                  9.259789,40.664173,0
                  9.259805,40.664108,0
                  9.259838,40.664052,0
                  9.259886,40.664004,0
                  9.259951,40.663966,0
                  9.260032,40.663935,0
                  9.260129,40.663914,0
                  9.260242,40.663901,0
                  9.260371,40.663897,0
                  9.260504,40.663897,0
                  9.260579,40.664162,0
                </coordinates>
              </LinearRing>
            </outerBoundaryIs>
          </Polygon>
          <Polygon>
            <outerBoundaryIs>
              <LinearRing>
                <tessellate>1</tessellate>
                <coordinates>
                  9.259531,40.664187,0
                  9.259524,40.664187,0
                  9.259516,40.664188,0
                  9.259509,40.664188,0
                  9.259502,40.664189,0
                  9.259496,40.664189,0
                  9.25949,40.66419,0
                  9.259484,40.664191,0
                  9.259478,40.664192,0
                  9.259473,40.664193,0
                  9.259468,40.664194,0
                  9.259458,40.664197,0
                  9.259448,40.6642,0
                  9.25944,40.664204,0
                  9.259432,40.664208,0
                  9.259426,40.664213,0
                  9.25942,40.664219,0
                  9.259416,40.664226,0
                  9.259413,40.664233,0
                  9.25941,40.664241,0
                  9.259409,40.664249,0
                  9.259409,40.664254,0
                  9.259409,40.66426,0
                  9.259409,40.664266,0
                  9.25941,40.664273,0
                  9.259411,40.664281,0
                  9.259413,40.66429,0
                  9.259415,40.664299,0
                  9.259417,40.664309,0
                  9.25942,40.66432,0
                  9.259424,40.664332,0
                  9.259735,40.665444,0
                  9.259296,40.665444,0
                  9.258977,40.664307,0
                  9.258967,40.664266,0
                  9.258959,40.664227,0
                  9.258955,40.664191,0
                  9.258953,40.664158,0
                  9.258953,40.664126,0
                  9.258957,40.664097,0
                  9.258964,40.664071,0
                  9.258973,40.664047,0
                  9.258985,40.664025,0
                  9.259,40.664005,0
                  9.259022,40.663984,0
                  9.25905,40.663965,0
                  9.259082,40.663948,0
                  9.25912,40.663933,0
                  9.259162,40.663921,0
                  9.25921,40.663912,0
                  9.259262,40.663904,0
                  9.25932,40.663899,0
                  9.259382,40.663897,0
                  9.25945,40.663897,0
                  9.259531,40.664187,0
                </coordinates>
              </LinearRing>
            </outerBoundaryIs>
          </Polygon>
          <Polygon>
            <outerBoundaryIs>
              <LinearRing>
                <tessellate>1</tessellate>
                <coordinates>
                  9.264598,40.66505,0
                  9.264158,40.66505,0
                  9.263838,40.663909,0
                  9.264278,40.663909,0
                  9.264598,40.66505,0
                </coordinates>
              </LinearRing>
            </outerBoundaryIs>
          </Polygon>
          <Polygon>
            <outerBoundaryIs>
              <LinearRing>
                <tessellate>1</tessellate>
                <coordinates>
                  9.264708,40.665444,0
                  9.264269,40.665444,0
                  9.264194,40.665176,0
                  9.264633,40.665176,0
                  9.264708,40.665444,0
                </coordinates>
              </LinearRing>
            </outerBoundaryIs>
          </Polygon>
        </MultiGeometry>
      </Placemark>
      <Placemark>
        <name>Sos Vanzos</name>
        <styleUrl>#poly-F9F9F9-1200-255-nodesc</styleUrl>
        <MultiGeometry>
          <Polygon>
            <outerBoundaryIs>
              <LinearRing>
                <tessellate>1</tessellate>
                <coordinates>
                  9.165189,40.624224,0
                  9.1652,40.624282,0
                  9.165202,40.624337,0
                  9.165192,40.624387,0
                  9.165172,40.624432,0
                  9.165142,40.624474,0
                  9.165101,40.624512,0
                  9.16505,40.624545,0
                  9.164988,40.624574,0
                  9.164915,40.6246,0
                  9.164832,40.624621,0
                  9.164778,40.624633,0
                  9.164727,40.624644,0
                  9.164681,40.624655,0
                  9.164639,40.624665,0
                  9.164602,40.624674,0
                  9.164568,40.624683,0
                  9.164539,40.624691,0
                  9.164514,40.624699,0
                  9.164493,40.624706,0
                  9.164476,40.624713,0
                  9.164457,40.624721,0
                  9.164441,40.62473,0
                  9.164428,40.62474,0
                  9.164417,40.624751,0
                  9.164408,40.624762,0
                  9.164401,40.624774,0
                  9.164397,40.624786,0
                  9.164396,40.624799,0
                  9.164396,40.624813,0
                  9.164399,40.624827,0
                  9.164402,40.624839,0
                  9.164406,40.624851,0
                  9.16441,40.624862,0
                  9.164416,40.624872,0
                  9.164423,40.624883,0
                  9.164431,40.624893,0
                  9.16444,40.624903,0
                  9.164451,40.624912,0
                  9.164462,40.624922,0
                  9.164474,40.624931,0
                  9.164488,40.62494,0
                  9.164502,40.624948,0
                  9.164516,40.624955,0
                  9.164531,40.624962,0
                  9.164547,40.624968,0
                  9.164563,40.624972,0
                  9.164579,40.624976,0
                  9.164595,40.624979,0
                  9.164613,40.624981,0
                  9.16463,40.624983,0
                  9.164648,40.624983,0
                  9.164831,40.624983,0
                  9.164875,40.624983,0
                  9.164918,40.624981,0
                  9.164958,40.624978,0
                  9.164996,40.624974,0
                  9.165032,40.624968,0
                  9.165067,40.624962,0
                  9.165099,40.624954,0
                  9.165129,40.624945,0
                  9.165157,40.624935,0
                  9.165184,40.624923,0
                  9.165395,40.62521,0
                  9.165361,40.625225,0
                  9.165324,40.625238,0
                  9.165283,40.62525,0
                  9.165238,40.62526,0
                  9.165191,40.625268,0
                  9.16514,40.625275,0
                  9.165086,40.625281,0
                  9.165028,40.625285,0
                  9.164967,40.625287,0
                  9.164903,40.625288,0
                  9.164713,40.625288,0
                  9.16466,40.625287,0
                  9.164609,40.625283,0
                  9.164559,40.625277,0
                  9.164509,40.625268,0
                  9.16446,40.625257,0
                  9.164412,40.625244,0
                  9.164365,40.625228,0
                  9.164319,40.625209,0
                  9.164274,40.625188,0
                  9.16423,40.625165,0
                  9.164185,40.625139,0
                  9.164145,40.625111,0
                  9.164107,40.625082,0
                  9.164074,40.625052,0
                  9.164043,40.62502,0
                  9.164017,40.624987,0
                  9.163994,40.624953,0
                  9.163974,40.624918,0
                  9.163958,40.624881,0
                  9.163945,40.624843,0
                  9.163937,40.624815,0
                  9.163925,40.624754,0
                  9.163924,40.624696,0
                  9.163934,40.624643,0
                  9.163955,40.624594,0
                  9.163987,40.62455,0
                  9.16403,40.624509,0
                  9.164084,40.624473,0
                  9.164149,40.624441,0
                  9.164225,40.624413,0
                  9.164313,40.62439,0
                  9.164364,40.624378,0
                  9.164411,40.624366,0
                  9.164454,40.624355,0
                  9.164494,40.624345,0
                  9.164529,40.624335,0
                  9.164561,40.624326,0
                  9.164589,40.624317,0
                  9.164612,40.624309,0
                  9.164632,40.624302,0
                  9.164648,40.624295,0
                  9.164665,40.624286,0
                  9.16468,40.624277,0
                  9.164693,40.624267,0
                  9.164703,40.624256,0
                  9.164711,40.624245,0
                  9.164717,40.624233,0
                  9.164721,40.62422,0
                  9.164723,40.624207,0
                  9.164722,40.624193,0
                  9.164719,40.624179,0
                  9.164715,40.624164,0
                  9.164706,40.624138,0
                  9.164692,40.624115,0
                  9.164676,40.624094,0
                  9.164656,40.624077,0
                  9.164632,40.624062,0
                  9.164605,40.624049,0
                  9.164575,40.62404,0
                  9.164541,40.624033,0
                  9.164503,40.624029,0
                  9.164463,40.624027,0
                  9.163789,40.624027,0
                  9.163705,40.623725,0
                  9.164416,40.623725,0
                  9.164472,40.623726,0
                  9.164525,40.623729,0
                  9.164577,40.623735,0
                  9.164628,40.623743,0
                  9.164677,40.623753,0
                  9.164724,40.623765,0
                  9.16477,40.62378,0
                  9.164815,40.623797,0
                  9.164858,40.623816,0
                  9.164899,40.623838,0
                  9.164941,40.623863,0
                  9.164979,40.623889,0
                  9.165015,40.623918,0
                  9.165047,40.623948,0
                  9.165076,40.62398,0
                  9.165102,40.624014,0
                  9.165124,40.62405,0
                  9.165144,40.624088,0
                  9.16516,40.624127,0
                  9.165173,40.624168,0
                  9.165189,40.624224,0
                </coordinates>
              </LinearRing>
            </outerBoundaryIs>
          </Polygon>
          <Polygon>
            <outerBoundaryIs>
              <LinearRing>
                <tessellate>1</tessellate>
                <coordinates>
                  9.170372,40.625259,0
                  9.170135,40.624909,0
                  9.170086,40.624836,0
                  9.17004,40.624765,0
                  9.169997,40.624697,0
                  9.169957,40.624632,0
                  9.169921,40.624569,0
                  9.169887,40.624509,0
                  9.169857,40.624451,0
                  9.16983,40.624396,0
                  9.169806,40.624343,0
                  9.169785,40.624293,0
                  9.169784,40.62429,0
                  9.169783,40.624287,0
                  9.169781,40.624285,0
                  9.169779,40.624283,0
                  9.169776,40.624281,0
                  9.169773,40.62428,0
                  9.169769,40.624279,0
                  9.169766,40.624278,0
                  9.169761,40.624277,0
                  9.169756,40.624277,0
                  9.169752,40.624277,0
                  9.169748,40.624278,0
                  9.169745,40.624279,0
                  9.169742,40.62428,0
                  9.16974,40.624281,0
                  9.169738,40.624283,0
                  9.169737,40.624285,0
                  9.169736,40.624287,0
                  9.169736,40.62429,0
                  9.169737,40.624293,0
                  9.169743,40.62434,0
                  9.169748,40.62439,0
                  9.169751,40.624443,0
                  9.169752,40.6245,0
                  9.169752,40.62456,0
                  9.16975,40.624623,0
                  9.169747,40.62469,0
                  9.169742,40.62476,0
                  9.169736,40.624833,0
                  9.169727,40.624909,0
                  9.169688,40.625259,0
                  9.169222,40.625259,0
                  9.169391,40.623836,0
                  9.169395,40.623809,0
                  9.169403,40.623786,0
                  9.169415,40.623765,0
                  9.169431,40.623747,0
                  9.16945,40.623732,0
                  9.169472,40.623719,0
                  9.169498,40.623709,0
                  9.169528,40.623702,0
                  9.169562,40.623698,0
                  9.169598,40.623696,0
                  9.169614,40.623696,0
                  9.169629,40.623697,0
                  9.169645,40.623699,0
                  9.16966,40.623701,0
                  9.169675,40.623704,0
                  9.169691,40.623707,0
                  9.169706,40.623711,0
                  9.169721,40.623716,0
                  9.169736,40.623722,0
                  9.169751,40.623728,0
                  9.169768,40.623736,0
                  9.169785,40.623744,0
                  9.1698,40.623753,0
                  9.169815,40.623763,0
                  9.169829,40.623774,0
                  9.169842,40.623785,0
                  9.169855,40.623797,0
                  9.169866,40.623809,0
                  9.169877,40.623822,0
                  9.169887,40.623836,0
                  9.17085,40.625259,0
                  9.170372,40.625259,0
                </coordinates>
              </LinearRing>
            </outerBoundaryIs>
          </Polygon>
          <Polygon>
            <outerBoundaryIs>
              <LinearRing>
                <tessellate>1</tessellate>
                <coordinates>
                  9.173365,40.62451,0
                  9.173372,40.624543,0
                  9.173377,40.624575,0
                  9.173378,40.624606,0
                  9.173375,40.624636,0
                  9.173369,40.624665,0
                  9.17336,40.624693,0
                  9.173347,40.62472,0
                  9.173331,40.624746,0
                  9.173311,40.624771,0
                  9.173288,40.624795,0
                  9.173262,40.624817,0
                  9.173235,40.624837,0
                  9.173205,40.624854,0
                  9.173173,40.624869,0
                  9.173139,40.624882,0
                  9.173103,40.624893,0
                  9.173065,40.624901,0
                  9.173025,40.624907,0
                  9.172983,40.62491,0
                  9.172939,40.624911,0
                  9.172816,40.624911,0
                  9.172771,40.62491,0
                  9.172728,40.624907,0
                  9.172685,40.624901,0
                  9.172642,40.624893,0
                  9.172601,40.624882,0
                  9.17256,40.624869,0
                  9.172519,40.624854,0
                  9.17248,40.624837,0
                  9.172441,40.624817,0
                  9.172403,40.624795,0
                  9.172366,40.624771,0
                  9.172333,40.624746,0
                  9.172302,40.62472,0
                  9.172274,40.624693,0
                  9.172249,40.624665,0
                  9.172226,40.624636,0
                  9.172207,40.624606,0
                  9.17219,40.624575,0
                  9.172177,40.624543,0
                  9.172166,40.62451,0
                  9.171946,40.623725,0
                  9.172386,40.623725,0
                  9.172609,40.624525,0
                  9.172612,40.624533,0
                  9.172616,40.624542,0
                  9.17262,40.62455,0
                  9.172626,40.624558,0
                  9.172631,40.624566,0
                  9.172638,40.624574,0
                  9.172645,40.624581,0
                  9.172653,40.624588,0
                  9.172662,40.624595,0
                  9.172672,40.624602,0
                  9.172682,40.624608,0
                  9.172692,40.624614,0
                  9.172702,40.624618,0
                  9.172712,40.624623,0
                  9.172723,40.624626,0
                  9.172734,40.624629,0
                  9.172744,40.624632,0
                  9.172755,40.624633,0
                  9.172766,40.624634,0
                  9.172778,40.624635,0
                  9.172824,40.624635,0
                  9.172835,40.624634,0
                  9.172845,40.624633,0
                  9.172855,40.624632,0
                  9.172865,40.624629,0
                  9.172874,40.624626,0
                  9.172882,40.624623,0
                  9.17289,40.624618,0
                  9.172898,40.624613,0
                  9.172905,40.624608,0
                  9.172911,40.624601,0
                  9.172917,40.624594,0
                  9.172922,40.624587,0
                  9.172926,40.62458,0
                  9.172929,40.624573,0
                  9.172931,40.624565,0
                  9.172933,40.624558,0
                  9.172934,40.62455,0
                  9.172933,40.624542,0
                  9.172932,40.624533,0
                  9.17293,40.624525,0
                  9.172707,40.623725,0
                  9.173145,40.623725,0
                  9.173365,40.62451,0
                </coordinates>
              </LinearRing>
            </outerBoundaryIs>
          </Polygon>
          <Polygon>
            <outerBoundaryIs>
              <LinearRing>
                <tessellate>1</tessellate>
                <coordinates>
                  9.174676,40.624,0
                  9.174247,40.624,0
                  9.174238,40.624,0
                  9.174226,40.624,0
                  9.174212,40.624,0
                  9.174196,40.624,0
                  9.174178,40.623999,0
                  9.174158,40.623999,0
                  9.174136,40.623998,0
                  9.174112,40.623998,0
                  9.174086,40.623997,0
                  9.174058,40.623996,0
                  9.174054,40.623997,0
                  9.174051,40.623997,0
                  9.174048,40.623998,0
                  9.174046,40.623999,0
                  9.174044,40.624,0
                  9.174043,40.624001,0
                  9.174042,40.624003,0
                  9.174042,40.624005,0
                  9.174042,40.624007,0
                  9.174042,40.624009,0
                  9.174043,40.624011,0
                  9.174043,40.624012,0
                  9.174044,40.624013,0
                  9.174044,40.624014,0
                  9.174045,40.624015,0
                  9.174046,40.624016,0
                  9.174047,40.624017,0
                  9.174049,40.624018,0
                  9.17405,40.624019,0
                  9.174051,40.624019,0
                  9.174076,40.624033,0
                  9.1741,40.624048,0
                  9.174126,40.624065,0
                  9.174152,40.624082,0
                  9.17418,40.6241,0
                  9.174208,40.62412,0
                  9.174237,40.62414,0
                  9.174266,40.624162,0
                  9.174297,40.624185,0
                  9.174328,40.624209,0
                  9.174842,40.624611,0
                  9.174913,40.624866,0
                  9.173749,40.624866,0
                  9.173671,40.624588,0
                  9.174091,40.624588,0
                  9.174101,40.624588,0
                  9.174112,40.624588,0
                  9.174126,40.624588,0
                  9.174142,40.624588,0
                  9.17416,40.624589,0
                  9.17418,40.624589,0
                  9.174202,40.62459,0
                  9.174226,40.62459,0
                  9.174252,40.624591,0
                  9.17428,40.624592,0
                  9.174284,40.624592,0
                  9.174287,40.624591,0
                  9.17429,40.624591,0
                  9.174292,40.62459,0
                  9.174294,40.624589,0
                  9.174296,40.624587,0
                  9.174296,40.624585,0
                  9.174297,40.624583,0
                  9.174297,40.624581,0
                  9.174296,40.624578,0
                  9.174296,40.624577,0
                  9.174295,40.624576,0
                  9.174295,40.624575,0
                  9.174294,40.624574,0
                  9.174293,40.624573,0
                  9.174291,40.624572,0
                  9.17429,40.624571,0
                  9.174288,40.62457,0
                  9.174286,40.624569,0
                  9.174284,40.624568,0
                  9.17426,40.624554,0
                  9.174234,40.624539,0
                  9.174208,40.624523,0
                  9.174181,40.624506,0
                  9.174153,40.624487,0
                  9.174125,40.624467,0
                  9.174096,40.624447,0
                  9.174067,40.624425,0
                  9.174036,40.624401,0
                  9.174005,40.624377,0
                  9.173517,40.62399,0
                  9.173506,40.623982,0
                  9.173496,40.623972,0
                  9.173487,40.623963,0
                  9.173478,40.623953,0
                  9.173471,40.623944,0
                  9.173464,40.623933,0
                  9.173458,40.623923,0
                  9.173453,40.623912,0
                  9.173448,40.623902,0
                  9.173445,40.623891,0
                  9.173442,40.623877,0
                  9.17344,40.623865,0
                  9.17344,40.623852,0
                  9.173441,40.62384,0
                  9.173443,40.623828,0
                  9.173447,40.623817,0
                  9.173453,40.623805,0
                  9.173459,40.623795,0
                  9.173467,40.623784,0
                  9.173476,40.623774,0
                  9.173487,40.623765,0
                  9.173498,40.623756,0
                  9.17351,40.623749,0
                  9.173523,40.623743,0
                  9.173537,40.623737,0
                  9.173551,40.623733,0
                  9.173566,40.623729,0
                  9.173582,40.623727,0
                  9.173599,40.623725,0
                  9.173617,40.623725,0
                  9.174599,40.623725,0
                  9.174676,40.624,0
                </coordinates>
              </LinearRing>
            </outerBoundaryIs>
          </Polygon>
          <Polygon>
            <outerBoundaryIs>
              <LinearRing>
                <tessellate>1</tessellate>
                <coordinates>
                  9.168093,40.624111,0
                  9.168103,40.624162,0
                  9.168101,40.62421,0
                  9.168089,40.624253,0
                  9.168065,40.624292,0
                  9.168031,40.624328,0
                  9.167986,40.624359,0
                  9.16793,40.624386,0
                  9.167863,40.62441,0
                  9.167785,40.624429,0
                  9.167696,40.624445,0
                  9.167648,40.624452,0
                  9.167606,40.624461,0
                  9.167569,40.62447,0
                  9.167538,40.624479,0
                  9.167512,40.62449,0
                  9.167492,40.624501,0
                  9.167477,40.624513,0
                  9.167467,40.624525,0
                  9.167463,40.624539,0
                  9.167464,40.624553,0
                  9.167468,40.624568,0
                  9.16747,40.624574,0
                  9.167473,40.624581,0
                  9.167477,40.624587,0
                  9.167481,40.624593,0
                  9.167485,40.624599,0
                  9.167491,40.624604,0
                  9.167497,40.62461,0
                  9.167504,40.624615,0
                  9.167511,40.62462,0
                  9.167519,40.624625,0
                  9.167528,40.62463,0
                  9.167537,40.624634,0
                  9.167546,40.624638,0
                  9.167556,40.624641,0
                  9.167566,40.624644,0
                  9.167576,40.624646,0
                  9.167587,40.624647,0
                  9.167598,40.624649,0
                  9.167609,40.624649,0
                  9.167621,40.62465,0
                  9.167756,40.62465,0
                  9.167794,40.624649,0
                  9.16783,40.624648,0
                  9.167864,40.624645,0
                  9.167897,40.624642,0
                  9.167927,40.624637,0
                  9.167956,40.624632,0
                  9.167983,40.624626,0
                  9.168008,40.624618,0
                  9.168032,40.62461,0
                  9.168054,40.624601,0
                  9.168239,40.624845,0
                  9.168209,40.624858,0
                  9.168176,40.624869,0
                  9.168141,40.624879,0
                  9.168104,40.624888,0
                  9.168065,40.624895,0
                  9.168024,40.624901,0
                  9.16798,40.624905,0
                  9.167934,40.624909,0
                  9.167886,40.624911,0
                  9.167835,40.624911,0
                  9.167679,40.624911,0
                  9.167635,40.62491,0
                  9.167593,40.624907,0
                  9.167551,40.624903,0
                  9.16751,40.624896,0
                  9.167469,40.624888,0
                  9.16743,40.624877,0
                  9.167391,40.624865,0
                  9.167353,40.624851,0
                  9.167315,40.624834,0
                  9.167279,40.624816,0
                  9.167242,40.624796,0
                  9.167209,40.624775,0
                  9.167179,40.624752,0
                  9.167151,40.624729,0
                  9.167127,40.624704,0
                  9.167105,40.624679,0
                  9.167087,40.624652,0
                  9.167071,40.624624,0
                  9.167058,40.624596,0
                  9.167048,40.624566,0
                  9.167042,40.624543,0
                  9.167032,40.62449,0
                  9.167032,40.624442,0
                  9.167043,40.624397,0
                  9.167064,40.624357,0
                  9.167096,40.624321,0
                  9.167138,40.624288,0
                  9.167191,40.62426,0
                  9.167254,40.624237,0
                  9.167327,40.624217,0
                  9.167411,40.624201,0
                  9.167445,40.624196,0
                  9.167476,40.624191,0
                  9.167504,40.624185,0
                  9.16753,40.624179,0
                  9.167554,40.624173,0
                  9.167576,40.624168,0
                  9.167595,40.624161,0
                  9.167611,40.624155,0
                  9.167626,40.624149,0
                  9.167638,40.624142,0
                  9.167645,40.624138,0
                  9.167651,40.624132,0
                  9.167656,40.624127,0
                  9.16766,40.624121,0
                  9.167663,40.624115,0
                  9.167665,40.624109,0
                  9.167666,40.624102,0
                  9.167666,40.624095,0
                  9.167666,40.624088,0
                  9.167664,40.62408,0
                  9.16766,40.624068,0
                  9.167655,40.624053,0
                  9.167647,40.624039,0
                  9.167636,40.624027,0
                  9.167624,40.624016,0
                  9.167609,40.624007,0
                  9.167592,40.624,0
                  9.167573,40.623994,0
                  9.167551,40.62399,0
                  9.167527,40.623987,0
                  9.167501,40.623986,0
                  9.166929,40.623986,0
                  9.166855,40.623725,0
                  9.167469,40.623725,0
                  9.167514,40.623726,0
                  9.167557,40.623728,0
                  9.167599,40.623733,0
                  9.16764,40.623739,0
                  9.16768,40.623746,0
                  9.167718,40.623756,0
                  9.167755,40.623767,0
                  9.167791,40.62378,0
                  9.167826,40.623795,0
                  9.167859,40.623812,0
                  9.167893,40.623831,0
                  9.167924,40.623852,0
                  9.167953,40.623874,0
                  9.167979,40.623898,0
                  9.168003,40.623923,0
                  9.168024,40.623949,0
                  9.168043,40.623977,0
                  9.168058,40.624007,0
                  9.168072,40.624038,0
                  9.168083,40.62407,0
                  9.168093,40.624111,0
                </coordinates>
              </LinearRing>
            </outerBoundaryIs>
          </Polygon>
          <Polygon>
            <outerBoundaryIs>
              <LinearRing>
                <tessellate>1</tessellate>
                <coordinates>
                  9.177575,40.624111,0
                  9.177585,40.624162,0
                  9.177583,40.62421,0
                  9.177571,40.624253,0
                  9.177548,40.624292,0
                  9.177514,40.624328,0
                  9.177468,40.624359,0
                  9.177412,40.624386,0
                  9.177345,40.62441,0
                  9.177267,40.624429,0
                  9.177178,40.624445,0
                  9.17713,40.624452,0
                  9.177088,40.624461,0
                  9.177052,40.62447,0
                  9.17702,40.624479,0
                  9.176994,40.62449,0
                  9.176974,40.624501,0
                  9.176959,40.624513,0
                  9.176949,40.624525,0
                  9.176945,40.624539,0
                  9.176946,40.624553,0
                  9.17695,40.624568,0
                  9.176953,40.624574,0
                  9.176955,40.624581,0
                  9.176959,40.624587,0
                  9.176963,40.624593,0
                  9.176968,40.624599,0
                  9.176973,40.624604,0
                  9.176979,40.62461,0
                  9.176986,40.624615,0
                  9.176994,40.62462,0
                  9.177002,40.624625,0
                  9.17701,40.62463,0
                  9.177019,40.624634,0
                  9.177028,40.624638,0
                  9.177038,40.624641,0
                  9.177048,40.624644,0
                  9.177058,40.624646,0
                  9.177069,40.624647,0
                  9.17708,40.624649,0
                  9.177091,40.624649,0
                  9.177103,40.62465,0
                  9.177239,40.62465,0
                  9.177276,40.624649,0
                  9.177312,40.624648,0
                  9.177347,40.624645,0
                  9.177379,40.624642,0
                  9.17741,40.624637,0
                  9.177438,40.624632,0
                  9.177465,40.624626,0
                  9.177491,40.624618,0
                  9.177514,40.62461,0
                  9.177536,40.624601,0
                  9.177721,40.624845,0
                  9.177691,40.624858,0
                  9.177659,40.624869,0
                  9.177624,40.624879,0
                  9.177587,40.624888,0
                  9.177547,40.624895,0
                  9.177506,40.624901,0
                  9.177462,40.624905,0
                  9.177416,40.624909,0
                  9.177368,40.624911,0
                  9.177317,40.624911,0
                  9.177161,40.624911,0
                  9.177118,40.62491,0
                  9.177075,40.624907,0
                  9.177033,40.624903,0
                  9.176992,40.624896,0
                  9.176952,40.624888,0
                  9.176912,40.624877,0
                  9.176873,40.624865,0
                  9.176835,40.624851,0
                  9.176798,40.624834,0
                  9.176761,40.624816,0
                  9.176725,40.624796,0
                  9.176691,40.624775,0
                  9.176661,40.624752,0
                  9.176634,40.624729,0
                  9.176609,40.624704,0
                  9.176588,40.624679,0
                  9.176569,40.624652,0
                  9.176553,40.624624,0
                  9.17654,40.624596,0
                  9.176531,40.624566,0
                  9.176524,40.624543,0
                  9.176514,40.62449,0
                  9.176514,40.624442,0
                  9.176525,40.624397,0
                  9.176547,40.624357,0
                  9.176578,40.624321,0
                  9.17662,40.624288,0
                  9.176673,40.62426,0
                  9.176736,40.624237,0
                  9.17681,40.624217,0
                  9.176894,40.624201,0
                  9.176927,40.624196,0
                  9.176958,40.624191,0
                  9.176987,40.624185,0
                  9.177013,40.624179,0
                  9.177037,40.624173,0
                  9.177058,40.624168,0
                  9.177077,40.624161,0
                  9.177094,40.624155,0
                  9.177108,40.624149,0
                  9.17712,40.624142,0
                  9.177127,40.624138,0
                  9.177133,40.624132,0
                  9.177138,40.624127,0
                  9.177142,40.624121,0
                  9.177145,40.624115,0
                  9.177147,40.624109,0
                  9.177148,40.624102,0
                  9.177149,40.624095,0
                  9.177148,40.624088,0
                  9.177146,40.62408,0
                  9.177142,40.624068,0
                  9.177137,40.624053,0
                  9.177129,40.624039,0
                  9.177119,40.624027,0
                  9.177106,40.624016,0
                  9.177091,40.624007,0
                  9.177074,40.624,0
                  9.177055,40.623994,0
                  9.177033,40.62399,0
                  9.177009,40.623987,0
                  9.176983,40.623986,0
                  9.176411,40.623986,0
                  9.176337,40.623725,0
                  9.176952,40.623725,0
                  9.176996,40.623726,0
                  9.17704,40.623728,0
                  9.177082,40.623733,0
                  9.177123,40.623739,0
                  9.177162,40.623746,0
                  9.177201,40.623756,0
                  9.177238,40.623767,0
                  9.177273,40.62378,0
                  9.177308,40.623795,0
                  9.177341,40.623812,0
                  9.177375,40.623831,0
                  9.177407,40.623852,0
                  9.177435,40.623874,0
                  9.177462,40.623898,0
                  9.177485,40.623923,0
                  9.177506,40.623949,0
                  9.177525,40.623977,0
                  9.177541,40.624007,0
                  9.177554,40.624038,0
                  9.177565,40.62407,0
                  9.177575,40.624111,0
                </coordinates>
              </LinearRing>
            </outerBoundaryIs>
          </Polygon>
          <Polygon>
            <outerBoundaryIs>
              <LinearRing>
                <tessellate>1</tessellate>
                <coordinates>
                  9.171818,40.624519,0
                  9.171827,40.624553,0
                  9.171832,40.624586,0
                  9.171834,40.624617,0
                  9.171834,40.624648,0
                  9.17183,40.624676,0
                  9.171823,40.624704,0
                  9.171814,40.62473,0
                  9.171801,40.624754,0
                  9.171786,40.624778,0
                  9.171767,40.624799,0
                  9.171744,40.624821,0
                  9.171719,40.62484,0
                  9.17169,40.624856,0
                  9.171659,40.624871,0
                  9.171625,40.624883,0
                  9.171587,40.624893,0
                  9.171548,40.624901,0
                  9.171505,40.624907,0
                  9.171459,40.62491,0
                  9.17141,40.624911,0
                  9.171249,40.624911,0
                  9.171197,40.624911,0
                  9.171148,40.624909,0
                  9.171099,40.624905,0
                  9.171053,40.6249,0
                  9.171008,40.624894,0
                  9.170964,40.624887,0
                  9.170923,40.624878,0
                  9.170882,40.624868,0
                  9.170844,40.624856,0
                  9.170806,40.624843,0
                  9.170851,40.624607,0
                  9.17088,40.624616,0
                  9.17091,40.624625,0
                  9.17094,40.624633,0
                  9.170972,40.624639,0
                  9.171004,40.624645,0
                  9.171037,40.624649,0
                  9.171071,40.624653,0
                  9.171106,40.624656,0
                  9.171141,40.624657,0
                  9.171178,40.624658,0
                  9.171262,40.624658,0
                  9.171291,40.624656,0
                  9.171317,40.624653,0
                  9.171338,40.624646,0
                  9.171356,40.624638,0
                  9.17137,40.624626,0
                  9.17138,40.624613,0
                  9.171387,40.624596,0
                  9.171389,40.624578,0
                  9.171388,40.624556,0
                  9.171383,40.624533,0
                  9.171363,40.624461,0
                  9.171357,40.624462,0
                  9.17135,40.624463,0
                  9.171341,40.624464,0
                  9.17133,40.624465,0
                  9.171317,40.624465,0
                  9.171302,40.624466,0
                  9.171286,40.624466,0
                  9.171268,40.624467,0
                  9.171248,40.624467,0
                  9.171226,40.624467,0
                  9.171113,40.624467,0
                  9.171063,40.624466,0
                  9.171014,40.624463,0
                  9.170967,40.624457,0
                  9.170923,40.62445,0
                  9.17088,40.62444,0
                  9.170839,40.624428,0
                  9.1708,40.624414,0
                  9.170762,40.624398,0
                  9.170727,40.624379,0
                  9.170693,40.624359,0
                  9.170665,40.624339,0
                  9.170639,40.624318,0
                  9.170615,40.624296,0
                  9.170592,40.624272,0
                  9.170572,40.624247,0
                  9.170554,40.62422,0
                  9.170538,40.624192,0
                  9.170524,40.624163,0
                  9.170511,40.624133,0
                  9.170501,40.624101,0
                  9.170492,40.624063,0
                  9.170486,40.624027,0
                  9.170484,40.623992,0
                  9.170485,40.623959,0
                  9.17049,40.623928,0
                  9.170498,40.623899,0
                  9.17051,40.623872,0
                  9.170525,40.623846,0
                  9.170543,40.623823,0
                  9.170566,40.623801,0
                  9.17059,40.623782,0
                  9.170617,40.623764,0
                  9.170646,40.623749,0
                  9.170678,40.623736,0
                  9.170713,40.623725,0
                  9.17075,40.623716,0
                  9.17079,40.623709,0
                  9.170833,40.623704,0
                  9.170878,40.623701,0
                  9.170926,40.6237,0
                  9.171079,40.6237,0
                  9.171124,40.623701,0
                  9.171168,40.623704,0
                  9.17121,40.623709,0
                  9.171252,40.623717,0
                  9.171292,40.623726,0
                  9.171331,40.623738,0
                  9.171369,40.623751,0
                  9.171406,40.623767,0
                  9.171442,40.623785,0
                  9.171477,40.623805,0
                  9.17151,40.623826,0
                  9.17154,40.623849,0
                  9.171568,40.623873,0
                  9.171594,40.623899,0
                  9.171617,40.623926,0
                  9.171637,40.623954,0
                  9.171655,40.623983,0
                  9.171671,40.624013,0
                  9.171684,40.624045,0
                  9.171695,40.624078,0
                  9.171818,40.624519,0
                </coordinates>
              </LinearRing>
            </outerBoundaryIs>
            <innerBoundaryIs>
              <LinearRing>
                <tessellate>1</tessellate>
                <coordinates>
                  9.171289,40.624211,0
                  9.171283,40.624212,0
                  9.171275,40.624213,0
                  9.171265,40.624214,0
                  9.171252,40.624214,0
                  9.171238,40.624215,0
                  9.171221,40.624216,0
                  9.171201,40.624216,0
                  9.17118,40.624216,0
                  9.171156,40.624216,0
                  9.17111,40.624216,0
                  9.171084,40.624215,0
                  9.17106,40.624212,0
                  9.171038,40.624206,0
                  9.171018,40.624198,0
                  9.171,40.624188,0
                  9.170984,40.624176,0
                  9.17097,40.624162,0
                  9.170959,40.624145,0
                  9.170949,40.624126,0
                  9.170942,40.624105,0
                  9.170933,40.624074,0
                  9.170931,40.624065,0
                  9.17093,40.624057,0
                  9.17093,40.624048,0
                  9.17093,40.62404,0
                  9.170932,40.624032,0
                  9.170934,40.624025,0
                  9.170937,40.624017,0
                  9.170941,40.62401,0
                  9.170946,40.624003,0
                  9.170952,40.623996,0
                  9.170958,40.62399,0
                  9.170965,40.623984,0
                  9.170973,40.623979,0
                  9.170981,40.623975,0
                  9.170989,40.623971,0
                  9.170998,40.623968,0
                  9.171008,40.623965,0
                  9.171018,40.623964,0
                  9.171028,40.623963,0
                  9.171039,40.623962,0
                  9.171085,40.623962,0
                  9.171112,40.623964,0
                  9.171136,40.623967,0
                  9.171159,40.623972,0
                  9.171179,40.62398,0
                  9.171197,40.623989,0
                  9.171212,40.624001,0
                  9.171226,40.624015,0
                  9.171237,40.624032,0
                  9.171247,40.62405,0
                  9.171254,40.62407,0
                  9.171292,40.624209,0
                  9.171289,40.624211,0
                </coordinates>
              </LinearRing>
            </innerBoundaryIs>
          </Polygon>
          <Polygon>
            <outerBoundaryIs>
              <LinearRing>
                <tessellate>1</tessellate>
                <coordinates>
                  9.176244,40.62451,0
                  9.176251,40.624543,0
                  9.176256,40.624575,0
                  9.176257,40.624606,0
                  9.176254,40.624636,0
                  9.176248,40.624665,0
                  9.176239,40.624693,0
                  9.176226,40.62472,0
                  9.17621,40.624746,0
                  9.17619,40.624771,0
                  9.176167,40.624795,0
                  9.176142,40.624817,0
                  9.176114,40.624837,0
                  9.176084,40.624854,0
                  9.176052,40.624869,0
                  9.176018,40.624882,0
                  9.175982,40.624893,0
                  9.175945,40.624901,0
                  9.175905,40.624907,0
                  9.175863,40.62491,0
                  9.175819,40.624911,0
                  9.175695,40.624911,0
                  9.175651,40.62491,0
                  9.175607,40.624907,0
                  9.175564,40.624901,0
                  9.175521,40.624893,0
                  9.17548,40.624882,0
                  9.175439,40.624869,0
                  9.175399,40.624854,0
                  9.175359,40.624837,0
                  9.17532,40.624817,0
                  9.175282,40.624795,0
                  9.175245,40.624771,0
                  9.175212,40.624746,0
                  9.175181,40.62472,0
                  9.175153,40.624693,0
                  9.175128,40.624665,0
                  9.175106,40.624636,0
                  9.175086,40.624606,0
                  9.17507,40.624575,0
                  9.175056,40.624543,0
                  9.175045,40.62451,0
                  9.17493,40.624101,0
                  9.174923,40.624068,0
                  9.174918,40.624036,0
                  9.174917,40.624005,0
                  9.17492,40.623975,0
                  9.174926,40.623946,0
                  9.174935,40.623918,0
                  9.174948,40.623891,0
                  9.174965,40.623865,0
                  9.174984,40.62384,0
                  9.175007,40.623816,0
                  9.175033,40.623794,0
                  9.175061,40.623774,0
                  9.175091,40.623757,0
                  9.175123,40.623742,0
                  9.175157,40.623729,0
                  9.175192,40.623718,0
                  9.17523,40.62371,0
                  9.17527,40.623704,0
                  9.175312,40.623701,0
                  9.175355,40.6237,0
                  9.175479,40.6237,0
                  9.175524,40.623701,0
                  9.175568,40.623704,0
                  9.175611,40.62371,0
                  9.175653,40.623718,0
                  9.175695,40.623729,0
                  9.175736,40.623742,0
                  9.175776,40.623757,0
                  9.175816,40.623774,0
                  9.175855,40.623794,0
                  9.175893,40.623816,0
                  9.175929,40.62384,0
                  9.175963,40.623865,0
                  9.175994,40.623891,0
                  9.176021,40.623918,0
                  9.176046,40.623946,0
                  9.176069,40.623975,0
                  9.176088,40.624005,0
                  9.176105,40.624036,0
                  9.176118,40.624068,0
                  9.176129,40.624101,0
                  9.176244,40.62451,0
                </coordinates>
              </LinearRing>
            </outerBoundaryIs>
            <innerBoundaryIs>
              <LinearRing>
                <tessellate>1</tessellate>
                <coordinates>
                  9.175813,40.624538,0
                  9.175814,40.624546,0
                  9.175815,40.624555,0
                  9.175814,40.624563,0
                  9.175813,40.624571,0
                  9.17581,40.624579,0
                  9.175807,40.624586,0
                  9.175803,40.624594,0
                  9.175798,40.624601,0
                  9.175792,40.624608,0
                  9.175786,40.624614,0
                  9.175779,40.62462,0
                  9.175771,40.624625,0
                  9.175763,40.624629,0
                  9.175755,40.624633,0
                  9.175745,40.624636,0
                  9.175736,40.624639,0
                  9.175726,40.62464,0
                  9.175715,40.624641,0
                  9.175704,40.624642,0
                  9.175658,40.624642,0
                  9.175647,40.624641,0
                  9.175636,40.62464,0
                  9.175625,40.624639,0
                  9.175614,40.624636,0
                  9.175603,40.624633,0
                  9.175593,40.624629,0
                  9.175582,40.624625,0
                  9.175572,40.62462,0
                  9.175562,40.624614,0
                  9.175552,40.624608,0
                  9.175543,40.624601,0
                  9.175534,40.624594,0
                  9.175526,40.624586,0
                  9.175519,40.624579,0
                  9.175512,40.624571,0
                  9.175506,40.624563,0
                  9.175501,40.624555,0
                  9.175496,40.624546,0
                  9.175493,40.624538,0
                  9.17549,40.624529,0
                  9.175365,40.62408,0
                  9.175362,40.624072,0
                  9.175361,40.624063,0
                  9.175361,40.624055,0
                  9.175361,40.624047,0
                  9.175363,40.624039,0
                  9.175365,40.624032,0
                  9.175368,40.624024,0
                  9.175372,40.624017,0
                  9.175377,40.62401,0
                  9.175382,40.624003,0
                  9.175389,40.623997,0
                  9.175396,40.623992,0
                  9.175403,40.623987,0
                  9.175411,40.623982,0
                  9.17542,40.623979,0
                  9.175429,40.623976,0
                  9.175438,40.623973,0
                  9.175448,40.623972,0
                  9.175459,40.623971,0
                  9.17547,40.62397,0
                  9.175516,40.62397,0
                  9.175527,40.623971,0
                  9.175538,40.623972,0
                  9.175549,40.623973,0
                  9.17556,40.623976,0
                  9.175571,40.623979,0
                  9.175582,40.623983,0
                  9.175592,40.623987,0
                  9.175603,40.623992,0
                  9.175613,40.623998,0
                  9.175623,40.624004,0
                  9.175633,40.624011,0
                  9.175642,40.624018,0
                  9.17565,40.624025,0
                  9.175658,40.624032,0
                  9.175664,40.62404,0
                  9.17567,40.624047,0
                  9.175675,40.624055,0
                  9.175679,40.624064,0
                  9.175683,40.624072,0
                  9.175686,40.62408,0
                  9.175811,40.624529,0
                  9.175813,40.624538,0
                </coordinates>
              </LinearRing>
            </innerBoundaryIs>
          </Polygon>
          <Polygon>
            <outerBoundaryIs>
              <LinearRing>
                <tessellate>1</tessellate>
                <coordinates>
                  9.166761,40.62451,0
                  9.166769,40.624543,0
                  9.166773,40.624575,0
                  9.166774,40.624606,0
                  9.166772,40.624636,0
                  9.166766,40.624665,0
                  9.166757,40.624693,0
                  9.166744,40.62472,0
                  9.166728,40.624746,0
                  9.166708,40.624771,0
                  9.166685,40.624795,0
                  9.166659,40.624817,0
                  9.166632,40.624837,0
                  9.166602,40.624854,0
                  9.16657,40.624869,0
                  9.166536,40.624882,0
                  9.1665,40.624893,0
                  9.166462,40.624901,0
                  9.166422,40.624907,0
                  9.16638,40.62491,0
                  9.166336,40.624911,0
                  9.166213,40.624911,0
                  9.166168,40.62491,0
                  9.166125,40.624907,0
                  9.166082,40.624901,0
                  9.166039,40.624893,0
                  9.165998,40.624882,0
                  9.165957,40.624869,0
                  9.165916,40.624854,0
                  9.165877,40.624837,0
                  9.165838,40.624817,0
                  9.165799,40.624795,0
                  9.165763,40.624771,0
                  9.165729,40.624746,0
                  9.165699,40.62472,0
                  9.165671,40.624693,0
                  9.165646,40.624665,0
                  9.165623,40.624636,0
                  9.165604,40.624606,0
                  9.165587,40.624575,0
                  9.165574,40.624543,0
                  9.165563,40.62451,0
                  9.165448,40.624101,0
                  9.16544,40.624068,0
                  9.165436,40.624036,0
                  9.165435,40.624005,0
                  9.165438,40.623975,0
                  9.165444,40.623946,0
                  9.165453,40.623918,0
                  9.165466,40.623891,0
                  9.165482,40.623865,0
                  9.165502,40.62384,0
                  9.165525,40.623816,0
                  9.165551,40.623794,0
                  9.165579,40.623774,0
                  9.165609,40.623757,0
                  9.16564,40.623742,0
                  9.165674,40.623729,0
                  9.16571,40.623718,0
                  9.165748,40.62371,0
                  9.165788,40.623704,0
                  9.165829,40.623701,0
                  9.165873,40.6237,0
                  9.165997,40.6237,0
                  9.166041,40.623701,0
                  9.166085,40.623704,0
                  9.166129,40.62371,0
                  9.166171,40.623718,0
                  9.166213,40.623729,0
                  9.166254,40.623742,0
                  9.166294,40.623757,0
                  9.166334,40.623774,0
                  9.166373,40.623794,0
                  9.166411,40.623816,0
                  9.166447,40.62384,0
                  9.166481,40.623865,0
                  9.166511,40.623891,0
                  9.166539,40.623918,0
                  9.166564,40.623946,0
                  9.166586,40.623975,0
                  9.166606,40.624005,0
                  9.166622,40.624036,0
                  9.166636,40.624068,0
                  9.166647,40.624101,0
                  9.166761,40.62451,0
                </coordinates>
              </LinearRing>
            </outerBoundaryIs>
            <innerBoundaryIs>
              <LinearRing>
                <tessellate>1</tessellate>
                <coordinates>
                  9.166331,40.624538,0
                  9.166332,40.624546,0
                  9.166332,40.624555,0
                  9.166332,40.624563,0
                  9.16633,40.624571,0
                  9.166328,40.624579,0
                  9.166325,40.624586,0
                  9.166321,40.624594,0
                  9.166316,40.624601,0
                  9.16631,40.624608,0
                  9.166303,40.624614,0
                  9.166296,40.62462,0
                  9.166289,40.624625,0
                  9.166281,40.624629,0
                  9.166272,40.624633,0
                  9.166263,40.624636,0
                  9.166254,40.624639,0
                  9.166244,40.62464,0
                  9.166233,40.624641,0
                  9.166222,40.624642,0
                  9.166176,40.624642,0
                  9.166165,40.624641,0
                  9.166153,40.62464,0
                  9.166143,40.624639,0
                  9.166132,40.624636,0
                  9.166121,40.624633,0
                  9.166111,40.624629,0
                  9.1661,40.624625,0
                  9.16609,40.62462,0
                  9.16608,40.624614,0
                  9.16607,40.624608,0
                  9.16606,40.624601,0
                  9.166052,40.624594,0
                  9.166044,40.624586,0
                  9.166036,40.624579,0
                  9.16603,40.624571,0
                  9.166024,40.624563,0
                  9.166019,40.624555,0
                  9.166014,40.624546,0
                  9.16601,40.624538,0
                  9.166007,40.624529,0
                  9.165882,40.62408,0
                  9.16588,40.624072,0
                  9.165879,40.624063,0
                  9.165878,40.624055,0
                  9.165879,40.624047,0
                  9.16588,40.624039,0
                  9.165882,40.624032,0
                  9.165886,40.624024,0
                  9.16589,40.624017,0
                  9.165894,40.62401,0
                  9.1659,40.624003,0
                  9.165907,40.623997,0
                  9.165914,40.623992,0
                  9.165921,40.623987,0
                  9.165929,40.623982,0
                  9.165937,40.623979,0
                  9.165946,40.623976,0
                  9.165956,40.623973,0
                  9.165966,40.623972,0
                  9.165977,40.623971,0
                  9.165988,40.62397,0
                  9.166034,40.62397,0
                  9.166045,40.623971,0
                  9.166056,40.623972,0
                  9.166067,40.623973,0
                  9.166078,40.623976,0
                  9.166089,40.623979,0
                  9.166099,40.623983,0
                  9.16611,40.623987,0
                  9.16612,40.623992,0
                  9.166131,40.623998,0
                  9.166141,40.624004,0
                  9.166151,40.624011,0
                  9.16616,40.624018,0
                  9.166168,40.624025,0
                  9.166175,40.624032,0
                  9.166182,40.62404,0
                  9.166188,40.624047,0
                  9.166193,40.624055,0
                  9.166197,40.624064,0
                  9.166201,40.624072,0
                  9.166203,40.62408,0
                  9.166328,40.624529,0
                  9.166331,40.624538,0
                </coordinates>
              </LinearRing>
            </innerBoundaryIs>
          </Polygon>
        </MultiGeometry>
      </Placemark>
      <Placemark>
        <name>Alà Arena</name>
        <styleUrl>#poly-F9F9F9-1200-255-nodesc</styleUrl>
        <MultiGeometry>
          <Polygon>
            <outerBoundaryIs>
              <LinearRing>
                <tessellate>1</tessellate>
                <coordinates>
                  9.293743,40.67512,0
                  9.293742,40.675139,0
                  9.293739,40.675157,0
                  9.293734,40.675175,0
                  9.293728,40.675192,0
                  9.293721,40.675209,0
                  9.293712,40.675225,0
                  9.293701,40.67524,0
                  9.29369,40.675255,0
                  9.293676,40.67527,0
                  9.293662,40.675283,0
                  9.293642,40.675299,0
                  9.293621,40.675313,0
                  9.293598,40.675325,0
                  9.293574,40.675336,0
                  9.293548,40.675345,0
                  9.293521,40.675352,0
                  9.293492,40.675358,0
                  9.293462,40.675362,0
                  9.293429,40.675364,0
                  9.293396,40.675365,0
                  9.293364,40.675364,0
                  9.293332,40.675362,0
                  9.293301,40.675358,0
                  9.29327,40.675352,0
                  9.293239,40.675345,0
                  9.29321,40.675336,0
                  9.29318,40.675325,0
                  9.293151,40.675313,0
                  9.293123,40.675299,0
                  9.293094,40.675283,0
                  9.293072,40.675269,0
                  9.29305,40.675255,0
                  9.293029,40.67524,0
                  9.29301,40.675224,0
                  9.292992,40.675208,0
                  9.292975,40.675192,0
                  9.292959,40.675175,0
                  9.292944,40.675157,0
                  9.29293,40.675138,0
                  9.292918,40.67512,0
                  9.292119,40.673803,0
                  9.292564,40.673803,0
                  9.292754,40.674122,0
                  9.293327,40.674122,0
                  9.293334,40.673803,0
                  9.293804,40.673803,0
                  9.293743,40.67512,0
                </coordinates>
              </LinearRing>
            </outerBoundaryIs>
            <innerBoundaryIs>
              <LinearRing>
                <tessellate>1</tessellate>
                <coordinates>
                  9.293319,40.674488,0
                  9.293319,40.674505,0
                  9.293319,40.674525,0
                  9.293318,40.674548,0
                  9.293318,40.674573,0
                  9.293316,40.674601,0
                  9.293315,40.674632,0
                  9.293314,40.674666,0
                  9.293312,40.674702,0
                  9.29331,40.674741,0
                  9.293308,40.674782,0
                  9.293306,40.674812,0
                  9.293304,40.67484,0
                  9.293303,40.674866,0
                  9.293303,40.674891,0
                  9.293303,40.674914,0
                  9.293303,40.674935,0
                  9.293304,40.674954,0
                  9.293305,40.674972,0
                  9.293307,40.674988,0
                  9.293309,40.675003,0
                  9.293309,40.675006,0
                  9.293309,40.675009,0
                  9.293309,40.675011,0
                  9.293308,40.675014,0
                  9.293306,40.675016,0
                  9.293304,40.675017,0
                  9.293302,40.675018,0
                  9.293298,40.675019,0
                  9.293295,40.67502,0
                  9.29329,40.67502,0
                  9.293286,40.67502,0
                  9.293282,40.675019,0
                  9.293278,40.675018,0
                  9.293274,40.675017,0
                  9.293271,40.675016,0
                  9.293268,40.675014,0
                  9.293265,40.675011,0
                  9.293262,40.675009,0
                  9.29326,40.675006,0
                  9.293258,40.675003,0
                  9.29325,40.674987,0
                  9.293238,40.674962,0
                  9.293221,40.67493,0
                  9.293199,40.674891,0
                  9.293173,40.674843,0
                  9.293141,40.674788,0
                  9.293104,40.674724,0
                  9.293063,40.674653,0
                  9.293017,40.674575,0
                  9.292965,40.674488,0
                  9.292919,40.67441,0
                  9.293318,40.67441,0
                  9.293319,40.674488,0
                </coordinates>
              </LinearRing>
            </innerBoundaryIs>
          </Polygon>
          <Polygon>
            <outerBoundaryIs>
              <LinearRing>
                <tessellate>1</tessellate>
                <coordinates>
                  9.298505,40.67512,0
                  9.298504,40.675139,0
                  9.298501,40.675157,0
                  9.298496,40.675175,0
                  9.29849,40.675192,0
                  9.298483,40.675209,0
                  9.298474,40.675225,0
                  9.298464,40.67524,0
                  9.298452,40.675255,0
                  9.298439,40.67527,0
                  9.298424,40.675283,0
                  9.298404,40.675299,0
                  9.298383,40.675313,0
                  9.298361,40.675325,0
                  9.298336,40.675336,0
                  9.298311,40.675345,0
                  9.298283,40.675352,0
                  9.298254,40.675358,0
                  9.298224,40.675362,0
                  9.298192,40.675364,0
                  9.298158,40.675365,0
                  9.298126,40.675364,0
                  9.298094,40.675362,0
                  9.298063,40.675358,0
                  9.298032,40.675352,0
                  9.298002,40.675345,0
                  9.297972,40.675336,0
                  9.297942,40.675325,0
                  9.297913,40.675313,0
                  9.297885,40.675299,0
                  9.297857,40.675283,0
                  9.297834,40.675269,0
                  9.297812,40.675255,0
                  9.297792,40.67524,0
                  9.297772,40.675224,0
                  9.297754,40.675208,0
                  9.297737,40.675192,0
                  9.297721,40.675175,0
                  9.297706,40.675157,0
                  9.297693,40.675138,0
                  9.29768,40.67512,0
                  9.296882,40.673803,0
                  9.297326,40.673803,0
                  9.297516,40.674122,0
                  9.29809,40.674122,0
                  9.298096,40.673803,0
                  9.298566,40.673803,0
                  9.298505,40.67512,0
                </coordinates>
              </LinearRing>
            </outerBoundaryIs>
            <innerBoundaryIs>
              <LinearRing>
                <tessellate>1</tessellate>
                <coordinates>
                  9.298082,40.674488,0
                  9.298081,40.674505,0
                  9.298081,40.674525,0
                  9.298081,40.674548,0
                  9.29808,40.674573,0
                  9.298079,40.674601,0
                  9.298077,40.674632,0
                  9.298076,40.674666,0
                  9.298074,40.674702,0
                  9.298072,40.674741,0
                  9.29807,40.674782,0
                  9.298068,40.674812,0
                  9.298066,40.67484,0
                  9.298065,40.674866,0
                  9.298065,40.674891,0
                  9.298065,40.674914,0
                  9.298065,40.674935,0
                  9.298066,40.674954,0
                  9.298067,40.674972,0
                  9.298069,40.674988,0
                  9.298071,40.675003,0
                  9.298072,40.675006,0
                  9.298072,40.675009,0
                  9.298071,40.675011,0
                  9.29807,40.675014,0
                  9.298068,40.675016,0
                  9.298066,40.675017,0
                  9.298064,40.675018,0
                  9.298061,40.675019,0
                  9.298057,40.67502,0
                  9.298053,40.67502,0
                  9.298048,40.67502,0
                  9.298044,40.675019,0
                  9.29804,40.675018,0
                  9.298037,40.675017,0
                  9.298033,40.675016,0
                  9.29803,40.675014,0
                  9.298027,40.675011,0
                  9.298024,40.675009,0
                  9.298022,40.675006,0
                  9.29802,40.675003,0
                  9.298013,40.674987,0
                  9.298,40.674962,0
                  9.297984,40.67493,0
                  9.297962,40.674891,0
                  9.297935,40.674843,0
                  9.297903,40.674788,0
                  9.297867,40.674724,0
                  9.297825,40.674653,0
                  9.297779,40.674575,0
                  9.297728,40.674488,0
                  9.297682,40.67441,0
                  9.29808,40.67441,0
                  9.298082,40.674488,0
                </coordinates>
              </LinearRing>
            </innerBoundaryIs>
          </Polygon>
          <Polygon>
            <outerBoundaryIs>
              <LinearRing>
                <tessellate>1</tessellate>
                <coordinates>
                  9.302808,40.674588,0
                  9.302816,40.674621,0
                  9.30282,40.674653,0
                  9.302821,40.674684,0
                  9.302819,40.674714,0
                  9.302813,40.674743,0
                  9.302804,40.674771,0
                  9.302791,40.674798,0
                  9.302775,40.674824,0
                  9.302755,40.674849,0
                  9.302732,40.674873,0
                  9.302706,40.674895,0
                  9.302678,40.674914,0
                  9.302649,40.674932,0
                  9.302617,40.674947,0
                  9.302583,40.67496,0
                  9.302547,40.67497,0
                  9.302509,40.674978,0
                  9.302469,40.674984,0
                  9.302427,40.674988,0
                  9.302383,40.674989,0
                  9.30226,40.674989,0
                  9.302215,40.674988,0
                  9.302171,40.674984,0
                  9.302128,40.674978,0
                  9.302086,40.67497,0
                  9.302044,40.67496,0
                  9.302003,40.674947,0
                  9.301963,40.674932,0
                  9.301924,40.674914,0
                  9.301885,40.674895,0
                  9.301846,40.674873,0
                  9.30181,40.674849,0
                  9.301776,40.674824,0
                  9.301745,40.674798,0
                  9.301718,40.674771,0
                  9.301692,40.674743,0
                  9.30167,40.674714,0
                  9.301651,40.674684,0
                  9.301634,40.674653,0
                  9.30162,40.674621,0
                  9.30161,40.674588,0
                  9.30139,40.673803,0
                  9.301829,40.673803,0
                  9.302053,40.674603,0
                  9.302056,40.674611,0
                  9.30206,40.67462,0
                  9.302064,40.674628,0
                  9.302069,40.674636,0
                  9.302075,40.674644,0
                  9.302082,40.674651,0
                  9.302089,40.674659,0
                  9.302097,40.674666,0
                  9.302106,40.674673,0
                  9.302115,40.674679,0
                  9.302125,40.674686,0
                  9.302136,40.674691,0
                  9.302146,40.674696,0
                  9.302156,40.674701,0
                  9.302167,40.674704,0
                  9.302177,40.674707,0
                  9.302188,40.674709,0
                  9.302199,40.674711,0
                  9.30221,40.674712,0
                  9.302221,40.674712,0
                  9.302267,40.674712,0
                  9.302279,40.674712,0
                  9.302289,40.674711,0
                  9.302299,40.674709,0
                  9.302309,40.674707,0
                  9.302318,40.674704,0
                  9.302326,40.6747,0
                  9.302334,40.674696,0
                  9.302342,40.674691,0
                  9.302349,40.674685,0
                  9.302355,40.674679,0
                  9.302361,40.674672,0
                  9.302366,40.674665,0
                  9.30237,40.674658,0
                  9.302373,40.674651,0
                  9.302375,40.674643,0
                  9.302377,40.674635,0
                  9.302377,40.674627,0
                  9.302377,40.674619,0
                  9.302376,40.674611,0
                  9.302374,40.674603,0
                  9.30215,40.673803,0
                  9.302589,40.673803,0
                  9.302808,40.674588,0
                </coordinates>
              </LinearRing>
            </outerBoundaryIs>
          </Polygon>
          <Polygon>
            <outerBoundaryIs>
              <LinearRing>
                <tessellate>1</tessellate>
                <coordinates>
                  9.296183,40.674597,0
                  9.296191,40.674631,0
                  9.296196,40.674664,0
                  9.296199,40.674695,0
                  9.296198,40.674725,0
                  9.296194,40.674754,0
                  9.296188,40.674781,0
                  9.296178,40.674807,0
                  9.296166,40.674832,0
                  9.29615,40.674855,0
                  9.296131,40.674877,0
                  9.296109,40.674898,0
                  9.296083,40.674917,0
                  9.296055,40.674934,0
                  9.296023,40.674949,0
                  9.295989,40.674961,0
                  9.295952,40.674971,0
                  9.295912,40.674979,0
                  9.295869,40.674984,0
                  9.295823,40.674988,0
                  9.295775,40.674989,0
                  9.295613,40.674989,0
                  9.295562,40.674988,0
                  9.295512,40.674986,0
                  9.295464,40.674983,0
                  9.295417,40.674978,0
                  9.295372,40.674972,0
                  9.295329,40.674964,0
                  9.295287,40.674956,0
                  9.295247,40.674945,0
                  9.295208,40.674934,0
                  9.295171,40.674921,0
                  9.295216,40.674684,0
                  9.295244,40.674694,0
                  9.295274,40.674703,0
                  9.295305,40.67471,0
                  9.295336,40.674717,0
                  9.295368,40.674723,0
                  9.295401,40.674727,0
                  9.295435,40.674731,0
                  9.29547,40.674733,0
                  9.295506,40.674735,0
                  9.295542,40.674735,0
                  9.295626,40.674735,0
                  9.295656,40.674734,0
                  9.295681,40.67473,0
                  9.295703,40.674724,0
                  9.295721,40.674715,0
                  9.295735,40.674704,0
                  9.295745,40.67469,0
                  9.295751,40.674674,0
                  9.295754,40.674655,0
                  9.295752,40.674634,0
                  9.295747,40.674611,0
                  9.295727,40.674539,0
                  9.295722,40.67454,0
                  9.295714,40.674541,0
                  9.295705,40.674542,0
                  9.295694,40.674543,0
                  9.295681,40.674543,0
                  9.295667,40.674544,0
                  9.29565,40.674544,0
                  9.295632,40.674544,0
                  9.295612,40.674545,0
                  9.295591,40.674545,0
                  9.295477,40.674545,0
                  9.295427,40.674544,0
                  9.295379,40.67454,0
                  9.295332,40.674535,0
                  9.295287,40.674527,0
                  9.295244,40.674518,0
                  9.295203,40.674506,0
                  9.295164,40.674492,0
                  9.295127,40.674476,0
                  9.295091,40.674457,0
                  9.295058,40.674437,0
                  9.295029,40.674417,0
                  9.295003,40.674396,0
                  9.294979,40.674374,0
                  9.294957,40.67435,0
                  9.294937,40.674325,0
                  9.294918,40.674298,0
                  9.294902,40.674271,0
                  9.294888,40.674241,0
                  9.294876,40.674211,0
                  9.294866,40.674179,0
                  9.294856,40.674141,0
                  9.29485,40.674105,0
                  9.294848,40.67407,0
                  9.294849,40.674037,0
                  9.294854,40.674007,0
                  9.294862,40.673977,0
                  9.294874,40.67395,0
                  9.294889,40.673925,0
                  9.294908,40.673901,0
                  9.29493,40.673879,0
                  9.294954,40.67386,0
                  9.294981,40.673843,0
                  9.295011,40.673828,0
                  9.295043,40.673815,0
                  9.295077,40.673803,0
                  9.295115,40.673794,0
                  9.295155,40.673787,0
                  9.295197,40.673782,0
                  9.295243,40.673779,0
                  9.295291,40.673778,0
                  9.295443,40.673778,0
                  9.295488,40.673779,0
                  9.295532,40.673782,0
                  9.295575,40.673788,0
                  9.295616,40.673795,0
                  9.295657,40.673804,0
                  9.295696,40.673816,0
                  9.295734,40.67383,0
                  9.295771,40.673845,0
                  9.295807,40.673863,0
                  9.295841,40.673883,0
                  9.295874,40.673905,0
                  9.295905,40.673928,0
                  9.295932,40.673952,0
                  9.295958,40.673977,0
                  9.295981,40.674004,0
                  9.296002,40.674032,0
                  9.29602,40.674061,0
                  9.296035,40.674092,0
                  9.296048,40.674123,0
                  9.296059,40.674156,0
                  9.296183,40.674597,0
                </coordinates>
              </LinearRing>
            </outerBoundaryIs>
            <innerBoundaryIs>
              <LinearRing>
                <tessellate>1</tessellate>
                <coordinates>
                  9.295653,40.674289,0
                  9.295647,40.67429,0
                  9.295639,40.674291,0
                  9.295629,40.674292,0
                  9.295617,40.674292,0
                  9.295602,40.674293,0
                  9.295585,40.674294,0
                  9.295566,40.674294,0
                  9.295545,40.674294,0
                  9.295521,40.674294,0
                  9.295475,40.674294,0
                  9.295449,40.674293,0
                  9.295424,40.67429,0
                  9.295402,40.674284,0
                  9.295382,40.674276,0
                  9.295364,40.674267,0
                  9.295349,40.674254,0
                  9.295335,40.67424,0
                  9.295323,40.674223,0
                  9.295314,40.674204,0
                  9.295306,40.674183,0
                  9.295297,40.674152,0
                  9.295295,40.674144,0
                  9.295294,40.674135,0
                  9.295294,40.674127,0
                  9.295295,40.674118,0
                  9.295296,40.67411,0
                  9.295298,40.674103,0
                  9.295302,40.674095,0
                  9.295306,40.674088,0
                  9.295311,40.674081,0
                  9.295316,40.674074,0
                  9.295323,40.674068,0
                  9.29533,40.674062,0
                  9.295337,40.674057,0
                  9.295345,40.674053,0
                  9.295354,40.674049,0
                  9.295363,40.674046,0
                  9.295372,40.674044,0
                  9.295382,40.674042,0
                  9.295393,40.674041,0
                  9.295404,40.674041,0
                  9.29545,40.674041,0
                  9.295476,40.674042,0
                  9.295501,40.674045,0
                  9.295523,40.67405,0
                  9.295543,40.674058,0
                  9.295561,40.674068,0
                  9.295577,40.67408,0
                  9.29559,40.674094,0
                  9.295602,40.67411,0
                  9.295611,40.674128,0
                  9.295618,40.674149,0
                  9.295656,40.674287,0
                  9.295653,40.674289,0
                </coordinates>
              </LinearRing>
            </innerBoundaryIs>
          </Polygon>
          <Polygon>
            <outerBoundaryIs>
              <LinearRing>
                <tessellate>1</tessellate>
                <coordinates>
                  9.304308,40.674597,0
                  9.304317,40.674631,0
                  9.304322,40.674664,0
                  9.304324,40.674695,0
                  9.304324,40.674725,0
                  9.30432,40.674754,0
                  9.304313,40.674781,0
                  9.304304,40.674807,0
                  9.304291,40.674832,0
                  9.304276,40.674855,0
                  9.304257,40.674877,0
                  9.304234,40.674898,0
                  9.304209,40.674917,0
                  9.30418,40.674934,0
                  9.304149,40.674949,0
                  9.304115,40.674961,0
                  9.304078,40.674971,0
                  9.304038,40.674979,0
                  9.303995,40.674984,0
                  9.303949,40.674988,0
                  9.3039,40.674989,0
                  9.303739,40.674989,0
                  9.303687,40.674988,0
                  9.303638,40.674986,0
                  9.303589,40.674983,0
                  9.303543,40.674978,0
                  9.303498,40.674972,0
                  9.303454,40.674964,0
                  9.303413,40.674956,0
                  9.303372,40.674945,0
                  9.303334,40.674934,0
                  9.303296,40.674921,0
                  9.303341,40.674684,0
                  9.30337,40.674694,0
                  9.3034,40.674703,0
                  9.30343,40.67471,0
                  9.303462,40.674717,0
                  9.303494,40.674723,0
                  9.303527,40.674727,0
                  9.303561,40.674731,0
                  9.303596,40.674733,0
                  9.303631,40.674735,0
                  9.303668,40.674735,0
                  9.303752,40.674735,0
                  9.303781,40.674734,0
                  9.303807,40.67473,0
                  9.303828,40.674724,0
                  9.303846,40.674715,0
                  9.30386,40.674704,0
                  9.303871,40.67469,0
                  9.303877,40.674674,0
                  9.303879,40.674655,0
                  9.303878,40.674634,0
                  9.303873,40.674611,0
                  9.303853,40.674539,0
                  9.303847,40.67454,0
                  9.30384,40.674541,0
                  9.303831,40.674542,0
                  9.30382,40.674543,0
                  9.303807,40.674543,0
                  9.303792,40.674544,0
                  9.303776,40.674544,0
                  9.303758,40.674544,0
                  9.303738,40.674545,0
                  9.303716,40.674545,0
                  9.303603,40.674545,0
                  9.303553,40.674544,0
                  9.303504,40.67454,0
                  9.303458,40.674535,0
                  9.303413,40.674527,0
                  9.30337,40.674518,0
                  9.303329,40.674506,0
                  9.30329,40.674492,0
                  9.303252,40.674476,0
                  9.303217,40.674457,0
                  9.303183,40.674437,0
                  9.303155,40.674417,0
                  9.303129,40.674396,0
                  9.303105,40.674374,0
                  9.303082,40.67435,0
                  9.303062,40.674325,0
                  9.303044,40.674298,0
                  9.303028,40.674271,0
                  9.303014,40.674241,0
                  9.303001,40.674211,0
                  9.302991,40.674179,0
                  9.302982,40.674141,0
                  9.302976,40.674105,0
                  9.302974,40.67407,0
                  9.302975,40.674037,0
                  9.30298,40.674007,0
                  9.302988,40.673977,0
                  9.303,40.67395,0
                  9.303015,40.673925,0
                  9.303033,40.673901,0
                  9.303056,40.673879,0
                  9.30308,40.67386,0
                  9.303107,40.673843,0
                  9.303136,40.673828,0
                  9.303168,40.673815,0
                  9.303203,40.673803,0
                  9.30324,40.673794,0
                  9.30328,40.673787,0
                  9.303323,40.673782,0
                  9.303368,40.673779,0
                  9.303416,40.673778,0
                  9.303569,40.673778,0
                  9.303614,40.673779,0
                  9.303658,40.673782,0
                  9.3037,40.673788,0
                  9.303742,40.673795,0
                  9.303782,40.673804,0
                  9.303821,40.673816,0
                  9.30386,40.67383,0
                  9.303896,40.673845,0
                  9.303932,40.673863,0
                  9.303967,40.673883,0
                  9.304,40.673905,0
                  9.30403,40.673928,0
                  9.304058,40.673952,0
                  9.304084,40.673977,0
                  9.304107,40.674004,0
                  9.304127,40.674032,0
                  9.304145,40.674061,0
                  9.304161,40.674092,0
                  9.304174,40.674123,0
                  9.304185,40.674156,0
                  9.304308,40.674597,0
                </coordinates>
              </LinearRing>
            </outerBoundaryIs>
            <innerBoundaryIs>
              <LinearRing>
                <tessellate>1</tessellate>
                <coordinates>
                  9.303779,40.674289,0
                  9.303773,40.67429,0
                  9.303765,40.674291,0
                  9.303755,40.674292,0
                  9.303742,40.674292,0
                  9.303728,40.674293,0
                  9.303711,40.674294,0
                  9.303692,40.674294,0
                  9.30367,40.674294,0
                  9.303647,40.674294,0
                  9.3036,40.674294,0
                  9.303574,40.674293,0
                  9.30355,40.67429,0
                  9.303528,40.674284,0
                  9.303508,40.674276,0
                  9.30349,40.674267,0
                  9.303474,40.674254,0
                  9.30346,40.67424,0
                  9.303449,40.674223,0
                  9.303439,40.674204,0
                  9.303432,40.674183,0
                  9.303423,40.674152,0
                  9.303421,40.674144,0
                  9.30342,40.674135,0
                  9.30342,40.674127,0
                  9.30342,40.674118,0
                  9.303422,40.67411,0
                  9.303424,40.674103,0
                  9.303427,40.674095,0
                  9.303431,40.674088,0
                  9.303436,40.674081,0
                  9.303442,40.674074,0
                  9.303448,40.674068,0
                  9.303455,40.674062,0
                  9.303463,40.674057,0
                  9.303471,40.674053,0
                  9.303479,40.674049,0
                  9.303488,40.674046,0
                  9.303498,40.674044,0
                  9.303508,40.674042,0
                  9.303518,40.674041,0
                  9.303529,40.674041,0
                  9.303575,40.674041,0
                  9.303602,40.674042,0
                  9.303626,40.674045,0
                  9.303649,40.67405,0
                  9.303669,40.674058,0
                  9.303687,40.674068,0
                  9.303702,40.67408,0
                  9.303716,40.674094,0
                  9.303727,40.67411,0
                  9.303737,40.674128,0
                  9.303744,40.674149,0
                  9.303782,40.674287,0
                  9.303779,40.674289,0
                </coordinates>
              </LinearRing>
            </innerBoundaryIs>
          </Polygon>
          <Polygon>
            <outerBoundaryIs>
              <LinearRing>
                <tessellate>1</tessellate>
                <coordinates>
                  9.301327,40.674588,0
                  9.301341,40.67466,0
                  9.301341,40.674726,0
                  9.301327,40.674786,0
                  9.301299,40.674839,0
                  9.301257,40.674886,0
                  9.301233,40.674906,0
                  9.301178,40.674938,0
                  9.301113,40.674963,0
                  9.30104,40.67498,0
                  9.300957,40.674988,0
                  9.300786,40.674989,0
                  9.300741,40.674988,0
                  9.300654,40.674979,0
                  9.30057,40.67496,0
                  9.300489,40.674933,0
                  9.300411,40.674896,0
                  9.300336,40.674851,0
                  9.300272,40.674801,0
                  9.30022,40.674747,0
                  9.300178,40.674688,0
                  9.300148,40.674626,0
                  9.30002,40.674175,0
                  9.300012,40.674141,0
                  9.300004,40.674076,0
                  9.300008,40.674017,0
                  9.300024,40.673963,0
                  9.300052,40.673915,0
                  9.30007,40.673893,0
                  9.300119,40.673852,0
                  9.300179,40.67382,0
                  9.30025,40.673797,0
                  9.300333,40.673783,0
                  9.300427,40.673778,0
                  9.300588,40.673778,0
                  9.300689,40.673781,0
                  9.300784,40.673789,0
                  9.300873,40.673803,0
                  9.300955,40.673822,0
                  9.301031,40.673846,0
                  9.300987,40.674084,0
                  9.300931,40.674065,0
                  9.300871,40.67405,0
                  9.300805,40.67404,0
                  9.300735,40.674034,0
                  9.300659,40.674032,0
                  9.300577,40.674032,0
                  9.300522,40.674037,0
                  9.300482,40.674052,0
                  9.300457,40.674077,0
                  9.300448,40.674112,0
                  9.300454,40.674156,0
                  9.300475,40.674228,0
                  9.300487,40.674226,0
                  9.300507,40.674225,0
                  9.300534,40.674223,0
                  9.300568,40.674223,0
                  9.300609,40.674222,0
                  9.30068,40.674222,0
                  9.300781,40.674227,0
                  9.300875,40.67424,0
                  9.300962,40.674261,0
                  9.301043,40.674291,0
                  9.301117,40.67433,0
                  9.301149,40.674351,0
                  9.301205,40.674395,0
                  9.301252,40.674444,0
                  9.301289,40.674498,0
                  9.301316,40.674557,0
                  9.301327,40.674588,0
                </coordinates>
              </LinearRing>
            </outerBoundaryIs>
            <innerBoundaryIs>
              <LinearRing>
                <tessellate>1</tessellate>
                <coordinates>
                  9.300907,40.674632,0
                  9.300907,40.674648,0
                  9.300903,40.674664,0
                  9.300896,40.674679,0
                  9.300885,40.674693,0
                  9.300872,40.674705,0
                  9.300856,40.674715,0
                  9.300839,40.674722,0
                  9.300819,40.674726,0
                  9.300798,40.674727,0
                  9.300752,40.674727,0
                  9.300701,40.674723,0
                  9.300659,40.67471,0
                  9.300626,40.674688,0
                  9.300601,40.674658,0
                  9.300584,40.674619,0
                  9.300545,40.674478,0
                  9.300556,40.674476,0
                  9.300575,40.674474,0
                  9.300601,40.674473,0
                  9.300636,40.674472,0
                  9.300679,40.674472,0
                  9.300702,40.674472,0
                  9.300728,40.674473,0
                  9.300754,40.674477,0
                  9.300779,40.674483,0
                  9.300803,40.674491,0
                  9.300825,40.674502,0
                  9.300846,40.674515,0
                  9.300863,40.674529,0
                  9.300877,40.674546,0
                  9.300888,40.674564,0
                  9.300895,40.674584,0
                  9.300904,40.674615,0
                  9.300907,40.674632,0
                </coordinates>
              </LinearRing>
            </innerBoundaryIs>
          </Polygon>
          <Polygon>
            <outerBoundaryIs>
              <LinearRing>
                <tessellate>1</tessellate>
                <coordinates>
                  9.300125,40.674917,0
                  9.300094,40.674931,0
                  9.300061,40.674943,0
                  9.300026,40.674954,0
                  9.299989,40.674963,0
                  9.29995,40.674971,0
                  9.299909,40.674977,0
                  9.299866,40.674982,0
                  9.29982,40.674986,0
                  9.299773,40.674988,0
                  9.299724,40.674989,0
                  9.299657,40.674989,0
                  9.299607,40.674988,0
                  9.299558,40.674984,0
                  9.299511,40.674979,0
                  9.299466,40.674971,0
                  9.299423,40.674961,0
                  9.29938,40.674949,0
                  9.29934,40.674934,0
                  9.299301,40.674917,0
                  9.299264,40.674898,0
                  9.299228,40.674877,0
                  9.299195,40.674855,0
                  9.299165,40.674831,0
                  9.299137,40.674806,0
                  9.299111,40.674779,0
                  9.299088,40.674751,0
                  9.299067,40.674721,0
                  9.299048,40.67469,0
                  9.299032,40.674657,0
                  9.299018,40.674623,0
                  9.299007,40.674588,0
                  9.298787,40.673803,0
                  9.299226,40.673803,0
                  9.299453,40.674613,0
                  9.299461,40.674635,0
                  9.299471,40.674655,0
                  9.299483,40.674673,0
                  9.299497,40.674689,0
                  9.299513,40.674702,0
                  9.299531,40.674712,0
                  9.299551,40.674721,0
                  9.299573,40.674727,0
                  9.299597,40.67473,0
                  9.299624,40.674731,0
                  9.299651,40.674731,0
                  9.299689,40.674731,0
                  9.299724,40.674729,0
                  9.299758,40.674727,0
                  9.299791,40.674723,0
                  9.299821,40.674719,0
                  9.29985,40.674713,0
                  9.299877,40.674706,0
                  9.299903,40.674699,0
                  9.299927,40.67469,0
                  9.299949,40.67468,0
                  9.300125,40.674917,0
                </coordinates>
              </LinearRing>
            </outerBoundaryIs>
          </Polygon>
          <Polygon>
            <outerBoundaryIs>
              <LinearRing>
                <tessellate>1</tessellate>
                <coordinates>
                  9.294658,40.674082,0
                  9.29465,40.674082,0
                  9.294643,40.674082,0
                  9.294635,40.674083,0
                  9.294629,40.674083,0
                  9.294622,40.674084,0
                  9.294616,40.674085,0
                  9.29461,40.674085,0
                  9.294605,40.674086,0
                  9.294599,40.674087,0
                  9.294594,40.674089,0
                  9.294584,40.674091,0
                  9.294574,40.674094,0
                  9.294566,40.674098,0
                  9.294558,40.674103,0
                  9.294552,40.674108,0
                  9.294547,40.674114,0
                  9.294542,40.67412,0
                  9.294539,40.674127,0
                  9.294537,40.674135,0
                  9.294535,40.674144,0
                  9.294535,40.674148,0
                  9.294535,40.674154,0
                  9.294535,40.674161,0
                  9.294536,40.674168,0
                  9.294538,40.674176,0
                  9.294539,40.674184,0
                  9.294541,40.674194,0
                  9.294544,40.674204,0
                  9.294547,40.674215,0
                  9.29455,40.674226,0
                  9.294862,40.675338,0
                  9.294422,40.675338,0
                  9.294104,40.674201,0
                  9.294093,40.67416,0
                  9.294086,40.674122,0
                  9.294081,40.674086,0
                  9.294079,40.674052,0
                  9.29408,40.674021,0
                  9.294083,40.673992,0
                  9.29409,40.673965,0
                  9.294099,40.673941,0
                  9.294111,40.673919,0
                  9.294126,40.6739,0
                  9.294149,40.673878,0
                  9.294176,40.673859,0
                  9.294209,40.673842,0
                  9.294246,40.673828,0
                  9.294289,40.673816,0
                  9.294336,40.673806,0
                  9.294389,40.673799,0
                  9.294446,40.673794,0
                  9.294509,40.673791,0
                  9.294576,40.673791,0
                  9.294658,40.674082,0
                </coordinates>
              </LinearRing>
            </outerBoundaryIs>
          </Polygon>
          <Polygon>
            <outerBoundaryIs>
              <LinearRing>
                <tessellate>1</tessellate>
                <coordinates>
                  9.295906,40.675584,0
                  9.295508,40.675479,0
                  9.295725,40.675118,0
                  9.296039,40.675201,0
                  9.295906,40.675584,0
                </coordinates>
              </LinearRing>
            </outerBoundaryIs>
          </Polygon>
        </MultiGeometry>
      </Placemark>
    </Folder>
  </Document>
</kml>
