<?xml version="1.0" encoding="UTF-8"?>
<kml xmlns="http://www.opengis.net/kml/2.2">
  <Document>
    <name>RIS26 - SS8/11 Lerno-Sa Conchedda-Monti di Alà</name>
    <description/>
    <Style id="icon-1899-DB4436-normal">
      <IconStyle>
        <color>ff3644db</color>
        <scale>1</scale>
        <Icon>
          <href>https://www.gstatic.com/mapspro/images/stock/503-wht-blank_maps.png</href>
        </Icon>
        <hotSpot x="32" xunits="pixels" y="64" yunits="insetPixels"/>
      </IconStyle>
      <LabelStyle>
        <scale>0</scale>
      </LabelStyle>
    </Style>
    <Style id="icon-1899-DB4436-highlight">
      <IconStyle>
        <color>ff3644db</color>
        <scale>1</scale>
        <Icon>
          <href>https://www.gstatic.com/mapspro/images/stock/503-wht-blank_maps.png</href>
        </Icon>
        <hotSpot x="32" xunits="pixels" y="64" yunits="insetPixels"/>
      </IconStyle>
      <LabelStyle>
        <scale>1</scale>
      </LabelStyle>
    </Style>
    <StyleMap id="icon-1899-DB4436">
      <Pair>
        <key>normal</key>
        <styleUrl>#icon-1899-DB4436-normal</styleUrl>
      </Pair>
      <Pair>
        <key>highlight</key>
        <styleUrl>#icon-1899-DB4436-highlight</styleUrl>
      </Pair>
    </StyleMap>
    <Style id="icon-1899-DB4436-nodesc-normal">
      <IconStyle>
        <color>ff3644db</color>
        <scale>1</scale>
        <Icon>
          <href>https://www.gstatic.com/mapspro/images/stock/503-wht-blank_maps.png</href>
        </Icon>
        <hotSpot x="32" xunits="pixels" y="64" yunits="insetPixels"/>
      </IconStyle>
      <LabelStyle>
        <scale>0</scale>
      </LabelStyle>
      <BalloonStyle>
        <text><![CDATA[<h3>$[name]</h3>]]></text>
      </BalloonStyle>
    </Style>
    <Style id="icon-1899-DB4436-nodesc-highlight">
      <IconStyle>
        <color>ff3644db</color>
        <scale>1</scale>
        <Icon>
          <href>https://www.gstatic.com/mapspro/images/stock/503-wht-blank_maps.png</href>
        </Icon>
        <hotSpot x="32" xunits="pixels" y="64" yunits="insetPixels"/>
      </IconStyle>
      <LabelStyle>
        <scale>1</scale>
      </LabelStyle>
      <BalloonStyle>
        <text><![CDATA[<h3>$[name]</h3>]]></text>
      </BalloonStyle>
    </Style>
    <StyleMap id="icon-1899-DB4436-nodesc">
      <Pair>
        <key>normal</key>
        <styleUrl>#icon-1899-DB4436-nodesc-normal</styleUrl>
      </Pair>
      <Pair>
        <key>highlight</key>
        <styleUrl>#icon-1899-DB4436-nodesc-highlight</styleUrl>
      </Pair>
    </StyleMap>
    <Style id="line-ACA83A-8000-nodesc-normal">
      <LineStyle>
        <color>ff3aa8ac</color>
        <width>8</width>
      </LineStyle>
      <BalloonStyle>
        <text><![CDATA[<h3>$[name]</h3>]]></text>
      </BalloonStyle>
    </Style>
    <Style id="line-ACA83A-8000-nodesc-highlight">
      <LineStyle>
        <color>ff3aa8ac</color>
        <width>12</width>
      </LineStyle>
      <BalloonStyle>
        <text><![CDATA[<h3>$[name]</h3>]]></text>
      </BalloonStyle>
    </Style>
    <StyleMap id="line-ACA83A-8000-nodesc">
      <Pair>
        <key>normal</key>
        <styleUrl>#line-ACA83A-8000-nodesc-normal</styleUrl>
      </Pair>
      <Pair>
        <key>highlight</key>
        <styleUrl>#line-ACA83A-8000-nodesc-highlight</styleUrl>
      </Pair>
    </StyleMap>
    <Style id="line-FF0000-5000-nodesc-normal">
      <LineStyle>
        <color>ff0000ff</color>
        <width>5</width>
      </LineStyle>
      <BalloonStyle>
        <text><![CDATA[<h3>$[name]</h3>]]></text>
      </BalloonStyle>
    </Style>
    <Style id="line-FF0000-5000-nodesc-highlight">
      <LineStyle>
        <color>ff0000ff</color>
        <width>7.5</width>
      </LineStyle>
      <BalloonStyle>
        <text><![CDATA[<h3>$[name]</h3>]]></text>
      </BalloonStyle>
    </Style>
    <StyleMap id="line-FF0000-5000-nodesc">
      <Pair>
        <key>normal</key>
        <styleUrl>#line-FF0000-5000-nodesc-normal</styleUrl>
      </Pair>
      <Pair>
        <key>highlight</key>
        <styleUrl>#line-FF0000-5000-nodesc-highlight</styleUrl>
      </Pair>
    </StyleMap>
    <Style id="poly-000066-1000-191-normal">
      <LineStyle>
        <color>ff660000</color>
        <width>1</width>
      </LineStyle>
      <PolyStyle>
        <color>bf660000</color>
        <fill>1</fill>
        <outline>1</outline>
      </PolyStyle>
    </Style>
    <Style id="poly-000066-1000-191-highlight">
      <LineStyle>
        <color>ff660000</color>
        <width>1.5</width>
      </LineStyle>
      <PolyStyle>
        <color>bf660000</color>
        <fill>1</fill>
        <outline>1</outline>
      </PolyStyle>
    </Style>
    <StyleMap id="poly-000066-1000-191">
      <Pair>
        <key>normal</key>
        <styleUrl>#poly-000066-1000-191-normal</styleUrl>
      </Pair>
      <Pair>
        <key>highlight</key>
        <styleUrl>#poly-000066-1000-191-highlight</styleUrl>
      </Pair>
    </StyleMap>
    <Style id="poly-000066-1000-191-nodesc-normal">
      <LineStyle>
        <color>ff660000</color>
        <width>1</width>
      </LineStyle>
      <PolyStyle>
        <color>bf660000</color>
        <fill>1</fill>
        <outline>1</outline>
      </PolyStyle>
      <BalloonStyle>
        <text><![CDATA[<h3>$[name]</h3>]]></text>
      </BalloonStyle>
    </Style>
    <Style id="poly-000066-1000-191-nodesc-highlight">
      <LineStyle>
        <color>ff660000</color>
        <width>1.5</width>
      </LineStyle>
      <PolyStyle>
        <color>bf660000</color>
        <fill>1</fill>
        <outline>1</outline>
      </PolyStyle>
      <BalloonStyle>
        <text><![CDATA[<h3>$[name]</h3>]]></text>
      </BalloonStyle>
    </Style>
    <StyleMap id="poly-000066-1000-191-nodesc">
      <Pair>
        <key>normal</key>
        <styleUrl>#poly-000066-1000-191-nodesc-normal</styleUrl>
      </Pair>
      <Pair>
        <key>highlight</key>
        <styleUrl>#poly-000066-1000-191-nodesc-highlight</styleUrl>
      </Pair>
    </StyleMap>
    <Style id="poly-0000FF-1200-128-nodesc-normal">
      <LineStyle>
        <color>ffff0000</color>
        <width>1.2</width>
      </LineStyle>
      <PolyStyle>
        <color>80ff0000</color>
        <fill>1</fill>
        <outline>1</outline>
      </PolyStyle>
      <BalloonStyle>
        <text><![CDATA[<h3>$[name]</h3>]]></text>
      </BalloonStyle>
    </Style>
    <Style id="poly-0000FF-1200-128-nodesc-highlight">
      <LineStyle>
        <color>ffff0000</color>
        <width>1.8</width>
      </LineStyle>
      <PolyStyle>
        <color>80ff0000</color>
        <fill>1</fill>
        <outline>1</outline>
      </PolyStyle>
      <BalloonStyle>
        <text><![CDATA[<h3>$[name]</h3>]]></text>
      </BalloonStyle>
    </Style>
    <StyleMap id="poly-0000FF-1200-128-nodesc">
      <Pair>
        <key>normal</key>
        <styleUrl>#poly-0000FF-1200-128-nodesc-normal</styleUrl>
      </Pair>
      <Pair>
        <key>highlight</key>
        <styleUrl>#poly-0000FF-1200-128-nodesc-highlight</styleUrl>
      </Pair>
    </StyleMap>
    <Style id="poly-F9F9F9-1200-255-nodesc-normal">
      <LineStyle>
        <color>fff9f9f9</color>
        <width>1.2</width>
      </LineStyle>
      <PolyStyle>
        <color>fff9f9f9</color>
        <fill>1</fill>
        <outline>1</outline>
      </PolyStyle>
      <BalloonStyle>
        <text><![CDATA[<h3>$[name]</h3>]]></text>
      </BalloonStyle>
    </Style>
    <Style id="poly-F9F9F9-1200-255-nodesc-highlight">
      <LineStyle>
        <color>fff9f9f9</color>
        <width>1.8</width>
      </LineStyle>
      <PolyStyle>
        <color>fff9f9f9</color>
        <fill>1</fill>
        <outline>1</outline>
      </PolyStyle>
      <BalloonStyle>
        <text><![CDATA[<h3>$[name]</h3>]]></text>
      </BalloonStyle>
    </Style>
    <StyleMap id="poly-F9F9F9-1200-255-nodesc">
      <Pair>
        <key>normal</key>
        <styleUrl>#poly-F9F9F9-1200-255-nodesc-normal</styleUrl>
      </Pair>
      <Pair>
        <key>highlight</key>
        <styleUrl>#poly-F9F9F9-1200-255-nodesc-highlight</styleUrl>
      </Pair>
    </StyleMap>
    <Style id="poly-FFDE23-1200-128-nodesc-normal">
      <LineStyle>
        <color>ff23deff</color>
        <width>1.2</width>
      </LineStyle>
      <PolyStyle>
        <color>8023deff</color>
        <fill>1</fill>
        <outline>1</outline>
      </PolyStyle>
      <BalloonStyle>
        <text><![CDATA[<h3>$[name]</h3>]]></text>
      </BalloonStyle>
    </Style>
    <Style id="poly-FFDE23-1200-128-nodesc-highlight">
      <LineStyle>
        <color>ff23deff</color>
        <width>1.8</width>
      </LineStyle>
      <PolyStyle>
        <color>8023deff</color>
        <fill>1</fill>
        <outline>1</outline>
      </PolyStyle>
      <BalloonStyle>
        <text><![CDATA[<h3>$[name]</h3>]]></text>
      </BalloonStyle>
    </Style>
    <StyleMap id="poly-FFDE23-1200-128-nodesc">
      <Pair>
        <key>normal</key>
        <styleUrl>#poly-FFDE23-1200-128-nodesc-normal</styleUrl>
      </Pair>
      <Pair>
        <key>highlight</key>
        <styleUrl>#poly-FFDE23-1200-128-nodesc-highlight</styleUrl>
      </Pair>
    </StyleMap>
    <Folder>
      <name>Access</name>
      <Placemark>
        <name>08 - 09 - 10 - 11</name>
        <styleUrl>#icon-1899-DB4436-nodesc</styleUrl>
        <Point>
          <coordinates>
            9.225413,40.611962,0
          </coordinates>
        </Point>
      </Placemark>
      <Placemark>
        <name>08 - 09 - 10 - 11</name>
        <styleUrl>#icon-1899-DB4436-nodesc</styleUrl>
        <Point>
          <coordinates>
            9.24391,40.592481,0
          </coordinates>
        </Point>
      </Placemark>
      <Placemark>
        <name>08 - 09 - 10 - 11  bifacciale</name>
        <styleUrl>#icon-1899-DB4436-nodesc</styleUrl>
        <Point>
          <coordinates>
            9.242196,40.584907,0
          </coordinates>
        </Point>
      </Placemark>
      <Placemark>
        <name>07 - 12  bifacciale</name>
        <styleUrl>#icon-1899-DB4436-nodesc</styleUrl>
        <Point>
          <coordinates>
            9.26669,40.596755,0
          </coordinates>
        </Point>
      </Placemark>
      <Placemark>
        <name>09</name>
        <styleUrl>#icon-1899-DB4436-nodesc</styleUrl>
        <Point>
          <coordinates>
            9.18428,40.607096,0
          </coordinates>
        </Point>
      </Placemark>
      <Placemark>
        <name>09 - 10</name>
        <styleUrl>#icon-1899-DB4436-nodesc</styleUrl>
        <Point>
          <coordinates>
            9.211054,40.620768,0
          </coordinates>
        </Point>
      </Placemark>
      <Placemark>
        <name>09 - 10</name>
        <styleUrl>#icon-1899-DB4436-nodesc</styleUrl>
        <Point>
          <coordinates>
            9.194155,40.61532,0
          </coordinates>
        </Point>
      </Placemark>
      <Placemark>
        <name>09 - 10</name>
        <styleUrl>#icon-1899-DB4436-nodesc</styleUrl>
        <Point>
          <coordinates>
            9.190957,40.613624,0
          </coordinates>
        </Point>
      </Placemark>
      <Placemark>
        <name>10</name>
        <styleUrl>#icon-1899-DB4436-nodesc</styleUrl>
        <Point>
          <coordinates>
            9.184293,40.607147,0
          </coordinates>
        </Point>
      </Placemark>
      <Placemark>
        <name>09-10-11 Access</name>
        <styleUrl>#line-ACA83A-8000-nodesc</styleUrl>
        <LineString>
          <tessellate>1</tessellate>
          <coordinates>
            9.24217,40.584926,630
            9.243101,40.586021,609.7
            9.24315,40.586253,609.6
            9.243037,40.587231,609
            9.243005,40.587511,609
            9.242999,40.587885,609
            9.242899,40.588084,609
            9.242479,40.588904,607.6
            9.24248,40.58913,607
            9.242565,40.589485,609
            9.24265,40.589724,609.7
            9.243351,40.590719,611
            9.243958,40.591528,616.5
            9.243998,40.591679,616.9
            9.244014,40.591874,620
            9.243948,40.592334,620
            9.243888,40.592465,620
            9.243812,40.592592,620.7
            9.243651,40.592792,620.7
            9.241739,40.59469,617.5
            9.241531,40.594953,616
            9.24063,40.596348,618
            9.239886,40.597219,623
            9.239537,40.597615,626.9
            9.239382,40.597757,627.6
            9.239141,40.59792,627.5
            9.238444,40.598304,628
            9.238129,40.598567,631
            9.237417,40.599224,634.5
            9.237164,40.59947,636.3
            9.236661,40.59996,638
            9.236604,40.600009,643.1
            9.236346,40.600085,643.9
            9.236034,40.6002,643.6
            9.235721,40.600417,643.9
            9.235467,40.600752,644.3
            9.235339,40.600893,646.3
            9.235223,40.600972,656
            9.234956,40.601142,670.2
            9.234663,40.601287,669.3
            9.234422,40.601682,673.2
            9.234234,40.601931,675.1
            9.234218,40.602611,685.2
            9.234347,40.602929,685.2
            9.234527,40.603237,683.4
            9.234489,40.603297,684.2
            9.234433,40.603308,684.3
            9.234346,40.603281,684.8
            9.234237,40.603198,685.1
            9.233816,40.602792,686.3
            9.23346,40.602343,686.2
            9.233322,40.602235,691.1
            9.233239,40.602192,692.8
            9.233095,40.602165,694.1
            9.232998,40.602165,695.4
            9.232971,40.602177,696
            9.232847,40.60223,696
            9.231821,40.603362,711.1
            9.231528,40.60355,713.7
            9.231011,40.603723,712.8
            9.230032,40.60397,710
            9.229715,40.604026,710.8
            9.229528,40.604102,714
            9.229466,40.604127,724.4
            9.229149,40.60437,726
            9.228889,40.604637,727.4
            9.228678,40.604886,728.7
            9.228569,40.604954,736
            9.228374,40.605016,748.4
            9.228065,40.605062,749.3
            9.22784,40.605162,749.6
            9.227707,40.605274,750
            9.227657,40.60534,750.3
            9.227653,40.605472,753
            9.227735,40.605638,760.7
            9.227999,40.605915,761.1
            9.228296,40.606172,761.4
            9.228485,40.606231,761.6
            9.22903,40.606223,761.9
            9.229137,40.606251,763.1
            9.229219,40.606355,768
            9.229283,40.606582,773.7
            9.229293,40.606849,774.8
            9.229202,40.606997,775
            9.229087,40.607128,776
            9.228805,40.607284,777.2
            9.228175,40.607475,780.2
            9.22787,40.607498,782.4
            9.22743,40.607464,785.1
            9.226639,40.60726,791.9
            9.2263,40.607289,795.2
            9.225965,40.607421,796.4
            9.225651,40.607653,798.8
            9.225482,40.607875,800
            9.225416,40.608095,802.7
            9.225309,40.608336,816
            9.225223,40.608505,816
            9.225215,40.608538,816
            9.225295,40.60879,817.5
            9.22557,40.609385,818
            9.225596,40.609696,820
            9.22556,40.610083,826.7
            9.225458,40.610772,827.5
            9.225438,40.611276,829.3
            9.225488,40.61164,829.5
            9.225436,40.611894,826
            9.224403,40.612366,838.6
            9.223923,40.61265,841.5
            9.223592,40.612949,841.9
            9.223214,40.613242,842.9
            9.222763,40.613421,843.4
            9.222267,40.613517,844.3
            9.221849,40.613644,847.4
            9.221624,40.613631,848
            9.221138,40.613341,848.7
            9.220524,40.613093,850.8
            9.220244,40.613114,855
            9.220059,40.613278,855
            9.219128,40.614167,849
            9.218872,40.614401,849
            9.218736,40.614598,848
            9.218428,40.615253,846
            9.21831,40.615542,851.9
            9.218009,40.616169,859.6
            9.217876,40.616914,867.2
            9.217844,40.617268,869
            9.217918,40.617439,868.5
            9.21817,40.617739,870
            9.218211,40.617911,871.2
            9.218169,40.618112,871.4
            9.218104,40.618311,872.4
            9.218053,40.618399,873.8
            9.217706,40.618596,874.5
            9.216961,40.618867,879.9
            9.21652,40.618973,883.3
            9.215701,40.619128,888.1
            9.215316,40.619145,887.8
            9.21491,40.619182,890.5
            9.214638,40.619156,891.3
            9.214197,40.619074,897.7
            9.214179,40.619074,898.1
            9.213964,40.619078,898.5
            9.21347,40.619139,902
            9.213037,40.619094,900.9
            9.212742,40.619012,901.6
            9.212631,40.619009,902
            9.21256,40.61906,902.5
            9.212547,40.619098,902.7
            9.212563,40.619144,902.9
            9.212981,40.619424,906.8
            9.213154,40.619562,907
            9.21344,40.619827,907.1
            9.213502,40.620028,908.5
            9.213494,40.620324,916.7
            9.213432,40.620423,917
            9.213336,40.620485,916.9
            9.212975,40.620587,919.4
            9.212814,40.620648,920.6
            9.212679,40.62075,920.9
            9.212231,40.620879,924.7
            9.211636,40.620917,928.8
            9.211342,40.620857,929.5
            9.21106,40.62077,935
            9.211068,40.620451,937.4
            9.210978,40.620308,937.6
            9.210905,40.620192,937.9
            9.210685,40.619957,938.5
            9.210384,40.619797,941
            9.209969,40.619648,941.8
            9.209563,40.619525,941.8
            9.209139,40.619488,940.4
            9.208936,40.619587,939.9
            9.208834,40.619745,939.4
            9.208717,40.619927,938.8
            9.208472,40.620007,937.9
            9.207944,40.620124,937.8
            9.207619,40.620159,934
            9.207545,40.620167,933.5
            9.206878,40.620044,933.4
            9.20604,40.619704,933.8
            9.205218,40.61942,931
            9.204705,40.619315,929
            9.204168,40.619253,930
            9.201866,40.619087,949
            9.200523,40.619043,943.4
            9.200035,40.618969,940.6
            9.199482,40.618852,939.4
            9.198172,40.618074,944.9
            9.197611,40.617722,950.2
            9.19682,40.617382,952.1
            9.196488,40.61724,953.9
            9.19578,40.616814,954.8
            9.195585,40.616659,964
            9.195406,40.616517,964.2
            9.195088,40.616221,964.2
            9.194738,40.615955,964.3
            9.194527,40.615698,972
            9.194226,40.615393,972
            9.194222,40.615313,972
            9.19406,40.615302,958.6
            9.193568,40.615173,957.3
            9.193327,40.615148,955.2
            9.193219,40.615118,954.4
            9.192926,40.615037,953.6
            9.192682,40.614935,953.3
            9.192246,40.614596,947.2
            9.192126,40.614344,944.4
            9.191989,40.614193,943.6
            9.191118,40.613647,939.5
            9.19096,40.613625,935
            9.190681,40.613124,939.1
            9.19056,40.612967,939.5
            9.190465,40.612888,939.8
            9.189994,40.612756,939.6
            9.18982,40.612693,939.9
            9.189536,40.61259,940.1
            9.189266,40.612519,939.7
            9.188773,40.612226,937.7
            9.188619,40.61215,937.2
            9.18817,40.611573,936.2
            9.188119,40.611414,935.6
            9.188047,40.611295,935.3
            9.187855,40.611087,935.2
            9.187793,40.610654,934.8
            9.187797,40.610292,934.7
            9.187666,40.610027,935.4
            9.187631,40.609888,935.7
            9.187611,40.609569,936
            9.187348,40.609147,936.3
            9.187193,40.608736,936.7
            9.18712,40.608615,936.7
            9.186588,40.608285,937.6
            9.186322,40.60806,938.2
            9.186105,40.607731,939.7
            9.185932,40.607509,940.2
            9.185459,40.607214,940.8
            9.185179,40.60713,940.8
            9.184833,40.607106,952
            9.18458,40.607085,952
            9.184329,40.607088,952
          </coordinates>
        </LineString>
      </Placemark>
      <Placemark>
        <name>12 Access</name>
        <styleUrl>#line-ACA83A-8000-nodesc</styleUrl>
        <LineString>
          <tessellate>1</tessellate>
          <coordinates>
            9.266701,40.596743,612
            9.263305,40.598233,611
            9.262901,40.598418,612
            9.262776,40.598476,612
            9.262561,40.598648,611.3
            9.262288,40.599266,610
            9.262195,40.599551,610.3
            9.262118,40.600775,610.3
            9.26258,40.60327,613.5
            9.262816,40.603643,613.2
            9.263599,40.604578,614.5
            9.263803,40.605001,615.5
            9.263354,40.605733,616.6
            9.263073,40.606477,617.9
            9.263049,40.606856,619
            9.263019,40.607333,619
            9.262826,40.609165,615.5
            9.262498,40.609692,614
            9.261314,40.611592,624.7
            9.261009,40.612148,627.5
            9.260833,40.61264,627.8
            9.260597,40.612984,634
            9.259586,40.613246,634
            9.257762,40.613993,636.2
            9.257571,40.614117,636.4
            9.25754,40.614284,636.7
            9.257569,40.614616,636.7
            9.257633,40.614824,637
            9.257666,40.614932,637
            9.258522,40.61642,631
            9.258353,40.617163,631
            9.258272,40.617574,632
            9.257958,40.618021,631.3
            9.257872,40.618285,631.1
            9.258706,40.620158,634
            9.258765,40.620345,634
            9.258857,40.620569,634.6
            9.258883,40.620882,635.1
            9.258586,40.621612,635.3
            9.258524,40.621822,636.2
            9.258503,40.622155,636.3
            9.258525,40.622997,638
            9.258535,40.623367,642.3
            9.258308,40.624436,646
            9.257912,40.625907,658
            9.257787,40.626083,658
            9.257322,40.626732,664.7
            9.257292,40.626978,668
            9.257286,40.627028,668
            9.257215,40.627611,670
            9.256992,40.627837,671
            9.256719,40.628114,673.5
            9.256687,40.628342,674.1
            9.256732,40.62858,672.9
            9.257183,40.630021,676
            9.257179,40.63007,676
            9.257164,40.630276,676
            9.257151,40.630443,677.3
            9.256918,40.631246,679.3
            9.256421,40.632381,679.3
            9.255777,40.633683,692.5
            9.255338,40.634939,695.5
            9.255626,40.635771,699
            9.255788,40.63624,702.7
            9.256011,40.636993,704.2
            9.256131,40.637689,709.4
            9.256571,40.638756,709.5
            9.256884,40.639257,710.3
            9.257135,40.639518,710.8
            9.257238,40.639803,711.3
            9.257434,40.640207,718
            9.257762,40.640882,711.3
            9.257995,40.642223,705.5
            9.258103,40.642544,705
            9.258567,40.643312,700
            9.258611,40.643381,706
            9.258642,40.643632,706
            9.258545,40.644153,706
            9.2585,40.644629,712
            9.258342,40.645277,720.6
          </coordinates>
        </LineString>
      </Placemark>
    </Folder>
    <Folder>
      <name>Areas</name>
      <Placemark>
        <name>09 - Spectator</name>
        <styleUrl>#poly-FFDE23-1200-128-nodesc</styleUrl>
        <Polygon>
          <outerBoundaryIs>
            <LinearRing>
              <tessellate>1</tessellate>
              <coordinates>
                9.178838,40.603358,0
                9.179354,40.603007,0
                9.179371,40.602995,0
                9.17939,40.602985,0
                9.179409,40.602974,0
                9.179428,40.602965,0
                9.179449,40.602956,0
                9.17947,40.602949,0
                9.179491,40.602942,0
                9.179513,40.602935,0
                9.179535,40.60293,0
                9.179557,40.602925,0
                9.17958,40.602922,0
                9.179603,40.602919,0
                9.179626,40.602917,0
                9.179649,40.602915,0
                9.179672,40.602915,0
                9.179695,40.602916,0
                9.179718,40.602917,0
                9.179741,40.602919,0
                9.179764,40.602923,0
                9.179787,40.602926,0
                9.179809,40.602931,0
                9.179831,40.602937,0
                9.179853,40.602943,0
                9.179874,40.602951,0
                9.179894,40.602959,0
                9.179915,40.602968,0
                9.179934,40.602977,0
                9.179953,40.602987,0
                9.179971,40.602998,0
                9.179989,40.60301,0
                9.180005,40.603022,0
                9.180021,40.603035,0
                9.180036,40.603049,0
                9.18005,40.603063,0
                9.180064,40.603077,0
                9.180076,40.603092,0
                9.180087,40.603108,0
                9.180098,40.603124,0
                9.180107,40.60314,0
                9.180115,40.603156,0
                9.180122,40.603173,0
                9.180128,40.60319,0
                9.180133,40.603208,0
                9.180137,40.603225,0
                9.18014,40.603243,0
                9.180141,40.60326,0
                9.180142,40.603278,0
                9.180141,40.603296,0
                9.180139,40.603313,0
                9.180136,40.603331,0
                9.180132,40.603348,0
                9.180127,40.603365,0
                9.18012,40.603382,0
                9.180113,40.603399,0
                9.180104,40.603416,0
                9.180095,40.603432,0
                9.180084,40.603448,0
                9.180073,40.603463,0
                9.18006,40.603478,0
                9.180047,40.603492,0
                9.180032,40.603506,0
                9.180017,40.603519,0
                9.180001,40.603532,0
                9.179984,40.603544,0
                9.179476,40.60389,0
                9.179058,40.604204,0
                9.179042,40.604215,0
                9.179025,40.604226,0
                9.179007,40.604237,0
                9.178989,40.604246,0
                9.178608,40.604441,0
                9.17859,40.604449,0
                9.178571,40.604458,0
                9.178551,40.604465,0
                9.178532,40.604472,0
                9.178511,40.604478,0
                9.178491,40.604484,0
                9.17847,40.604489,0
                9.178148,40.604556,0
                9.178123,40.604561,0
                9.178098,40.604564,0
                9.178073,40.604567,0
                9.178047,40.604568,0
                9.178022,40.604569,0
                9.17713,40.604567,0
                9.177107,40.604567,0
                9.177084,40.604565,0
                9.177061,40.604563,0
                9.177038,40.60456,0
                9.177016,40.604556,0
                9.176993,40.604551,0
                9.176971,40.604546,0
                9.17695,40.604539,0
                9.176928,40.604532,0
                9.176908,40.604524,0
                9.176888,40.604516,0
                9.176868,40.604506,0
                9.176849,40.604496,0
                9.176831,40.604485,0
                9.176813,40.604473,0
                9.176796,40.604461,0
                9.176781,40.604448,0
                9.176765,40.604435,0
                9.176751,40.604421,0
                9.176738,40.604406,0
                9.176725,40.604391,0
                9.176714,40.604376,0
                9.176704,40.60436,0
                9.176694,40.604344,0
                9.176686,40.604328,0
                9.176679,40.604311,0
                9.176673,40.604294,0
                9.176668,40.604276,0
                9.176664,40.604259,0
                9.176661,40.604241,0
                9.176659,40.604224,0
                9.176659,40.604206,0
                9.176659,40.604188,0
                9.176661,40.604171,0
                9.176664,40.604153,0
                9.176668,40.604136,0
                9.176673,40.604119,0
                9.176679,40.604102,0
                9.176687,40.604085,0
                9.176695,40.604068,0
                9.176705,40.604052,0
                9.176715,40.604036,0
                9.176727,40.604021,0
                9.176739,40.604006,0
                9.176752,40.603992,0
                9.176767,40.603978,0
                9.176782,40.603964,0
                9.176798,40.603952,0
                9.176815,40.603939,0
                9.176832,40.603928,0
                9.176851,40.603917,0
                9.17687,40.603907,0
                9.176889,40.603897,0
                9.17691,40.603889,0
                9.17693,40.603881,0
                9.176952,40.603874,0
                9.176973,40.603867,0
                9.176995,40.603862,0
                9.177018,40.603857,0
                9.17704,40.603853,0
                9.177063,40.60385,0
                9.177086,40.603848,0
                9.177109,40.603847,0
                9.177133,40.603847,0
                9.17796,40.603848,0
                9.178146,40.603809,0
                9.178426,40.603666,0
                9.178821,40.60337,0
                9.178838,40.603358,0
              </coordinates>
            </LinearRing>
          </outerBoundaryIs>
        </Polygon>
      </Placemark>
      <Placemark>
        <name>10 - Spectator</name>
        <styleUrl>#poly-FFDE23-1200-128-nodesc</styleUrl>
        <Polygon>
          <outerBoundaryIs>
            <LinearRing>
              <tessellate>1</tessellate>
              <coordinates>
                9.18218,40.620418,0
                9.181965,40.620083,0
                9.181955,40.620067,0
                9.181947,40.620051,0
                9.181939,40.620034,0
                9.181933,40.620017,0
                9.181927,40.62,0
                9.181923,40.619982,0
                9.18192,40.619965,0
                9.181918,40.619947,0
                9.181917,40.61993,0
                9.181917,40.619912,0
                9.181919,40.619894,0
                9.181921,40.619877,0
                9.181925,40.619859,0
                9.18193,40.619842,0
                9.181936,40.619825,0
                9.181943,40.619808,0
                9.181951,40.619791,0
                9.18196,40.619775,0
                9.18197,40.619759,0
                9.181981,40.619744,0
                9.181994,40.619729,0
                9.182007,40.619714,0
                9.182021,40.6197,0
                9.182036,40.619686,0
                9.182051,40.619673,0
                9.182068,40.619661,0
                9.182085,40.619649,0
                9.182104,40.619638,0
                9.182122,40.619628,0
                9.182142,40.619618,0
                9.182162,40.619609,0
                9.182182,40.619601,0
                9.182204,40.619594,0
                9.182225,40.619587,0
                9.182247,40.619582,0
                9.182269,40.619577,0
                9.182292,40.619573,0
                9.182315,40.619569,0
                9.182338,40.619567,0
                9.182361,40.619565,0
                9.182384,40.619565,0
                9.182407,40.619565,0
                9.18243,40.619566,0
                9.182454,40.619568,0
                9.182476,40.619571,0
                9.182499,40.619574,0
                9.182522,40.619579,0
                9.182544,40.619584,0
                9.182565,40.61959,0
                9.182587,40.619597,0
                9.182608,40.619605,0
                9.182628,40.619614,0
                9.182648,40.619623,0
                9.182667,40.619633,0
                9.182685,40.619644,0
                9.182703,40.619655,0
                9.18272,40.619667,0
                9.182736,40.61968,0
                9.182752,40.619693,0
                9.182766,40.619707,0
                9.18278,40.619721,0
                9.182793,40.619736,0
                9.182804,40.619751,0
                9.182815,40.619767,0
                9.182835,40.619798,0
                9.182985,40.619613,0
                9.182993,40.619604,0
                9.183568,40.618942,0
                9.183585,40.618924,0
                9.183602,40.618907,0
                9.184319,40.618264,0
                9.184335,40.61825,0
                9.184353,40.618237,0
                9.184371,40.618225,0
                9.18439,40.618213,0
                9.184409,40.618202,0
                9.18443,40.618191,0
                9.184451,40.618182,0
                9.184626,40.618108,0
                9.184647,40.6181,0
                9.184669,40.618092,0
                9.184691,40.618086,0
                9.184713,40.61808,0
                9.184736,40.618075,0
                9.184759,40.618071,0
                9.184782,40.618067,0
                9.184806,40.618065,0
                9.184829,40.618064,0
                9.184853,40.618063,0
                9.184877,40.618063,0
                9.1849,40.618065,0
                9.184924,40.618067,0
                9.185285,40.618107,0
                9.185311,40.618111,0
                9.185666,40.618166,0
                9.185688,40.61817,0
                9.185711,40.618175,0
                9.185733,40.61818,0
                9.185754,40.618187,0
                9.185775,40.618194,0
                9.185796,40.618202,0
                9.185816,40.618211,0
                9.185836,40.618221,0
                9.185855,40.618231,0
                9.185873,40.618242,0
                9.18589,40.618253,0
                9.185907,40.618266,0
                9.185923,40.618279,0
                9.185938,40.618292,0
                9.185952,40.618306,0
                9.185965,40.618321,0
                9.185978,40.618336,0
                9.185989,40.618351,0
                9.185999,40.618367,0
                9.186009,40.618383,0
                9.186017,40.6184,0
                9.186024,40.618416,0
                9.18603,40.618434,0
                9.186035,40.618451,0
                9.186039,40.618468,0
                9.186042,40.618486,0
                9.186043,40.618504,0
                9.186044,40.618521,0
                9.186043,40.618539,0
                9.186041,40.618556,0
                9.186038,40.618574,0
                9.186034,40.618591,0
                9.186029,40.618609,0
                9.186022,40.618626,0
                9.186015,40.618642,0
                9.186007,40.618659,0
                9.185997,40.618675,0
                9.185986,40.618691,0
                9.185975,40.618706,0
                9.185962,40.618721,0
                9.185949,40.618735,0
                9.185934,40.618749,0
                9.185919,40.618763,0
                9.185903,40.618775,0
                9.185886,40.618787,0
                9.185869,40.618799,0
                9.18585,40.61881,0
                9.185831,40.61882,0
                9.185811,40.618829,0
                9.185791,40.618838,0
                9.18577,40.618846,0
                9.185749,40.618853,0
                9.185727,40.618859,0
                9.185705,40.618864,0
                9.185683,40.618869,0
                9.18566,40.618873,0
                9.185637,40.618876,0
                9.185614,40.618878,0
                9.185591,40.618879,0
                9.185568,40.618879,0
                9.185545,40.618879,0
                9.185522,40.618877,0
                9.185499,40.618875,0
                9.185476,40.618872,0
                9.185134,40.618819,0
                9.184963,40.6188,0
                9.184342,40.619357,0
                9.183785,40.619998,0
                9.183604,40.62022,0
                9.183591,40.620236,0
                9.183262,40.620596,0
                9.183248,40.62061,0
                9.183233,40.620624,0
                9.183218,40.620637,0
                9.183201,40.62065,0
                9.183184,40.620662,0
                9.183166,40.620673,0
                9.183147,40.620684,0
                9.183128,40.620694,0
                9.183108,40.620703,0
                9.183088,40.620711,0
                9.183066,40.620719,0
                9.183045,40.620726,0
                9.183023,40.620732,0
                9.183001,40.620737,0
                9.182978,40.620741,0
                9.182955,40.620745,0
                9.182932,40.620747,0
                9.182909,40.620749,0
                9.182822,40.620754,0
                9.182798,40.620755,0
                9.182775,40.620755,0
                9.182751,40.620754,0
                9.182728,40.620752,0
                9.182705,40.620749,0
                9.182682,40.620746,0
                9.182659,40.620742,0
                9.182636,40.620736,0
                9.182614,40.62073,0
                9.182593,40.620723,0
                9.182571,40.620715,0
                9.182551,40.620707,0
                9.182531,40.620698,0
                9.182511,40.620687,0
                9.182492,40.620677,0
                9.182474,40.620665,0
                9.182457,40.620653,0
                9.182275,40.620518,0
                9.182259,40.620505,0
                9.182243,40.620492,0
                9.182229,40.620478,0
                9.182215,40.620464,0
                9.182202,40.620449,0
                9.18219,40.620434,0
                9.18218,40.620418,0
              </coordinates>
            </LinearRing>
          </outerBoundaryIs>
        </Polygon>
      </Placemark>
      <Placemark>
        <name>11 - Spectator</name>
        <styleUrl>#poly-FFDE23-1200-128-nodesc</styleUrl>
        <Polygon>
          <outerBoundaryIs>
            <LinearRing>
              <tessellate>1</tessellate>
              <coordinates>
                9.208282,40.622457,0
                9.208276,40.622459,0
                9.208253,40.622462,0
                9.20823,40.622464,0
                9.208207,40.622466,0
                9.208184,40.622467,0
                9.20816,40.622467,0
                9.208137,40.622466,0
                9.208114,40.622464,0
                9.208091,40.622462,0
                9.208068,40.622458,0
                9.208046,40.622454,0
                9.208024,40.622448,0
                9.208002,40.622442,0
                9.20798,40.622436,0
                9.207959,40.622428,0
                9.207939,40.62242,0
                9.207919,40.622411,0
                9.2079,40.622401,0
                9.207881,40.62239,0
                9.207863,40.622379,0
                9.207846,40.622367,0
                9.20783,40.622354,0
                9.207814,40.622341,0
                9.2078,40.622328,0
                9.207786,40.622313,0
                9.207773,40.622299,0
                9.207761,40.622283,0
                9.20775,40.622268,0
                9.20774,40.622252,0
                9.207732,40.622235,0
                9.207724,40.622219,0
                9.207717,40.622202,0
                9.207712,40.622185,0
                9.207707,40.622167,0
                9.207704,40.62215,0
                9.207702,40.622132,0
                9.207701,40.622114,0
                9.207701,40.622097,0
                9.207702,40.622079,0
                9.207704,40.622061,0
                9.207708,40.622044,0
                9.207712,40.622027,0
                9.207718,40.62201,0
                9.207725,40.621993,0
                9.207733,40.621976,0
                9.207742,40.62196,0
                9.207752,40.621944,0
                9.207763,40.621928,0
                9.207775,40.621913,0
                9.207788,40.621898,0
                9.207801,40.621884,0
                9.207816,40.62187,0
                9.207832,40.621857,0
                9.207997,40.621726,0
                9.208014,40.621713,0
                9.208032,40.621701,0
                9.208051,40.621689,0
                9.20807,40.621678,0
                9.208091,40.621668,0
                9.208111,40.621659,0
                9.208133,40.621651,0
                9.208155,40.621643,0
                9.208177,40.621636,0
                9.208314,40.621598,0
                9.208337,40.621593,0
                9.20836,40.621588,0
                9.208383,40.621584,0
                9.208406,40.621581,0
                9.208429,40.621578,0
                9.208453,40.621577,0
                9.208477,40.621577,0
                9.2085,40.621577,0
                9.208524,40.621578,0
                9.208547,40.621581,0
                9.20857,40.621584,0
                9.208593,40.621588,0
                9.208616,40.621593,0
                9.208639,40.621599,0
                9.208661,40.621605,0
                9.208682,40.621613,0
                9.208703,40.621621,0
                9.20883,40.621674,0
                9.20885,40.621683,0
                9.20887,40.621693,0
                9.20889,40.621703,0
                9.208908,40.621715,0
                9.208926,40.621727,0
                9.208943,40.62174,0
                9.208959,40.621753,0
                9.208975,40.621767,0
                9.208989,40.621782,0
                9.209002,40.621797,0
                9.209014,40.621813,0
                9.209112,40.621944,0
                9.209123,40.621959,0
                9.209132,40.621975,0
                9.209141,40.621991,0
                9.209149,40.622007,0
                9.209155,40.622023,0
                9.209161,40.62204,0
                9.209165,40.622057,0
                9.209169,40.622074,0
                9.209208,40.622297,0
                9.209319,40.622474,0
                9.209492,40.622654,0
                9.209507,40.62267,0
                9.20952,40.622686,0
                9.209532,40.622703,0
                9.209542,40.62272,0
                9.209614,40.622841,0
                9.209623,40.622858,0
                9.209631,40.622874,0
                9.209637,40.622891,0
                9.209643,40.622908,0
                9.209648,40.622926,0
                9.209651,40.622943,0
                9.209654,40.622961,0
                9.209655,40.622978,0
                9.209655,40.622996,0
                9.209654,40.623014,0
                9.209652,40.623031,0
                9.209648,40.623049,0
                9.209644,40.623066,0
                9.209638,40.623083,0
                9.209632,40.6231,0
                9.209624,40.623117,0
                9.209615,40.623133,0
                9.209605,40.623149,0
                9.209594,40.623165,0
                9.209582,40.62318,0
                9.20957,40.623195,0
                9.209556,40.623209,0
                9.209541,40.623223,0
                9.209526,40.623236,0
                9.209509,40.623249,0
                9.209492,40.623261,0
                9.209474,40.623272,0
                9.209456,40.623282,0
                9.209436,40.623292,0
                9.209417,40.623301,0
                9.209396,40.62331,0
                9.209375,40.623317,0
                9.209354,40.623324,0
                9.209332,40.62333,0
                9.20931,40.623336,0
                9.209287,40.62334,0
                9.209264,40.623343,0
                9.209242,40.623346,0
                9.209218,40.623348,0
                9.209195,40.623349,0
                9.209172,40.623349,0
                9.209149,40.623348,0
                9.209126,40.623346,0
                9.209103,40.623344,0
                9.20908,40.62334,0
                9.209057,40.623336,0
                9.209035,40.623331,0
                9.209013,40.623325,0
                9.208992,40.623318,0
                9.208971,40.623311,0
                9.20895,40.623303,0
                9.20893,40.623294,0
                9.208911,40.623284,0
                9.208892,40.623273,0
                9.208874,40.623262,0
                9.208857,40.62325,0
                9.208841,40.623238,0
                9.208825,40.623225,0
                9.20881,40.623211,0
                9.208796,40.623197,0
                9.208783,40.623182,0
                9.208771,40.623167,0
                9.20876,40.623152,0
                9.20875,40.623136,0
                9.208699,40.623049,0
                9.20853,40.622872,0
                9.208517,40.622859,0
                9.208506,40.622845,0
                9.208495,40.62283,0
                9.208485,40.622815,0
                9.208323,40.622557,0
                9.208313,40.62254,0
                9.208304,40.622522,0
                9.208296,40.622504,0
                9.20829,40.622486,0
                9.208285,40.622468,0
                9.208282,40.622457,0
              </coordinates>
            </LinearRing>
          </outerBoundaryIs>
        </Polygon>
      </Placemark>
      <Placemark>
        <name>12 - Spectator</name>
        <styleUrl>#poly-FFDE23-1200-128-nodesc</styleUrl>
        <MultiGeometry>
          <Polygon>
            <outerBoundaryIs>
              <LinearRing>
                <tessellate>1</tessellate>
                <coordinates>
                  9.250431,40.64756,0
                  9.250183,40.647524,0
                  9.25016,40.64752,0
                  9.250138,40.647516,0
                  9.250116,40.64751,0
                  9.250094,40.647504,0
                  9.250073,40.647497,0
                  9.250052,40.647489,0
                  9.250032,40.647481,0
                  9.250012,40.647471,0
                  9.249993,40.647461,0
                  9.249974,40.647451,0
                  9.249957,40.647439,0
                  9.24994,40.647427,0
                  9.249924,40.647414,0
                  9.249908,40.647401,0
                  9.249894,40.647387,0
                  9.24988,40.647373,0
                  9.249868,40.647358,0
                  9.249856,40.647343,0
                  9.249845,40.647327,0
                  9.249836,40.647311,0
                  9.249827,40.647295,0
                  9.24982,40.647278,0
                  9.249813,40.647261,0
                  9.249808,40.647244,0
                  9.249804,40.647226,0
                  9.249801,40.647209,0
                  9.249799,40.647191,0
                  9.249798,40.647173,0
                  9.249798,40.647156,0
                  9.2498,40.647138,0
                  9.249803,40.64712,0
                  9.249806,40.647103,0
                  9.249811,40.647086,0
                  9.249817,40.647069,0
                  9.249824,40.647052,0
                  9.249832,40.647035,0
                  9.249842,40.647019,0
                  9.249852,40.647003,0
                  9.249863,40.646988,0
                  9.249875,40.646973,0
                  9.249889,40.646958,0
                  9.249903,40.646944,0
                  9.249918,40.646931,0
                  9.249934,40.646918,0
                  9.24995,40.646905,0
                  9.249968,40.646894,0
                  9.249986,40.646883,0
                  9.250005,40.646872,0
                  9.250024,40.646863,0
                  9.250044,40.646854,0
                  9.250065,40.646846,0
                  9.250086,40.646838,0
                  9.250108,40.646832,0
                  9.25013,40.646826,0
                  9.250152,40.646821,0
                  9.250175,40.646817,0
                  9.250198,40.646814,0
                  9.250221,40.646812,0
                  9.250244,40.64681,0
                  9.250267,40.64681,0
                  9.25029,40.64681,0
                  9.250313,40.646811,0
                  9.250336,40.646813,0
                  9.250359,40.646816,0
                  9.250572,40.646847,0
                  9.250861,40.646854,0
                  9.251132,40.646826,0
                  9.251157,40.646823,0
                  9.251495,40.646802,0
                  9.251873,40.646761,0
                  9.252223,40.64671,0
                  9.252245,40.646707,0
                  9.252268,40.646705,0
                  9.25229,40.646703,0
                  9.252313,40.646703,0
                  9.252361,40.646703,0
                  9.252385,40.646703,0
                  9.252408,40.646705,0
                  9.252431,40.646707,0
                  9.252454,40.64671,0
                  9.252476,40.646714,0
                  9.252499,40.646718,0
                  9.252521,40.646724,0
                  9.252542,40.64673,0
                  9.252564,40.646737,0
                  9.252584,40.646745,0
                  9.252605,40.646754,0
                  9.252624,40.646763,0
                  9.252643,40.646774,0
                  9.252662,40.646784,0
                  9.252679,40.646796,0
                  9.252696,40.646808,0
                  9.252712,40.646821,0
                  9.252727,40.646834,0
                  9.252742,40.646848,0
                  9.252755,40.646863,0
                  9.252767,40.646878,0
                  9.252779,40.646893,0
                  9.252789,40.646909,0
                  9.252799,40.646925,0
                  9.252807,40.646942,0
                  9.252814,40.646958,0
                  9.252821,40.646975,0
                  9.252826,40.646993,0
                  9.25283,40.64701,0
                  9.252833,40.647028,0
                  9.252834,40.647045,0
                  9.252835,40.647063,0
                  9.252834,40.647081,0
                  9.252833,40.647098,0
                  9.25283,40.647116,0
                  9.252826,40.647133,0
                  9.252821,40.64715,0
                  9.252815,40.647168,0
                  9.252807,40.647184,0
                  9.252799,40.647201,0
                  9.25279,40.647217,0
                  9.252779,40.647233,0
                  9.252768,40.647248,0
                  9.252755,40.647263,0
                  9.252742,40.647278,0
                  9.252728,40.647292,0
                  9.252713,40.647305,0
                  9.252697,40.647318,0
                  9.25268,40.64733,0
                  9.252662,40.647342,0
                  9.252644,40.647352,0
                  9.252625,40.647363,0
                  9.252605,40.647372,0
                  9.252585,40.647381,0
                  9.252564,40.647389,0
                  9.252543,40.647396,0
                  9.252521,40.647402,0
                  9.252499,40.647408,0
                  9.252477,40.647413,0
                  9.252454,40.647417,0
                  9.252432,40.64742,0
                  9.252408,40.647422,0
                  9.252385,40.647423,0
                  9.252362,40.647424,0
                  9.252359,40.647424,0
                  9.252042,40.647471,0
                  9.252017,40.647474,0
                  9.251613,40.647517,0
                  9.251588,40.647519,0
                  9.251249,40.647541,0
                  9.25095,40.647572,0
                  9.250924,40.647574,0
                  9.250897,40.647575,0
                  9.25087,40.647575,0
                  9.250503,40.647566,0
                  9.250479,40.647565,0
                  9.250455,40.647563,0
                  9.250431,40.64756,0
                </coordinates>
              </LinearRing>
            </outerBoundaryIs>
          </Polygon>
          <Polygon>
            <outerBoundaryIs>
              <LinearRing>
                <tessellate>1</tessellate>
                <coordinates>
                  9.255413,40.646796,0
                  9.255235,40.646908,0
                  9.255217,40.646919,0
                  9.255198,40.646929,0
                  9.255178,40.646939,0
                  9.255158,40.646947,0
                  9.255137,40.646955,0
                  9.255116,40.646963,0
                  9.255094,40.646969,0
                  9.255072,40.646975,0
                  9.25505,40.646979,0
                  9.255027,40.646983,0
                  9.255004,40.646986,0
                  9.254981,40.646989,0
                  9.254958,40.64699,0
                  9.254935,40.64699,0
                  9.254912,40.64699,0
                  9.254889,40.646989,0
                  9.254866,40.646987,0
                  9.254843,40.646984,0
                  9.25482,40.64698,0
                  9.254798,40.646975,0
                  9.254776,40.64697,0
                  9.254754,40.646963,0
                  9.254733,40.646956,0
                  9.254712,40.646948,0
                  9.254692,40.64694,0
                  9.254672,40.64693,0
                  9.254653,40.64692,0
                  9.254635,40.646909,0
                  9.254617,40.646898,0
                  9.2546,40.646886,0
                  9.254584,40.646873,0
                  9.254569,40.64686,0
                  9.254555,40.646846,0
                  9.254541,40.646831,0
                  9.254529,40.646816,0
                  9.254517,40.646801,0
                  9.254507,40.646785,0
                  9.254497,40.646769,0
                  9.254489,40.646752,0
                  9.254481,40.646736,0
                  9.254475,40.646719,0
                  9.25447,40.646701,0
                  9.254466,40.646684,0
                  9.254463,40.646666,0
                  9.254461,40.646649,0
                  9.254461,40.646631,0
                  9.254461,40.646613,0
                  9.254463,40.646596,0
                  9.254466,40.646578,0
                  9.25447,40.646561,0
                  9.254475,40.646544,0
                  9.254481,40.646526,0
                  9.254488,40.64651,0
                  9.254496,40.646493,0
                  9.254506,40.646477,0
                  9.254516,40.646461,0
                  9.254527,40.646446,0
                  9.25454,40.646431,0
                  9.254553,40.646416,0
                  9.254567,40.646402,0
                  9.254582,40.646389,0
                  9.254598,40.646376,0
                  9.254615,40.646364,0
                  9.254633,40.646352,0
                  9.254833,40.646226,0
                  9.254935,40.646153,0
                  9.254952,40.646141,0
                  9.25497,40.64613,0
                  9.254988,40.64612,0
                  9.255007,40.64611,0
                  9.255026,40.646101,0
                  9.255046,40.646093,0
                  9.255067,40.646086,0
                  9.255088,40.646079,0
                  9.255109,40.646073,0
                  9.255131,40.646068,0
                  9.255153,40.646063,0
                  9.255175,40.64606,0
                  9.255198,40.646057,0
                  9.25522,40.646055,0
                  9.255243,40.646054,0
                  9.255266,40.646054,0
                  9.255289,40.646055,0
                  9.255311,40.646056,0
                  9.25549,40.646071,0
                  9.255514,40.646073,0
                  9.255536,40.646076,0
                  9.255559,40.646081,0
                  9.255851,40.646139,0
                  9.256217,40.646202,0
                  9.256697,40.646264,0
                  9.256707,40.646265,0
                  9.257061,40.646294,0
                  9.257093,40.646298,0
                  9.257256,40.64632,0
                  9.257278,40.646324,0
                  9.2573,40.646328,0
                  9.257322,40.646333,0
                  9.257343,40.646339,0
                  9.257364,40.646346,0
                  9.257384,40.646353,0
                  9.257404,40.646361,0
                  9.257424,40.64637,0
                  9.257443,40.64638,0
                  9.257461,40.64639,0
                  9.257479,40.646401,0
                  9.257496,40.646413,0
                  9.257512,40.646425,0
                  9.257527,40.646438,0
                  9.257542,40.646451,0
                  9.257555,40.646465,0
                  9.257568,40.646479,0
                  9.257632,40.646554,0
                  9.257644,40.646569,0
                  9.257656,40.646585,0
                  9.257666,40.646601,0
                  9.257675,40.646618,0
                  9.257683,40.646635,0
                  9.25769,40.646652,0
                  9.257746,40.646802,0
                  9.257922,40.647064,0
                  9.257932,40.647079,0
                  9.257941,40.647096,0
                  9.257949,40.647112,0
                  9.257956,40.647129,0
                  9.257962,40.647146,0
                  9.257967,40.647164,0
                  9.25797,40.647181,0
                  9.257973,40.647199,0
                  9.257974,40.647216,0
                  9.257974,40.647234,0
                  9.257973,40.647252,0
                  9.257971,40.647269,0
                  9.257968,40.647287,0
                  9.257964,40.647304,0
                  9.257958,40.647321,0
                  9.257952,40.647338,0
                  9.257944,40.647355,0
                  9.257935,40.647372,0
                  9.257926,40.647388,0
                  9.257915,40.647403,0
                  9.257903,40.647418,0
                  9.25789,40.647433,0
                  9.257876,40.647448,0
                  9.257862,40.647461,0
                  9.257846,40.647474,0
                  9.25783,40.647487,0
                  9.257813,40.647499,0
                  9.257795,40.64751,0
                  9.257777,40.647521,0
                  9.257757,40.647531,0
                  9.257738,40.64754,0
                  9.257717,40.647549,0
                  9.257696,40.647556,0
                  9.257675,40.647563,0
                  9.257653,40.647569,0
                  9.257631,40.647575,0
                  9.257608,40.647579,0
                  9.257586,40.647583,0
                  9.257563,40.647585,0
                  9.25754,40.647587,0
                  9.257517,40.647588,0
                  9.257493,40.647588,0
                  9.25747,40.647588,0
                  9.257447,40.647586,0
                  9.257424,40.647583,0
                  9.257401,40.64758,0
                  9.257379,40.647576,0
                  9.257356,40.647571,0
                  9.257334,40.647565,0
                  9.257313,40.647559,0
                  9.257292,40.647551,0
                  9.257271,40.647543,0
                  9.257251,40.647534,0
                  9.257232,40.647524,0
                  9.257213,40.647514,0
                  9.257195,40.647503,0
                  9.257178,40.647491,0
                  9.257161,40.647478,0
                  9.257145,40.647465,0
                  9.257131,40.647452,0
                  9.257117,40.647438,0
                  9.257104,40.647423,0
                  9.257091,40.647408,0
                  9.25708,40.647392,0
                  9.256883,40.647099,0
                  9.256872,40.647083,0
                  9.256863,40.647066,0
                  9.256855,40.647049,0
                  9.256848,40.647032,0
                  9.256837,40.647001,0
                  9.256624,40.646983,0
                  9.256619,40.646983,0
                  9.256592,40.646981,0
                  9.256566,40.646978,0
                  9.256046,40.646911,0
                  9.25602,40.646907,0
                  9.255634,40.64684,0
                  9.25562,40.646837,0
                  9.255413,40.646796,0
                </coordinates>
              </LinearRing>
            </outerBoundaryIs>
          </Polygon>
        </MultiGeometry>
      </Placemark>
      <Placemark>
        <name>09  - Experience</name>
        <styleUrl>#poly-0000FF-1200-128-nodesc</styleUrl>
        <Polygon>
          <outerBoundaryIs>
            <LinearRing>
              <tessellate>1</tessellate>
              <coordinates>
                9.178757,40.603778,0
                9.178566,40.603889,0
                9.178564,40.603891,0
                9.178561,40.603892,0
                9.178558,40.603894,0
                9.178554,40.603895,0
                9.178551,40.603896,0
                9.178548,40.603897,0
                9.178545,40.603898,0
                9.178541,40.603899,0
                9.178538,40.603899,0
                9.178535,40.6039,0
                9.178531,40.6039,0
                9.178528,40.6039,0
                9.178524,40.6039,0
                9.178521,40.6039,0
                9.178517,40.6039,0
                9.178514,40.6039,0
                9.17851,40.6039,0
                9.178507,40.603899,0
                9.178504,40.603898,0
                9.1785,40.603898,0
                9.178497,40.603897,0
                9.178494,40.603896,0
                9.178491,40.603894,0
                9.178488,40.603893,0
                9.178485,40.603892,0
                9.178482,40.60389,0
                9.178479,40.603889,0
                9.178476,40.603887,0
                9.178474,40.603885,0
                9.178471,40.603883,0
                9.178469,40.603881,0
                9.178467,40.603879,0
                9.178465,40.603877,0
                9.178463,40.603875,0
                9.178461,40.603873,0
                9.17846,40.60387,0
                9.178458,40.603868,0
                9.178457,40.603865,0
                9.178456,40.603863,0
                9.178455,40.60386,0
                9.178454,40.603858,0
                9.178453,40.603855,0
                9.178453,40.603853,0
                9.178452,40.60385,0
                9.178452,40.603847,0
                9.178452,40.603845,0
                9.178453,40.603842,0
                9.178453,40.603839,0
                9.178453,40.603837,0
                9.178454,40.603834,0
                9.178455,40.603832,0
                9.178456,40.603829,0
                9.178457,40.603827,0
                9.178459,40.603824,0
                9.17846,40.603822,0
                9.178462,40.603819,0
                9.178464,40.603817,0
                9.178466,40.603815,0
                9.178468,40.603813,0
                9.17847,40.603811,0
                9.178472,40.603809,0
                9.178475,40.603807,0
                9.178477,40.603805,0
                9.17848,40.603804,0
                9.17867,40.603692,0
                9.178673,40.603691,0
                9.178676,40.603689,0
                9.178679,40.603688,0
                9.178682,40.603687,0
                9.178685,40.603686,0
                9.178689,40.603685,0
                9.178692,40.603684,0
                9.178695,40.603683,0
                9.178699,40.603683,0
                9.178702,40.603682,0
                9.178706,40.603682,0
                9.178709,40.603681,0
                9.178712,40.603681,0
                9.178716,40.603681,0
                9.178719,40.603682,0
                9.178723,40.603682,0
                9.178726,40.603682,0
                9.17873,40.603683,0
                9.178733,40.603683,0
                9.178736,40.603684,0
                9.17874,40.603685,0
                9.178743,40.603686,0
                9.178746,40.603687,0
                9.178749,40.603689,0
                9.178752,40.60369,0
                9.178755,40.603692,0
                9.178758,40.603693,0
                9.17876,40.603695,0
                9.178763,40.603697,0
                9.178765,40.603699,0
                9.178768,40.6037,0
                9.17877,40.603703,0
                9.178772,40.603705,0
                9.178774,40.603707,0
                9.178776,40.603709,0
                9.178777,40.603712,0
                9.178779,40.603714,0
                9.17878,40.603716,0
                9.178781,40.603719,0
                9.178782,40.603721,0
                9.178783,40.603724,0
                9.178784,40.603727,0
                9.178784,40.603729,0
                9.178784,40.603732,0
                9.178784,40.603735,0
                9.178784,40.603737,0
                9.178784,40.60374,0
                9.178784,40.603743,0
                9.178783,40.603745,0
                9.178783,40.603748,0
                9.178782,40.60375,0
                9.178781,40.603753,0
                9.178779,40.603755,0
                9.178778,40.603758,0
                9.178777,40.60376,0
                9.178775,40.603762,0
                9.178773,40.603765,0
                9.178771,40.603767,0
                9.178769,40.603769,0
                9.178767,40.603771,0
                9.178764,40.603773,0
                9.178762,40.603775,0
                9.178759,40.603777,0
                9.178757,40.603778,0
              </coordinates>
            </LinearRing>
          </outerBoundaryIs>
        </Polygon>
      </Placemark>
    </Folder>
    <Folder>
      <name>NR</name>
      <Placemark>
        <name>Disability Point</name>
        <styleUrl>#icon-1899-DB4436-nodesc</styleUrl>
        <Point>
          <coordinates>
            9.257456,40.646552,0
          </coordinates>
        </Point>
      </Placemark>
      <Placemark>
        <name>09</name>
        <styleUrl>#icon-1899-DB4436-nodesc</styleUrl>
        <Point>
          <coordinates>
            9.178533,40.603697,0
          </coordinates>
        </Point>
      </Placemark>
      <Placemark>
        <name>09</name>
        <styleUrl>#icon-1899-DB4436-nodesc</styleUrl>
        <Point>
          <coordinates>
            9.1779,40.6032,0
          </coordinates>
        </Point>
      </Placemark>
      <Placemark>
        <name>10</name>
        <styleUrl>#icon-1899-DB4436-nodesc</styleUrl>
        <Point>
          <coordinates>
            9.184483,40.620069,0
          </coordinates>
        </Point>
      </Placemark>
      <Placemark>
        <name>11</name>
        <styleUrl>#icon-1899-DB4436-nodesc</styleUrl>
        <Point>
          <coordinates>
            9.208827,40.62146,0
          </coordinates>
        </Point>
      </Placemark>
      <Placemark>
        <name>12</name>
        <styleUrl>#icon-1899-DB4436-nodesc</styleUrl>
        <Point>
          <coordinates>
            9.255806,40.647879,0
          </coordinates>
        </Point>
      </Placemark>
    </Folder>
    <Folder>
      <name>Parking</name>
      <Placemark>
        <name>Camper Area</name>
        <styleUrl>#icon-1899-DB4436-nodesc</styleUrl>
        <Point>
          <coordinates>
            9.246564,40.671983,0
          </coordinates>
        </Point>
      </Placemark>
      <Placemark>
        <name>Camper Area</name>
        <styleUrl>#poly-000066-1000-191-nodesc</styleUrl>
        <Polygon>
          <outerBoundaryIs>
            <LinearRing>
              <tessellate>1</tessellate>
              <coordinates>
                9.248168,40.672305,0
                9.248484,40.672288,0
                9.248493,40.672378,0
                9.248164,40.672396,0
                9.247918,40.672371,0
                9.247611,40.67226,0
                9.247259,40.672122,0
                9.247027,40.672032,0
                9.246887,40.672004,0
                9.246641,40.672013,0
                9.246409,40.672051,0
                9.24625,40.672042,0
                9.246047,40.671892,0
                9.245811,40.671636,0
                9.24565,40.67131,0
                9.245528,40.671124,0
                9.245362,40.67088,0
                9.245088,40.670604,0
                9.244822,40.670333,0
                9.244556,40.670132,0
                9.244267,40.670007,0
                9.243911,40.669857,0
                9.243448,40.669662,0
                9.24322,40.669561,0
                9.24293,40.669418,0
                9.24267,40.669289,0
                9.242385,40.669168,0
                9.242021,40.669119,0
                9.241638,40.669115,0
                9.241262,40.669218,0
                9.240926,40.669278,0
                9.240511,40.669324,0
                9.240494,40.669235,0
                9.240904,40.669189,0
                9.241229,40.669131,0
                9.241618,40.669024,0
                9.242033,40.669029,0
                9.242426,40.669081,0
                9.242731,40.669212,0
                9.242994,40.669343,0
                9.243281,40.669484,0
                9.243506,40.669583,0
                9.243968,40.669778,0
                9.244325,40.669928,0
                9.244628,40.67006,0
                9.244911,40.670274,0
                9.245182,40.67055,0
                9.245463,40.670832,0
                9.245634,40.671083,0
                9.245759,40.671273,0
                9.245916,40.671593,0
                9.246137,40.671834,0
                9.246302,40.671955,0
                9.246401,40.671961,0
                9.246625,40.671924,0
                9.246899,40.671913,0
                9.247069,40.671947,0
                9.247313,40.672042,0
                9.247663,40.672179,0
                9.247952,40.672283,0
                9.248168,40.672305,0
              </coordinates>
            </LinearRing>
          </outerBoundaryIs>
        </Polygon>
      </Placemark>
      <Placemark>
        <name>Parking Area</name>
        <styleUrl>#poly-000066-1000-191-nodesc</styleUrl>
        <Polygon>
          <outerBoundaryIs>
            <LinearRing>
              <tessellate>1</tessellate>
              <coordinates>
                9.2576,40.6465,0
                9.257528,40.646443,0
                9.257728,40.646319,0
                9.257971,40.646084,0
                9.258078,40.645831,0
                9.25823,40.645428,0
                9.258404,40.644969,0
                9.258422,40.644888,0
                9.258512,40.644903,0
                9.258457,40.645076,0
                9.258324,40.645442,0
                9.258201,40.645807,0
                9.258067,40.646112,0
                9.258011,40.646234,0
                9.257809,40.646419,0
                9.257636,40.646545,0
                9.2576,40.6465,0
              </coordinates>
            </LinearRing>
          </outerBoundaryIs>
        </Polygon>
      </Placemark>
      <Placemark>
        <name>Parking Area</name>
        <description>MQ 929</description>
        <styleUrl>#poly-000066-1000-191</styleUrl>
        <Polygon>
          <outerBoundaryIs>
            <LinearRing>
              <tessellate>1</tessellate>
              <coordinates>
                9.184275,40.607027,0
                9.184218,40.606618,0
                9.184192,40.606457,0
                9.184241,40.606182,0
                9.18427,40.605933,0
                9.184257,40.605639,0
                9.184286,40.605367,0
                9.184356,40.605197,0
                9.184597,40.604812,0
                9.184822,40.604457,0
                9.184858,40.60429,0
                9.184856,40.604207,0
                9.184902,40.604208,0
                9.184909,40.6043,0
                9.184867,40.604474,0
                9.184629,40.604827,0
                9.18439,40.60521,0
                9.184316,40.605379,0
                9.184281,40.605642,0
                9.184293,40.605932,0
                9.184263,40.606193,0
                9.184223,40.60646,0
                9.18425,40.606617,0
                9.184307,40.607023,0
                9.184275,40.607027,0
              </coordinates>
            </LinearRing>
          </outerBoundaryIs>
        </Polygon>
      </Placemark>
      <Placemark>
        <name>Parking Disable</name>
        <styleUrl>#icon-1899-DB4436-nodesc</styleUrl>
        <Point>
          <coordinates>
            9.258053,40.646021,0
          </coordinates>
        </Point>
      </Placemark>
      <Placemark>
        <name>Parking Spectator</name>
        <styleUrl>#icon-1899-DB4436-nodesc</styleUrl>
        <Point>
          <coordinates>
            9.209919,40.620695,0
          </coordinates>
        </Point>
      </Placemark>
      <Placemark>
        <name>Parking Spectator</name>
        <styleUrl>#icon-1899-DB4436-nodesc</styleUrl>
        <Point>
          <coordinates>
            9.185365,40.617225,0
          </coordinates>
        </Point>
      </Placemark>
      <Placemark>
        <name>Parking Spectator</name>
        <styleUrl>#icon-1899-DB4436-nodesc</styleUrl>
        <Point>
          <coordinates>
            9.184611,40.608137,0
          </coordinates>
        </Point>
      </Placemark>
    </Folder>
    <Folder>
      <name>Track</name>
      <Placemark>
        <name>START</name>
        <description>Km: 0.00</description>
        <styleUrl>#icon-1899-DB4436</styleUrl>
        <Point>
          <coordinates>
            9.18409,40.603752,0
          </coordinates>
        </Point>
      </Placemark>
      <Placemark>
        <name>SS8/11 Lerno-Sa Conchedda-Monti di Alà - km. 24.14</name>
        <styleUrl>#line-FF0000-5000-nodesc</styleUrl>
        <LineString>
          <tessellate>1</tessellate>
          <coordinates>
            9.184093,40.603753,970
            9.184026,40.603743,0
            9.183979,40.603739,0
            9.183932,40.603736,0
            9.183885,40.603732,0
            9.183838,40.603728,0
            9.183603,40.603704,0
            9.183369,40.603675,0
            9.183135,40.60365,0
            9.182902,40.603614,0
            9.182776,40.603589,0
            9.182653,40.603554,0
            9.182546,40.603497,0
            9.182453,40.603428,0
            9.182334,40.603335,0
            9.182198,40.60326,0
            9.182047,40.603203,0
            9.18189,40.603155,0
            9.181715,40.603106,0
            9.181556,40.603084,0
            9.181394,40.603094,0
            9.181234,40.603119,0
            9.18117,40.603126,0
            9.181107,40.603134,0
            9.181059,40.603136,0
            9.181012,40.603133,0
            9.180966,40.603126,0
            9.180921,40.603114,0
            9.180879,40.603098,0
            9.180844,40.603074,0
            9.180811,40.603048,0
            9.180779,40.603021,0
            9.18075,40.602993,0
            9.180723,40.602963,0
            9.180619,40.602856,0
            9.180469,40.602738,0
            9.180433,40.602716,0
            9.180391,40.602699,0
            9.180347,40.602687,0
            9.1803,40.602681,0
            9.180253,40.602681,0
            9.180207,40.60269,0
            9.180165,40.602706,0
            9.180125,40.602725,0
            9.180085,40.602744,0
            9.180048,40.602767,0
            9.180014,40.602792,0
            9.179983,40.602819,0
            9.179894,40.602914,0
            9.179816,40.603042,0
            9.179758,40.603148,0
            9.179683,40.603247,0
            9.179586,40.603334,0
            9.179477,40.603414,0
            9.179299,40.603532,0
            9.179121,40.603651,0
            9.17895,40.603776,0
            9.178775,40.603897,0
            9.178607,40.603987,0
            9.178423,40.60406,0
            9.178226,40.604124,0
            9.178018,40.604162,0
            9.1778,40.604172,0
            9.177565,40.604183,0
            9.177329,40.604191,0
            9.177092,40.604198,0
            9.176857,40.604222,0
            9.176621,40.604234,0
            9.176429,40.604239,0
            9.176241,40.604266,0
            9.176055,40.604304,0
            9.175825,40.604348,0
            9.1756,40.6044,0
            9.175384,40.604472,0
            9.175272,40.604516,0
            9.175167,40.604568,0
            9.175085,40.604641,0
            9.175015,40.604721,0
            9.174913,40.604839,0
            9.174777,40.604987,0
            9.174647,40.605137,0
            9.174507,40.605282,0
            9.17435,40.605404,0
            9.174188,40.605522,0
            9.174015,40.605645,0
            9.173835,40.605741,0
            9.173636,40.605815,0
            9.173554,40.605846,0
            9.173508,40.605867,0
            9.173464,40.605891,0
            9.173426,40.605919,0
            9.173394,40.605952,0
            9.17337,40.605989,0
            9.173353,40.606027,0
            9.173336,40.606066,0
            9.173319,40.606104,0
            9.1733,40.606142,0
            9.173208,40.606308,0
            9.173147,40.606429,0
            9.173132,40.606463,0
            9.173121,40.606498,0
            9.173115,40.606534,0
            9.173119,40.60657,0
            9.173143,40.6066,0
            9.173183,40.606618,0
            9.17323,40.606624,0
            9.173277,40.606624,0
            9.173325,40.606623,0
            9.173372,40.606623,0
            9.173419,40.606622,0
            9.173597,40.606647,0
            9.173768,40.606691,0
            9.173987,40.60675,0
            9.174216,40.606797,0
            9.174448,40.606833,0
            9.174494,40.606839,0
            9.174541,40.606844,0
            9.174588,40.606849,0
            9.174635,40.606854,0
            9.174681,40.606862,0
            9.174726,40.606874,0
            9.174761,40.606896,0
            9.174775,40.606929,0
            9.174764,40.606963,0
            9.174738,40.606993,0
            9.174705,40.607018,0
            9.174669,40.607041,0
            9.174631,40.607064,0
            9.174594,40.607085,0
            9.174554,40.607105,0
            9.174368,40.607184,0
            9.174162,40.607259,0
            9.17395,40.607338,0
            9.173735,40.607413,0
            9.173561,40.60746,0
            9.173379,40.607484,0
            9.173332,40.607491,0
            9.173288,40.607502,0
            9.173247,40.60752,0
            9.173221,40.607549,0
            9.173232,40.60758,0
            9.17327,40.607601,0
            9.173315,40.607612,0
            9.173361,40.607619,0
            9.173407,40.607626,0
            9.173453,40.607635,0
            9.1735,40.607643,0
            9.173674,40.607673,0
            9.173905,40.607714,0
            9.174136,40.607754,0
            9.174367,40.607794,0
            9.174596,40.607839,0
            9.174818,40.607897,0
            9.174938,40.607956,0
            9.175038,40.608035,0
            9.175146,40.608142,0
            9.175266,40.608274,0
            9.175383,40.608429,0
            9.175477,40.608593,0
            9.175519,40.60872,0
            9.175524,40.608755,0
            9.175524,40.608791,0
            9.17552,40.608827,0
            9.175512,40.608862,0
            9.175498,40.608897,0
            9.175477,40.608929,0
            9.175447,40.608957,0
            9.17541,40.608978,0
            9.175365,40.608988,0
            9.175318,40.608991,0
            9.175271,40.608989,0
            9.175225,40.60898,0
            9.175182,40.608965,0
            9.17514,40.608948,0
            9.175099,40.60893,0
            9.17503,40.608896,0
            9.174962,40.60886,0
            9.174769,40.608758,0
            9.174571,40.608659,0
            9.174367,40.608568,0
            9.174187,40.608498,0
            9.173994,40.608447,0
            9.173796,40.608414,0
            9.17371,40.608403,0
            9.173662,40.6084,0
            9.173615,40.6084,0
            9.173568,40.608405,0
            9.173523,40.608417,0
            9.173481,40.608433,0
            9.173443,40.608453,0
            9.173408,40.608478,0
            9.173375,40.608504,0
            9.173346,40.608532,0
            9.17332,40.608562,0
            9.173261,40.608655,0
            9.173206,40.608755,0
            9.173121,40.608914,0
            9.173059,40.609056,0
            9.173021,40.609202,0
            9.172984,40.609349,0
            9.172927,40.609524,0
            9.172888,40.609689,0
            9.17286,40.609855,0
            9.172831,40.610034,0
            9.172802,40.610212,0
            9.172772,40.610391,0
            9.172743,40.610569,0
            9.172715,40.610748,0
            9.172695,40.610927,0
            9.172679,40.611107,0
            9.172669,40.611286,0
            9.172664,40.611466,0
            9.172658,40.611646,0
            9.172648,40.611826,0
            9.172626,40.612005,0
            9.172597,40.612103,0
            9.172544,40.612195,0
            9.172473,40.612281,0
            9.172353,40.612401,0
            9.172201,40.612539,0
            9.172045,40.612675,0
            9.171887,40.612808,0
            9.17172,40.612936,0
            9.171541,40.613054,0
            9.171354,40.613164,0
            9.171162,40.61327,0
            9.170971,40.613376,0
            9.170783,40.613486,0
            9.170599,40.6136,0
            9.170415,40.613713,0
            9.170218,40.613813,0
            9.17001,40.613899,0
            9.169805,40.613988,0
            9.169658,40.614065,0
            9.169528,40.614157,0
            9.169413,40.61426,0
            9.169292,40.614393,0
            9.16916,40.614542,0
            9.169142,40.614575,0
            9.169135,40.614611,0
            9.169146,40.614645,0
            9.169179,40.614669,0
            9.169223,40.61468,0
            9.16927,40.614683,0
            9.169317,40.614678,0
            9.169362,40.614669,0
            9.169407,40.614657,0
            9.169452,40.614645,0
            9.169496,40.614633,0
            9.169687,40.614576,0
            9.169907,40.614509,0
            9.170124,40.614437,0
            9.170336,40.614356,0
            9.170548,40.614276,0
            9.170764,40.614203,0
            9.17098,40.614128,0
            9.171195,40.614053,0
            9.171411,40.613979,0
            9.171627,40.613905,0
            9.171842,40.613829,0
            9.172052,40.613747,0
            9.172254,40.613653,0
            9.17245,40.613552,0
            9.17262,40.61344,0
            9.172738,40.613328,0
            9.172841,40.613206,0
            9.172951,40.613047,0
            9.173047,40.612883,0
            9.173146,40.61272,0
            9.173254,40.612559,0
            9.173361,40.612399,0
            9.173419,40.612309,0
            9.173442,40.612278,0
            9.173473,40.612251,0
            9.173514,40.612234,0
            9.17356,40.612228,0
            9.173605,40.612237,0
            9.173647,40.612254,0
            9.173688,40.612272,0
            9.173725,40.612294,0
            9.173758,40.61232,0
            9.173789,40.612347,0
            9.173819,40.612375,0
            9.173875,40.612436,0
            9.173987,40.612583,0
            9.1741,40.612741,0
            9.174215,40.612898,0
            9.174339,40.613051,0
            9.174481,40.613195,0
            9.17463,40.613335,0
            9.174779,40.613475,0
            9.174917,40.613621,0
            9.175051,40.613769,0
            9.175187,40.61389,0
            9.175349,40.61399,0
            9.175489,40.614053,0
            9.175643,40.614089,0
            9.175805,40.614094,0
            9.175974,40.614078,0
            9.176191,40.614039,0
            9.176257,40.614027,0
            9.176323,40.614015,0
            9.17637,40.614009,0
            9.176418,40.614006,0
            9.176466,40.614007,0
            9.176512,40.614017,0
            9.176558,40.614028,0
            9.1766,40.614046,0
            9.176637,40.614069,0
            9.176674,40.614092,0
            9.17671,40.614116,0
            9.17674,40.614145,0
            9.176803,40.614219,0
            9.176863,40.614295,0
            9.176964,40.614457,0
            9.177052,40.614624,0
            9.17713,40.614794,0
            9.177194,40.614967,0
            9.177251,40.615142,0
            9.177322,40.615312,0
            9.177411,40.615458,0
            9.177521,40.615595,0
            9.177662,40.615738,0
            9.177785,40.615838,0
            9.177928,40.615921,0
            9.178082,40.615992,0
            9.178293,40.61607,0
            9.178513,40.616137,0
            9.178734,40.616203,0
            9.178956,40.616264,0
            9.17918,40.616324,0
            9.179407,40.616374,0
            9.179634,40.616425,0
            9.179862,40.616475,0
            9.180091,40.61652,0
            9.180321,40.616564,0
            9.180516,40.616613,0
            9.180698,40.616687,0
            9.180869,40.616774,0
            9.181058,40.616882,0
            9.181244,40.616993,0
            9.18142,40.617113,0
            9.181586,40.617242,0
            9.181747,40.617374,0
            9.181919,40.617498,0
            9.182095,40.617618,0
            9.182157,40.617677,0
            9.182205,40.617743,0
            9.182226,40.617816,0
            9.18223,40.617891,0
            9.182222,40.617966,0
            9.182205,40.618061,0
            9.18218,40.618209,0
            9.182143,40.618387,0
            9.182103,40.618564,0
            9.182064,40.618741,0
            9.182036,40.61892,0
            9.182037,40.619091,0
            9.18208,40.619259,0
            9.182156,40.619423,0
            9.182239,40.619592,0
            9.182319,40.619761,0
            9.182409,40.619928,0
            9.182512,40.620089,0
            9.182616,40.620229,0
            9.182644,40.620258,0
            9.182672,40.620287,0
            9.1827,40.620316,0
            9.182729,40.620345,0
            9.18276,40.620372,0
            9.1828,40.620389,0
            9.182846,40.620388,0
            9.182889,40.620372,0
            9.182922,40.620347,0
            9.182948,40.620317,0
            9.182972,40.620286,0
            9.182997,40.620255,0
            9.183022,40.620224,0
            9.183099,40.620124,0
            9.183222,40.61997,0
            9.183349,40.619818,0
            9.183483,40.61967,0
            9.183621,40.619523,0
            9.18376,40.619378,0
            9.183901,40.619233,0
            9.184044,40.61909,0
            9.184195,40.618951,0
            9.184354,40.618818,0
            9.184512,40.618684,0
            9.184665,40.618547,0
            9.184695,40.618519,0
            9.184725,40.618491,0
            9.184753,40.618462,0
            9.184782,40.618433,0
            9.184819,40.618413,0
            9.184865,40.618406,0
            9.184912,40.618407,0
            9.184959,40.618411,0
            9.185006,40.618415,0
            9.185052,40.618422,0
            9.185098,40.618432,0
            9.185144,40.618442,0
            9.18534,40.618481,0
            9.18557,40.618526,0
            9.185795,40.618578,0
            9.186009,40.61865,0
            9.186214,40.618738,0
            9.186406,40.618843,0
            9.186593,40.618954,0
            9.186777,40.619067,0
            9.18696,40.619181,0
            9.187152,40.619286,0
            9.187317,40.619343,0
            9.187467,40.619361,0
            9.18762,40.619356,0
            9.187813,40.619351,0
            9.187941,40.619361,0
            9.18806,40.619396,0
            9.188174,40.619439,0
            9.188286,40.619487,0
            9.188493,40.619574,0
            9.188702,40.619659,0
            9.188867,40.61975,0
            9.189004,40.619863,0
            9.189108,40.619995,0
            9.189155,40.620078,0
            9.189172,40.620112,0
            9.189191,40.620145,0
            9.189213,40.620177,0
            9.189242,40.620205,0
            9.189278,40.620228,0
            9.189318,40.620247,0
            9.189363,40.620255,0
            9.189411,40.620256,0
            9.189458,40.620256,0
            9.189505,40.620253,0
            9.189552,40.620246,0
            9.189598,40.620238,0
            9.189764,40.620213,0
            9.189918,40.6202,0
            9.190073,40.620205,0
            9.190225,40.62023,0
            9.190404,40.620283,0
            9.190574,40.62035,0
            9.190777,40.620443,0
            9.190836,40.62048,0
            9.190873,40.620513,0
            9.190899,40.620551,0
            9.190922,40.62059,0
            9.190936,40.620632,0
            9.190939,40.620675,0
            9.190938,40.620718,0
            9.190937,40.620761,0
            9.190935,40.620804,0
            9.190932,40.620919,0
            9.190949,40.621031,0
            9.191005,40.621136,0
            9.191073,40.621236,0
            9.191174,40.621392,0
            9.191276,40.621559,0
            9.191386,40.621722,0
            9.19149,40.621881,0
            9.191582,40.622023,0
            9.191615,40.622067,0
            9.191647,40.6221,0
            9.191697,40.622128,0
            9.191744,40.622143,0
            9.191794,40.622153,0
            9.191838,40.622161,0
            9.191883,40.622171,0
            9.191929,40.622179,0
            9.192016,40.622192,0
            9.192241,40.622227,0
            9.192475,40.622251,0
            9.19253,40.622256,0
            9.192583,40.622266,0
            9.192634,40.622283,0
            9.192682,40.622302,0
            9.192721,40.622331,0
            9.192758,40.622363,0
            9.192794,40.622394,0
            9.19283,40.622426,0
            9.192866,40.622457,0
            9.193035,40.622583,0
            9.19322,40.622696,0
            9.193406,40.622808,0
            9.193604,40.622909,0
            9.193792,40.623001,0
            9.194017,40.623065,0
            9.194206,40.623136,0
            9.194386,40.623228,0
            9.194563,40.62335,0
            9.194737,40.623466,0
            9.194906,40.623567,0
            9.195051,40.623685,0
            9.19514,40.623786,0
            9.195208,40.623874,0
            9.195256,40.623999,0
            9.195311,40.624171,0
            9.195358,40.624342,0
            9.19542,40.624512,0
            9.195487,40.624691,0
            9.195512,40.624875,0
            9.195542,40.624988,0
            9.195657,40.625151,0
            9.195781,40.62525,0
            9.195873,40.625298,0
            9.195974,40.625331,0
            9.19608,40.625352,0
            9.196192,40.625372,0
            9.196396,40.625381,0
            9.196632,40.625383,0
            9.196867,40.625378,0
            9.1971,40.625347,0
            9.197317,40.625279,0
            9.197532,40.625204,0
            9.197736,40.625093,0
            9.197963,40.625002,0
            9.198168,40.624922,0
            9.198334,40.624877,0
            9.19852,40.624859,0
            9.198637,40.624869,0
            9.198762,40.624866,0
            9.198897,40.624821,0
            9.199033,40.624753,0
            9.19914,40.624681,0
            9.199367,40.624593,0
            9.199563,40.624496,0
            9.199753,40.624383,0
            9.199917,40.624256,0
            9.200052,40.624124,0
            9.200175,40.623968,0
            9.200307,40.623812,0
            9.200428,40.623684,0
            9.20056,40.62359,0
            9.200706,40.623525,0
            9.200902,40.623489,0
            9.201063,40.623481,0
            9.201292,40.623443,0
            9.201502,40.623389,0
            9.201711,40.623323,0
            9.201908,40.623231,0
            9.202062,40.623098,0
            9.202223,40.622973,0
            9.202404,40.622854,0
            9.202603,40.622757,0
            9.202819,40.622692,0
            9.203017,40.622647,0
            9.203261,40.622603,0
            9.203492,40.622576,0
            9.203724,40.622558,0
            9.203956,40.622541,0
            9.204211,40.622556,0
            9.204435,40.622593,0
            9.204661,40.622632,0
            9.204896,40.622659,0
            9.205132,40.622675,0
            9.205365,40.622672,0
            9.205598,40.622667,0
            9.205835,40.622664,0
            9.206072,40.622656,0
            9.206308,40.622642,0
            9.206543,40.622618,0
            9.206755,40.622578,0
            9.206965,40.622531,0
            9.207192,40.622481,0
            9.207418,40.622426,0
            9.207642,40.622367,0
            9.207859,40.622296,0
            9.208029,40.622212,0
            9.20818,40.622095,0
            9.208333,40.622001,0
            9.208392,40.621973,0
            9.208447,40.62196,0
            9.208505,40.621963,0
            9.208553,40.621977,0
            9.208596,40.622006,0
            9.208626,40.622036,0
            9.208646,40.622068,0
            9.208663,40.622101,0
            9.208675,40.622136,0
            9.20868,40.622175,0
            9.208693,40.622209,0
            9.20873,40.622349,0
            9.208796,40.622522,0
            9.208868,40.622654,0
            9.208965,40.62276,0
            9.209096,40.622882,0
            9.209233,40.623038,0
            9.209291,40.623177,0
            9.209307,40.623321,0
            9.20928,40.623449,0
            9.209231,40.62358,0
            9.209158,40.623735,0
            9.209067,40.623904,0
            9.208958,40.624065,0
            9.20883,40.624231,0
            9.208699,40.624369,0
            9.208562,40.624517,0
            9.208419,40.624673,0
            9.208298,40.624824,0
            9.208195,40.624984,0
            9.208091,40.625157,0
            9.208028,40.625329,0
            9.207974,40.625481,0
            9.207963,40.625626,0
            9.207971,40.625688,0
            9.207995,40.625745,0
            9.208038,40.625815,0
            9.208084,40.625881,0
            9.208176,40.625999,0
            9.208301,40.626136,0
            9.208435,40.626285,0
            9.208588,40.626421,0
            9.208749,40.626553,0
            9.208912,40.626684,0
            9.209081,40.62681,0
            9.209254,40.626933,0
            9.209428,40.627055,0
            9.209598,40.62718,0
            9.209759,40.627312,0
            9.209919,40.627445,0
            9.21008,40.627563,0
            9.21026,40.627666,0
            9.210455,40.62775,0
            9.210662,40.62782,0
            9.210881,40.627888,0
            9.211096,40.627964,0
            9.2113,40.628055,0
            9.211467,40.62816,0
            9.211598,40.628273,0
            9.211702,40.628402,0
            9.211789,40.628538,0
            9.211909,40.628692,0
            9.212027,40.628848,0
            9.212123,40.629013,0
            9.212212,40.629179,0
            9.212295,40.629348,0
            9.212337,40.629478,0
            9.212328,40.62962,0
            9.21231,40.629765,0
            9.212315,40.629889,0
            9.212382,40.630074,0
            9.21246,40.630249,0
            9.212538,40.630429,0
            9.212634,40.630548,0
            9.212715,40.630717,0
            9.212774,40.630913,0
            9.212817,40.631031,0
            9.212902,40.631137,0
            9.213069,40.631267,0
            9.213235,40.631387,0
            9.213404,40.631505,0
            9.213565,40.631575,0
            9.213703,40.631614,0
            9.213833,40.631632,0
            9.21395,40.631642,0
            9.214183,40.631643,0
            9.214426,40.631623,0
            9.214661,40.631596,0
            9.214896,40.63157,0
            9.215127,40.631531,0
            9.215352,40.631475,0
            9.215571,40.63139,0
            9.215755,40.631329,0
            9.215927,40.631297,0
            9.216077,40.631287,0
            9.216249,40.631295,0
            9.216454,40.631331,0
            9.216691,40.63134,0
            9.216955,40.63133,0
            9.217132,40.63135,0
            9.217324,40.631383,0
            9.217532,40.631442,0
            9.217762,40.631486,0
            9.217993,40.631524,0
            9.218226,40.631557,0
            9.218459,40.631591,0
            9.218684,40.631647,0
            9.218901,40.63172,0
            9.219121,40.631786,0
            9.219345,40.631846,0
            9.21957,40.631901,0
            9.219801,40.631943,0
            9.220036,40.631961,0
            9.220273,40.631954,0
            9.220461,40.631933,0
            9.220642,40.631889,0
            9.220816,40.631832,0
            9.221037,40.631767,0
            9.221265,40.631717,0
            9.221497,40.631681,0
            9.221557,40.631672,0
            9.221618,40.631663,0
            9.221664,40.631656,0
            9.221711,40.631651,0
            9.221758,40.631653,0
            9.221801,40.631669,0
            9.22183,40.631697,0
            9.221842,40.631731,0
            9.221841,40.631767,0
            9.221834,40.631802,0
            9.221821,40.631837,0
            9.221803,40.63187,0
            9.221784,40.631903,0
            9.221765,40.631936,0
            9.221714,40.632032,0
            9.221626,40.632199,0
            9.221541,40.632367,0
            9.221469,40.632538,0
            9.221411,40.632712,0
            9.221338,40.632883,0
            9.221253,40.63305,0
            9.221178,40.633221,0
            9.221145,40.633361,0
            9.221132,40.633504,0
            9.221135,40.633678,0
            9.221149,40.633858,0
            9.221165,40.634037,0
            9.221191,40.634216,0
            9.221222,40.634394,0
            9.221254,40.634572,0
            9.22129,40.634731,0
            9.221358,40.634883,0
            9.221456,40.635035,0
            9.221556,40.635186,0
            9.221662,40.635347,0
            9.221768,40.635508,0
            9.221874,40.635669,0
            9.221985,40.635828,0
            9.222108,40.635981,0
            9.222201,40.636093,0
            9.222251,40.636214,0
            9.222288,40.636338,0
            9.22234,40.636514,0
            9.222356,40.636565,0
            9.222376,40.636614,0
            9.222402,40.636663,0
            9.222443,40.636705,0
            9.222491,40.636743,0
            9.222547,40.636773,0
            9.222603,40.636803,0
            9.222714,40.636859,0
            9.222914,40.636955,0
            9.223095,40.637056,0
            9.223253,40.637169,0
            9.223404,40.637287,0
            9.223585,40.637403,0
            9.223767,40.637518,0
            9.22395,40.637633,0
            9.224132,40.637748,0
            9.224314,40.637863,0
            9.22449,40.637984,0
            9.224664,40.638105,0
            9.224778,40.638151,0
            9.2249,40.638185,0
            9.225094,40.638236,0
            9.22527,40.638266,0
            9.225452,40.638269,0
            9.225633,40.638265,0
            9.22577,40.638274,0
            9.225871,40.6383,0
            9.225961,40.638344,0
            9.226044,40.638397,0
            9.226124,40.638452,0
            9.226297,40.638575,0
            9.226451,40.638669,0
            9.226585,40.63872,0
            9.22673,40.638749,0
            9.226876,40.638772,0
            9.227102,40.638828,0
            9.227299,40.638873,0
            9.227503,40.638886,0
            9.227725,40.638881,0
            9.227942,40.638883,0
            9.228054,40.638892,0
            9.228159,40.638921,0
            9.228255,40.638964,0
            9.228347,40.639013,0
            9.228505,40.639083,0
            9.228711,40.639172,0
            9.228917,40.639261,0
            9.229116,40.639359,0
            9.22931,40.639462,0
            9.229503,40.639566,0
            9.229699,40.639657,0
            9.229904,40.639713,0
            9.230114,40.639756,0
            9.230346,40.639795,0
            9.230582,40.639808,0
            9.230764,40.639802,0
            9.230943,40.639774,0
            9.231118,40.639734,0
            9.231306,40.639671,0
            9.231505,40.639635,0
            9.231709,40.639621,0
            9.231944,40.6396,0
            9.232137,40.639556,0
            9.23233,40.639513,0
            9.232559,40.639465,0
            9.232788,40.639421,0
            9.233022,40.639394,0
            9.233259,40.639383,0
            9.233496,40.639383,0
            9.233733,40.639385,0
            9.23397,40.639387,0
            9.234207,40.639389,0
            9.234444,40.639396,0
            9.23468,40.639412,0
            9.234917,40.639414,0
            9.235153,40.639401,0
            9.2352,40.639399,0
            9.235248,40.639398,0
            9.235295,40.6394,0
            9.235341,40.639407,0
            9.235382,40.639425,0
            9.23541,40.639454,0
            9.235421,40.639489,0
            9.235425,40.639525,0
            9.235426,40.639561,0
            9.235427,40.639597,0
            9.235427,40.639633,0
            9.235428,40.639669,0
            9.235429,40.639705,0
            9.235448,40.63987,0
            9.235479,40.640034,0
            9.235514,40.640211,0
            9.235555,40.640389,0
            9.235605,40.640564,0
            9.235672,40.640737,0
            9.235738,40.640909,0
            9.235794,40.641084,0
            9.235859,40.641257,0
            9.235958,40.641418,0
            9.236073,40.641573,0
            9.236192,40.641729,0
            9.236278,40.641883,0
            9.236339,40.642043,0
            9.2364,40.642217,0
            9.23646,40.642391,0
            9.23652,40.642565,0
            9.23658,40.642739,0
            9.236639,40.642913,0
            9.236687,40.643089,0
            9.236728,40.643267,0
            9.236784,40.643441,0
            9.236851,40.643614,0
            9.236919,40.643786,0
            9.236987,40.643958,0
            9.237055,40.644131,0
            9.237124,40.644303,0
            9.23719,40.644476,0
            9.237251,40.644649,0
            9.237309,40.644824,0
            9.237386,40.644976,0
            9.237485,40.645118,0
            9.237608,40.645248,0
            9.237765,40.645383,0
            9.237925,40.645516,0
            9.238087,40.645631,0
            9.238252,40.645713,0
            9.238384,40.645749,0
            9.238524,40.645757,0
            9.238665,40.645754,0
            9.238901,40.645738,0
            9.239137,40.645719,0
            9.239372,40.645697,0
            9.239591,40.645654,0
            9.239782,40.645629,0
            9.239976,40.645629,0
            9.24017,40.645644,0
            9.240404,40.645669,0
            9.240639,40.645696,0
            9.240873,40.645722,0
            9.241108,40.645749,0
            9.241342,40.645776,0
            9.241576,40.645804,0
            9.241808,40.645843,0
            9.242036,40.64589,0
            9.242264,40.645939,0
            9.242493,40.645988,0
            9.242721,40.646037,0
            9.242947,40.646091,0
            9.243169,40.646152,0
            9.243392,40.646213,0
            9.243622,40.646258,0
            9.243796,40.646262,0
            9.243967,40.646237,0
            9.244148,40.64619,0
            9.244353,40.646128,0
            9.244573,40.646061,0
            9.244794,40.645995,0
            9.244986,40.645953,0
            9.245168,40.645938,0
            9.24535,40.645944,0
            9.24553,40.64597,0
            9.245709,40.646028,0
            9.245876,40.646111,0
            9.246058,40.646203,0
            9.246255,40.646274,0
            9.246459,40.646333,0
            9.246681,40.646396,0
            9.246903,40.64646,0
            9.247124,40.646523,0
            9.247346,40.646587,0
            9.247568,40.646651,0
            9.247789,40.646715,0
            9.247986,40.646803,0
            9.248186,40.646888,0
            9.248392,40.646954,0
            9.248607,40.647003,0
            9.248835,40.647051,0
            9.249064,40.6471,0
            9.249292,40.647149,0
            9.249521,40.647196,0
            9.249652,40.647215,0
            9.249784,40.647202,0
            9.249916,40.647188,0
            9.250119,40.647172,0
            9.250341,40.647181,0
            9.250576,40.6472,0
            9.25079,40.647204,0
            9.251004,40.64719,0
            9.25124,40.647174,0
            9.251476,40.647157,0
            9.251712,40.647139,0
            9.251947,40.647116,0
            9.252181,40.647087,0
            9.252414,40.647054,0
            9.252637,40.647007,0
            9.252857,40.64695,0
            9.253083,40.646897,0
            9.253312,40.646849,0
            9.253541,40.646805,0
            9.253726,40.646783,0
            9.253913,40.646784,0
            9.2541,40.646786,0
            9.254311,40.646774,0
            9.254519,40.646742,0
            9.254747,40.646693,0
            9.254919,40.646641,0
            9.255068,40.646558,0
            9.255131,40.64651,0
            9.255196,40.646464,0
            9.255234,40.646442,0
            9.255276,40.646424,0
            9.25532,40.646413,0
            9.255367,40.646408,0
            9.255414,40.646407,0
            9.255462,40.64641,0
            9.255508,40.646418,0
            9.255553,40.646429,0
            9.255597,40.646442,0
            9.25569,40.646472,0
            9.255881,40.646513,0
            9.256105,40.646552,0
            9.256338,40.646584,0
            9.256572,40.646615,0
            9.256806,40.646645,0
            9.25704,40.646673,0
            9.257087,40.646679,0
            9.257132,40.646688,0
            9.257175,40.646704,0
            9.257209,40.646729,0
            9.257237,40.646758,0
            9.257258,40.646791,0
            9.257273,40.646825,0
            9.257288,40.646859,0
            9.257303,40.646893,0
            9.25733,40.646946,0
            9.257434,40.647102,0
            9.25753,40.647261,0
            9.257612,40.64743,0
            9.257671,40.647604,0
            9.257698,40.647775,0
            9.257687,40.64793,0
            9.257662,40.648084,0
            9.257628,40.648262,0
            9.257592,40.64844,0
            9.257555,40.648618,0
            9.257505,40.648794,0
            9.257448,40.648968,0
            9.257368,40.649137,0
            9.257275,40.649303,0
            9.257183,40.649469,0
            9.25712,40.649618,0
            9.257085,40.649773,0
            9.257077,40.64993,0
            9.257065,40.650066,0
            9.257058,40.650102,0
            9.257044,40.650136,0
            9.257025,40.650169,0
            9.256999,40.650199,0
            9.256968,40.650226,0
            9.256933,40.65025,0
            9.256896,40.650273,0
            9.25686,40.650296,0
            9.256766,40.650357,0
            9.256655,40.650432,0
            9.256571,40.650479,0
            9.256474,40.650507,0
            9.256372,40.650522,0
            9.25627,40.650537,0
            9.256091,40.650581,0
            9.255926,40.65065,0
            9.255773,40.650734,0
            9.255605,40.650852,0
            9.255444,40.650976,0
            9.255322,40.651104,0
            9.255205,40.651234,0
            9.255104,40.651381,0
            9.255033,40.651521,0
            9.254987,40.651666,0
            9.254958,40.651814,0
            9.254922,40.651992,0
            9.254884,40.652116,0
            9.254867,40.652176,0
            9.254862,40.652237,0
            9.254873,40.652297,0
            9.2549,40.652354,0
            9.254937,40.652408,0
            9.254977,40.652461,0
            9.255042,40.652553,0
            9.255133,40.652719,0
            9.255176,40.652874,0
            9.255186,40.653025,0
            9.255163,40.653148,0
            9.255113,40.653265,0
            9.255045,40.653379,0
            9.254936,40.653538,0
            9.254861,40.653634,0
            9.254764,40.653717,0
            9.254643,40.653778,0
            9.254513,40.65383,0
            9.254373,40.653905,0
            9.254251,40.653996,0
            9.254139,40.654095,0
            9.253993,40.654236,0
            9.253856,40.654383,0
            9.253734,40.654537,0
            9.253628,40.654698,0
            9.25354,40.654805,0
            9.253423,40.654896,0
            9.253275,40.654981,0
            9.253126,40.655065,0
            9.252994,40.655155,0
            9.25291,40.655246,0
            9.25286,40.65535,0
            9.252843,40.65546,0
            9.252857,40.655571,0
            9.252896,40.655697,0
            9.252957,40.655859,0
            9.253034,40.656029,0
            9.253116,40.656198,0
            9.253183,40.65637,0
            9.253234,40.656546,0
            9.253294,40.65672,0
            9.253367,40.656891,0
            9.253438,40.657062,0
            9.253498,40.657236,0
            9.253541,40.657413,0
            9.253589,40.65758,0
            9.253658,40.657718,0
            9.253754,40.657847,0
            9.253878,40.657973,0
            9.253909,40.658001,0
            9.253938,40.658029,0
            9.253962,40.65806,0
            9.253979,40.658093,0
            9.253989,40.658128,0
            9.253992,40.658164,0
            9.253988,40.6582,0
            9.253975,40.658234,0
            9.253954,40.658266,0
            9.253925,40.658295,0
            9.253891,40.65832,0
            9.253854,40.658343,0
            9.253816,40.658363,0
            9.253776,40.658383,0
            9.253736,40.658402,0
            9.253589,40.658467,0
            9.253384,40.658558,0
            9.253187,40.658658,0
            9.253032,40.658758,0
            9.252951,40.658833,0
            9.252897,40.658921,0
            9.252873,40.659016,0
            9.252869,40.659114,0
            9.25287,40.659224,0
            9.252867,40.65939,0
            9.252858,40.65957,0
            9.252851,40.659749,0
            9.252857,40.659929,0
            9.252879,40.660057,0
            9.252932,40.66016,0
            9.253016,40.66025,0
            9.253122,40.660326,0
            9.253234,40.660397,0
            9.25342,40.660508,0
            9.253608,40.660617,0
            9.253797,40.660726,0
            9.253984,40.660837,0
            9.254164,40.660954,0
            9.25431,40.661071,0
            9.254433,40.661202,0
            9.254543,40.661352,0
            9.254634,40.661518,0
            9.254723,40.661685,0
            9.254813,40.661851,0
            9.254908,40.662016,0
            9.255006,40.66218,0
            9.255096,40.662346,0
            9.255153,40.662505,0
            9.255186,40.662669,0
            9.255214,40.662847,0
            9.255232,40.663027,0
            9.255248,40.663206,0
            9.255263,40.663386,0
            9.255282,40.663565,0
            9.255307,40.663744,0
            9.255339,40.663922,0
            9.255382,40.664099,0
            9.255425,40.664276,0
            9.255457,40.664454,0
            9.255477,40.664633,0
            9.255492,40.664813,0
            9.255494,40.664992,0
            9.255485,40.665172,0
            9.255467,40.665351,0
            9.25544,40.66553,0
            9.255413,40.665709,0
            9.255387,40.665888,0
            9.255352,40.666065,0
            9.255295,40.666232,0
            9.255211,40.666383,0
            9.255102,40.666522,0
            9.254969,40.666649,0
            9.254825,40.666769,0
            9.254659,40.666897,0
            9.254489,40.667023,0
            9.254319,40.667147,0
            9.254153,40.667276,0
            9.254,40.667413,0
            9.253864,40.667561,0
            9.253749,40.667718,0
            9.253632,40.667874,0
            9.253515,40.668031,0
            9.253403,40.668189,0
            9.253289,40.668347,0
            9.253181,40.668507,0
            9.253081,40.66867,0
            9.252982,40.668834,0
            9.25288,40.668996,0
            9.252776,40.669158,0
            9.252662,40.669315,0
            9.252528,40.669464,0
            9.252375,40.669601,0
            9.252202,40.669724,0
            9.252021,40.66984,0
            9.251825,40.669941,0
            9.251621,40.670033,0
            9.251434,40.67013,0
            9.251261,40.670242,0
            9.251103,40.670361,0
            9.250963,40.670493,0
            9.25083,40.670635,0
            9.250718,40.670786,0
            9.250612,40.670941,0
            9.250512,40.671104,0
            9.25041,40.671266,0
            9.250287,40.671393,0
            9.250151,40.671512,0
            9.249999,40.67165,0
            9.249846,40.671788,0
            9.249688,40.671921,0
            9.249531,40.672056,0
            9.249503,40.672086,0
            9.249477,40.672115,0
            9.24946,40.672149,0
            9.24946,40.672184,0
            9.249481,40.672216,0
            9.249519,40.672236,0
            9.249565,40.672243,0
            9.249612,40.672238,0
            9.249654,40.672222,0
            9.249695,40.672204,0
            9.249736,40.672185,0
            9.249775,40.672166,0
            9.249825,40.67214,0
            9.249874,40.672114,0
            9.250073,40.672016,0
            9.250262,40.671934,0
            9.250464,40.671872,0
            9.25067,40.67182,0
            9.250894,40.67176,0
            9.251082,40.671683,0
            9.251254,40.671588,0
            9.251439,40.671475,0
            9.251624,40.671362,0
            9.251815,40.671256,0
            9.252019,40.671165,0
            9.252237,40.671094,0
            9.252463,40.671039,0
            9.252689,40.670985,0
            9.252918,40.670939,0
            9.253152,40.670907,0
            9.253388,40.67089,0
            9.253625,40.670883,0
            9.253862,40.670879,0
            9.254099,40.670877,0
            9.254336,40.670883,0
            9.254563,40.670902,0
            9.254783,40.670945,0
            9.25501,40.670998,0
            9.255236,40.671053,0
            9.255455,40.671121,0
            9.255664,40.671207,0
            9.255867,40.6713,0
            9.256069,40.671393,0
            9.256275,40.671483,0
            9.256482,40.671571,0
            9.25669,40.671658,0
            9.256898,40.671744,0
            9.257078,40.671836,0
            9.257232,40.671952,0
            9.257376,40.672077,0
            9.257512,40.672179,0
            9.257642,40.672243,0
            9.257787,40.672283,0
            9.25794,40.6723,0
            9.258137,40.672307,0
            9.258374,40.672307,0
            9.258611,40.672299,0
            9.258843,40.672268,0
            9.25895,40.67223,0
            9.259052,40.672184,0
            9.259148,40.672132,0
            9.259273,40.672067,0
            9.259415,40.672027,0
            9.259563,40.672006,0
            9.259758,40.671992,0
            9.259992,40.671966,0
            9.260226,40.671934,0
            9.260459,40.671901,0
            9.260692,40.671868,0
            9.260926,40.67184,0
            9.261163,40.671828,0
            9.261399,40.671835,0
            9.261633,40.671865,0
            9.261866,40.6719,0
            9.262034,40.671916,0
            9.262202,40.67191,0
            9.262367,40.671881,0
            9.262542,40.671824,0
            9.262729,40.671738,0
            9.262914,40.671631,0
            9.263097,40.671517,0
            9.263281,40.671408,0
            9.26348,40.671322,0
            9.263694,40.671258,0
            9.263921,40.671207,0
            9.264151,40.671162,0
            9.264381,40.671118,0
            9.264614,40.671083,0
            9.264845,40.671043,0
            9.265036,40.670986,0
            9.265215,40.670909,0
            9.265413,40.670832,0
            9.265457,40.670819,0
            9.265503,40.67081,0
            9.265549,40.670816,0
            9.265594,40.670828,0
            9.265637,40.670842,0
            9.265673,40.670865,0
            9.265691,40.670898,0
            9.265706,40.670932,0
            9.265721,40.670966,0
            9.265731,40.671002,0
            9.265738,40.671037,0
            9.265745,40.671073,0
            9.26578,40.671221,0
            9.265831,40.671397,0
            9.265885,40.671572,0
            9.265944,40.671746,0
            9.266019,40.671917,0
            9.266092,40.67204,0
            9.266192,40.672152,0
            9.266307,40.672255,0
            9.266463,40.672391,0
            9.266618,40.672527,0
            9.266787,40.672653,0
            9.266972,40.672753,0
            9.267165,40.672843,0
            9.267337,40.672929,0
            9.26749,40.673034,0
            9.267594,40.673142,0
            9.267678,40.67326,0
            9.267763,40.673426,0
            9.267832,40.673583,0
            9.267941,40.673723,0
            9.268072,40.673852,0
            9.268183,40.673976,0
            9.268244,40.674081,0
            9.268267,40.674162,0
            9.268264,40.674246,0
            9.268242,40.674327,0
            9.2682,40.674404,0
            9.268138,40.674519,0
            9.2681,40.674656,0
            9.268107,40.674796,0
            9.268144,40.674937,0
            9.268197,40.675089,0
            9.268257,40.675263,0
            9.268314,40.675438,0
            9.268361,40.675614,0
            9.268395,40.675792,0
            9.268436,40.675969,0
            9.268491,40.676144,0
            9.268542,40.67632,0
            9.268579,40.676498,0
            9.268613,40.676676,0
            9.268643,40.676854,0
            9.268648,40.677033,0
            9.268646,40.677212,0
            9.26866,40.677391,0
            9.268684,40.67757,0
            9.268681,40.677746,0
            9.268658,40.67785,0
            9.268615,40.67795,0
            9.268545,40.678041,0
            9.268457,40.678123,0
            9.268312,40.67824,0
            9.2682,40.678344,0
            9.26816,40.678392,0
            9.26813,40.678445,0
            9.26811,40.6785,0
            9.268107,40.678544,0
            9.26811,40.678588,0
            9.26812,40.678631,0
            9.268144,40.678671,0
            9.268173,40.67871,0
            9.268203,40.678747,0
            9.268237,40.678783,0
            9.268272,40.678818,0
            9.268411,40.678954,0
            9.268556,40.679096,0
            9.268696,40.679241,0
            9.268826,40.679391,0
            9.268955,40.679542,0
            9.269094,40.679688,0
            9.269235,40.679833,0
            9.269371,40.67998,0
            9.2695,40.680131,0
            9.269612,40.680289,0
            9.269715,40.680451,0
            9.269811,40.680574,0
            9.269936,40.680681,0
            9.270091,40.680777,0
            9.270277,40.680888,0
            9.270447,40.681012,0
            9.270607,40.681143,0
            9.270769,40.681275,0
            9.270928,40.681408,0
            9.271064,40.681542,0
            9.271171,40.681682,0
            9.27126,40.68183,0
            9.271335,40.681934,0
            9.271438,40.682022,0
            9.271564,40.682091,0
            9.271726,40.682157,0
            9.271931,40.682218,0
            9.272144,40.682296,0
            9.272298,40.682381,0
            9.272455,40.682457,0
            9.272631,40.682504,0
            9.272815,40.682525,0
            9.273011,40.682522,0
            9.273203,40.682489,0
            9.273409,40.682445,0
            9.273455,40.68244,0
            9.273503,40.682441,0
            9.27355,40.682445,0
            9.273597,40.682451,0
            9.273641,40.682462,0
            9.273681,40.682481,0
            9.273719,40.682503,0
            9.273756,40.682526,0
            9.273791,40.682549,0
            9.273825,40.682575,0
            9.273953,40.682666,0
            9.274138,40.682777,0
            9.274335,40.682877,0
            9.274532,40.682977,0
            9.274725,40.683082,0
            9.274915,40.68319,0
            9.275109,40.683293,0
            9.275305,40.683372,0
            9.275453,40.6834,0
            9.275541,40.683409,0
            9.275629,40.683405,0
            9.275715,40.683389,0
            9.275795,40.683361,0
            9.275867,40.683322,0
            9.275956,40.683259,0
            9.276041,40.683193,0
            9.276189,40.683084,0
            9.276373,40.682971,0
            9.276555,40.682887,0
            9.276752,40.682823,0
            9.276931,40.68279,0
            9.277114,40.682787,0
            9.277307,40.682795,0
            9.277354,40.682796,0
            9.277401,40.682794,0
            9.277449,40.682791,0
            9.277492,40.682777,0
            9.277532,40.682758,0
            9.277572,40.682738,0
            9.277611,40.682717,0
            9.277646,40.682694,0
            9.277774,40.682603,0
            9.277938,40.682492,0
            9.278114,40.682403,0
            9.278308,40.682339,0
            9.278526,40.682288,0
            9.27871,40.68222,0
            9.278868,40.682144,0
            9.27896,40.682081,0
            9.278995,40.682057,0
            9.279034,40.682036,0
            9.279075,40.682018,0
            9.279118,40.682003,0
            9.279164,40.681995,0
            9.27921,40.682001,0
            9.279255,40.682013,0
            9.279296,40.682031,0
            9.279324,40.682059,0
            9.279347,40.682091,0
            9.279368,40.682123,0
            9.279384,40.682157,0
            9.279395,40.682192,0
            9.279405,40.682227,0
            9.279409,40.682263,0
            9.279402,40.682369,0
            9.27937,40.682473,0
            9.279312,40.682612,0
            9.279292,40.682748,0
            9.279297,40.682814,0
            9.279305,40.682849,0
            9.27932,40.682883,0
            9.27934,40.682916,0
            9.279362,40.682947,0
            9.279393,40.682973,0
            9.279433,40.682993,0
            9.279475,40.683009,0
            9.279519,40.683024,0
            9.279565,40.683031,0
            9.279625,40.683033,0
            9.279686,40.683034,0
            9.279747,40.683036,0
            9.279808,40.683037,0
            9.280045,40.683042,0
            9.280282,40.683034,0
            9.280517,40.683011,0
            9.280753,40.682993,0
            9.28099,40.682995,0
            9.281227,40.682997,0
            9.281464,40.682995,0
            9.281701,40.683002,0
            9.281937,40.683025,0
            9.282172,40.683047,0
            9.282407,40.683068,0
            9.282642,40.683095,0
            9.282875,40.683129,0
            9.283106,40.683169,0
            9.283316,40.6832,0
            9.283529,40.683207,0
            9.283732,40.683176,0
            9.28393,40.68313,0
            9.284158,40.683079,0
            9.284389,40.68304,0
            9.284622,40.683007,0
            9.284852,40.682963,0
            9.285076,40.682904,0
            9.285289,40.682826,0
            9.285502,40.682747,0
            9.285722,40.682679,0
            9.285946,40.68262,0
            9.286174,40.682574,0
            9.286327,40.682561,0
            9.286479,40.682579,0
            9.286624,40.68262,0
            9.286668,40.682633,0
            9.286712,40.682646,0
            9.286758,40.682653,0
            9.286805,40.68265,0
            9.286851,40.682641,0
            9.286896,40.68263,0
            9.286941,40.682617,0
            9.286983,40.682601,0
            9.287061,40.68257,0
            9.287237,40.682497,0
            9.287444,40.682409,0
            9.287647,40.682317,0
            9.287838,40.682211,0
            9.287964,40.682114,0
            9.288085,40.682012,0
            9.288259,40.681891,0
            9.288448,40.681783,0
            9.288641,40.681677,0
            9.288814,40.681561,0
            9.28897,40.681431,0
            9.289114,40.681288,0
            9.289255,40.681143,0
            9.289394,40.680997,0
            9.289528,40.680849,0
            9.289658,40.680699,0
            9.289798,40.680554,0
            9.289954,40.680418,0
            9.290122,40.680291,0
            9.290292,40.680166,0
            9.290436,40.680034,0
            9.290526,40.679912,0
            9.29059,40.679781,0
            9.290643,40.679617,0
            9.290666,40.679445,0
            9.290667,40.679273,0
            9.290669,40.679237,0
            9.290672,40.679201,0
            9.290679,40.679165,0
            9.290689,40.67913,0
            9.290706,40.679097,0
            9.290742,40.679081,0
            9.29078,40.679097,0
            9.290799,40.679129,0
            9.290807,40.679164,0
            9.290813,40.6792,0
            9.290819,40.679235,0
            9.290825,40.679271,0
            9.290836,40.679335,0
            9.290846,40.6794,0
            9.290878,40.679578,0
            9.290933,40.679753,0
            9.29101,40.679923,0
            9.291101,40.680089,0
            9.291209,40.680248,0
            9.291318,40.680408,0
            9.291426,40.680568,0
            9.291528,40.680731,0
            9.291611,40.680899,0
            9.291673,40.681073,0
            9.291726,40.681248,0
            9.291778,40.681423,0
            9.291818,40.681596,0
            9.291838,40.68177,0
            9.291858,40.681949,0
            9.291876,40.682129,0
            9.291877,40.682301,0
            9.291857,40.682473,0
            9.291837,40.682652,0
            9.291819,40.682832,0
            9.291811,40.683011,0
            9.291811,40.683191,0
            9.291823,40.68337,0
            9.291868,40.683544,0
            9.291931,40.683715,0
            9.292,40.683887,0
            9.29205,40.68405,0
            9.292073,40.68421,0
            9.29208,40.68437,0
            9.292081,40.68455,0
            9.292081,40.68473,0
            9.29208,40.68491,0
            9.292072,40.68509,0
            9.292043,40.685256,0
            9.291997,40.68542,0
            9.291947,40.685596,0
            9.291885,40.685769,0
            9.291806,40.685939,0
            9.291714,40.686104,0
            9.29161,40.686266,0
            9.29154,40.686363,0
            9.291447,40.686447,0
            9.291331,40.686514,0
            9.291188,40.686584,0
            9.291008,40.686646,0
            9.290817,40.686687,0
            9.29064,40.686706,0
            9.290461,40.686706,0
            9.290225,40.686692,0
            9.28999,40.68667,0
            9.289753,40.686654,0
            9.289516,40.686651,0
            9.289292,40.686669,0
            9.289068,40.686698,0
            9.28885,40.686744,0
            9.28864,40.686809,0
            9.288426,40.686887,0
            9.288216,40.68697,0
            9.288006,40.687054,0
            9.287796,40.687137,0
            9.287586,40.687221,0
            9.287446,40.687294,0
            9.287411,40.687318,0
            9.287379,40.687345,0
            9.287363,40.687378,0
            9.287349,40.687413,0
            9.287336,40.687447,0
            9.287333,40.687483,0
            9.287335,40.687519,0
            9.287341,40.687555,0
            9.28736,40.687635,0
            9.287405,40.687761,0
            9.287435,40.687918,0
            9.287423,40.688074,0
            9.287414,40.68823,0
            9.287429,40.688404,0
            9.287484,40.688572,0
            9.287552,40.688667,0
            9.287635,40.688754,0
            9.287786,40.688878,0
            9.28796,40.689,0
            9.288112,40.689084,0
            9.28828,40.689146,0
            9.288484,40.689204,0
            9.288615,40.689256,0
            9.288728,40.689329,0
            9.288816,40.689419,0
            9.288892,40.689516,0
            9.289018,40.689668,0
            9.28915,40.689818,0
            9.28929,40.689963,0
            9.289436,40.690105,0
            9.28959,40.690241,0
            9.28976,40.690367,0
            9.289933,40.69049,0
            9.290106,40.690613,0
            9.290279,40.690736,0
            9.290457,40.690855,0
            9.29064,40.69097,0
            9.290809,40.691096,0
            9.290968,40.691229,0
            9.291129,40.691361,0
            9.291266,40.69145,0
            9.291429,40.691512,0
            9.291613,40.691586,0
            9.291753,40.691665,0
            9.291874,40.691762,0
            9.291978,40.691869,0
            9.292109,40.692019,0
            9.292231,40.69213,0
            9.292385,40.692216,0
            9.292557,40.692277,0
            9.292738,40.692323,0
            9.292964,40.692364,0
            9.293091,40.692369,0
            9.293216,40.692352,0
            9.293332,40.692313,0
            9.293438,40.69226,0
            9.293586,40.692164,0
            9.293721,40.692058,0
            9.293829,40.691935,0
            9.293927,40.691821,0
            9.293959,40.691795,0
            9.293997,40.691774,0
            9.29404,40.691759,0
            9.294087,40.691752,0
            9.294134,40.69175,0
            9.294181,40.691754,0
            9.294226,40.691765,0
            9.294271,40.691777,0
            9.294313,40.691792,0
            9.294365,40.691822,0
            9.294412,40.691856,0
            9.294465,40.691896,0
            9.294515,40.691939,0
            9.294639,40.692071,0
            9.294717,40.692197,0
          </coordinates>
        </LineString>
      </Placemark>
      <Placemark>
        <name>FINISH</name>
        <description>Km: 24.14</description>
        <styleUrl>#icon-1899-DB4436</styleUrl>
        <Point>
          <coordinates>
            9.29472,40.692192,0
          </coordinates>
        </Point>
      </Placemark>
    </Folder>
    <Folder>
      <name>TXT</name>
      <Placemark>
        <name>08/11</name>
        <styleUrl>#poly-F9F9F9-1200-255-nodesc</styleUrl>
        <MultiGeometry>
          <Polygon>
            <outerBoundaryIs>
              <LinearRing>
                <tessellate>1</tessellate>
                <coordinates>
                  9.232527,40.622995,0
                  9.232527,40.62349,0
                  9.231834,40.623533,0
                  9.231164,40.623629,0
                  9.230519,40.623775,0
                  9.229905,40.623969,0
                  9.229324,40.624208,0
                  9.22878,40.624488,0
                  9.228277,40.624808,0
                  9.227819,40.625163,0
                  9.227409,40.625552,0
                  9.227052,40.625971,0
                  9.226749,40.626418,0
                  9.226508,40.62689,0
                  9.226329,40.627384,0
                  9.226218,40.627897,0
                  9.226178,40.628426,0
                  9.225527,40.628426,0
                  9.225571,40.627843,0
                  9.225693,40.627278,0
                  9.22589,40.626734,0
                  9.226157,40.626214,0
                  9.226489,40.625722,0
                  9.226883,40.62526,0
                  9.227335,40.624832,0
                  9.22784,40.62444,0
                  9.228395,40.624089,0
                  9.228995,40.62378,0
                  9.229636,40.623518,0
                  9.230313,40.623306,0
                  9.231024,40.623145,0
                  9.231763,40.623041,0
                  9.232527,40.622995,0
                </coordinates>
              </LinearRing>
            </outerBoundaryIs>
          </Polygon>
          <Polygon>
            <outerBoundaryIs>
              <LinearRing>
                <tessellate>1</tessellate>
                <coordinates>
                  9.239904,40.628426,0
                  9.239253,40.628426,0
                  9.239213,40.627898,0
                  9.239103,40.627387,0
                  9.238925,40.626894,0
                  9.238685,40.626424,0
                  9.238386,40.625978,0
                  9.238031,40.625559,0
                  9.237623,40.625171,0
                  9.237167,40.624815,0
                  9.236667,40.624496,0
                  9.236126,40.624215,0
                  9.235548,40.623976,0
                  9.234936,40.623781,0
                  9.234294,40.623633,0
                  9.233627,40.623536,0
                  9.232937,40.623491,0
                  9.232937,40.622996,0
                  9.233698,40.623044,0
                  9.234434,40.62315,0
                  9.235142,40.623312,0
                  9.235817,40.623526,0
                  9.236455,40.623788,0
                  9.237052,40.624097,0
                  9.237604,40.624448,0
                  9.238107,40.624839,0
                  9.238556,40.625267,0
                  9.238949,40.625728,0
                  9.239279,40.62622,0
                  9.239543,40.626738,0
                  9.239739,40.627281,0
                  9.23986,40.627844,0
                  9.239904,40.628426,0
                </coordinates>
              </LinearRing>
            </outerBoundaryIs>
          </Polygon>
          <Polygon>
            <outerBoundaryIs>
              <LinearRing>
                <tessellate>1</tessellate>
                <coordinates>
                  9.248555,40.633903,0
                  9.248555,40.633408,0
                  9.249235,40.633366,0
                  9.249894,40.633272,0
                  9.250527,40.633129,0
                  9.251132,40.63294,0
                  9.251705,40.632709,0
                  9.252242,40.632436,0
                  9.25274,40.632126,0
                  9.253195,40.631781,0
                  9.253603,40.631403,0
                  9.253962,40.630995,0
                  9.254268,40.630561,0
                  9.254516,40.630102,0
                  9.254704,40.629621,0
                  9.254828,40.629121,0
                  9.254884,40.628605,0
                  9.255536,40.628605,0
                  9.255476,40.629175,0
                  9.255341,40.629727,0
                  9.255134,40.630258,0
                  9.254861,40.630765,0
                  9.254525,40.631245,0
                  9.254129,40.631695,0
                  9.253678,40.632112,0
                  9.253176,40.632493,0
                  9.252627,40.632835,0
                  9.252034,40.633136,0
                  9.251401,40.633391,0
                  9.250733,40.633598,0
                  9.250033,40.633755,0
                  9.249306,40.633857,0
                  9.248555,40.633903,0
                </coordinates>
              </LinearRing>
            </outerBoundaryIs>
          </Polygon>
          <Polygon>
            <outerBoundaryIs>
              <LinearRing>
                <tessellate>1</tessellate>
                <coordinates>
                  9.255536,40.628294,0
                  9.254884,40.628294,0
                  9.254828,40.627778,0
                  9.254704,40.627278,0
                  9.254516,40.626797,0
                  9.254268,40.626338,0
                  9.253963,40.625903,0
                  9.253604,40.625496,0
                  9.253195,40.625118,0
                  9.25274,40.624772,0
                  9.252243,40.624462,0
                  9.251706,40.62419,0
                  9.251133,40.623958,0
                  9.250528,40.62377,0
                  9.249895,40.623627,0
                  9.249236,40.623533,0
                  9.248556,40.62349,0
                  9.248556,40.622996,0
                  9.249307,40.623041,0
                  9.250034,40.623144,0
                  9.250734,40.6233,0
                  9.251402,40.623508,0
                  9.252034,40.623763,0
                  9.252627,40.624063,0
                  9.253177,40.624405,0
                  9.253679,40.624787,0
                  9.25413,40.625204,0
                  9.254526,40.625654,0
                  9.254862,40.626134,0
                  9.255134,40.626641,0
                  9.25534,40.627172,0
                  9.255476,40.627724,0
                  9.255536,40.628294,0
                </coordinates>
              </LinearRing>
            </outerBoundaryIs>
          </Polygon>
          <Polygon>
            <outerBoundaryIs>
              <LinearRing>
                <tessellate>1</tessellate>
                <coordinates>
                  9.248146,40.622996,0
                  9.248146,40.62349,0
                  9.247466,40.623533,0
                  9.246807,40.623627,0
                  9.246174,40.62377,0
                  9.245569,40.623958,0
                  9.244996,40.62419,0
                  9.244459,40.624463,0
                  9.243962,40.624773,0
                  9.243507,40.625118,0
                  9.243098,40.625496,0
                  9.242739,40.625904,0
                  9.242434,40.626338,0
                  9.242184,40.626797,0
                  9.241996,40.627278,0
                  9.241872,40.627778,0
                  9.241816,40.628294,0
                  9.241164,40.628294,0
                  9.241224,40.627724,0
                  9.241359,40.627172,0
                  9.241566,40.626641,0
                  9.24184,40.626134,0
                  9.242176,40.625654,0
                  9.242572,40.625204,0
                  9.243023,40.624787,0
                  9.243525,40.624405,0
                  9.244075,40.624063,0
                  9.244668,40.623763,0
                  9.2453,40.623508,0
                  9.245968,40.6233,0
                  9.246667,40.623144,0
                  9.247395,40.623041,0
                  9.248146,40.622996,0
                </coordinates>
              </LinearRing>
            </outerBoundaryIs>
          </Polygon>
          <Polygon>
            <outerBoundaryIs>
              <LinearRing>
                <tessellate>1</tessellate>
                <coordinates>
                  9.241164,40.628605,0
                  9.241816,40.628605,0
                  9.241872,40.629121,0
                  9.241996,40.629621,0
                  9.242184,40.630102,0
                  9.242433,40.630561,0
                  9.242738,40.630995,0
                  9.243097,40.631403,0
                  9.243506,40.631781,0
                  9.243961,40.632126,0
                  9.244458,40.632436,0
                  9.244995,40.632709,0
                  9.245568,40.63294,0
                  9.246173,40.633129,0
                  9.246806,40.633272,0
                  9.247465,40.633366,0
                  9.248145,40.633408,0
                  9.248145,40.633903,0
                  9.247394,40.633857,0
                  9.246666,40.633755,0
                  9.245967,40.633598,0
                  9.245299,40.633391,0
                  9.244666,40.633136,0
                  9.244073,40.632835,0
                  9.243524,40.632493,0
                  9.243022,40.632112,0
                  9.242571,40.631695,0
                  9.242175,40.631245,0
                  9.241839,40.630765,0
                  9.241565,40.630258,0
                  9.241359,40.629727,0
                  9.241224,40.629175,0
                  9.241164,40.628605,0
                </coordinates>
              </LinearRing>
            </outerBoundaryIs>
          </Polygon>
          <Polygon>
            <outerBoundaryIs>
              <LinearRing>
                <tessellate>1</tessellate>
                <coordinates>
                  9.225537,40.628738,0
                  9.226189,40.628738,0
                  9.226261,40.629242,0
                  9.226398,40.62973,0
                  9.226596,40.630199,0
                  9.226853,40.630646,0
                  9.227163,40.631069,0
                  9.227525,40.631466,0
                  9.227935,40.631833,0
                  9.228389,40.632169,0
                  9.228884,40.63247,0
                  9.229416,40.632734,0
                  9.229983,40.632958,0
                  9.230581,40.63314,0
                  9.231206,40.633278,0
                  9.231856,40.633368,0
                  9.232526,40.633409,0
                  9.232526,40.633903,0
                  9.231785,40.63386,0
                  9.231066,40.633761,0
                  9.230375,40.63361,0
                  9.229714,40.633408,0
                  9.229088,40.633161,0
                  9.228499,40.632869,0
                  9.227952,40.632536,0
                  9.227451,40.632164,0
                  9.226999,40.631758,0
                  9.226601,40.631319,0
                  9.226259,40.63085,0
                  9.225978,40.630355,0
                  9.225761,40.629836,0
                  9.225613,40.629296,0
                  9.225537,40.628738,0
                </coordinates>
              </LinearRing>
            </outerBoundaryIs>
          </Polygon>
          <Polygon>
            <outerBoundaryIs>
              <LinearRing>
                <tessellate>1</tessellate>
                <coordinates>
                  9.232936,40.633903,0
                  9.232936,40.633408,0
                  9.233603,40.633365,0
                  9.234249,40.633273,0
                  9.234872,40.633134,0
                  9.235467,40.632951,0
                  9.236031,40.632726,0
                  9.236561,40.632462,0
                  9.237053,40.632161,0
                  9.237505,40.631826,0
                  9.237913,40.631459,0
                  9.238273,40.631063,0
                  9.238582,40.630641,0
                  9.238836,40.630195,0
                  9.239033,40.629727,0
                  9.23917,40.62924,0
                  9.239241,40.628738,0
                  9.239894,40.628738,0
                  9.239819,40.629294,0
                  9.239671,40.629833,0
                  9.239456,40.630351,0
                  9.239176,40.630845,0
                  9.238836,40.631313,0
                  9.238439,40.631751,0
                  9.23799,40.632157,0
                  9.237491,40.632528,0
                  9.236946,40.632861,0
                  9.23636,40.633153,0
                  9.235736,40.633402,0
                  9.235078,40.633604,0
                  9.23439,40.633756,0
                  9.233674,40.633857,0
                  9.232936,40.633903,0
                </coordinates>
              </LinearRing>
            </outerBoundaryIs>
          </Polygon>
          <Polygon>
            <outerBoundaryIs>
              <LinearRing>
                <tessellate>1</tessellate>
                <coordinates>
                  9.247932,40.625594,0
                  9.247932,40.625613,0
                  9.247932,40.625632,0
                  9.247932,40.625651,0
                  9.247932,40.625669,0
                  9.247931,40.625687,0
                  9.247931,40.625705,0
                  9.24793,40.625722,0
                  9.247929,40.625739,0
                  9.247928,40.625755,0
                  9.247927,40.625771,0
                  9.247926,40.625786,0
                  9.247925,40.625802,0
                  9.247924,40.625816,0
                  9.247922,40.625831,0
                  9.247921,40.625845,0
                  9.247919,40.625858,0
                  9.247917,40.625871,0
                  9.247915,40.625883,0
                  9.247913,40.625895,0
                  9.247911,40.625907,0
                  9.247908,40.625919,0
                  9.247906,40.62593,0
                  9.247903,40.625941,0
                  9.2479,40.625951,0
                  9.247898,40.625961,0
                  9.247894,40.625971,0
                  9.247891,40.625981,0
                  9.247888,40.62599,0
                  9.247884,40.625999,0
                  9.247881,40.626007,0
                  9.247877,40.626015,0
                  9.247873,40.626023,0
                  9.24787,40.626031,0
                  9.247866,40.626038,0
                  9.247862,40.626045,0
                  9.247858,40.626051,0
                  9.247854,40.626057,0
                  9.247849,40.626063,0
                  9.247845,40.626069,0
                  9.247841,40.626075,0
                  9.247836,40.62608,0
                  9.247832,40.626085,0
                  9.247827,40.626089,0
                  9.247822,40.626094,0
                  9.247817,40.626098,0
                  9.247812,40.626101,0
                  9.247807,40.626105,0
                  9.247802,40.626108,0
                  9.247797,40.626111,0
                  9.247792,40.626114,0
                  9.247786,40.626116,0
                  9.247781,40.626118,0
                  9.247775,40.62612,0
                  9.24777,40.626122,0
                  9.247764,40.626123,0
                  9.247759,40.626124,0
                  9.247753,40.626125,0
                  9.247747,40.626126,0
                  9.247741,40.626126,0
                  9.247735,40.626126,0
                  9.246702,40.626126,0
                  9.246701,40.631662,0
                  9.246701,40.631668,0
                  9.2467,40.631674,0
                  9.2467,40.63168,0
                  9.246699,40.631686,0
                  9.246698,40.631692,0
                  9.246697,40.631697,0
                  9.246696,40.631703,0
                  9.246695,40.631708,0
                  9.246693,40.631713,0
                  9.246692,40.631718,0
                  9.24669,40.631722,0
                  9.246688,40.631727,0
                  9.246686,40.631731,0
                  9.246683,40.631736,0
                  9.246681,40.63174,0
                  9.246678,40.631744,0
                  9.246674,40.631748,0
                  9.246671,40.631752,0
                  9.246667,40.631756,0
                  9.246663,40.631759,0
                  9.246658,40.631763,0
                  9.246654,40.631766,0
                  9.246648,40.63177,0
                  9.246643,40.631773,0
                  9.246637,40.631776,0
                  9.246631,40.631779,0
                  9.246624,40.631782,0
                  9.246617,40.631784,0
                  9.24661,40.631787,0
                  9.246602,40.631789,0
                  9.246594,40.631792,0
                  9.246586,40.631794,0
                  9.246577,40.631797,0
                  9.246567,40.631799,0
                  9.246557,40.631801,0
                  9.246546,40.631803,0
                  9.246535,40.631805,0
                  9.246524,40.631806,0
                  9.246512,40.631808,0
                  9.246499,40.63181,0
                  9.246486,40.631811,0
                  9.246472,40.631813,0
                  9.246458,40.631814,0
                  9.246444,40.631815,0
                  9.246428,40.631816,0
                  9.246413,40.631817,0
                  9.246397,40.631818,0
                  9.24638,40.631819,0
                  9.246362,40.63182,0
                  9.246344,40.63182,0
                  9.246325,40.631821,0
                  9.246306,40.631821,0
                  9.246286,40.631822,0
                  9.246265,40.631822,0
                  9.246244,40.631822,0
                  9.246222,40.631823,0
                  9.2462,40.631823,0
                  9.246177,40.631823,0
                  9.246153,40.631823,0
                  9.246128,40.631823,0
                  9.246108,40.631823,0
                  9.246089,40.631823,0
                  9.24607,40.631823,0
                  9.246051,40.631823,0
                  9.246033,40.631823,0
                  9.246016,40.631823,0
                  9.245999,40.631823,0
                  9.245982,40.631823,0
                  9.245967,40.631823,0
                  9.245951,40.631823,0
                  9.245936,40.631822,0
                  9.245922,40.631822,0
                  9.245908,40.631822,0
                  9.245895,40.631822,0
                  9.245882,40.631821,0
                  9.245869,40.631821,0
                  9.245857,40.631821,0
                  9.245845,40.63182,0
                  9.245833,40.63182,0
                  9.245822,40.631819,0
                  9.245811,40.631818,0
                  9.245801,40.631818,0
                  9.24579,40.631817,0
                  9.24578,40.631816,0
                  9.245771,40.631816,0
                  9.245762,40.631815,0
                  9.245753,40.631814,0
                  9.245744,40.631813,0
                  9.245736,40.631812,0
                  9.245728,40.631811,0
                  9.24572,40.63181,0
                  9.245712,40.631809,0
                  9.245705,40.631807,0
                  9.245698,40.631806,0
                  9.245691,40.631805,0
                  9.245684,40.631803,0
                  9.245677,40.631802,0
                  9.245671,40.631801,0
                  9.245665,40.631799,0
                  9.245659,40.631798,0
                  9.245653,40.631796,0
                  9.245647,40.631794,0
                  9.245642,40.631793,0
                  9.245636,40.631791,0
                  9.245631,40.631789,0
                  9.245627,40.631788,0
                  9.245622,40.631786,0
                  9.245618,40.631784,0
                  9.245613,40.631782,0
                  9.245609,40.63178,0
                  9.245605,40.631778,0
                  9.245601,40.631776,0
                  9.245597,40.631773,0
                  9.245593,40.631771,0
                  9.245589,40.631769,0
                  9.245585,40.631766,0
                  9.245582,40.631764,0
                  9.245578,40.631761,0
                  9.245575,40.631758,0
                  9.245571,40.631756,0
                  9.244214,40.630824,0
                  9.244207,40.630818,0
                  9.244199,40.630813,0
                  9.244192,40.630807,0
                  9.244185,40.630802,0
                  9.244178,40.630797,0
                  9.244172,40.630791,0
                  9.244165,40.630786,0
                  9.244159,40.630781,0
                  9.244153,40.630776,0
                  9.244147,40.630771,0
                  9.244142,40.630766,0
                  9.244137,40.630761,0
                  9.244132,40.630756,0
                  9.244127,40.630751,0
                  9.244123,40.630746,0
                  9.244118,40.630741,0
                  9.244114,40.630736,0
                  9.244109,40.630731,0
                  9.244105,40.630725,0
                  9.244101,40.63072,0
                  9.244097,40.630714,0
                  9.244094,40.630708,0
                  9.24409,40.630702,0
                  9.244087,40.630695,0
                  9.244083,40.630689,0
                  9.24408,40.630682,0
                  9.244077,40.630675,0
                  9.244075,40.630668,0
                  9.244072,40.63066,0
                  9.24407,40.630652,0
                  9.244067,40.630645,0
                  9.244064,40.630637,0
                  9.244062,40.630629,0
                  9.24406,40.630621,0
                  9.244058,40.630612,0
                  9.244056,40.630604,0
                  9.244054,40.630595,0
                  9.244052,40.630586,0
                  9.244051,40.630576,0
                  9.244049,40.630567,0
                  9.244048,40.630557,0
                  9.244047,40.630547,0
                  9.244046,40.630537,0
                  9.244045,40.630527,0
                  9.244044,40.630516,0
                  9.244044,40.630506,0
                  9.244043,40.630494,0
                  9.244043,40.630483,0
                  9.244042,40.630471,0
                  9.244042,40.630458,0
                  9.244041,40.630445,0
                  9.244041,40.630432,0
                  9.244041,40.630418,0
                  9.24404,40.630404,0
                  9.24404,40.63039,0
                  9.24404,40.630375,0
                  9.24404,40.63036,0
                  9.24404,40.630344,0
                  9.24404,40.630328,0
                  9.24404,40.630311,0
                  9.24404,40.630286,0
                  9.24404,40.630261,0
                  9.24404,40.630236,0
                  9.244041,40.630213,0
                  9.244041,40.63019,0
                  9.244042,40.630168,0
                  9.244043,40.630147,0
                  9.244044,40.630126,0
                  9.244045,40.630107,0
                  9.244046,40.630088,0
                  9.244048,40.63007,0
                  9.244049,40.630053,0
                  9.244051,40.630036,0
                  9.244053,40.63002,0
                  9.244055,40.630005,0
                  9.244057,40.629991,0
                  9.244059,40.629978,0
                  9.244062,40.629965,0
                  9.244064,40.629952,0
                  9.244067,40.629941,0
                  9.244071,40.629929,0
                  9.244074,40.629919,0
                  9.244078,40.629909,0
                  9.244082,40.629899,0
                  9.244086,40.62989,0
                  9.24409,40.629882,0
                  9.244095,40.629874,0
                  9.244099,40.629867,0
                  9.244104,40.62986,0
                  9.244109,40.629854,0
                  9.244115,40.629848,0
                  9.244121,40.629843,0
                  9.244128,40.629838,0
                  9.244134,40.629834,0
                  9.244141,40.62983,0
                  9.244148,40.629827,0
                  9.244155,40.629825,0
                  9.244163,40.629823,0
                  9.24417,40.629821,0
                  9.244179,40.62982,0
                  9.244187,40.629819,0
                  9.244195,40.629819,0
                  9.244204,40.62982,0
                  9.244214,40.62982,0
                  9.244223,40.629822,0
                  9.244233,40.629824,0
                  9.244243,40.629826,0
                  9.244253,40.629829,0
                  9.244264,40.629832,0
                  9.244275,40.629836,0
                  9.244286,40.62984,0
                  9.244298,40.629844,0
                  9.24431,40.629849,0
                  9.244323,40.629854,0
                  9.244336,40.62986,0
                  9.244349,40.629865,0
                  9.244362,40.629872,0
                  9.244376,40.629878,0
                  9.24439,40.629885,0
                  9.244405,40.629892,0
                  9.24542,40.630487,0
                  9.245421,40.626126,0
                  9.244241,40.626126,0
                  9.244235,40.626126,0
                  9.24423,40.626126,0
                  9.244224,40.626125,0
                  9.244219,40.626124,0
                  9.244213,40.626123,0
                  9.244208,40.626122,0
                  9.244203,40.62612,0
                  9.244198,40.626118,0
                  9.244192,40.626116,0
                  9.244187,40.626114,0
                  9.244183,40.626111,0
                  9.244178,40.626108,0
                  9.244173,40.626105,0
                  9.244169,40.626102,0
                  9.244164,40.626098,0
                  9.24416,40.626094,0
                  9.244155,40.62609,0
                  9.244151,40.626085,0
                  9.244146,40.62608,0
                  9.244142,40.626075,0
                  9.244138,40.626069,0
                  9.244134,40.626064,0
                  9.244129,40.626058,0
                  9.244125,40.626051,0
                  9.244121,40.626045,0
                  9.244118,40.626038,0
                  9.244114,40.626031,0
                  9.24411,40.626024,0
                  9.244106,40.626016,0
                  9.244102,40.626008,0
                  9.244099,40.625999,0
                  9.244095,40.62599,0
                  9.244092,40.625981,0
                  9.244089,40.625971,0
                  9.244086,40.625962,0
                  9.244083,40.625951,0
                  9.24408,40.625941,0
                  9.244078,40.62593,0
                  9.244075,40.625919,0
                  9.244073,40.625908,0
                  9.24407,40.625896,0
                  9.244068,40.625884,0
                  9.244066,40.625871,0
                  9.244064,40.625858,0
                  9.244063,40.625845,0
                  9.244061,40.625831,0
                  9.24406,40.625817,0
                  9.244058,40.625802,0
                  9.244057,40.625787,0
                  9.244056,40.625771,0
                  9.244055,40.625755,0
                  9.244054,40.625739,0
                  9.244053,40.625722,0
                  9.244053,40.625705,0
                  9.244052,40.625688,0
                  9.244052,40.62567,0
                  9.244051,40.625652,0
                  9.244051,40.625633,0
                  9.244051,40.625614,0
                  9.244051,40.625594,0
                  9.244051,40.625575,0
                  9.244051,40.625556,0
                  9.244052,40.625538,0
                  9.244052,40.62552,0
                  9.244053,40.625502,0
                  9.244054,40.625485,0
                  9.244054,40.625468,0
                  9.244055,40.625452,0
                  9.244057,40.625436,0
                  9.244058,40.62542,0
                  9.244059,40.625405,0
                  9.244061,40.62539,0
                  9.244062,40.625376,0
                  9.244064,40.625362,0
                  9.244066,40.625348,0
                  9.244068,40.625335,0
                  9.24407,40.625322,0
                  9.244072,40.62531,0
                  9.244075,40.625297,0
                  9.244077,40.625285,0
                  9.24408,40.625274,0
                  9.244082,40.625263,0
                  9.244085,40.625252,0
                  9.244088,40.625241,0
                  9.244091,40.625231,0
                  9.244094,40.625222,0
                  9.244097,40.625213,0
                  9.2441,40.625204,0
                  9.244104,40.625195,0
                  9.244108,40.625187,0
                  9.244111,40.625179,0
                  9.244115,40.625172,0
                  9.244119,40.625164,0
                  9.244123,40.625157,0
                  9.244126,40.625151,0
                  9.24413,40.625144,0
                  9.244134,40.625138,0
                  9.244138,40.625133,0
                  9.244142,40.625127,0
                  9.244146,40.625122,0
                  9.244151,40.625118,0
                  9.244155,40.625113,0
                  9.244159,40.625109,0
                  9.244163,40.625106,0
                  9.244168,40.625102,0
                  9.244172,40.625099,0
                  9.244177,40.625096,0
                  9.244182,40.625093,0
                  9.244186,40.62509,0
                  9.244191,40.625088,0
                  9.244196,40.625086,0
                  9.244201,40.625084,0
                  9.244206,40.625082,0
                  9.244211,40.62508,0
                  9.244216,40.625079,0
                  9.244221,40.625078,0
                  9.244226,40.625077,0
                  9.244231,40.625077,0
                  9.244236,40.625076,0
                  9.244241,40.625076,0
                  9.247737,40.625076,0
                  9.247742,40.625076,0
                  9.247748,40.625077,0
                  9.247753,40.625077,0
                  9.247759,40.625078,0
                  9.247764,40.625079,0
                  9.24777,40.62508,0
                  9.247775,40.625082,0
                  9.24778,40.625084,0
                  9.247786,40.625086,0
                  9.247791,40.625088,0
                  9.247796,40.62509,0
                  9.247801,40.625093,0
                  9.247806,40.625096,0
                  9.24781,40.625099,0
                  9.247815,40.625102,0
                  9.247819,40.625106,0
                  9.247824,40.625109,0
                  9.247828,40.625113,0
                  9.247832,40.625118,0
                  9.247836,40.625122,0
                  9.247841,40.625127,0
                  9.247845,40.625133,0
                  9.247849,40.625138,0
                  9.247853,40.625144,0
                  9.247857,40.625151,0
                  9.247861,40.625157,0
                  9.247864,40.625164,0
                  9.247868,40.625172,0
                  9.247872,40.625179,0
                  9.247875,40.625187,0
                  9.247879,40.625195,0
                  9.247882,40.625204,0
                  9.247885,40.625213,0
                  9.247889,40.625222,0
                  9.247892,40.625231,0
                  9.247895,40.625241,0
                  9.247897,40.625252,0
                  9.2479,40.625263,0
                  9.247903,40.625274,0
                  9.247905,40.625285,0
                  9.247908,40.625297,0
                  9.24791,40.62531,0
                  9.247912,40.625322,0
                  9.247915,40.625335,0
                  9.247917,40.625348,0
                  9.247918,40.625362,0
                  9.24792,40.625376,0
                  9.247922,40.62539,0
                  9.247923,40.625405,0
                  9.247925,40.62542,0
                  9.247926,40.625436,0
                  9.247927,40.625452,0
                  9.247928,40.625468,0
                  9.247929,40.625485,0
                  9.24793,40.625502,0
                  9.24793,40.62552,0
                  9.247931,40.625538,0
                  9.247931,40.625556,0
                  9.247932,40.625575,0
                  9.247932,40.625594,0
                </coordinates>
              </LinearRing>
            </outerBoundaryIs>
          </Polygon>
          <Polygon>
            <outerBoundaryIs>
              <LinearRing>
                <tessellate>1</tessellate>
                <coordinates>
                  9.252662,40.625594,0
                  9.252663,40.625594,0
                  9.252663,40.625613,0
                  9.252663,40.625632,0
                  9.252663,40.625651,0
                  9.252662,40.625669,0
                  9.252662,40.625687,0
                  9.252661,40.625705,0
                  9.252661,40.625722,0
                  9.25266,40.625739,0
                  9.252659,40.625755,0
                  9.252658,40.625771,0
                  9.252657,40.625786,0
                  9.252656,40.625802,0
                  9.252654,40.625816,0
                  9.252653,40.625831,0
                  9.252651,40.625845,0
                  9.25265,40.625858,0
                  9.252648,40.625871,0
                  9.252646,40.625883,0
                  9.252644,40.625895,0
                  9.252642,40.625907,0
                  9.252639,40.625919,0
                  9.252637,40.62593,0
                  9.252634,40.625941,0
                  9.252631,40.625951,0
                  9.252628,40.625961,0
                  9.252625,40.625971,0
                  9.252622,40.625981,0
                  9.252619,40.62599,0
                  9.252615,40.625999,0
                  9.252612,40.626007,0
                  9.252608,40.626015,0
                  9.252604,40.626023,0
                  9.2526,40.626031,0
                  9.252596,40.626038,0
                  9.252593,40.626045,0
                  9.252588,40.626051,0
                  9.252584,40.626057,0
                  9.25258,40.626063,0
                  9.252576,40.626069,0
                  9.252572,40.626075,0
                  9.252567,40.62608,0
                  9.252563,40.626085,0
                  9.252558,40.626089,0
                  9.252553,40.626094,0
                  9.252548,40.626098,0
                  9.252543,40.626101,0
                  9.252538,40.626105,0
                  9.252533,40.626108,0
                  9.252528,40.626111,0
                  9.252522,40.626114,0
                  9.252517,40.626116,0
                  9.252512,40.626118,0
                  9.252506,40.62612,0
                  9.252501,40.626122,0
                  9.252495,40.626123,0
                  9.25249,40.626124,0
                  9.252484,40.626125,0
                  9.252478,40.626126,0
                  9.252472,40.626126,0
                  9.252466,40.626126,0
                  9.251433,40.626126,0
                  9.251432,40.631662,0
                  9.251431,40.631668,0
                  9.251431,40.631674,0
                  9.251431,40.63168,0
                  9.25143,40.631686,0
                  9.251429,40.631692,0
                  9.251428,40.631697,0
                  9.251427,40.631703,0
                  9.251426,40.631708,0
                  9.251424,40.631713,0
                  9.251422,40.631718,0
                  9.251421,40.631722,0
                  9.251419,40.631727,0
                  9.251416,40.631731,0
                  9.251414,40.631736,0
                  9.251411,40.63174,0
                  9.251408,40.631744,0
                  9.251405,40.631748,0
                  9.251402,40.631752,0
                  9.251398,40.631756,0
                  9.251394,40.631759,0
                  9.251389,40.631763,0
                  9.251384,40.631766,0
                  9.251379,40.63177,0
                  9.251374,40.631773,0
                  9.251368,40.631776,0
                  9.251362,40.631779,0
                  9.251355,40.631782,0
                  9.251348,40.631784,0
                  9.251341,40.631787,0
                  9.251333,40.631789,0
                  9.251325,40.631792,0
                  9.251316,40.631794,0
                  9.251307,40.631797,0
                  9.251298,40.631799,0
                  9.251288,40.631801,0
                  9.251277,40.631803,0
                  9.251266,40.631805,0
                  9.251255,40.631806,0
                  9.251242,40.631808,0
                  9.25123,40.63181,0
                  9.251217,40.631811,0
                  9.251203,40.631813,0
                  9.251189,40.631814,0
                  9.251174,40.631815,0
                  9.251159,40.631816,0
                  9.251144,40.631817,0
                  9.251127,40.631818,0
                  9.25111,40.631819,0
                  9.251093,40.63182,0
                  9.251075,40.63182,0
                  9.251056,40.631821,0
                  9.251037,40.631821,0
                  9.251017,40.631822,0
                  9.250996,40.631822,0
                  9.250975,40.631822,0
                  9.250953,40.631823,0
                  9.250931,40.631823,0
                  9.250907,40.631823,0
                  9.250884,40.631823,0
                  9.250859,40.631823,0
                  9.250839,40.631823,0
                  9.25082,40.631823,0
                  9.250801,40.631823,0
                  9.250782,40.631823,0
                  9.250764,40.631823,0
                  9.250747,40.631823,0
                  9.25073,40.631823,0
                  9.250713,40.631823,0
                  9.250697,40.631823,0
                  9.250682,40.631823,0
                  9.250667,40.631822,0
                  9.250653,40.631822,0
                  9.250639,40.631822,0
                  9.250625,40.631822,0
                  9.250612,40.631821,0
                  9.2506,40.631821,0
                  9.250588,40.631821,0
                  9.250576,40.63182,0
                  9.250564,40.63182,0
                  9.250553,40.631819,0
                  9.250542,40.631818,0
                  9.250532,40.631818,0
                  9.250521,40.631817,0
                  9.250511,40.631816,0
                  9.250502,40.631816,0
                  9.250493,40.631815,0
                  9.250484,40.631814,0
                  9.250475,40.631813,0
                  9.250467,40.631812,0
                  9.250459,40.631811,0
                  9.250451,40.63181,0
                  9.250443,40.631809,0
                  9.250436,40.631807,0
                  9.250428,40.631806,0
                  9.250421,40.631805,0
                  9.250415,40.631803,0
                  9.250408,40.631802,0
                  9.250401,40.631801,0
                  9.250395,40.631799,0
                  9.250389,40.631798,0
                  9.250383,40.631796,0
                  9.250378,40.631794,0
                  9.250372,40.631793,0
                  9.250367,40.631791,0
                  9.250362,40.631789,0
                  9.250357,40.631788,0
                  9.250353,40.631786,0
                  9.250349,40.631784,0
                  9.250344,40.631782,0
                  9.25034,40.63178,0
                  9.250336,40.631778,0
                  9.250332,40.631776,0
                  9.250328,40.631773,0
                  9.250324,40.631771,0
                  9.25032,40.631769,0
                  9.250316,40.631766,0
                  9.250313,40.631764,0
                  9.250309,40.631761,0
                  9.250305,40.631758,0
                  9.250302,40.631756,0
                  9.248945,40.630824,0
                  9.248938,40.630818,0
                  9.24893,40.630813,0
                  9.248923,40.630807,0
                  9.248916,40.630802,0
                  9.248909,40.630797,0
                  9.248903,40.630791,0
                  9.248896,40.630786,0
                  9.24889,40.630781,0
                  9.248884,40.630776,0
                  9.248879,40.630771,0
                  9.248873,40.630766,0
                  9.248868,40.630761,0
                  9.248863,40.630756,0
                  9.248858,40.630751,0
                  9.248854,40.630746,0
                  9.248849,40.630741,0
                  9.248845,40.630736,0
                  9.24884,40.630731,0
                  9.248836,40.630725,0
                  9.248832,40.63072,0
                  9.248828,40.630714,0
                  9.248825,40.630708,0
                  9.248821,40.630702,0
                  9.248818,40.630695,0
                  9.248814,40.630689,0
                  9.248811,40.630682,0
                  9.248808,40.630675,0
                  9.248805,40.630668,0
                  9.248803,40.63066,0
                  9.2488,40.630652,0
                  9.248798,40.630645,0
                  9.248795,40.630637,0
                  9.248793,40.630629,0
                  9.248791,40.630621,0
                  9.248789,40.630612,0
                  9.248787,40.630604,0
                  9.248785,40.630595,0
                  9.248784,40.630586,0
                  9.248782,40.630576,0
                  9.248781,40.630567,0
                  9.248779,40.630557,0
                  9.248778,40.630547,0
                  9.248777,40.630537,0
                  9.248776,40.630527,0
                  9.248776,40.630516,0
                  9.248775,40.630506,0
                  9.248774,40.630494,0
                  9.248774,40.630483,0
                  9.248773,40.630471,0
                  9.248773,40.630458,0
                  9.248772,40.630445,0
                  9.248772,40.630432,0
                  9.248772,40.630418,0
                  9.248771,40.630404,0
                  9.248771,40.63039,0
                  9.248771,40.630375,0
                  9.248771,40.63036,0
                  9.248771,40.630344,0
                  9.248771,40.630328,0
                  9.248771,40.630311,0
                  9.248771,40.630286,0
                  9.248771,40.630261,0
                  9.248771,40.630236,0
                  9.248772,40.630213,0
                  9.248772,40.63019,0
                  9.248773,40.630168,0
                  9.248774,40.630147,0
                  9.248775,40.630126,0
                  9.248776,40.630107,0
                  9.248777,40.630088,0
                  9.248779,40.63007,0
                  9.24878,40.630053,0
                  9.248782,40.630036,0
                  9.248784,40.63002,0
                  9.248785,40.630005,0
                  9.248788,40.629991,0
                  9.24879,40.629978,0
                  9.248792,40.629965,0
                  9.248795,40.629952,0
                  9.248798,40.629941,0
                  9.248801,40.629929,0
                  9.248805,40.629919,0
                  9.248808,40.629909,0
                  9.248812,40.629899,0
                  9.248816,40.62989,0
                  9.248821,40.629882,0
                  9.248825,40.629874,0
                  9.24883,40.629867,0
                  9.248835,40.62986,0
                  9.24884,40.629854,0
                  9.248846,40.629848,0
                  9.248852,40.629843,0
                  9.248858,40.629838,0
                  9.248865,40.629834,0
                  9.248871,40.62983,0
                  9.248878,40.629827,0
                  9.248886,40.629825,0
                  9.248893,40.629823,0
                  9.248901,40.629821,0
                  9.248909,40.62982,0
                  9.248917,40.629819,0
                  9.248926,40.629819,0
                  9.248935,40.62982,0
                  9.248944,40.62982,0
                  9.248953,40.629822,0
                  9.248963,40.629824,0
                  9.248973,40.629826,0
                  9.248983,40.629829,0
                  9.248994,40.629832,0
                  9.249005,40.629836,0
                  9.249016,40.62984,0
                  9.249028,40.629844,0
                  9.24904,40.629849,0
                  9.249053,40.629854,0
                  9.249066,40.62986,0
                  9.249079,40.629865,0
                  9.249093,40.629872,0
                  9.249106,40.629878,0
                  9.249121,40.629885,0
                  9.249135,40.629892,0
                  9.25015,40.630487,0
                  9.250151,40.626126,0
                  9.248971,40.626126,0
                  9.248965,40.626126,0
                  9.24896,40.626126,0
                  9.248954,40.626125,0
                  9.248949,40.626124,0
                  9.248944,40.626123,0
                  9.248938,40.626122,0
                  9.248933,40.62612,0
                  9.248928,40.626118,0
                  9.248923,40.626116,0
                  9.248918,40.626114,0
                  9.248913,40.626111,0
                  9.248908,40.626108,0
                  9.248903,40.626105,0
                  9.248899,40.626102,0
                  9.248894,40.626098,0
                  9.24889,40.626094,0
                  9.248885,40.62609,0
                  9.248881,40.626085,0
                  9.248877,40.62608,0
                  9.248872,40.626075,0
                  9.248868,40.626069,0
                  9.248864,40.626064,0
                  9.24886,40.626058,0
                  9.248856,40.626051,0
                  9.248852,40.626045,0
                  9.248848,40.626038,0
                  9.248844,40.626031,0
                  9.24884,40.626024,0
                  9.248836,40.626016,0
                  9.248833,40.626008,0
                  9.248829,40.625999,0
                  9.248826,40.62599,0
                  9.248822,40.625981,0
                  9.248819,40.625971,0
                  9.248816,40.625962,0
                  9.248813,40.625951,0
                  9.248811,40.625941,0
                  9.248808,40.62593,0
                  9.248805,40.625919,0
                  9.248803,40.625908,0
                  9.248801,40.625896,0
                  9.248799,40.625884,0
                  9.248797,40.625871,0
                  9.248795,40.625858,0
                  9.248793,40.625845,0
                  9.248791,40.625831,0
                  9.24879,40.625817,0
                  9.248789,40.625802,0
                  9.248787,40.625787,0
                  9.248786,40.625771,0
                  9.248785,40.625755,0
                  9.248784,40.625739,0
                  9.248784,40.625722,0
                  9.248783,40.625705,0
                  9.248783,40.625688,0
                  9.248782,40.62567,0
                  9.248782,40.625652,0
                  9.248781,40.625633,0
                  9.248781,40.625614,0
                  9.248781,40.625594,0
                  9.248781,40.625575,0
                  9.248782,40.625556,0
                  9.248782,40.625538,0
                  9.248782,40.62552,0
                  9.248783,40.625502,0
                  9.248784,40.625485,0
                  9.248785,40.625468,0
                  9.248786,40.625452,0
                  9.248787,40.625436,0
                  9.248788,40.62542,0
                  9.248789,40.625405,0
                  9.248791,40.62539,0
                  9.248793,40.625376,0
                  9.248794,40.625362,0
                  9.248796,40.625348,0
                  9.248798,40.625335,0
                  9.2488,40.625322,0
                  9.248803,40.62531,0
                  9.248805,40.625297,0
                  9.248807,40.625285,0
                  9.24881,40.625274,0
                  9.248812,40.625263,0
                  9.248815,40.625252,0
                  9.248818,40.625241,0
                  9.248821,40.625231,0
                  9.248824,40.625222,0
                  9.248827,40.625213,0
                  9.248831,40.625204,0
                  9.248834,40.625195,0
                  9.248838,40.625187,0
                  9.248842,40.625179,0
                  9.248845,40.625172,0
                  9.248849,40.625164,0
                  9.248853,40.625157,0
                  9.248857,40.625151,0
                  9.248861,40.625144,0
                  9.248865,40.625138,0
                  9.248869,40.625133,0
                  9.248873,40.625127,0
                  9.248877,40.625122,0
                  9.248881,40.625118,0
                  9.248885,40.625113,0
                  9.248889,40.625109,0
                  9.248894,40.625106,0
                  9.248898,40.625102,0
                  9.248902,40.625099,0
                  9.248907,40.625096,0
                  9.248912,40.625093,0
                  9.248917,40.62509,0
                  9.248922,40.625088,0
                  9.248926,40.625086,0
                  9.248931,40.625084,0
                  9.248936,40.625082,0
                  9.248941,40.62508,0
                  9.248946,40.625079,0
                  9.248951,40.625078,0
                  9.248956,40.625077,0
                  9.248961,40.625077,0
                  9.248966,40.625076,0
                  9.248971,40.625076,0
                  9.252467,40.625076,0
                  9.252472,40.625076,0
                  9.252478,40.625077,0
                  9.252484,40.625077,0
                  9.252489,40.625078,0
                  9.252495,40.625079,0
                  9.2525,40.62508,0
                  9.252505,40.625082,0
                  9.25251,40.625084,0
                  9.252516,40.625086,0
                  9.252521,40.625088,0
                  9.252526,40.62509,0
                  9.252531,40.625093,0
                  9.252536,40.625096,0
                  9.252541,40.625099,0
                  9.252545,40.625102,0
                  9.25255,40.625106,0
                  9.252554,40.625109,0
                  9.252558,40.625113,0
                  9.252562,40.625118,0
                  9.252567,40.625122,0
                  9.252571,40.625127,0
                  9.252575,40.625133,0
                  9.252579,40.625138,0
                  9.252583,40.625144,0
                  9.252587,40.625151,0
                  9.252591,40.625157,0
                  9.252595,40.625164,0
                  9.252598,40.625172,0
                  9.252602,40.625179,0
                  9.252605,40.625187,0
                  9.252609,40.625195,0
                  9.252612,40.625204,0
                  9.252616,40.625213,0
                  9.252619,40.625222,0
                  9.252622,40.625231,0
                  9.252625,40.625241,0
                  9.252628,40.625252,0
                  9.252631,40.625263,0
                  9.252633,40.625274,0
                  9.252636,40.625285,0
                  9.252638,40.625297,0
                  9.252641,40.62531,0
                  9.252643,40.625322,0
                  9.252645,40.625335,0
                  9.252647,40.625348,0
                  9.252649,40.625362,0
                  9.252651,40.625376,0
                  9.252652,40.62539,0
                  9.252654,40.625405,0
                  9.252655,40.62542,0
                  9.252656,40.625436,0
                  9.252658,40.625452,0
                  9.252659,40.625468,0
                  9.252659,40.625485,0
                  9.25266,40.625502,0
                  9.252661,40.62552,0
                  9.252661,40.625538,0
                  9.252662,40.625556,0
                  9.252662,40.625575,0
                  9.252662,40.625594,0
                </coordinates>
              </LinearRing>
            </outerBoundaryIs>
          </Polygon>
          <Polygon>
            <outerBoundaryIs>
              <LinearRing>
                <tessellate>1</tessellate>
                <coordinates>
                  9.234951,40.626895,0
                  9.234951,40.626894,0
                  9.234951,40.626932,0
                  9.23495,40.626969,0
                  9.234948,40.627007,0
                  9.234945,40.627043,0
                  9.234942,40.62708,0
                  9.234938,40.627116,0
                  9.234933,40.627151,0
                  9.234927,40.627186,0
                  9.234921,40.627221,0
                  9.234914,40.627256,0
                  9.234906,40.62729,0
                  9.234897,40.627323,0
                  9.234888,40.627357,0
                  9.234877,40.62739,0
                  9.234866,40.627422,0
                  9.234855,40.627455,0
                  9.234842,40.627487,0
                  9.234829,40.627519,0
                  9.234815,40.62755,0
                  9.234801,40.627582,0
                  9.234786,40.627613,0
                  9.23477,40.627643,0
                  9.234753,40.627674,0
                  9.234736,40.627704,0
                  9.234718,40.627734,0
                  9.2347,40.627764,0
                  9.234681,40.627793,0
                  9.234661,40.627823,0
                  9.234641,40.627852,0
                  9.23462,40.62788,0
                  9.234598,40.627909,0
                  9.234575,40.627937,0
                  9.234552,40.627965,0
                  9.234528,40.627993,0
                  9.234503,40.628021,0
                  9.234478,40.628048,0
                  9.234452,40.628075,0
                  9.234426,40.628102,0
                  9.234399,40.628128,0
                  9.234371,40.628154,0
                  9.234343,40.62818,0
                  9.234314,40.628206,0
                  9.234284,40.628232,0
                  9.234254,40.628257,0
                  9.234223,40.628282,0
                  9.234191,40.628307,0
                  9.234159,40.628332,0
                  9.234127,40.628356,0
                  9.234094,40.62838,0
                  9.23406,40.628405,0
                  9.234026,40.628428,0
                  9.233991,40.628452,0
                  9.233955,40.628476,0
                  9.233919,40.628499,0
                  9.233882,40.628522,0
                  9.233845,40.628545,0
                  9.233807,40.628567,0
                  9.233769,40.62859,0
                  9.23373,40.628612,0
                  9.233691,40.628634,0
                  9.233725,40.628654,0
                  9.233758,40.628675,0
                  9.233791,40.628695,0
                  9.233823,40.628717,0
                  9.233855,40.628738,0
                  9.233886,40.62876,0
                  9.233917,40.628782,0
                  9.233947,40.628804,0
                  9.233977,40.628826,0
                  9.234007,40.628849,0
                  9.234035,40.628872,0
                  9.234064,40.628896,0
                  9.234092,40.62892,0
                  9.234119,40.628944,0
                  9.234146,40.628968,0
                  9.234172,40.628993,0
                  9.234198,40.629018,0
                  9.234224,40.629043,0
                  9.234248,40.629068,0
                  9.234272,40.629094,0
                  9.234296,40.629119,0
                  9.234319,40.629145,0
                  9.234341,40.629171,0
                  9.234363,40.629197,0
                  9.234384,40.629224,0
                  9.234405,40.62925,0
                  9.234425,40.629277,0
                  9.234445,40.629304,0
                  9.234464,40.629331,0
                  9.234483,40.629359,0
                  9.234501,40.629387,0
                  9.234518,40.629414,0
                  9.234535,40.629443,0
                  9.234552,40.629471,0
                  9.234567,40.6295,0
                  9.234583,40.629529,0
                  9.234597,40.629558,0
                  9.234611,40.629587,0
                  9.234625,40.629616,0
                  9.234638,40.629646,0
                  9.234651,40.629676,0
                  9.234663,40.629706,0
                  9.234675,40.629736,0
                  9.234686,40.629767,0
                  9.234696,40.629797,0
                  9.234706,40.629828,0
                  9.234715,40.629859,0
                  9.234723,40.62989,0
                  9.234731,40.629921,0
                  9.234738,40.629952,0
                  9.234744,40.629984,0
                  9.23475,40.630015,0
                  9.234755,40.630047,0
                  9.234759,40.630079,0
                  9.234763,40.63011,0
                  9.234766,40.630142,0
                  9.234768,40.630174,0
                  9.23477,40.630206,0
                  9.234771,40.630239,0
                  9.234771,40.630271,0
                  9.234771,40.63032,0
                  9.234769,40.630368,0
                  9.234767,40.630415,0
                  9.234763,40.630462,0
                  9.234759,40.630509,0
                  9.234753,40.630555,0
                  9.234746,40.6306,0
                  9.234739,40.630645,0
                  9.23473,40.630689,0
                  9.23472,40.630732,0
                  9.23471,40.630775,0
                  9.234698,40.630818,0
                  9.234685,40.63086,0
                  9.234671,40.630901,0
                  9.234656,40.630941,0
                  9.234641,40.630981,0
                  9.234624,40.63102,0
                  9.234606,40.631059,0
                  9.234587,40.631097,0
                  9.234566,40.631133,0
                  9.234545,40.63117,0
                  9.234522,40.631205,0
                  9.234499,40.63124,0
                  9.234474,40.631274,0
                  9.234448,40.631307,0
                  9.234421,40.631339,0
                  9.234394,40.631371,0
                  9.234365,40.631402,0
                  9.234335,40.631432,0
                  9.234303,40.631461,0
                  9.234271,40.63149,0
                  9.234237,40.631517,0
                  9.234202,40.631544,0
                  9.234166,40.63157,0
                  9.234128,40.631595,0
                  9.23409,40.63162,0
                  9.23405,40.631643,0
                  9.234009,40.631665,0
                  9.233967,40.631687,0
                  9.233923,40.631708,0
                  9.233879,40.631728,0
                  9.233833,40.631747,0
                  9.233787,40.631765,0
                  9.233739,40.631782,0
                  9.23369,40.631799,0
                  9.233639,40.631814,0
                  9.233587,40.631828,0
                  9.233534,40.631842,0
                  9.233479,40.631854,0
                  9.233424,40.631865,0
                  9.233366,40.631875,0
                  9.233308,40.631884,0
                  9.233248,40.631892,0
                  9.233187,40.631898,0
                  9.233124,40.631904,0
                  9.233061,40.631909,0
                  9.232995,40.631913,0
                  9.232929,40.631915,0
                  9.232861,40.631917,0
                  9.232791,40.631917,0
                  9.23276,40.631917,0
                  9.23276,40.63092,0
                  9.232784,40.630919,0
                  9.232806,40.630917,0
                  9.232829,40.630916,0
                  9.232851,40.630914,0
                  9.232873,40.630911,0
                  9.232895,40.630909,0
                  9.232916,40.630906,0
                  9.232937,40.630902,0
                  9.232957,40.630899,0
                  9.232977,40.630895,0
                  9.232997,40.63089,0
                  9.233016,40.630885,0
                  9.233035,40.63088,0
                  9.233053,40.630875,0
                  9.233071,40.630869,0
                  9.233091,40.630862,0
                  9.233111,40.630854,0
                  9.23313,40.630846,0
                  9.233149,40.630838,0
                  9.233168,40.630829,0
                  9.233186,40.63082,0
                  9.233204,40.63081,0
                  9.233221,40.6308,0
                  9.233238,40.63079,0
                  9.233254,40.630779,0
                  9.23327,40.630767,0
                  9.233286,40.630755,0
                  9.233301,40.630743,0
                  9.233315,40.63073,0
                  9.23333,40.630717,0
                  9.233343,40.630704,0
                  9.233357,40.63069,0
                  9.233369,40.630675,0
                  9.233382,40.63066,0
                  9.233393,40.630645,0
                  9.233404,40.630629,0
                  9.233415,40.630613,0
                  9.233425,40.630597,0
                  9.233435,40.63058,0
                  9.233444,40.630563,0
                  9.233453,40.630545,0
                  9.233461,40.630527,0
                  9.233469,40.630509,0
                  9.233476,40.630491,0
                  9.233483,40.630472,0
                  9.233489,40.630452,0
                  9.233495,40.630432,0
                  9.2335,40.630412,0
                  9.233505,40.630392,0
                  9.23351,40.630371,0
                  9.233514,40.63035,0
                  9.233518,40.630329,0
                  9.233521,40.630307,0
                  9.233524,40.630285,0
                  9.233526,40.630263,0
                  9.233528,40.63024,0
                  9.23353,40.630217,0
                  9.233531,40.630194,0
                  9.233531,40.63017,0
                  9.233532,40.630146,0
                  9.233531,40.630105,0
                  9.233528,40.630065,0
                  9.233524,40.630025,0
                  9.233518,40.629985,0
                  9.233511,40.629946,0
                  9.233501,40.629907,0
                  9.23349,40.629869,0
                  9.233477,40.629831,0
                  9.233463,40.629794,0
                  9.233447,40.629758,0
                  9.233429,40.629721,0
                  9.233409,40.629686,0
                  9.233388,40.629651,0
                  9.233365,40.629616,0
                  9.23334,40.629583,0
                  9.233314,40.629549,0
                  9.233286,40.629515,0
                  9.233256,40.629482,0
                  9.233226,40.629449,0
                  9.233193,40.629417,0
                  9.23316,40.629385,0
                  9.233124,40.629353,0
                  9.233088,40.629321,0
                  9.23305,40.62929,0
                  9.23301,40.629259,0
                  9.232969,40.629228,0
                  9.232927,40.629197,0
                  9.232883,40.629167,0
                  9.232838,40.629137,0
                  9.232791,40.629107,0
                  9.23276,40.629125,0
                  9.23276,40.627924,0
                  9.232786,40.62791,0
                  9.232811,40.627896,0
                  9.232835,40.627883,0
                  9.232859,40.627869,0
                  9.232883,40.627855,0
                  9.232907,40.627841,0
                  9.23293,40.627828,0
                  9.232953,40.627814,0
                  9.232975,40.627801,0
                  9.232998,40.627787,0
                  9.233019,40.627773,0
                  9.233041,40.62776,0
                  9.233062,40.627746,0
                  9.233083,40.627733,0
                  9.233103,40.627719,0
                  9.233129,40.627702,0
                  9.233154,40.627685,0
                  9.233179,40.627668,0
                  9.233203,40.62765,0
                  9.233227,40.627633,0
                  9.23325,40.627615,0
                  9.233272,40.627597,0
                  9.233294,40.627579,0
                  9.233315,40.627561,0
                  9.233336,40.627543,0
                  9.233356,40.627525,0
                  9.233375,40.627506,0
                  9.233394,40.627488,0
                  9.233412,40.627469,0
                  9.233429,40.62745,0
                  9.233446,40.627432,0
                  9.233463,40.627413,0
                  9.233479,40.627394,0
                  9.233494,40.627375,0
                  9.233508,40.627356,0
                  9.233522,40.627337,0
                  9.233535,40.627317,0
                  9.233548,40.627297,0
                  9.23356,40.627277,0
                  9.233572,40.627257,0
                  9.233582,40.627236,0
                  9.233593,40.627216,0
                  9.233602,40.627195,0
                  9.233611,40.627174,0
                  9.233619,40.627153,0
                  9.233627,40.627132,0
                  9.233635,40.627111,0
                  9.233642,40.627089,0
                  9.233648,40.627067,0
                  9.233654,40.627045,0
                  9.233659,40.627022,0
                  9.233664,40.626999,0
                  9.233668,40.626976,0
                  9.233671,40.626953,0
                  9.233674,40.626929,0
                  9.233677,40.626905,0
                  9.233679,40.62688,0
                  9.23368,40.626855,0
                  9.233681,40.62683,0
                  9.233681,40.626805,0
                  9.23368,40.626755,0
                  9.233677,40.626706,0
                  9.233671,40.626659,0
                  9.233664,40.626613,0
                  9.233654,40.626569,0
                  9.233643,40.626526,0
                  9.233629,40.626484,0
                  9.233613,40.626444,0
                  9.233595,40.626406,0
                  9.233575,40.626369,0
                  9.233554,40.626333,0
                  9.233529,40.626299,0
                  9.233503,40.626267,0
                  9.233474,40.626235,0
                  9.233444,40.626206,0
                  9.233412,40.626179,0
                  9.233379,40.626153,0
                  9.233343,40.62613,0
                  9.233306,40.626108,0
                  9.233266,40.626088,0
                  9.233225,40.62607,0
                  9.233181,40.626054,0
                  9.233135,40.62604,0
                  9.233088,40.626027,0
                  9.233038,40.626016,0
                  9.232987,40.626007,0
                  9.232933,40.626,0
                  9.232878,40.625994,0
                  9.23282,40.62599,0
                  9.232761,40.625989,0
                  9.232761,40.624982,0
                  9.232826,40.624984,0
                  9.232891,40.624986,0
                  9.232954,40.62499,0
                  9.233017,40.624995,0
                  9.233078,40.625001,0
                  9.233139,40.625007,0
                  9.233199,40.625015,0
                  9.233258,40.625023,0
                  9.233315,40.625032,0
                  9.233372,40.625043,0
                  9.233428,40.625054,0
                  9.233483,40.625066,0
                  9.233537,40.625079,0
                  9.23359,40.625093,0
                  9.233642,40.625108,0
                  9.233699,40.625125,0
                  9.233754,40.625144,0
                  9.233809,40.625163,0
                  9.233862,40.625184,0
                  9.233914,40.625206,0
                  9.233964,40.625228,0
                  9.234014,40.625252,0
                  9.234062,40.625277,0
                  9.234109,40.625303,0
                  9.234155,40.62533,0
                  9.234199,40.625358,0
                  9.234242,40.625387,0
                  9.234284,40.625417,0
                  9.234325,40.625448,0
                  9.234364,40.625481,0
                  9.234402,40.625514,0
                  9.234439,40.625548,0
                  9.234474,40.625583,0
                  9.234509,40.625619,0
                  9.234542,40.625656,0
                  9.234574,40.625695,0
                  9.234604,40.625734,0
                  9.234633,40.625774,0
                  9.234662,40.625815,0
                  9.234688,40.625857,0
                  9.234714,40.625901,0
                  9.234738,40.625945,0
                  9.234762,40.62599,0
                  9.234783,40.626036,0
                  9.234804,40.626084,0
                  9.234823,40.626131,0
                  9.234841,40.62618,0
                  9.234857,40.62623,0
                  9.234872,40.626281,0
                  9.234886,40.626332,0
                  9.234898,40.626384,0
                  9.234909,40.626438,0
                  9.234919,40.626492,0
                  9.234927,40.626547,0
                  9.234935,40.626603,0
                  9.234941,40.62666,0
                  9.234945,40.626717,0
                  9.234949,40.626776,0
                  9.234951,40.626835,0
                  9.234951,40.626895,0
                </coordinates>
              </LinearRing>
            </outerBoundaryIs>
          </Polygon>
          <Polygon>
            <outerBoundaryIs>
              <LinearRing>
                <tessellate>1</tessellate>
                <coordinates>
                  9.232623,40.62498,0
                  9.232623,40.62599,0
                  9.232569,40.625993,0
                  9.232517,40.625998,0
                  9.232466,40.626005,0
                  9.232416,40.626013,0
                  9.232369,40.626022,0
                  9.232323,40.626033,0
                  9.232279,40.626046,0
                  9.232237,40.62606,0
                  9.232196,40.626075,0
                  9.232157,40.626092,0
                  9.23212,40.626111,0
                  9.232084,40.626131,0
                  9.232051,40.626152,0
                  9.232019,40.626175,0
                  9.231988,40.6262,0
                  9.231956,40.626229,0
                  9.231927,40.62626,0
                  9.231899,40.626292,0
                  9.231874,40.626326,0
                  9.23185,40.626362,0
                  9.231829,40.6264,0
                  9.231811,40.626439,0
                  9.231794,40.62648,0
                  9.23178,40.626523,0
                  9.231768,40.626567,0
                  9.231758,40.626613,0
                  9.23175,40.626661,0
                  9.231745,40.626711,0
                  9.231742,40.626762,0
                  9.23174,40.626815,0
                  9.231741,40.626839,0
                  9.231741,40.626862,0
                  9.231743,40.626886,0
                  9.231744,40.626909,0
                  9.231747,40.626932,0
                  9.231749,40.626955,0
                  9.231753,40.626978,0
                  9.231756,40.627001,0
                  9.231761,40.627023,0
                  9.231765,40.627045,0
                  9.231771,40.627067,0
                  9.231776,40.627089,0
                  9.231783,40.62711,0
                  9.23179,40.627131,0
                  9.231797,40.627152,0
                  9.231805,40.627173,0
                  9.231813,40.627194,0
                  9.231821,40.627215,0
                  9.231831,40.627236,0
                  9.23184,40.627256,0
                  9.231851,40.627277,0
                  9.231861,40.627297,0
                  9.231873,40.627317,0
                  9.231884,40.627337,0
                  9.231897,40.627356,0
                  9.231909,40.627376,0
                  9.231923,40.627395,0
                  9.231936,40.627415,0
                  9.231951,40.627434,0
                  9.231965,40.627453,0
                  9.231981,40.627472,0
                  9.231996,40.62749,0
                  9.232013,40.627509,0
                  9.23203,40.627528,0
                  9.232047,40.627546,0
                  9.232065,40.627564,0
                  9.232084,40.627583,0
                  9.232103,40.627601,0
                  9.232122,40.627619,0
                  9.232142,40.627637,0
                  9.232163,40.627654,0
                  9.232184,40.627672,0
                  9.232206,40.627689,0
                  9.232228,40.627707,0
                  9.23225,40.627724,0
                  9.232272,40.62774,0
                  9.232294,40.627756,0
                  9.232317,40.627773,0
                  9.23234,40.627789,0
                  9.232363,40.627805,0
                  9.232387,40.627822,0
                  9.232412,40.627838,0
                  9.232437,40.627854,0
                  9.232462,40.627871,0
                  9.232488,40.627887,0
                  9.232514,40.627903,0
                  9.23254,40.627919,0
                  9.232567,40.627935,0
                  9.232595,40.627951,0
                  9.232622,40.627967,0
                  9.232622,40.629206,0
                  9.232605,40.629217,0
                  9.232588,40.629228,0
                  9.232572,40.629238,0
                  9.232555,40.629248,0
                  9.232539,40.629259,0
                  9.232523,40.629269,0
                  9.232507,40.629279,0
                  9.232491,40.629289,0
                  9.232476,40.6293,0
                  9.232461,40.62931,0
                  9.232446,40.62932,0
                  9.232431,40.62933,0
                  9.232416,40.62934,0
                  9.232402,40.629349,0
                  9.232388,40.629359,0
                  9.232365,40.629375,0
                  9.232343,40.629391,0
                  9.232322,40.629407,0
                  9.232301,40.629423,0
                  9.232281,40.629439,0
                  9.232261,40.629455,0
                  9.232242,40.629472,0
                  9.232224,40.629488,0
                  9.232206,40.629504,0
                  9.232189,40.629521,0
                  9.232172,40.629537,0
                  9.232156,40.629553,0
                  9.23214,40.62957,0
                  9.232125,40.629586,0
                  9.232111,40.629603,0
                  9.232097,40.629619,0
                  9.232083,40.629636,0
                  9.23207,40.629653,0
                  9.232058,40.62967,0
                  9.232045,40.629687,0
                  9.232034,40.629704,0
                  9.232023,40.629721,0
                  9.232012,40.629739,0
                  9.232002,40.629757,0
                  9.231993,40.629775,0
                  9.231984,40.629793,0
                  9.231975,40.629811,0
                  9.231967,40.629829,0
                  9.23196,40.629848,0
                  9.231953,40.629867,0
                  9.231946,40.629885,0
                  9.23194,40.629904,0
                  9.231934,40.629923,0
                  9.231928,40.629942,0
                  9.231924,40.629962,0
                  9.231919,40.629982,0
                  9.231915,40.630002,0
                  9.231912,40.630022,0
                  9.231909,40.630043,0
                  9.231906,40.630064,0
                  9.231904,40.630085,0
                  9.231903,40.630106,0
                  9.231902,40.630127,0
                  9.231901,40.630149,0
                  9.231901,40.630171,0
                  9.231902,40.630217,0
                  9.231904,40.630262,0
                  9.231909,40.630306,0
                  9.231915,40.630348,0
                  9.231923,40.630388,0
                  9.231933,40.630428,0
                  9.231944,40.630466,0
                  9.231958,40.630502,0
                  9.231973,40.630538,0
                  9.23199,40.630572,0
                  9.232009,40.630604,0
                  9.232029,40.630635,0
                  9.232051,40.630665,0
                  9.232075,40.630694,0
                  9.232101,40.630721,0
                  9.232125,40.630744,0
                  9.232151,40.630765,0
                  9.232179,40.630785,0
                  9.232208,40.630804,0
                  9.232238,40.630822,0
                  9.23227,40.630838,0
                  9.232303,40.630852,0
                  9.232338,40.630865,0
                  9.232374,40.630877,0
                  9.232412,40.630887,0
                  9.232451,40.630896,0
                  9.232492,40.630904,0
                  9.232534,40.63091,0
                  9.232578,40.630915,0
                  9.232623,40.630918,0
                  9.232623,40.631914,0
                  9.232567,40.631912,0
                  9.232512,40.631908,0
                  9.232457,40.631904,0
                  9.232403,40.631899,0
                  9.23235,40.631893,0
                  9.232298,40.631886,0
                  9.232246,40.631878,0
                  9.232196,40.63187,0
                  9.232146,40.631861,0
                  9.232097,40.631851,0
                  9.232048,40.63184,0
                  9.232001,40.631828,0
                  9.231954,40.631816,0
                  9.231908,40.631803,0
                  9.231863,40.631789,0
                  9.23181,40.631771,0
                  9.231758,40.631752,0
                  9.231708,40.631732,0
                  9.231659,40.631711,0
                  9.231611,40.631689,0
                  9.231564,40.631667,0
                  9.231519,40.631643,0
                  9.231474,40.631618,0
                  9.231431,40.631592,0
                  9.231389,40.631566,0
                  9.231348,40.631538,0
                  9.231308,40.631509,0
                  9.23127,40.63148,0
                  9.231232,40.631449,0
                  9.231196,40.631417,0
                  9.231161,40.631385,0
                  9.231127,40.631352,0
                  9.231095,40.631318,0
                  9.231063,40.631283,0
                  9.231033,40.631248,0
                  9.231004,40.631211,0
                  9.230976,40.631174,0
                  9.230949,40.631136,0
                  9.230924,40.631097,0
                  9.230899,40.631058,0
                  9.230876,40.631018,0
                  9.230854,40.630976,0
                  9.230833,40.630934,0
                  9.230814,40.630892,0
                  9.230796,40.630848,0
                  9.230778,40.630804,0
                  9.230762,40.630759,0
                  9.230747,40.630714,0
                  9.230733,40.630667,0
                  9.230721,40.630621,0
                  9.230709,40.630573,0
                  9.230699,40.630525,0
                  9.23069,40.630476,0
                  9.230682,40.630427,0
                  9.230676,40.630377,0
                  9.23067,40.630326,0
                  9.230666,40.630274,0
                  9.230663,40.630222,0
                  9.230661,40.63017,0
                  9.230661,40.630116,0
                  9.230661,40.630079,0
                  9.230662,40.630043,0
                  9.230664,40.630006,0
                  9.230666,40.62997,0
                  9.230669,40.629935,0
                  9.230672,40.629899,0
                  9.230677,40.629865,0
                  9.230682,40.62983,0
                  9.230687,40.629796,0
                  9.230693,40.629762,0
                  9.2307,40.629728,0
                  9.230708,40.629695,0
                  9.230716,40.629663,0
                  9.230724,40.62963,0
                  9.230734,40.629598,0
                  9.230744,40.629567,0
                  9.230754,40.629535,0
                  9.230766,40.629505,0
                  9.230778,40.629474,0
                  9.23079,40.629444,0
                  9.230803,40.629414,0
                  9.230817,40.629385,0
                  9.230831,40.629356,0
                  9.230846,40.629327,0
                  9.230862,40.629299,0
                  9.230878,40.629271,0
                  9.230895,40.629243,0
                  9.230912,40.629216,0
                  9.23093,40.629188,0
                  9.230949,40.629162,0
                  9.230968,40.629135,0
                  9.230988,40.629109,0
                  9.231008,40.629083,0
                  9.231029,40.629057,0
                  9.23105,40.629031,0
                  9.231072,40.629006,0
                  9.231094,40.628982,0
                  9.231117,40.628957,0
                  9.23114,40.628933,0
                  9.231164,40.628909,0
                  9.231188,40.628885,0
                  9.231213,40.628862,0
                  9.231238,40.628839,0
                  9.231264,40.628816,0
                  9.23129,40.628794,0
                  9.231317,40.628771,0
                  9.231345,40.628749,0
                  9.231372,40.628727,0
                  9.231401,40.628705,0
                  9.231429,40.628684,0
                  9.231458,40.628662,0
                  9.231488,40.628641,0
                  9.231518,40.62862,0
                  9.231548,40.6286,0
                  9.231579,40.628579,0
                  9.231611,40.628559,0
                  9.231642,40.628539,0
                  9.231675,40.62852,0
                  9.231707,40.6285,0
                  9.23174,40.628481,0
                  9.2317,40.628458,0
                  9.23166,40.628435,0
                  9.23162,40.628411,0
                  9.231582,40.628388,0
                  9.231543,40.628364,0
                  9.231506,40.62834,0
                  9.231469,40.628317,0
                  9.231432,40.628293,0
                  9.231397,40.628268,0
                  9.231362,40.628244,0
                  9.231327,40.62822,0
                  9.231293,40.628195,0
                  9.23126,40.62817,0
                  9.231227,40.628145,0
                  9.231195,40.62812,0
                  9.231164,40.628095,0
                  9.231134,40.62807,0
                  9.231104,40.628044,0
                  9.231075,40.628018,0
                  9.231046,40.627992,0
                  9.231019,40.627965,0
                  9.230992,40.627939,0
                  9.230965,40.627912,0
                  9.230939,40.627885,0
                  9.230914,40.627857,0
                  9.23089,40.62783,0
                  9.230867,40.627802,0
                  9.230844,40.627774,0
                  9.230822,40.627746,0
                  9.2308,40.627717,0
                  9.230779,40.627688,0
                  9.230759,40.627659,0
                  9.230739,40.62763,0
                  9.230721,40.6276,0
                  9.230703,40.62757,0
                  9.230685,40.627539,0
                  9.230669,40.627509,0
                  9.230653,40.627477,0
                  9.230638,40.627446,0
                  9.230623,40.627414,0
                  9.230609,40.627382,0
                  9.230596,40.62735,0
                  9.230583,40.627317,0
                  9.230571,40.627284,0
                  9.23056,40.62725,0
                  9.23055,40.627217,0
                  9.23054,40.627183,0
                  9.230531,40.627148,0
                  9.230523,40.627114,0
                  9.230516,40.627079,0
                  9.230509,40.627044,0
                  9.230503,40.627008,0
                  9.230497,40.626972,0
                  9.230493,40.626936,0
                  9.230489,40.6269,0
                  9.230486,40.626864,0
                  9.230483,40.626827,0
                  9.230481,40.62679,0
                  9.23048,40.626752,0
                  9.23048,40.626714,0
                  9.230481,40.626659,0
                  9.230482,40.626604,0
                  9.230485,40.626551,0
                  9.23049,40.626498,0
                  9.230495,40.626446,0
                  9.230502,40.626395,0
                  9.230511,40.626344,0
                  9.23052,40.626295,0
                  9.23053,40.626246,0
                  9.230542,40.626198,0
                  9.230554,40.626151,0
                  9.230568,40.626105,0
                  9.230584,40.62606,0
                  9.2306,40.626015,0
                  9.230618,40.625972,0
                  9.230637,40.625929,0
                  9.230657,40.625887,0
                  9.230678,40.625846,0
                  9.230701,40.625806,0
                  9.230724,40.625767,0
                  9.230749,40.625729,0
                  9.230776,40.625692,0
                  9.230803,40.625656,0
                  9.230831,40.62562,0
                  9.230861,40.625586,0
                  9.230892,40.625552,0
                  9.230924,40.62552,0
                  9.230958,40.625488,0
                  9.230992,40.625457,0
                  9.231028,40.625427,0
                  9.231065,40.625398,0
                  9.231104,40.62537,0
                  9.231143,40.625344,0
                  9.231184,40.625317,0
                  9.231226,40.625292,0
                  9.231269,40.625268,0
                  9.231313,40.625245,0
                  9.231358,40.625223,0
                  9.231405,40.625201,0
                  9.231452,40.625181,0
                  9.231501,40.625162,0
                  9.231551,40.625143,0
                  9.231602,40.625126,0
                  9.231655,40.625109,0
                  9.231708,40.625093,0
                  9.231761,40.625079,0
                  9.231816,40.625066,0
                  9.231871,40.625053,0
                  9.231928,40.625042,0
                  9.231986,40.625031,0
                  9.232045,40.625022,0
                  9.232105,40.625014,0
                  9.232166,40.625006,0
                  9.232228,40.624999,0
                  9.232291,40.624994,0
                  9.232355,40.624989,0
                  9.232421,40.624986,0
                  9.232487,40.624983,0
                  9.232555,40.624981,0
                  9.232623,40.62498,0
                </coordinates>
              </LinearRing>
            </outerBoundaryIs>
          </Polygon>
        </MultiGeometry>
      </Placemark>
      <Placemark>
        <name>Lerno Jump</name>
        <styleUrl>#poly-F9F9F9-1200-255-nodesc</styleUrl>
        <MultiGeometry>
          <Polygon>
            <outerBoundaryIs>
              <LinearRing>
                <tessellate>1</tessellate>
                <coordinates>
                  9.176511,40.599831,0
                  9.176519,40.599865,0
                  9.176523,40.599897,0
                  9.176524,40.599928,0
                  9.176521,40.599958,0
                  9.176516,40.599987,0
                  9.176506,40.600015,0
                  9.176494,40.600042,0
                  9.176478,40.600068,0
                  9.176459,40.600093,0
                  9.176436,40.600117,0
                  9.17641,40.600139,0
                  9.176383,40.600158,0
                  9.176353,40.600176,0
                  9.176322,40.600191,0
                  9.176288,40.600204,0
                  9.176252,40.600214,0
                  9.176215,40.600222,0
                  9.176175,40.600228,0
                  9.176133,40.600232,0
                  9.17609,40.600233,0
                  9.175966,40.600233,0
                  9.175931,40.600232,0
                  9.175896,40.60023,0
                  9.175861,40.600226,0
                  9.175827,40.600221,0
                  9.175793,40.600214,0
                  9.17576,40.600206,0
                  9.175726,40.600196,0
                  9.175693,40.600184,0
                  9.17566,40.600171,0
                  9.175628,40.600157,0
                  9.175603,40.600171,0
                  9.175578,40.600184,0
                  9.175551,40.600196,0
                  9.175524,40.600206,0
                  9.175495,40.600214,0
                  9.175465,40.600221,0
                  9.175434,40.600226,0
                  9.175403,40.60023,0
                  9.17537,40.600232,0
                  9.175336,40.600233,0
                  9.175209,40.600233,0
                  9.175165,40.600232,0
                  9.175121,40.600228,0
                  9.175078,40.600222,0
                  9.175036,40.600214,0
                  9.174995,40.600204,0
                  9.174954,40.600191,0
                  9.174914,40.600176,0
                  9.174874,40.600158,0
                  9.174835,40.600139,0
                  9.174797,40.600117,0
                  9.174761,40.600093,0
                  9.174728,40.600068,0
                  9.174697,40.600042,0
                  9.174669,40.600015,0
                  9.174644,40.599987,0
                  9.174622,40.599958,0
                  9.174603,40.599928,0
                  9.174587,40.599897,0
                  9.174573,40.599865,0
                  9.174562,40.599831,0
                  9.174342,40.599046,0
                  9.174782,40.599046,0
                  9.175005,40.599846,0
                  9.175008,40.599855,0
                  9.175012,40.599863,0
                  9.175016,40.599872,0
                  9.175022,40.59988,0
                  9.175027,40.599887,0
                  9.175034,40.599895,0
                  9.175041,40.599902,0
                  9.175049,40.59991,0
                  9.175058,40.599916,0
                  9.175067,40.599923,0
                  9.175077,40.599929,0
                  9.175087,40.599935,0
                  9.175097,40.59994,0
                  9.175107,40.599944,0
                  9.175118,40.599948,0
                  9.175128,40.599951,0
                  9.175139,40.599953,0
                  9.175149,40.599955,0
                  9.17516,40.599956,0
                  9.175171,40.599956,0
                  9.175217,40.599956,0
                  9.175228,40.599956,0
                  9.175238,40.599955,0
                  9.175248,40.599953,0
                  9.175258,40.599951,0
                  9.175266,40.599948,0
                  9.175275,40.599944,0
                  9.175283,40.59994,0
                  9.17529,40.599935,0
                  9.175297,40.599929,0
                  9.175303,40.599923,0
                  9.175309,40.599916,0
                  9.175314,40.59991,0
                  9.175318,40.599902,0
                  9.175321,40.599895,0
                  9.175323,40.599887,0
                  9.175325,40.59988,0
                  9.175325,40.599872,0
                  9.175325,40.599863,0
                  9.175323,40.599855,0
                  9.175321,40.599846,0
                  9.175097,40.599046,0
                  9.175536,40.599046,0
                  9.175759,40.599846,0
                  9.175762,40.599855,0
                  9.175766,40.599863,0
                  9.17577,40.599872,0
                  9.175776,40.59988,0
                  9.175781,40.599887,0
                  9.175788,40.599895,0
                  9.175795,40.599902,0
                  9.175803,40.59991,0
                  9.175812,40.599916,0
                  9.175821,40.599923,0
                  9.175831,40.599929,0
                  9.175841,40.599935,0
                  9.175851,40.59994,0
                  9.175861,40.599944,0
                  9.175872,40.599948,0
                  9.175883,40.599951,0
                  9.175893,40.599953,0
                  9.175904,40.599955,0
                  9.175915,40.599956,0
                  9.175927,40.599956,0
                  9.175975,40.599956,0
                  9.175986,40.599956,0
                  9.175996,40.599955,0
                  9.176006,40.599953,0
                  9.176015,40.599951,0
                  9.176024,40.599948,0
                  9.176032,40.599944,0
                  9.17604,40.59994,0
                  9.176047,40.599935,0
                  9.176053,40.599929,0
                  9.176059,40.599923,0
                  9.176065,40.599916,0
                  9.176069,40.59991,0
                  9.176073,40.599902,0
                  9.176076,40.599895,0
                  9.176078,40.599887,0
                  9.176079,40.59988,0
                  9.176079,40.599872,0
                  9.176079,40.599863,0
                  9.176077,40.599855,0
                  9.176075,40.599846,0
                  9.175851,40.599046,0
                  9.176291,40.599046,0
                  9.176511,40.599831,0
                </coordinates>
              </LinearRing>
            </outerBoundaryIs>
          </Polygon>
          <Polygon>
            <outerBoundaryIs>
              <LinearRing>
                <tessellate>1</tessellate>
                <coordinates>
                  9.172871,40.600583,0
                  9.172413,40.600583,0
                  9.172106,40.599486,0
                  9.172096,40.599455,0
                  9.172082,40.599428,0
                  9.172065,40.599404,0
                  9.172045,40.599383,0
                  9.172022,40.599365,0
                  9.171996,40.59935,0
                  9.171967,40.599339,0
                  9.171935,40.599331,0
                  9.1719,40.599326,0
                  9.171862,40.599325,0
                  9.171795,40.599325,0
                  9.17175,40.599325,0
                  9.171708,40.599327,0
                  9.171667,40.59933,0
                  9.171629,40.599334,0
                  9.171593,40.599339,0
                  9.171558,40.599346,0
                  9.171526,40.599354,0
                  9.171496,40.599362,0
                  9.171468,40.599372,0
                  9.171442,40.599384,0
                  9.171231,40.599101,0
                  9.171267,40.599086,0
                  9.171306,40.599072,0
                  9.171349,40.59906,0
                  9.171396,40.59905,0
                  9.171446,40.599041,0
                  9.1715,40.599034,0
                  9.171557,40.599028,0
                  9.171619,40.599024,0
                  9.171684,40.599022,0
                  9.171752,40.599021,0
                  9.17182,40.599021,0
                  9.171876,40.599022,0
                  9.171931,40.599026,0
                  9.171984,40.599032,0
                  9.172035,40.599041,0
                  9.172084,40.599052,0
                  9.172132,40.599066,0
                  9.172178,40.599082,0
                  9.172222,40.599101,0
                  9.172265,40.599122,0
                  9.172305,40.599146,0
                  9.172344,40.599172,0
                  9.172379,40.5992,0
                  9.172412,40.59923,0
                  9.172442,40.599262,0
                  9.17247,40.599295,0
                  9.172494,40.599331,0
                  9.172516,40.599369,0
                  9.172536,40.599409,0
                  9.172552,40.599451,0
                  9.172566,40.599495,0
                  9.172871,40.600583,0
                </coordinates>
              </LinearRing>
            </outerBoundaryIs>
          </Polygon>
          <Polygon>
            <outerBoundaryIs>
              <LinearRing>
                <tessellate>1</tessellate>
                <coordinates>
                  9.17806,40.599831,0
                  9.178068,40.599866,0
                  9.178073,40.5999,0
                  9.178074,40.599932,0
                  9.178073,40.599963,0
                  9.178067,40.599993,0
                  9.178059,40.600021,0
                  9.178047,40.600048,0
                  9.178032,40.600074,0
                  9.178013,40.600098,0
                  9.177991,40.600121,0
                  9.177966,40.600142,0
                  9.177939,40.600161,0
                  9.177909,40.600178,0
                  9.177877,40.600193,0
                  9.177843,40.600205,0
                  9.177806,40.600215,0
                  9.177767,40.600223,0
                  9.177725,40.600228,0
                  9.177681,40.600232,0
                  9.177635,40.600233,0
                  9.177511,40.600233,0
                  9.177466,40.600232,0
                  9.177422,40.600228,0
                  9.177378,40.600222,0
                  9.177336,40.600214,0
                  9.177294,40.600204,0
                  9.177253,40.600191,0
                  9.177213,40.600176,0
                  9.177173,40.600159,0
                  9.177134,40.600139,0
                  9.177096,40.600117,0
                  9.17706,40.600093,0
                  9.177027,40.600069,0
                  9.176996,40.600043,0
                  9.176968,40.600016,0
                  9.176943,40.599988,0
                  9.176921,40.599959,0
                  9.176902,40.599928,0
                  9.176885,40.599897,0
                  9.176872,40.599865,0
                  9.176861,40.599831,0
                  9.17653,40.598649,0
                  9.17697,40.598649,0
                  9.177075,40.599026,0
                  9.177082,40.599025,0
                  9.177091,40.599024,0
                  9.177101,40.599023,0
                  9.177112,40.599023,0
                  9.177125,40.599022,0
                  9.177139,40.599022,0
                  9.177155,40.599021,0
                  9.177172,40.599021,0
                  9.177191,40.599021,0
                  9.177211,40.599021,0
                  9.177313,40.599021,0
                  9.17736,40.599022,0
                  9.177405,40.599026,0
                  9.17745,40.599032,0
                  9.177493,40.59904,0
                  9.177535,40.59905,0
                  9.177575,40.599063,0
                  9.177615,40.599078,0
                  9.177653,40.599096,0
                  9.177691,40.599116,0
                  9.177727,40.599138,0
                  9.177759,40.599161,0
                  9.17779,40.599185,0
                  9.177818,40.599211,0
                  9.177843,40.599237,0
                  9.177866,40.599265,0
                  9.177887,40.599294,0
                  9.177905,40.599324,0
                  9.177921,40.599356,0
                  9.177934,40.599389,0
                  9.177945,40.599423,0
                  9.17806,40.599831,0
                </coordinates>
              </LinearRing>
            </outerBoundaryIs>
            <innerBoundaryIs>
              <LinearRing>
                <tessellate>1</tessellate>
                <coordinates>
                  9.177629,40.599859,0
                  9.17763,40.599868,0
                  9.177631,40.599876,0
                  9.17763,40.599884,0
                  9.177629,40.599892,0
                  9.177626,40.5999,0
                  9.177623,40.599908,0
                  9.177619,40.599915,0
                  9.177614,40.599922,0
                  9.177608,40.599929,0
                  9.177602,40.599936,0
                  9.177595,40.599941,0
                  9.177587,40.599947,0
                  9.177579,40.599951,0
                  9.17757,40.599955,0
                  9.177561,40.599958,0
                  9.177552,40.59996,0
                  9.177542,40.599962,0
                  9.177531,40.599963,0
                  9.17752,40.599963,0
                  9.177474,40.599963,0
                  9.177463,40.599963,0
                  9.177452,40.599962,0
                  9.177441,40.59996,0
                  9.17743,40.599958,0
                  9.177419,40.599955,0
                  9.177409,40.599951,0
                  9.177398,40.599947,0
                  9.177388,40.599941,0
                  9.177378,40.599936,0
                  9.177368,40.599929,0
                  9.177359,40.599922,0
                  9.17735,40.599915,0
                  9.177342,40.599908,0
                  9.177334,40.5999,0
                  9.177328,40.599892,0
                  9.177322,40.599884,0
                  9.177317,40.599876,0
                  9.177312,40.599868,0
                  9.177309,40.599859,0
                  9.177306,40.59985,0
                  9.177152,40.599298,0
                  9.177155,40.599297,0
                  9.17716,40.599296,0
                  9.177168,40.599295,0
                  9.177178,40.599294,0
                  9.17719,40.599293,0
                  9.177205,40.599293,0
                  9.177222,40.599292,0
                  9.177241,40.599292,0
                  9.177262,40.599292,0
                  9.177286,40.599292,0
                  9.177332,40.599292,0
                  9.177345,40.599292,0
                  9.177357,40.599293,0
                  9.177369,40.599295,0
                  9.177381,40.599297,0
                  9.177392,40.5993,0
                  9.177404,40.599304,0
                  9.177414,40.599308,0
                  9.177425,40.599313,0
                  9.177435,40.599319,0
                  9.177445,40.599326,0
                  9.177453,40.599332,0
                  9.177461,40.599339,0
                  9.177468,40.599346,0
                  9.177475,40.599353,0
                  9.177481,40.59936,0
                  9.177486,40.599368,0
                  9.177491,40.599376,0
                  9.177495,40.599384,0
                  9.177499,40.599393,0
                  9.177502,40.599402,0
                  9.177627,40.59985,0
                  9.177629,40.599859,0
                </coordinates>
              </LinearRing>
            </innerBoundaryIs>
          </Polygon>
          <Polygon>
            <outerBoundaryIs>
              <LinearRing>
                <tessellate>1</tessellate>
                <coordinates>
                  9.174311,40.600188,0
                  9.173872,40.600188,0
                  9.173654,40.599408,0
                  9.173651,40.599399,0
                  9.173648,40.599391,0
                  9.173643,40.599383,0
                  9.173638,40.599375,0
                  9.173632,40.599367,0
                  9.173626,40.599359,0
                  9.173618,40.599352,0
                  9.17361,40.599344,0
                  9.173601,40.599337,0
                  9.173591,40.59933,0
                  9.173581,40.599324,0
                  9.173571,40.599318,0
                  9.173561,40.599313,0
                  9.17355,40.599308,0
                  9.173539,40.599304,0
                  9.173529,40.599301,0
                  9.173518,40.599299,0
                  9.173507,40.599297,0
                  9.173495,40.599296,0
                  9.173484,40.599296,0
                  9.173438,40.599296,0
                  9.173427,40.599296,0
                  9.173417,40.599297,0
                  9.173407,40.599299,0
                  9.173397,40.599301,0
                  9.173388,40.599304,0
                  9.17338,40.599308,0
                  9.173372,40.599312,0
                  9.173364,40.599317,0
                  9.173358,40.599323,0
                  9.173351,40.59933,0
                  9.173346,40.599337,0
                  9.173341,40.599344,0
                  9.173337,40.599351,0
                  9.173334,40.599358,0
                  9.173332,40.599366,0
                  9.17333,40.599374,0
                  9.17333,40.599382,0
                  9.17333,40.59939,0
                  9.173331,40.599399,0
                  9.173333,40.599408,0
                  9.173551,40.600188,0
                  9.173112,40.600188,0
                  9.172897,40.599423,0
                  9.17289,40.599389,0
                  9.172885,40.599357,0
                  9.172884,40.599326,0
                  9.172887,40.599296,0
                  9.172893,40.599267,0
                  9.172902,40.599239,0
                  9.172915,40.599212,0
                  9.172931,40.599186,0
                  9.172951,40.599161,0
                  9.172974,40.599137,0
                  9.173,40.599115,0
                  9.173028,40.599095,0
                  9.173058,40.599078,0
                  9.17309,40.599063,0
                  9.173123,40.59905,0
                  9.173159,40.59904,0
                  9.173197,40.599031,0
                  9.173237,40.599026,0
                  9.173279,40.599022,0
                  9.173322,40.599021,0
                  9.173446,40.599021,0
                  9.173491,40.599022,0
                  9.173535,40.599026,0
                  9.173578,40.599031,0
                  9.17362,40.59904,0
                  9.173662,40.59905,0
                  9.173703,40.599063,0
                  9.173743,40.599078,0
                  9.173783,40.599095,0
                  9.173822,40.599115,0
                  9.17386,40.599137,0
                  9.173896,40.599161,0
                  9.17393,40.599186,0
                  9.17396,40.599212,0
                  9.173988,40.599239,0
                  9.174013,40.599267,0
                  9.174036,40.599296,0
                  9.174055,40.599326,0
                  9.174071,40.599357,0
                  9.174085,40.599389,0
                  9.174096,40.599423,0
                  9.174311,40.600188,0
                </coordinates>
              </LinearRing>
            </outerBoundaryIs>
          </Polygon>
          <Polygon>
            <outerBoundaryIs>
              <LinearRing>
                <tessellate>1</tessellate>
                <coordinates>
                  9.172565,40.60119,0
                  9.171914,40.60119,0
                  9.171878,40.601192,0
                  9.171847,40.601196,0
                  9.171821,40.601203,0
                  9.1718,40.601214,0
                  9.171783,40.601227,0
                  9.17177,40.601243,0
                  9.171762,40.601262,0
                  9.171759,40.601284,0
                  9.17176,40.601308,0
                  9.171766,40.601336,0
                  9.172071,40.602424,0
                  9.171612,40.602424,0
                  9.171313,40.601358,0
                  9.171303,40.601316,0
                  9.171296,40.601275,0
                  9.171292,40.601237,0
                  9.171291,40.6012,0
                  9.171294,40.601165,0
                  9.1713,40.601132,0
                  9.171309,40.601101,0
                  9.171322,40.601071,0
                  9.171338,40.601043,0
                  9.171357,40.601017,0
                  9.171379,40.600993,0
                  9.171405,40.600971,0
                  9.171434,40.600951,0
                  9.171465,40.600934,0
                  9.1715,40.60092,0
                  9.171538,40.600908,0
                  9.171578,40.600899,0
                  9.171622,40.600893,0
                  9.171669,40.600889,0
                  9.171719,40.600888,0
                  9.172481,40.600888,0
                  9.172565,40.60119,0
                </coordinates>
              </LinearRing>
            </outerBoundaryIs>
          </Polygon>
          <Polygon>
            <outerBoundaryIs>
              <LinearRing>
                <tessellate>1</tessellate>
                <coordinates>
                  9.17676,40.601673,0
                  9.176768,40.601706,0
                  9.176772,40.601738,0
                  9.176773,40.601769,0
                  9.17677,40.6018,0
                  9.176765,40.601829,0
                  9.176755,40.601857,0
                  9.176742,40.601884,0
                  9.176726,40.601909,0
                  9.176707,40.601934,0
                  9.176684,40.601958,0
                  9.176658,40.60198,0
                  9.17663,40.602,0
                  9.1766,40.602017,0
                  9.176568,40.602033,0
                  9.176535,40.602045,0
                  9.176499,40.602056,0
                  9.176461,40.602064,0
                  9.176421,40.60207,0
                  9.176379,40.602073,0
                  9.176335,40.602074,0
                  9.176211,40.602074,0
                  9.176167,40.602073,0
                  9.176123,40.60207,0
                  9.17608,40.602064,0
                  9.176038,40.602056,0
                  9.175996,40.602045,0
                  9.175955,40.602033,0
                  9.175915,40.602017,0
                  9.175875,40.602,0
                  9.175836,40.60198,0
                  9.175798,40.601958,0
                  9.175762,40.601934,0
                  9.175728,40.601909,0
                  9.175697,40.601884,0
                  9.175669,40.601857,0
                  9.175644,40.601829,0
                  9.175622,40.6018,0
                  9.175602,40.601769,0
                  9.175586,40.601738,0
                  9.175572,40.601706,0
                  9.175561,40.601673,0
                  9.175341,40.600888,0
                  9.175781,40.600888,0
                  9.176005,40.601688,0
                  9.176008,40.601696,0
                  9.176011,40.601705,0
                  9.176016,40.601713,0
                  9.176021,40.601721,0
                  9.176027,40.601729,0
                  9.176033,40.601737,0
                  9.176041,40.601744,0
                  9.176049,40.601751,0
                  9.176058,40.601758,0
                  9.176067,40.601765,0
                  9.176077,40.601771,0
                  9.176087,40.601777,0
                  9.176097,40.601782,0
                  9.176108,40.601786,0
                  9.176118,40.601789,0
                  9.176129,40.601792,0
                  9.17614,40.601795,0
                  9.176151,40.601796,0
                  9.176162,40.601797,0
                  9.176173,40.601798,0
                  9.176219,40.601798,0
                  9.17623,40.601797,0
                  9.176241,40.601796,0
                  9.176251,40.601795,0
                  9.17626,40.601792,0
                  9.176269,40.601789,0
                  9.176278,40.601786,0
                  9.176286,40.601781,0
                  9.176293,40.601776,0
                  9.1763,40.601771,0
                  9.176307,40.601764,0
                  9.176312,40.601757,0
                  9.176317,40.60175,0
                  9.176321,40.601743,0
                  9.176325,40.601736,0
                  9.176327,40.601728,0
                  9.176328,40.601721,0
                  9.176329,40.601713,0
                  9.176329,40.601705,0
                  9.176328,40.601696,0
                  9.176326,40.601688,0
                  9.176102,40.600888,0
                  9.17654,40.600888,0
                  9.17676,40.601673,0
                </coordinates>
              </LinearRing>
            </outerBoundaryIs>
          </Polygon>
          <Polygon>
            <outerBoundaryIs>
              <LinearRing>
                <tessellate>1</tessellate>
                <coordinates>
                  9.17831,40.601673,0
                  9.178318,40.601706,0
                  9.178322,40.601738,0
                  9.178323,40.601769,0
                  9.178321,40.6018,0
                  9.178315,40.601829,0
                  9.178305,40.601857,0
                  9.178293,40.601884,0
                  9.178276,40.601909,0
                  9.178257,40.601934,0
                  9.178234,40.601958,0
                  9.178208,40.60198,0
                  9.17818,40.602,0
                  9.17815,40.602017,0
                  9.178119,40.602033,0
                  9.178085,40.602045,0
                  9.178049,40.602056,0
                  9.178011,40.602064,0
                  9.177971,40.60207,0
                  9.177929,40.602073,0
                  9.177885,40.602074,0
                  9.177761,40.602074,0
                  9.177717,40.602073,0
                  9.177673,40.60207,0
                  9.17763,40.602064,0
                  9.177588,40.602056,0
                  9.177546,40.602045,0
                  9.177505,40.602033,0
                  9.177465,40.602017,0
                  9.177425,40.602,0
                  9.177386,40.60198,0
                  9.177348,40.601958,0
                  9.177312,40.601934,0
                  9.177278,40.601909,0
                  9.177247,40.601884,0
                  9.177219,40.601857,0
                  9.177194,40.601829,0
                  9.177172,40.6018,0
                  9.177153,40.601769,0
                  9.177136,40.601738,0
                  9.177122,40.601706,0
                  9.177111,40.601673,0
                  9.176997,40.601264,0
                  9.176989,40.601231,0
                  9.176985,40.601199,0
                  9.176984,40.601168,0
                  9.176986,40.601138,0
                  9.176992,40.601108,0
                  9.177002,40.60108,0
                  9.177015,40.601054,0
                  9.177031,40.601028,0
                  9.177051,40.601003,0
                  9.177074,40.600979,0
                  9.1771,40.600957,0
                  9.177128,40.600937,0
                  9.177157,40.60092,0
                  9.177189,40.600904,0
                  9.177223,40.600892,0
                  9.177259,40.600881,0
                  9.177297,40.600873,0
                  9.177336,40.600867,0
                  9.177378,40.600864,0
                  9.177422,40.600863,0
                  9.177546,40.600863,0
                  9.17759,40.600864,0
                  9.177634,40.600867,0
                  9.177677,40.600873,0
                  9.17772,40.600881,0
                  9.177762,40.600892,0
                  9.177803,40.600904,0
                  9.177843,40.60092,0
                  9.177882,40.600937,0
                  9.177921,40.600957,0
                  9.177959,40.600979,0
                  9.177996,40.601003,0
                  9.178029,40.601028,0
                  9.17806,40.601054,0
                  9.178088,40.60108,0
                  9.178113,40.601108,0
                  9.178135,40.601138,0
                  9.178154,40.601168,0
                  9.178171,40.601199,0
                  9.178185,40.601231,0
                  9.178196,40.601264,0
                  9.17831,40.601673,0
                </coordinates>
              </LinearRing>
            </outerBoundaryIs>
            <innerBoundaryIs>
              <LinearRing>
                <tessellate>1</tessellate>
                <coordinates>
                  9.177879,40.601701,0
                  9.177881,40.601709,0
                  9.177881,40.601718,0
                  9.177881,40.601726,0
                  9.177879,40.601734,0
                  9.177877,40.601742,0
                  9.177874,40.601749,0
                  9.17787,40.601757,0
                  9.177865,40.601764,0
                  9.177859,40.601771,0
                  9.177852,40.601777,0
                  9.177845,40.601783,0
                  9.177838,40.601788,0
                  9.177829,40.601792,0
                  9.177821,40.601796,0
                  9.177812,40.601799,0
                  9.177802,40.601802,0
                  9.177792,40.601803,0
                  9.177782,40.601804,0
                  9.177771,40.601805,0
                  9.177725,40.601805,0
                  9.177713,40.601804,0
                  9.177702,40.601803,0
                  9.177691,40.601802,0
                  9.17768,40.601799,0
                  9.17767,40.601796,0
                  9.177659,40.601792,0
                  9.177649,40.601788,0
                  9.177639,40.601783,0
                  9.177629,40.601777,0
                  9.177619,40.601771,0
                  9.177609,40.601764,0
                  9.1776,40.601757,0
                  9.177592,40.601749,0
                  9.177585,40.601742,0
                  9.177578,40.601734,0
                  9.177572,40.601726,0
                  9.177567,40.601718,0
                  9.177563,40.601709,0
                  9.177559,40.601701,0
                  9.177556,40.601692,0
                  9.177431,40.601243,0
                  9.177429,40.601235,0
                  9.177428,40.601226,0
                  9.177427,40.601218,0
                  9.177428,40.60121,0
                  9.177429,40.601202,0
                  9.177431,40.601194,0
                  9.177434,40.601187,0
                  9.177438,40.60118,0
                  9.177443,40.601173,0
                  9.177449,40.601166,0
                  9.177455,40.60116,0
                  9.177462,40.601154,0
                  9.17747,40.601149,0
                  9.177478,40.601145,0
                  9.177486,40.601142,0
                  9.177495,40.601139,0
                  9.177505,40.601136,0
                  9.177515,40.601135,0
                  9.177525,40.601134,0
                  9.177536,40.601133,0
                  9.177582,40.601133,0
                  9.177594,40.601134,0
                  9.177605,40.601135,0
                  9.177616,40.601136,0
                  9.177627,40.601139,0
                  9.177638,40.601142,0
                  9.177648,40.601145,0
                  9.177659,40.60115,0
                  9.177669,40.601155,0
                  9.177679,40.60116,0
                  9.17769,40.601167,0
                  9.177699,40.601174,0
                  9.177708,40.601181,0
                  9.177717,40.601188,0
                  9.177724,40.601195,0
                  9.177731,40.601203,0
                  9.177736,40.60121,0
                  9.177742,40.601218,0
                  9.177746,40.601226,0
                  9.177749,40.601235,0
                  9.177752,40.601243,0
                  9.177877,40.601692,0
                  9.177879,40.601701,0
                </coordinates>
              </LinearRing>
            </innerBoundaryIs>
          </Polygon>
          <Polygon>
            <outerBoundaryIs>
              <LinearRing>
                <tessellate>1</tessellate>
                <coordinates>
                  9.17412,40.601673,0
                  9.174134,40.601746,0
                  9.174134,40.601812,0
                  9.17412,40.601871,0
                  9.174093,40.601925,0
                  9.174051,40.601972,0
                  9.174026,40.601991,0
                  9.173971,40.602024,0
                  9.173907,40.602049,0
                  9.173834,40.602065,0
                  9.173751,40.602073,0
                  9.173579,40.602074,0
                  9.173535,40.602073,0
                  9.173448,40.602064,0
                  9.173364,40.602046,0
                  9.173282,40.602018,0
                  9.173204,40.601982,0
                  9.17313,40.601937,0
                  9.173066,40.601887,0
                  9.173013,40.601832,0
                  9.172972,40.601774,0
                  9.172942,40.601711,0
                  9.172814,40.60126,0
                  9.172805,40.601226,0
                  9.172798,40.60116,0
                  9.172802,40.601101,0
                  9.172818,40.601047,0
                  9.172845,40.600999,0
                  9.172864,40.600977,0
                  9.172912,40.600936,0
                  9.172972,40.600904,0
                  9.173044,40.600881,0
                  9.173126,40.600867,0
                  9.17322,40.600863,0
                  9.173382,40.600863,0
                  9.173483,40.600865,0
                  9.173578,40.600873,0
                  9.173666,40.600887,0
                  9.173748,40.600906,0
                  9.173824,40.60093,0
                  9.173781,40.601168,0
                  9.173725,40.60115,0
                  9.173665,40.601135,0
                  9.173599,40.601125,0
                  9.173529,40.601118,0
                  9.173453,40.601116,0
                  9.17337,40.601116,0
                  9.173315,40.601121,0
                  9.173275,40.601136,0
                  9.173251,40.601161,0
                  9.173242,40.601196,0
                  9.173248,40.601241,0
                  9.173269,40.601313,0
                  9.173281,40.601311,0
                  9.1733,40.601309,0
                  9.173327,40.601308,0
                  9.173362,40.601307,0
                  9.173403,40.601307,0
                  9.173474,40.601307,0
                  9.173575,40.601311,0
                  9.173669,40.601324,0
                  9.173756,40.601346,0
                  9.173837,40.601376,0
                  9.173911,40.601415,0
                  9.173943,40.601436,0
                  9.173999,40.60148,0
                  9.174046,40.601529,0
                  9.174083,40.601583,0
                  9.17411,40.601642,0
                  9.17412,40.601673,0
                </coordinates>
              </LinearRing>
            </outerBoundaryIs>
            <innerBoundaryIs>
              <LinearRing>
                <tessellate>1</tessellate>
                <coordinates>
                  9.173701,40.601717,0
                  9.173701,40.601733,0
                  9.173697,40.601749,0
                  9.173689,40.601764,0
                  9.173679,40.601778,0
                  9.173665,40.601791,0
                  9.17365,40.6018,0
                  9.173632,40.601807,0
                  9.173613,40.601811,0
                  9.173591,40.601813,0
                  9.173545,40.601813,0
                  9.173495,40.601808,0
                  9.173453,40.601795,0
                  9.173419,40.601773,0
                  9.173394,40.601743,0
                  9.173378,40.601704,0
                  9.173339,40.601563,0
                  9.173349,40.601561,0
                  9.173368,40.601559,0
                  9.173395,40.601558,0
                  9.17343,40.601557,0
                  9.173473,40.601557,0
                  9.173495,40.601557,0
                  9.173522,40.601558,0
                  9.173548,40.601562,0
                  9.173573,40.601568,0
                  9.173596,40.601576,0
                  9.173619,40.601587,0
                  9.173639,40.6016,0
                  9.173657,40.601614,0
                  9.173671,40.601631,0
                  9.173681,40.601649,0
                  9.173689,40.601669,0
                  9.173698,40.6017,0
                  9.173701,40.601717,0
                </coordinates>
              </LinearRing>
            </innerBoundaryIs>
          </Polygon>
          <Polygon>
            <outerBoundaryIs>
              <LinearRing>
                <tessellate>1</tessellate>
                <coordinates>
                  9.175538,40.602003,0
                  9.175506,40.602016,0
                  9.175473,40.602028,0
                  9.175438,40.602039,0
                  9.175401,40.602049,0
                  9.175362,40.602056,0
                  9.175321,40.602063,0
                  9.175278,40.602068,0
                  9.175233,40.602072,0
                  9.175185,40.602074,0
                  9.175136,40.602074,0
                  9.175069,40.602074,0
                  9.175019,40.602073,0
                  9.174971,40.60207,0
                  9.174924,40.602064,0
                  9.174879,40.602057,0
                  9.174835,40.602046,0
                  9.174793,40.602034,0
                  9.174752,40.60202,0
                  9.174713,40.602003,0
                  9.174676,40.601984,0
                  9.17464,40.601963,0
                  9.174607,40.60194,0
                  9.174577,40.601916,0
                  9.174549,40.601891,0
                  9.174523,40.601864,0
                  9.1745,40.601836,0
                  9.174479,40.601806,0
                  9.17446,40.601775,0
                  9.174444,40.601743,0
                  9.17443,40.601708,0
                  9.174419,40.601673,0
                  9.174199,40.600888,0
                  9.174639,40.600888,0
                  9.174865,40.601698,0
                  9.174873,40.60172,0
                  9.174883,40.601741,0
                  9.174895,40.601758,0
                  9.174909,40.601774,0
                  9.174925,40.601787,0
                  9.174943,40.601798,0
                  9.174963,40.601806,0
                  9.174986,40.601812,0
                  9.17501,40.601816,0
                  9.175036,40.601817,0
                  9.175064,40.601817,0
                  9.175101,40.601816,0
                  9.175137,40.601815,0
                  9.175171,40.601812,0
                  9.175203,40.601809,0
                  9.175234,40.601804,0
                  9.175262,40.601798,0
                  9.17529,40.601792,0
                  9.175315,40.601784,0
                  9.175339,40.601775,0
                  9.175361,40.601766,0
                  9.175538,40.602003,0
                </coordinates>
              </LinearRing>
            </outerBoundaryIs>
          </Polygon>
        </MultiGeometry>
      </Placemark>
      <Placemark>
        <name>Sa Jone</name>
        <styleUrl>#poly-F9F9F9-1200-255-nodesc</styleUrl>
        <MultiGeometry>
          <Polygon>
            <outerBoundaryIs>
              <LinearRing>
                <tessellate>1</tessellate>
                <coordinates>
                  9.172161,40.61907,0
                  9.172173,40.619128,0
                  9.172174,40.619182,0
                  9.172164,40.619232,0
                  9.172144,40.619278,0
                  9.172114,40.61932,0
                  9.172073,40.619357,0
                  9.172022,40.619391,0
                  9.17196,40.61942,0
                  9.171887,40.619445,0
                  9.171805,40.619466,0
                  9.17175,40.619478,0
                  9.1717,40.619489,0
                  9.171654,40.6195,0
                  9.171612,40.61951,0
                  9.171574,40.61952,0
                  9.17154,40.619528,0
                  9.171511,40.619537,0
                  9.171486,40.619544,0
                  9.171465,40.619552,0
                  9.171448,40.619558,0
                  9.17143,40.619567,0
                  9.171414,40.619576,0
                  9.1714,40.619586,0
                  9.171389,40.619596,0
                  9.17138,40.619607,0
                  9.171374,40.619619,0
                  9.17137,40.619631,0
                  9.171368,40.619645,0
                  9.171369,40.619658,0
                  9.171372,40.619673,0
                  9.171374,40.619685,0
                  9.171378,40.619696,0
                  9.171383,40.619707,0
                  9.171389,40.619718,0
                  9.171395,40.619728,0
                  9.171403,40.619738,0
                  9.171413,40.619748,0
                  9.171423,40.619758,0
                  9.171434,40.619767,0
                  9.171446,40.619776,0
                  9.17146,40.619785,0
                  9.171474,40.619793,0
                  9.171488,40.619801,0
                  9.171503,40.619807,0
                  9.171519,40.619813,0
                  9.171535,40.619818,0
                  9.171551,40.619822,0
                  9.171568,40.619825,0
                  9.171585,40.619827,0
                  9.171602,40.619828,0
                  9.17162,40.619829,0
                  9.171803,40.619829,0
                  9.171847,40.619828,0
                  9.17189,40.619826,0
                  9.17193,40.619823,0
                  9.171968,40.619819,0
                  9.172005,40.619814,0
                  9.172039,40.619807,0
                  9.172071,40.619799,0
                  9.172101,40.61979,0
                  9.17213,40.61978,0
                  9.172156,40.619769,0
                  9.172368,40.620055,0
                  9.172333,40.62007,0
                  9.172296,40.620083,0
                  9.172255,40.620095,0
                  9.172211,40.620105,0
                  9.172163,40.620114,0
                  9.172112,40.620121,0
                  9.172058,40.620126,0
                  9.172001,40.62013,0
                  9.17194,40.620133,0
                  9.171876,40.620133,0
                  9.171685,40.620133,0
                  9.171633,40.620132,0
                  9.171581,40.620128,0
                  9.171531,40.620122,0
                  9.171481,40.620114,0
                  9.171432,40.620103,0
                  9.171385,40.620089,0
                  9.171338,40.620073,0
                  9.171291,40.620055,0
                  9.171246,40.620034,0
                  9.171202,40.62001,0
                  9.171158,40.619984,0
                  9.171117,40.619956,0
                  9.17108,40.619927,0
                  9.171046,40.619897,0
                  9.171016,40.619866,0
                  9.170989,40.619833,0
                  9.170966,40.619799,0
                  9.170946,40.619763,0
                  9.17093,40.619727,0
                  9.170918,40.619689,0
                  9.17091,40.619661,0
                  9.170897,40.619599,0
                  9.170896,40.619542,0
                  9.170906,40.619489,0
                  9.170927,40.61944,0
                  9.170959,40.619395,0
                  9.171002,40.619355,0
                  9.171056,40.619319,0
                  9.171121,40.619287,0
                  9.171197,40.619259,0
                  9.171285,40.619235,0
                  9.171336,40.619223,0
                  9.171383,40.619212,0
                  9.171427,40.619201,0
                  9.171466,40.61919,0
                  9.171502,40.619181,0
                  9.171533,40.619171,0
                  9.171561,40.619163,0
                  9.171585,40.619155,0
                  9.171604,40.619147,0
                  9.17162,40.61914,0
                  9.171637,40.619132,0
                  9.171652,40.619122,0
                  9.171665,40.619112,0
                  9.171675,40.619101,0
                  9.171683,40.61909,0
                  9.171689,40.619078,0
                  9.171693,40.619066,0
                  9.171695,40.619053,0
                  9.171694,40.619039,0
                  9.171691,40.619025,0
                  9.171687,40.61901,0
                  9.171678,40.618984,0
                  9.171665,40.61896,0
                  9.171648,40.61894,0
                  9.171628,40.618922,0
                  9.171604,40.618907,0
                  9.171577,40.618895,0
                  9.171547,40.618885,0
                  9.171513,40.618878,0
                  9.171476,40.618874,0
                  9.171435,40.618873,0
                  9.170761,40.618873,0
                  9.170677,40.61857,0
                  9.171389,40.61857,0
                  9.171444,40.618571,0
                  9.171497,40.618575,0
                  9.171549,40.61858,0
                  9.1716,40.618588,0
                  9.171649,40.618598,0
                  9.171696,40.618611,0
                  9.171742,40.618625,0
                  9.171787,40.618642,0
                  9.17183,40.618662,0
                  9.171872,40.618683,0
                  9.171913,40.618708,0
                  9.171952,40.618735,0
                  9.171987,40.618763,0
                  9.172019,40.618793,0
                  9.172048,40.618826,0
                  9.172074,40.61886,0
                  9.172096,40.618895,0
                  9.172116,40.618933,0
                  9.172132,40.618972,0
                  9.172145,40.619014,0
                  9.172161,40.61907,0
                </coordinates>
              </LinearRing>
            </outerBoundaryIs>
          </Polygon>
          <Polygon>
            <outerBoundaryIs>
              <LinearRing>
                <tessellate>1</tessellate>
                <coordinates>
                  9.175957,40.620106,0
                  9.1755,40.620106,0
                  9.175193,40.61901,0
                  9.175182,40.618979,0
                  9.175168,40.618952,0
                  9.175152,40.618928,0
                  9.175132,40.618907,0
                  9.175109,40.618889,0
                  9.175083,40.618875,0
                  9.175054,40.618863,0
                  9.175022,40.618855,0
                  9.174986,40.61885,0
                  9.174948,40.618849,0
                  9.174881,40.618849,0
                  9.174837,40.618849,0
                  9.174794,40.618851,0
                  9.174754,40.618854,0
                  9.174715,40.618858,0
                  9.174679,40.618864,0
                  9.174645,40.61887,0
                  9.174613,40.618878,0
                  9.174583,40.618887,0
                  9.174554,40.618897,0
                  9.174528,40.618908,0
                  9.174318,40.618625,0
                  9.174353,40.61861,0
                  9.174393,40.618596,0
                  9.174435,40.618584,0
                  9.174482,40.618574,0
                  9.174532,40.618565,0
                  9.174586,40.618558,0
                  9.174644,40.618552,0
                  9.174705,40.618548,0
                  9.17477,40.618546,0
                  9.174839,40.618545,0
                  9.174906,40.618545,0
                  9.174963,40.618546,0
                  9.175017,40.61855,0
                  9.17507,40.618556,0
                  9.175121,40.618565,0
                  9.175171,40.618576,0
                  9.175219,40.61859,0
                  9.175264,40.618606,0
                  9.175309,40.618625,0
                  9.175351,40.618646,0
                  9.175392,40.61867,0
                  9.17543,40.618696,0
                  9.175466,40.618724,0
                  9.175499,40.618754,0
                  9.175529,40.618786,0
                  9.175556,40.61882,0
                  9.175581,40.618855,0
                  9.175603,40.618893,0
                  9.175622,40.618933,0
                  9.175638,40.618975,0
                  9.175652,40.619019,0
                  9.175957,40.620106,0
                </coordinates>
              </LinearRing>
            </outerBoundaryIs>
          </Polygon>
          <Polygon>
            <outerBoundaryIs>
              <LinearRing>
                <tessellate>1</tessellate>
                <coordinates>
                  9.178847,40.619355,0
                  9.178855,40.619388,0
                  9.178859,40.619421,0
                  9.17886,40.619452,0
                  9.178858,40.619482,0
                  9.178852,40.619511,0
                  9.178842,40.619539,0
                  9.17883,40.619566,0
                  9.178813,40.619592,0
                  9.178794,40.619617,0
                  9.178771,40.61964,0
                  9.178745,40.619663,0
                  9.178717,40.619682,0
                  9.178687,40.6197,0
                  9.178656,40.619715,0
                  9.178622,40.619728,0
                  9.178586,40.619738,0
                  9.178548,40.619746,0
                  9.178508,40.619752,0
                  9.178466,40.619756,0
                  9.178422,40.619757,0
                  9.178298,40.619757,0
                  9.178254,40.619756,0
                  9.17821,40.619752,0
                  9.178167,40.619746,0
                  9.178125,40.619738,0
                  9.178083,40.619728,0
                  9.178042,40.619715,0
                  9.178002,40.6197,0
                  9.177962,40.619682,0
                  9.177923,40.619663,0
                  9.177885,40.61964,0
                  9.177849,40.619617,0
                  9.177815,40.619592,0
                  9.177784,40.619566,0
                  9.177756,40.619539,0
                  9.177731,40.619511,0
                  9.177709,40.619482,0
                  9.17769,40.619452,0
                  9.177673,40.619421,0
                  9.177659,40.619388,0
                  9.177648,40.619355,0
                  9.177429,40.61857,0
                  9.177868,40.61857,0
                  9.178092,40.61937,0
                  9.178095,40.619379,0
                  9.178099,40.619387,0
                  9.178103,40.619396,0
                  9.178108,40.619404,0
                  9.178114,40.619411,0
                  9.178121,40.619419,0
                  9.178128,40.619426,0
                  9.178136,40.619434,0
                  9.178145,40.61944,0
                  9.178154,40.619447,0
                  9.178164,40.619453,0
                  9.178174,40.619459,0
                  9.178185,40.619464,0
                  9.178195,40.619468,0
                  9.178205,40.619472,0
                  9.178216,40.619475,0
                  9.178227,40.619477,0
                  9.178238,40.619479,0
                  9.178249,40.61948,0
                  9.17826,40.61948,0
                  9.178306,40.61948,0
                  9.178317,40.61948,0
                  9.178328,40.619479,0
                  9.178338,40.619477,0
                  9.178347,40.619475,0
                  9.178356,40.619472,0
                  9.178365,40.619468,0
                  9.178373,40.619464,0
                  9.17838,40.619459,0
                  9.178387,40.619453,0
                  9.178394,40.619447,0
                  9.1784,40.61944,0
                  9.178404,40.619433,0
                  9.178409,40.619426,0
                  9.178412,40.619418,0
                  9.178414,40.619411,0
                  9.178416,40.619403,0
                  9.178416,40.619395,0
                  9.178416,40.619387,0
                  9.178415,40.619379,0
                  9.178413,40.61937,0
                  9.178189,40.61857,0
                  9.178627,40.61857,0
                  9.178847,40.619355,0
                </coordinates>
              </LinearRing>
            </outerBoundaryIs>
          </Polygon>
          <Polygon>
            <outerBoundaryIs>
              <LinearRing>
                <tessellate>1</tessellate>
                <coordinates>
                  9.173684,40.619364,0
                  9.173692,40.619398,0
                  9.173697,40.619431,0
                  9.173699,40.619463,0
                  9.173699,40.619493,0
                  9.173695,40.619522,0
                  9.173688,40.619549,0
                  9.173679,40.619575,0
                  9.173666,40.6196,0
                  9.173651,40.619623,0
                  9.173632,40.619645,0
                  9.17361,40.619666,0
                  9.173584,40.619685,0
                  9.173555,40.619702,0
                  9.173524,40.619716,0
                  9.17349,40.619729,0
                  9.173453,40.619739,0
                  9.173413,40.619747,0
                  9.17337,40.619752,0
                  9.173324,40.619756,0
                  9.173276,40.619757,0
                  9.173114,40.619757,0
                  9.173062,40.619756,0
                  9.173013,40.619754,0
                  9.172965,40.619751,0
                  9.172918,40.619746,0
                  9.172873,40.61974,0
                  9.17283,40.619732,0
                  9.172788,40.619723,0
                  9.172747,40.619713,0
                  9.172709,40.619702,0
                  9.172672,40.619689,0
                  9.172716,40.619452,0
                  9.172745,40.619462,0
                  9.172775,40.61947,0
                  9.172805,40.619478,0
                  9.172837,40.619485,0
                  9.172869,40.61949,0
                  9.172902,40.619495,0
                  9.172936,40.619498,0
                  9.172971,40.619501,0
                  9.173006,40.619503,0
                  9.173043,40.619503,0
                  9.173127,40.619503,0
                  9.173156,40.619502,0
                  9.173182,40.619498,0
                  9.173204,40.619492,0
                  9.173222,40.619483,0
                  9.173236,40.619472,0
                  9.173246,40.619458,0
                  9.173252,40.619442,0
                  9.173255,40.619423,0
                  9.173253,40.619402,0
                  9.173248,40.619378,0
                  9.173228,40.619306,0
                  9.173223,40.619307,0
                  9.173215,40.619308,0
                  9.173206,40.619309,0
                  9.173195,40.61931,0
                  9.173182,40.619311,0
                  9.173168,40.619311,0
                  9.173151,40.619312,0
                  9.173133,40.619312,0
                  9.173113,40.619312,0
                  9.173091,40.619312,0
                  9.172978,40.619312,0
                  9.172928,40.619311,0
                  9.172879,40.619308,0
                  9.172833,40.619303,0
                  9.172788,40.619295,0
                  9.172745,40.619285,0
                  9.172704,40.619273,0
                  9.172665,40.619259,0
                  9.172628,40.619243,0
                  9.172592,40.619225,0
                  9.172559,40.619204,0
                  9.17253,40.619185,0
                  9.172504,40.619163,0
                  9.17248,40.619141,0
                  9.172458,40.619117,0
                  9.172437,40.619092,0
                  9.172419,40.619066,0
                  9.172403,40.619038,0
                  9.172389,40.619009,0
                  9.172377,40.618978,0
                  9.172366,40.618947,0
                  9.172357,40.618908,0
                  9.172351,40.618872,0
                  9.172349,40.618837,0
                  9.17235,40.618805,0
                  9.172355,40.618774,0
                  9.172363,40.618745,0
                  9.172375,40.618717,0
                  9.17239,40.618692,0
                  9.172409,40.618668,0
                  9.172431,40.618646,0
                  9.172455,40.618627,0
                  9.172482,40.61861,0
                  9.172511,40.618595,0
                  9.172544,40.618582,0
                  9.172578,40.61857,0
                  9.172616,40.618561,0
                  9.172656,40.618554,0
                  9.172698,40.618549,0
                  9.172744,40.618546,0
                  9.172791,40.618545,0
                  9.172944,40.618545,0
                  9.172989,40.618546,0
                  9.173033,40.618549,0
                  9.173076,40.618555,0
                  9.173117,40.618562,0
                  9.173157,40.618571,0
                  9.173197,40.618583,0
                  9.173235,40.618597,0
                  9.173272,40.618612,0
                  9.173307,40.61863,0
                  9.173342,40.61865,0
                  9.173375,40.618672,0
                  9.173405,40.618695,0
                  9.173433,40.618719,0
                  9.173459,40.618744,0
                  9.173482,40.618771,0
                  9.173502,40.618799,0
                  9.17352,40.618828,0
                  9.173536,40.618859,0
                  9.173549,40.618891,0
                  9.17356,40.618924,0
                  9.173684,40.619364,0
                </coordinates>
              </LinearRing>
            </outerBoundaryIs>
            <innerBoundaryIs>
              <LinearRing>
                <tessellate>1</tessellate>
                <coordinates>
                  9.173154,40.619056,0
                  9.173148,40.619057,0
                  9.17314,40.619058,0
                  9.17313,40.619059,0
                  9.173117,40.61906,0
                  9.173103,40.61906,0
                  9.173086,40.619061,0
                  9.173067,40.619061,0
                  9.173045,40.619062,0
                  9.173022,40.619062,0
                  9.172976,40.619062,0
                  9.172949,40.61906,0
                  9.172925,40.619057,0
                  9.172903,40.619052,0
                  9.172883,40.619044,0
                  9.172865,40.619034,0
                  9.172849,40.619022,0
                  9.172836,40.619007,0
                  9.172824,40.618991,0
                  9.172815,40.618972,0
                  9.172807,40.618951,0
                  9.172798,40.61892,0
                  9.172796,40.618911,0
                  9.172795,40.618902,0
                  9.172795,40.618894,0
                  9.172795,40.618886,0
                  9.172797,40.618878,0
                  9.172799,40.61887,0
                  9.172802,40.618862,0
                  9.172806,40.618855,0
                  9.172811,40.618848,0
                  9.172817,40.618841,0
                  9.172824,40.618835,0
                  9.17283,40.618829,0
                  9.172838,40.618824,0
                  9.172846,40.61882,0
                  9.172854,40.618816,0
                  9.172863,40.618813,0
                  9.172873,40.618811,0
                  9.172883,40.618809,0
                  9.172894,40.618808,0
                  9.172905,40.618808,0
                  9.172951,40.618808,0
                  9.172977,40.618809,0
                  9.173002,40.618812,0
                  9.173024,40.618818,0
                  9.173044,40.618825,0
                  9.173062,40.618835,0
                  9.173078,40.618847,0
                  9.173091,40.618861,0
                  9.173103,40.618877,0
                  9.173112,40.618895,0
                  9.173119,40.618916,0
                  9.173157,40.619055,0
                  9.173154,40.619056,0
                </coordinates>
              </LinearRing>
            </innerBoundaryIs>
          </Polygon>
          <Polygon>
            <outerBoundaryIs>
              <LinearRing>
                <tessellate>1</tessellate>
                <coordinates>
                  9.177297,40.619355,0
                  9.177305,40.619388,0
                  9.177309,40.619421,0
                  9.17731,40.619452,0
                  9.177308,40.619482,0
                  9.177302,40.619511,0
                  9.177292,40.619539,0
                  9.17728,40.619566,0
                  9.177263,40.619592,0
                  9.177244,40.619617,0
                  9.177221,40.61964,0
                  9.177195,40.619663,0
                  9.177167,40.619682,0
                  9.177137,40.6197,0
                  9.177106,40.619715,0
                  9.177072,40.619728,0
                  9.177036,40.619738,0
                  9.176998,40.619746,0
                  9.176958,40.619752,0
                  9.176916,40.619756,0
                  9.176872,40.619757,0
                  9.176748,40.619757,0
                  9.176704,40.619756,0
                  9.17666,40.619752,0
                  9.176617,40.619746,0
                  9.176575,40.619738,0
                  9.176533,40.619728,0
                  9.176492,40.619715,0
                  9.176452,40.6197,0
                  9.176412,40.619682,0
                  9.176373,40.619663,0
                  9.176335,40.61964,0
                  9.176299,40.619617,0
                  9.176265,40.619592,0
                  9.176234,40.619566,0
                  9.176206,40.619539,0
                  9.176181,40.619511,0
                  9.176159,40.619482,0
                  9.176139,40.619452,0
                  9.176123,40.619421,0
                  9.176109,40.619388,0
                  9.176098,40.619355,0
                  9.175984,40.618947,0
                  9.175976,40.618913,0
                  9.175972,40.618881,0
                  9.175971,40.61885,0
                  9.175973,40.61882,0
                  9.175979,40.618791,0
                  9.175989,40.618763,0
                  9.176002,40.618736,0
                  9.176018,40.61871,0
                  9.176038,40.618685,0
                  9.176061,40.618662,0
                  9.176087,40.618639,0
                  9.176114,40.61862,0
                  9.176144,40.618602,0
                  9.176176,40.618587,0
                  9.17621,40.618574,0
                  9.176246,40.618564,0
                  9.176284,40.618556,0
                  9.176323,40.61855,0
                  9.176365,40.618546,0
                  9.176409,40.618545,0
                  9.176533,40.618545,0
                  9.176577,40.618546,0
                  9.176621,40.61855,0
                  9.176664,40.618556,0
                  9.176707,40.618564,0
                  9.176748,40.618574,0
                  9.176789,40.618587,0
                  9.17683,40.618602,0
                  9.176869,40.61862,0
                  9.176908,40.618639,0
                  9.176946,40.618662,0
                  9.176983,40.618685,0
                  9.177016,40.61871,0
                  9.177047,40.618736,0
                  9.177075,40.618763,0
                  9.1771,40.618791,0
                  9.177122,40.61882,0
                  9.177141,40.61885,0
                  9.177158,40.618881,0
                  9.177172,40.618913,0
                  9.177183,40.618947,0
                  9.177297,40.619355,0
                </coordinates>
              </LinearRing>
            </outerBoundaryIs>
            <innerBoundaryIs>
              <LinearRing>
                <tessellate>1</tessellate>
                <coordinates>
                  9.176866,40.619383,0
                  9.176868,40.619392,0
                  9.176868,40.6194,0
                  9.176867,40.619408,0
                  9.176866,40.619416,0
                  9.176864,40.619424,0
                  9.176861,40.619432,0
                  9.176857,40.619439,0
                  9.176852,40.619446,0
                  9.176846,40.619453,0
                  9.176839,40.61946,0
                  9.176832,40.619465,0
                  9.176824,40.61947,0
                  9.176816,40.619475,0
                  9.176808,40.619479,0
                  9.176799,40.619482,0
                  9.176789,40.619484,0
                  9.176779,40.619486,0
                  9.176769,40.619487,0
                  9.176758,40.619487,0
                  9.176711,40.619487,0
                  9.1767,40.619487,0
                  9.176689,40.619486,0
                  9.176678,40.619484,0
                  9.176667,40.619482,0
                  9.176657,40.619479,0
                  9.176646,40.619475,0
                  9.176636,40.61947,0
                  9.176626,40.619465,0
                  9.176615,40.61946,0
                  9.176606,40.619453,0
                  9.176596,40.619446,0
                  9.176587,40.619439,0
                  9.176579,40.619432,0
                  9.176572,40.619424,0
                  9.176565,40.619416,0
                  9.176559,40.619408,0
                  9.176554,40.6194,0
                  9.17655,40.619392,0
                  9.176546,40.619383,0
                  9.176543,40.619374,0
                  9.176418,40.618926,0
                  9.176416,40.618917,0
                  9.176415,40.618909,0
                  9.176414,40.6189,0
                  9.176415,40.618892,0
                  9.176416,40.618885,0
                  9.176418,40.618877,0
                  9.176421,40.61887,0
                  9.176425,40.618862,0
                  9.17643,40.618856,0
                  9.176436,40.618849,0
                  9.176442,40.618843,0
                  9.176449,40.618837,0
                  9.176457,40.618832,0
                  9.176465,40.618828,0
                  9.176473,40.618824,0
                  9.176482,40.618821,0
                  9.176492,40.618819,0
                  9.176502,40.618817,0
                  9.176512,40.618816,0
                  9.176523,40.618816,0
                  9.176569,40.618816,0
                  9.176581,40.618816,0
                  9.176592,40.618817,0
                  9.176603,40.618819,0
                  9.176614,40.618821,0
                  9.176624,40.618824,0
                  9.176635,40.618828,0
                  9.176646,40.618832,0
                  9.176656,40.618837,0
                  9.176666,40.618843,0
                  9.176677,40.618849,0
                  9.176686,40.618856,0
                  9.176695,40.618863,0
                  9.176703,40.61887,0
                  9.176711,40.618878,0
                  9.176718,40.618885,0
                  9.176723,40.618893,0
                  9.176728,40.618901,0
                  9.176733,40.618909,0
                  9.176736,40.618917,0
                  9.176739,40.618926,0
                  9.176864,40.619374,0
                  9.176866,40.619383,0
                </coordinates>
              </LinearRing>
            </innerBoundaryIs>
          </Polygon>
          <Polygon>
            <outerBoundaryIs>
              <LinearRing>
                <tessellate>1</tessellate>
                <coordinates>
                  9.180389,40.619355,0
                  9.180403,40.619428,0
                  9.180403,40.619494,0
                  9.18039,40.619554,0
                  9.180362,40.619607,0
                  9.18032,40.619654,0
                  9.180296,40.619673,0
                  9.180241,40.619706,0
                  9.180176,40.619731,0
                  9.180103,40.619748,0
                  9.18002,40.619756,0
                  9.179849,40.619757,0
                  9.179804,40.619756,0
                  9.179717,40.619746,0
                  9.179633,40.619728,0
                  9.179552,40.619701,0
                  9.179473,40.619664,0
                  9.179399,40.619619,0
                  9.179335,40.619569,0
                  9.179282,40.619515,0
                  9.179241,40.619456,0
                  9.179211,40.619393,0
                  9.179083,40.618943,0
                  9.179074,40.618908,0
                  9.179067,40.618843,0
                  9.179071,40.618784,0
                  9.179087,40.61873,0
                  9.179114,40.618682,0
                  9.179133,40.61866,0
                  9.179181,40.618619,0
                  9.179242,40.618587,0
                  9.179313,40.618564,0
                  9.179395,40.61855,0
                  9.179489,40.618545,0
                  9.179651,40.618545,0
                  9.179752,40.618548,0
                  9.179847,40.618556,0
                  9.179935,40.61857,0
                  9.180018,40.618589,0
                  9.180093,40.618613,0
                  9.18005,40.618851,0
                  9.179994,40.618832,0
                  9.179934,40.618818,0
                  9.179868,40.618807,0
                  9.179798,40.618801,0
                  9.179722,40.618799,0
                  9.179639,40.618799,0
                  9.179584,40.618804,0
                  9.179545,40.618819,0
                  9.17952,40.618844,0
                  9.179511,40.618879,0
                  9.179517,40.618924,0
                  9.179538,40.618996,0
                  9.17955,40.618994,0
                  9.17957,40.618992,0
                  9.179596,40.618991,0
                  9.179631,40.61899,0
                  9.179672,40.61899,0
                  9.179743,40.61899,0
                  9.179844,40.618994,0
                  9.179938,40.619007,0
                  9.180025,40.619029,0
                  9.180106,40.619059,0
                  9.18018,40.619098,0
                  9.180212,40.619118,0
                  9.180268,40.619163,0
                  9.180315,40.619212,0
                  9.180352,40.619266,0
                  9.180379,40.619324,0
                  9.180389,40.619355,0
                </coordinates>
              </LinearRing>
            </outerBoundaryIs>
            <innerBoundaryIs>
              <LinearRing>
                <tessellate>1</tessellate>
                <coordinates>
                  9.17997,40.619399,0
                  9.17997,40.619416,0
                  9.179966,40.619432,0
                  9.179959,40.619446,0
                  9.179948,40.619461,0
                  9.179935,40.619473,0
                  9.179919,40.619483,0
                  9.179902,40.61949,0
                  9.179882,40.619494,0
                  9.17986,40.619495,0
                  9.179814,40.619495,0
                  9.179764,40.619491,0
                  9.179722,40.619478,0
                  9.179688,40.619456,0
                  9.179664,40.619425,0
                  9.179647,40.619386,0
                  9.179608,40.619245,0
                  9.179619,40.619243,0
                  9.179637,40.619242,0
                  9.179664,40.61924,0
                  9.179699,40.61924,0
                  9.179742,40.619239,0
                  9.179764,40.619239,0
                  9.179791,40.619241,0
                  9.179817,40.619244,0
                  9.179842,40.61925,0
                  9.179865,40.619259,0
                  9.179888,40.619269,0
                  9.179908,40.619282,0
                  9.179926,40.619297,0
                  9.17994,40.619313,0
                  9.17995,40.619331,0
                  9.179958,40.619351,0
                  9.179967,40.619382,0
                  9.17997,40.619399,0
                </coordinates>
              </LinearRing>
            </innerBoundaryIs>
          </Polygon>
        </MultiGeometry>
      </Placemark>
      <Placemark>
        <name>Tandalò</name>
        <styleUrl>#poly-F9F9F9-1200-255-nodesc</styleUrl>
        <MultiGeometry>
          <Polygon>
            <outerBoundaryIs>
              <LinearRing>
                <tessellate>1</tessellate>
                <coordinates>
                  9.216625,40.62513,0
                  9.216186,40.62513,0
                  9.216088,40.624777,0
                  9.216081,40.624778,0
                  9.216072,40.624778,0
                  9.216062,40.624779,0
                  9.216051,40.624779,0
                  9.216038,40.62478,0
                  9.216023,40.62478,0
                  9.216007,40.62478,0
                  9.21599,40.624781,0
                  9.215971,40.624781,0
                  9.215951,40.624781,0
                  9.21583,40.624781,0
                  9.215784,40.62478,0
                  9.21574,40.624776,0
                  9.215696,40.62477,0
                  9.215654,40.624762,0
                  9.215613,40.624752,0
                  9.215574,40.624739,0
                  9.215535,40.624724,0
                  9.215498,40.624707,0
                  9.215462,40.624687,0
                  9.215427,40.624665,0
                  9.215396,40.624642,0
                  9.215366,40.624618,0
                  9.21534,40.624593,0
                  9.215315,40.624566,0
                  9.215293,40.624538,0
                  9.215273,40.624509,0
                  9.215255,40.624478,0
                  9.215239,40.624447,0
                  9.215226,40.624414,0
                  9.215215,40.624379,0
                  9.215101,40.623971,0
                  9.215093,40.623936,0
                  9.215088,40.623902,0
                  9.215086,40.62387,0
                  9.215088,40.623839,0
                  9.215093,40.623809,0
                  9.215101,40.623781,0
                  9.215113,40.623754,0
                  9.215129,40.623729,0
                  9.215147,40.623704,0
                  9.215169,40.623681,0
                  9.215194,40.62366,0
                  9.215221,40.623641,0
                  9.215251,40.623624,0
                  9.215283,40.62361,0
                  9.215318,40.623597,0
                  9.215354,40.623587,0
                  9.215394,40.623579,0
                  9.215435,40.623574,0
                  9.215479,40.62357,0
                  9.215526,40.623569,0
                  9.21565,40.623569,0
                  9.215695,40.62357,0
                  9.215739,40.623574,0
                  9.215783,40.62358,0
                  9.215825,40.623588,0
                  9.215867,40.623598,0
                  9.215908,40.623611,0
                  9.215949,40.623626,0
                  9.215988,40.623644,0
                  9.216027,40.623664,0
                  9.216065,40.623686,0
                  9.216101,40.623709,0
                  9.216134,40.623734,0
                  9.216165,40.62376,0
                  9.216192,40.623787,0
                  9.216217,40.623815,0
                  9.216239,40.623844,0
                  9.216259,40.623874,0
                  9.216275,40.623905,0
                  9.216289,40.623938,0
                  9.2163,40.623971,0
                  9.216625,40.62513,0
                </coordinates>
              </LinearRing>
            </outerBoundaryIs>
            <innerBoundaryIs>
              <LinearRing>
                <tessellate>1</tessellate>
                <coordinates>
                  9.216008,40.624505,0
                  9.216002,40.624507,0
                  9.215994,40.624508,0
                  9.215983,40.624509,0
                  9.215971,40.624509,0
                  9.215956,40.62451,0
                  9.215939,40.62451,0
                  9.21592,40.624511,0
                  9.215898,40.624511,0
                  9.215875,40.624511,0
                  9.215834,40.624511,0
                  9.215806,40.62451,0
                  9.215781,40.624506,0
                  9.215758,40.6245,0
                  9.215737,40.624492,0
                  9.215719,40.624481,0
                  9.215702,40.624468,0
                  9.215688,40.624452,0
                  9.215675,40.624434,0
                  9.215665,40.624413,0
                  9.215657,40.62439,0
                  9.215535,40.62395,0
                  9.215533,40.623941,0
                  9.215532,40.623933,0
                  9.215531,40.623924,0
                  9.215532,40.623916,0
                  9.215533,40.623909,0
                  9.215535,40.623901,0
                  9.215538,40.623894,0
                  9.215542,40.623887,0
                  9.215547,40.62388,0
                  9.215553,40.623873,0
                  9.215559,40.623867,0
                  9.215566,40.623861,0
                  9.215574,40.623856,0
                  9.215582,40.623852,0
                  9.21559,40.623848,0
                  9.215599,40.623845,0
                  9.215609,40.623843,0
                  9.215619,40.623841,0
                  9.215629,40.62384,0
                  9.21564,40.62384,0
                  9.215686,40.62384,0
                  9.215698,40.62384,0
                  9.215709,40.623841,0
                  9.21572,40.623843,0
                  9.215731,40.623845,0
                  9.215741,40.623848,0
                  9.215752,40.623852,0
                  9.215763,40.623856,0
                  9.215773,40.623861,0
                  9.215783,40.623867,0
                  9.215794,40.623873,0
                  9.215803,40.62388,0
                  9.215812,40.623887,0
                  9.215821,40.623894,0
                  9.215828,40.623902,0
                  9.215835,40.623909,0
                  9.21584,40.623917,0
                  9.215846,40.623925,0
                  9.21585,40.623933,0
                  9.215853,40.623941,0
                  9.215856,40.62395,0
                  9.216011,40.624504,0
                  9.216008,40.624505,0
                </coordinates>
              </LinearRing>
            </innerBoundaryIs>
          </Polygon>
          <Polygon>
            <outerBoundaryIs>
              <LinearRing>
                <tessellate>1</tessellate>
                <coordinates>
                  9.212398,40.62513,0
                  9.210975,40.62513,0
                  9.210891,40.624828,0
                  9.211374,40.624828,0
                  9.211028,40.623594,0
                  9.211486,40.623594,0
                  9.211832,40.624828,0
                  9.212314,40.624828,0
                  9.212398,40.62513,0
                </coordinates>
              </LinearRing>
            </outerBoundaryIs>
          </Polygon>
          <Polygon>
            <outerBoundaryIs>
              <LinearRing>
                <tessellate>1</tessellate>
                <coordinates>
                  9.214864,40.624379,0
                  9.214872,40.624412,0
                  9.214876,40.624445,0
                  9.214877,40.624476,0
                  9.214874,40.624506,0
                  9.214869,40.624535,0
                  9.214859,40.624563,0
                  9.214846,40.62459,0
                  9.21483,40.624616,0
                  9.214811,40.624641,0
                  9.214788,40.624664,0
                  9.214762,40.624687,0
                  9.214734,40.624706,0
                  9.214704,40.624724,0
                  9.214672,40.624739,0
                  9.214639,40.624752,0
                  9.214603,40.624762,0
                  9.214565,40.62477,0
                  9.214525,40.624776,0
                  9.214483,40.62478,0
                  9.214439,40.624781,0
                  9.214315,40.624781,0
                  9.214271,40.62478,0
                  9.214227,40.624776,0
                  9.214184,40.62477,0
                  9.214142,40.624762,0
                  9.2141,40.624752,0
                  9.214059,40.624739,0
                  9.214019,40.624724,0
                  9.213979,40.624706,0
                  9.21394,40.624687,0
                  9.213902,40.624664,0
                  9.213866,40.624641,0
                  9.213832,40.624616,0
                  9.213801,40.62459,0
                  9.213773,40.624563,0
                  9.213748,40.624535,0
                  9.213726,40.624506,0
                  9.213706,40.624476,0
                  9.21369,40.624445,0
                  9.213676,40.624412,0
                  9.213665,40.624379,0
                  9.213445,40.623594,0
                  9.213885,40.623594,0
                  9.214109,40.624394,0
                  9.214112,40.624403,0
                  9.214115,40.624411,0
                  9.21412,40.62442,0
                  9.214125,40.624428,0
                  9.214131,40.624435,0
                  9.214137,40.624443,0
                  9.214145,40.62445,0
                  9.214153,40.624458,0
                  9.214162,40.624464,0
                  9.214171,40.624471,0
                  9.214181,40.624477,0
                  9.214191,40.624483,0
                  9.214201,40.624488,0
                  9.214212,40.624492,0
                  9.214222,40.624496,0
                  9.214233,40.624499,0
                  9.214244,40.624501,0
                  9.214255,40.624503,0
                  9.214266,40.624504,0
                  9.214277,40.624504,0
                  9.214323,40.624504,0
                  9.214334,40.624504,0
                  9.214345,40.624503,0
                  9.214355,40.624501,0
                  9.214364,40.624499,0
                  9.214373,40.624496,0
                  9.214382,40.624492,0
                  9.21439,40.624488,0
                  9.214397,40.624483,0
                  9.214404,40.624477,0
                  9.214411,40.624471,0
                  9.214416,40.624464,0
                  9.214421,40.624457,0
                  9.214425,40.62445,0
                  9.214429,40.624442,0
                  9.214431,40.624435,0
                  9.214432,40.624427,0
                  9.214433,40.624419,0
                  9.214433,40.624411,0
                  9.214432,40.624403,0
                  9.21443,40.624394,0
                  9.214206,40.623594,0
                  9.214644,40.623594,0
                  9.214864,40.624379,0
                </coordinates>
              </LinearRing>
            </outerBoundaryIs>
          </Polygon>
          <Polygon>
            <outerBoundaryIs>
              <LinearRing>
                <tessellate>1</tessellate>
                <coordinates>
                  9.217927,40.624388,0
                  9.217936,40.624423,0
                  9.217941,40.624455,0
                  9.217943,40.624487,0
                  9.217943,40.624517,0
                  9.217939,40.624546,0
                  9.217932,40.624573,0
                  9.217923,40.624599,0
                  9.21791,40.624624,0
                  9.217895,40.624647,0
                  9.217876,40.624669,0
                  9.217853,40.62469,0
                  9.217828,40.624709,0
                  9.217799,40.624726,0
                  9.217768,40.62474,0
                  9.217734,40.624753,0
                  9.217696,40.624763,0
                  9.217657,40.624771,0
                  9.217614,40.624776,0
                  9.217568,40.62478,0
                  9.217519,40.624781,0
                  9.217358,40.624781,0
                  9.217306,40.62478,0
                  9.217257,40.624778,0
                  9.217208,40.624775,0
                  9.217162,40.62477,0
                  9.217117,40.624764,0
                  9.217073,40.624756,0
                  9.217031,40.624747,0
                  9.216991,40.624737,0
                  9.216953,40.624726,0
                  9.216915,40.624713,0
                  9.21696,40.624476,0
                  9.216989,40.624486,0
                  9.217019,40.624494,0
                  9.217049,40.624502,0
                  9.217081,40.624509,0
                  9.217113,40.624514,0
                  9.217146,40.624519,0
                  9.21718,40.624522,0
                  9.217215,40.624525,0
                  9.21725,40.624527,0
                  9.217287,40.624527,0
                  9.217371,40.624527,0
                  9.2174,40.624526,0
                  9.217426,40.624522,0
                  9.217447,40.624516,0
                  9.217465,40.624507,0
                  9.217479,40.624496,0
                  9.217489,40.624482,0
                  9.217496,40.624466,0
                  9.217498,40.624447,0
                  9.217497,40.624426,0
                  9.217492,40.624402,0
                  9.217472,40.62433,0
                  9.217466,40.624331,0
                  9.217459,40.624332,0
                  9.21745,40.624333,0
                  9.217439,40.624334,0
                  9.217426,40.624335,0
                  9.217411,40.624335,0
                  9.217395,40.624336,0
                  9.217377,40.624336,0
                  9.217357,40.624336,0
                  9.217335,40.624336,0
                  9.217222,40.624336,0
                  9.217172,40.624335,0
                  9.217123,40.624332,0
                  9.217076,40.624327,0
                  9.217032,40.624319,0
                  9.216989,40.624309,0
                  9.216948,40.624297,0
                  9.216909,40.624283,0
                  9.216871,40.624267,0
                  9.216836,40.624249,0
                  9.216802,40.624228,0
                  9.216774,40.624209,0
                  9.216748,40.624187,0
                  9.216724,40.624165,0
                  9.216701,40.624141,0
                  9.216681,40.624116,0
                  9.216663,40.62409,0
                  9.216647,40.624062,0
                  9.216633,40.624033,0
                  9.21662,40.624002,0
                  9.21661,40.623971,0
                  9.216601,40.623933,0
                  9.216595,40.623896,0
                  9.216593,40.623861,0
                  9.216594,40.623829,0
                  9.216599,40.623798,0
                  9.216607,40.623769,0
                  9.216619,40.623741,0
                  9.216634,40.623716,0
                  9.216652,40.623692,0
                  9.216675,40.62367,0
                  9.216699,40.623651,0
                  9.216726,40.623634,0
                  9.216755,40.623619,0
                  9.216787,40.623606,0
                  9.216822,40.623594,0
                  9.216859,40.623585,0
                  9.216899,40.623578,0
                  9.216942,40.623573,0
                  9.216987,40.62357,0
                  9.217035,40.623569,0
                  9.217188,40.623569,0
                  9.217233,40.62357,0
                  9.217277,40.623573,0
                  9.217319,40.623579,0
                  9.217361,40.623586,0
                  9.217401,40.623595,0
                  9.21744,40.623607,0
                  9.217478,40.623621,0
                  9.217515,40.623636,0
                  9.217551,40.623654,0
                  9.217586,40.623674,0
                  9.217619,40.623696,0
                  9.217649,40.623719,0
                  9.217677,40.623743,0
                  9.217703,40.623768,0
                  9.217726,40.623795,0
                  9.217746,40.623823,0
                  9.217764,40.623852,0
                  9.21778,40.623883,0
                  9.217793,40.623915,0
                  9.217804,40.623948,0
                  9.217927,40.624388,0
                </coordinates>
              </LinearRing>
            </outerBoundaryIs>
            <innerBoundaryIs>
              <LinearRing>
                <tessellate>1</tessellate>
                <coordinates>
                  9.217398,40.62408,0
                  9.217392,40.624081,0
                  9.217384,40.624082,0
                  9.217374,40.624083,0
                  9.217361,40.624084,0
                  9.217347,40.624085,0
                  9.21733,40.624085,0
                  9.21731,40.624085,0
                  9.217289,40.624086,0
                  9.217265,40.624086,0
                  9.217219,40.624086,0
                  9.217193,40.624085,0
                  9.217169,40.624081,0
                  9.217147,40.624076,0
                  9.217127,40.624068,0
                  9.217109,40.624058,0
                  9.217093,40.624046,0
                  9.217079,40.624031,0
                  9.217068,40.624015,0
                  9.217058,40.623996,0
                  9.217051,40.623975,0
                  9.217042,40.623944,0
                  9.21704,40.623935,0
                  9.217039,40.623926,0
                  9.217039,40.623918,0
                  9.217039,40.62391,0
                  9.217041,40.623902,0
                  9.217043,40.623894,0
                  9.217046,40.623887,0
                  9.21705,40.623879,0
                  9.217055,40.623872,0
                  9.217061,40.623865,0
                  9.217067,40.623859,0
                  9.217074,40.623853,0
                  9.217082,40.623848,0
                  9.21709,40.623844,0
                  9.217098,40.62384,0
                  9.217107,40.623837,0
                  9.217117,40.623835,0
                  9.217127,40.623833,0
                  9.217137,40.623832,0
                  9.217148,40.623832,0
                  9.217194,40.623832,0
                  9.217221,40.623833,0
                  9.217245,40.623836,0
                  9.217268,40.623842,0
                  9.217288,40.623849,0
                  9.217306,40.623859,0
                  9.217321,40.623871,0
                  9.217335,40.623885,0
                  9.217346,40.623901,0
                  9.217356,40.623919,0
                  9.217363,40.62394,0
                  9.217401,40.624079,0
                  9.217398,40.62408,0
                </coordinates>
              </LinearRing>
            </innerBoundaryIs>
          </Polygon>
          <Polygon>
            <outerBoundaryIs>
              <LinearRing>
                <tessellate>1</tessellate>
                <coordinates>
                  9.213318,40.624388,0
                  9.213326,40.624423,0
                  9.213331,40.624455,0
                  9.213334,40.624487,0
                  9.213333,40.624517,0
                  9.213329,40.624546,0
                  9.213323,40.624573,0
                  9.213313,40.624599,0
                  9.213301,40.624624,0
                  9.213285,40.624647,0
                  9.213266,40.624669,0
                  9.213244,40.62469,0
                  9.213218,40.624709,0
                  9.21319,40.624726,0
                  9.213158,40.62474,0
                  9.213124,40.624753,0
                  9.213087,40.624763,0
                  9.213047,40.624771,0
                  9.213004,40.624776,0
                  9.212958,40.62478,0
                  9.21291,40.624781,0
                  9.212748,40.624781,0
                  9.212697,40.62478,0
                  9.212647,40.624778,0
                  9.212599,40.624775,0
                  9.212552,40.62477,0
                  9.212507,40.624764,0
                  9.212464,40.624756,0
                  9.212422,40.624747,0
                  9.212382,40.624737,0
                  9.212343,40.624726,0
                  9.212306,40.624713,0
                  9.212351,40.624476,0
                  9.212379,40.624486,0
                  9.212409,40.624494,0
                  9.21244,40.624502,0
                  9.212471,40.624509,0
                  9.212503,40.624514,0
                  9.212536,40.624519,0
                  9.21257,40.624522,0
                  9.212605,40.624525,0
                  9.212641,40.624527,0
                  9.212677,40.624527,0
                  9.212761,40.624527,0
                  9.212791,40.624526,0
                  9.212816,40.624522,0
                  9.212838,40.624516,0
                  9.212856,40.624507,0
                  9.21287,40.624496,0
                  9.21288,40.624482,0
                  9.212886,40.624466,0
                  9.212889,40.624447,0
                  9.212887,40.624426,0
                  9.212882,40.624402,0
                  9.212862,40.62433,0
                  9.212857,40.624331,0
                  9.212849,40.624332,0
                  9.21284,40.624333,0
                  9.212829,40.624334,0
                  9.212816,40.624335,0
                  9.212802,40.624335,0
                  9.212785,40.624336,0
                  9.212767,40.624336,0
                  9.212747,40.624336,0
                  9.212726,40.624336,0
                  9.212612,40.624336,0
                  9.212562,40.624335,0
                  9.212514,40.624332,0
                  9.212467,40.624327,0
                  9.212422,40.624319,0
                  9.212379,40.624309,0
                  9.212338,40.624297,0
                  9.212299,40.624283,0
                  9.212262,40.624267,0
                  9.212226,40.624249,0
                  9.212193,40.624228,0
                  9.212164,40.624209,0
                  9.212138,40.624187,0
                  9.212114,40.624165,0
                  9.212092,40.624141,0
                  9.212072,40.624116,0
                  9.212053,40.62409,0
                  9.212037,40.624062,0
                  9.212023,40.624033,0
                  9.212011,40.624002,0
                  9.212001,40.623971,0
                  9.211991,40.623933,0
                  9.211985,40.623896,0
                  9.211983,40.623861,0
                  9.211984,40.623829,0
                  9.211989,40.623798,0
                  9.211997,40.623769,0
                  9.212009,40.623741,0
                  9.212024,40.623716,0
                  9.212043,40.623692,0
                  9.212065,40.62367,0
                  9.212089,40.623651,0
                  9.212116,40.623634,0
                  9.212146,40.623619,0
                  9.212178,40.623606,0
                  9.212212,40.623594,0
                  9.21225,40.623585,0
                  9.21229,40.623578,0
                  9.212332,40.623573,0
                  9.212378,40.62357,0
                  9.212426,40.623569,0
                  9.212578,40.623569,0
                  9.212623,40.62357,0
                  9.212667,40.623573,0
                  9.21271,40.623579,0
                  9.212751,40.623586,0
                  9.212792,40.623595,0
                  9.212831,40.623607,0
                  9.212869,40.623621,0
                  9.212906,40.623636,0
                  9.212942,40.623654,0
                  9.212976,40.623674,0
                  9.213009,40.623696,0
                  9.21304,40.623719,0
                  9.213067,40.623743,0
                  9.213093,40.623768,0
                  9.213116,40.623795,0
                  9.213137,40.623823,0
                  9.213155,40.623852,0
                  9.21317,40.623883,0
                  9.213183,40.623915,0
                  9.213194,40.623948,0
                  9.213318,40.624388,0
                </coordinates>
              </LinearRing>
            </outerBoundaryIs>
            <innerBoundaryIs>
              <LinearRing>
                <tessellate>1</tessellate>
                <coordinates>
                  9.212788,40.62408,0
                  9.212782,40.624081,0
                  9.212774,40.624082,0
                  9.212764,40.624083,0
                  9.212752,40.624084,0
                  9.212737,40.624085,0
                  9.21272,40.624085,0
                  9.212701,40.624085,0
                  9.21268,40.624086,0
                  9.212656,40.624086,0
                  9.21261,40.624086,0
                  9.212584,40.624085,0
                  9.212559,40.624081,0
                  9.212537,40.624076,0
                  9.212517,40.624068,0
                  9.212499,40.624058,0
                  9.212484,40.624046,0
                  9.21247,40.624031,0
                  9.212458,40.624015,0
                  9.212449,40.623996,0
                  9.212441,40.623975,0
                  9.212432,40.623944,0
                  9.21243,40.623935,0
                  9.212429,40.623926,0
                  9.212429,40.623918,0
                  9.21243,40.62391,0
                  9.212431,40.623902,0
                  9.212433,40.623894,0
                  9.212437,40.623887,0
                  9.212441,40.623879,0
                  9.212446,40.623872,0
                  9.212451,40.623865,0
                  9.212458,40.623859,0
                  9.212465,40.623853,0
                  9.212472,40.623848,0
                  9.21248,40.623844,0
                  9.212489,40.62384,0
                  9.212498,40.623837,0
                  9.212507,40.623835,0
                  9.212517,40.623833,0
                  9.212528,40.623832,0
                  9.212539,40.623832,0
                  9.212585,40.623832,0
                  9.212611,40.623833,0
                  9.212636,40.623836,0
                  9.212658,40.623842,0
                  9.212678,40.623849,0
                  9.212696,40.623859,0
                  9.212712,40.623871,0
                  9.212725,40.623885,0
                  9.212737,40.623901,0
                  9.212746,40.623919,0
                  9.212753,40.62394,0
                  9.212791,40.624079,0
                  9.212788,40.62408,0
                </coordinates>
              </LinearRing>
            </innerBoundaryIs>
          </Polygon>
          <Polygon>
            <outerBoundaryIs>
              <LinearRing>
                <tessellate>1</tessellate>
                <coordinates>
                  9.220296,40.624379,0
                  9.220304,40.624412,0
                  9.220308,40.624445,0
                  9.220309,40.624476,0
                  9.220306,40.624506,0
                  9.220301,40.624535,0
                  9.220291,40.624563,0
                  9.220278,40.62459,0
                  9.220262,40.624616,0
                  9.220243,40.624641,0
                  9.22022,40.624664,0
                  9.220194,40.624687,0
                  9.220166,40.624706,0
                  9.220136,40.624724,0
                  9.220104,40.624739,0
                  9.220071,40.624752,0
                  9.220035,40.624762,0
                  9.219997,40.62477,0
                  9.219957,40.624776,0
                  9.219915,40.62478,0
                  9.219871,40.624781,0
                  9.219747,40.624781,0
                  9.219703,40.62478,0
                  9.219659,40.624776,0
                  9.219616,40.62477,0
                  9.219574,40.624762,0
                  9.219532,40.624752,0
                  9.219491,40.624739,0
                  9.219451,40.624724,0
                  9.219411,40.624706,0
                  9.219372,40.624687,0
                  9.219334,40.624664,0
                  9.219298,40.624641,0
                  9.219264,40.624616,0
                  9.219233,40.62459,0
                  9.219205,40.624563,0
                  9.21918,40.624535,0
                  9.219158,40.624506,0
                  9.219138,40.624476,0
                  9.219122,40.624445,0
                  9.219108,40.624412,0
                  9.219097,40.624379,0
                  9.218983,40.623971,0
                  9.218975,40.623938,0
                  9.218971,40.623905,0
                  9.21897,40.623874,0
                  9.218972,40.623844,0
                  9.218978,40.623815,0
                  9.218988,40.623787,0
                  9.219001,40.62376,0
                  9.219017,40.623734,0
                  9.219037,40.623709,0
                  9.21906,40.623686,0
                  9.219086,40.623664,0
                  9.219113,40.623644,0
                  9.219143,40.623626,0
                  9.219175,40.623611,0
                  9.219209,40.623598,0
                  9.219245,40.623588,0
                  9.219282,40.62358,0
                  9.219322,40.623574,0
                  9.219364,40.62357,0
                  9.219408,40.623569,0
                  9.219531,40.623569,0
                  9.219576,40.62357,0
                  9.21962,40.623574,0
                  9.219663,40.62358,0
                  9.219706,40.623588,0
                  9.219747,40.623598,0
                  9.219788,40.623611,0
                  9.219829,40.623626,0
                  9.219868,40.623644,0
                  9.219907,40.623664,0
                  9.219945,40.623686,0
                  9.219982,40.623709,0
                  9.220015,40.623734,0
                  9.220046,40.62376,0
                  9.220074,40.623787,0
                  9.220099,40.623815,0
                  9.220121,40.623844,0
                  9.22014,40.623874,0
                  9.220157,40.623905,0
                  9.220171,40.623938,0
                  9.220181,40.623971,0
                  9.220296,40.624379,0
                </coordinates>
              </LinearRing>
            </outerBoundaryIs>
            <innerBoundaryIs>
              <LinearRing>
                <tessellate>1</tessellate>
                <coordinates>
                  9.219865,40.624407,0
                  9.219867,40.624416,0
                  9.219867,40.624424,0
                  9.219866,40.624432,0
                  9.219865,40.62444,0
                  9.219863,40.624448,0
                  9.21986,40.624456,0
                  9.219855,40.624463,0
                  9.21985,40.62447,0
                  9.219845,40.624477,0
                  9.219838,40.624484,0
                  9.219831,40.624489,0
                  9.219823,40.624494,0
                  9.219815,40.624499,0
                  9.219807,40.624503,0
                  9.219798,40.624506,0
                  9.219788,40.624508,0
                  9.219778,40.62451,0
                  9.219768,40.624511,0
                  9.219756,40.624511,0
                  9.21971,40.624511,0
                  9.219699,40.624511,0
                  9.219688,40.62451,0
                  9.219677,40.624508,0
                  9.219666,40.624506,0
                  9.219656,40.624503,0
                  9.219645,40.624499,0
                  9.219635,40.624494,0
                  9.219624,40.624489,0
                  9.219614,40.624484,0
                  9.219604,40.624477,0
                  9.219595,40.62447,0
                  9.219586,40.624463,0
                  9.219578,40.624456,0
                  9.219571,40.624448,0
                  9.219564,40.62444,0
                  9.219558,40.624432,0
                  9.219553,40.624424,0
                  9.219549,40.624416,0
                  9.219545,40.624407,0
                  9.219542,40.624398,0
                  9.219417,40.62395,0
                  9.219415,40.623941,0
                  9.219413,40.623933,0
                  9.219413,40.623924,0
                  9.219413,40.623916,0
                  9.219415,40.623909,0
                  9.219417,40.623901,0
                  9.21942,40.623894,0
                  9.219424,40.623887,0
                  9.219429,40.62388,0
                  9.219435,40.623873,0
                  9.219441,40.623867,0
                  9.219448,40.623861,0
                  9.219456,40.623856,0
                  9.219464,40.623852,0
                  9.219472,40.623848,0
                  9.219481,40.623845,0
                  9.219491,40.623843,0
                  9.219501,40.623841,0
                  9.219511,40.62384,0
                  9.219522,40.62384,0
                  9.219568,40.62384,0
                  9.21958,40.62384,0
                  9.219591,40.623841,0
                  9.219602,40.623843,0
                  9.219613,40.623845,0
                  9.219623,40.623848,0
                  9.219634,40.623852,0
                  9.219645,40.623856,0
                  9.219655,40.623861,0
                  9.219665,40.623867,0
                  9.219676,40.623873,0
                  9.219685,40.62388,0
                  9.219694,40.623887,0
                  9.219702,40.623894,0
                  9.21971,40.623902,0
                  9.219716,40.623909,0
                  9.219722,40.623917,0
                  9.219727,40.623925,0
                  9.219732,40.623933,0
                  9.219735,40.623941,0
                  9.219738,40.62395,0
                  9.219863,40.624398,0
                  9.219865,40.624407,0
                </coordinates>
              </LinearRing>
            </innerBoundaryIs>
          </Polygon>
          <Polygon>
            <outerBoundaryIs>
              <LinearRing>
                <tessellate>1</tessellate>
                <coordinates>
                  9.218721,40.623873,0
                  9.218713,40.623873,0
                  9.218706,40.623873,0
                  9.218699,40.623874,0
                  9.218692,40.623874,0
                  9.218685,40.623875,0
                  9.218679,40.623876,0
                  9.218673,40.623877,0
                  9.218668,40.623878,0
                  9.218663,40.623879,0
                  9.218658,40.62388,0
                  9.218647,40.623882,0
                  9.218638,40.623886,0
                  9.218629,40.623889,0
                  9.218622,40.623894,0
                  9.218615,40.623899,0
                  9.21861,40.623905,0
                  9.218605,40.623911,0
                  9.218602,40.623919,0
                  9.2186,40.623926,0
                  9.218598,40.623935,0
                  9.218598,40.62394,0
                  9.218598,40.623945,0
                  9.218599,40.623952,0
                  9.2186,40.623959,0
                  9.218601,40.623967,0
                  9.218602,40.623976,0
                  9.218604,40.623985,0
                  9.218607,40.623995,0
                  9.21861,40.624006,0
                  9.218613,40.624018,0
                  9.218925,40.62513,0
                  9.218485,40.62513,0
                  9.218167,40.623993,0
                  9.218156,40.623952,0
                  9.218149,40.623913,0
                  9.218144,40.623877,0
                  9.218142,40.623843,0
                  9.218143,40.623812,0
                  9.218146,40.623783,0
                  9.218153,40.623756,0
                  9.218162,40.623732,0
                  9.218174,40.62371,0
                  9.218189,40.623691,0
                  9.218212,40.62367,0
                  9.218239,40.62365,0
                  9.218272,40.623633,0
                  9.218309,40.623619,0
                  9.218352,40.623607,0
                  9.218399,40.623597,0
                  9.218452,40.62359,0
                  9.218509,40.623585,0
                  9.218572,40.623582,0
                  9.218639,40.623582,0
                  9.218721,40.623873,0
                </coordinates>
              </LinearRing>
            </outerBoundaryIs>
          </Polygon>
          <Polygon>
            <outerBoundaryIs>
              <LinearRing>
                <tessellate>1</tessellate>
                <coordinates>
                  9.220024,40.625376,0
                  9.219625,40.625271,0
                  9.219842,40.62491,0
                  9.220156,40.624993,0
                  9.220024,40.625376,0
                </coordinates>
              </LinearRing>
            </outerBoundaryIs>
          </Polygon>
          <Polygon>
            <outerBoundaryIs>
              <LinearRing>
                <tessellate>1</tessellate>
                <coordinates>
                  9.212402,40.622848,0
                  9.212412,40.62289,0
                  9.212417,40.62293,0
                  9.212417,40.622969,0
                  9.212414,40.623006,0
                  9.212405,40.623041,0
                  9.212392,40.623074,0
                  9.212375,40.623106,0
                  9.212353,40.623136,0
                  9.212327,40.623165,0
                  9.212297,40.623192,0
                  9.212264,40.623215,0
                  9.212229,40.623236,0
                  9.212191,40.623255,0
                  9.21215,40.623271,0
                  9.212106,40.623285,0
                  9.21206,40.623296,0
                  9.21201,40.623305,0
                  9.211958,40.623311,0
                  9.211903,40.623315,0
                  9.211845,40.623316,0
                  9.21177,40.623316,0
                  9.211714,40.623315,0
                  9.21166,40.623311,0
                  9.211606,40.623305,0
                  9.211554,40.623296,0
                  9.211503,40.623284,0
                  9.211454,40.62327,0
                  9.211405,40.623253,0
                  9.211358,40.623233,0
                  9.211312,40.623211,0
                  9.211268,40.623187,0
                  9.211225,40.623159,0
                  9.211185,40.62313,0
                  9.211148,40.6231,0
                  9.211115,40.623068,0
                  9.211085,40.623034,0
                  9.211058,40.622999,0
                  9.211035,40.622963,0
                  9.211015,40.622925,0
                  9.210998,40.622885,0
                  9.210985,40.622844,0
                  9.210679,40.621753,0
                  9.211139,40.621753,0
                  9.211283,40.622269,0
                  9.21139,40.62227,0
                  9.211491,40.622275,0
                  9.211587,40.622283,0
                  9.211678,40.622295,0
                  9.211763,40.622309,0
                  9.211842,40.622327,0
                  9.211916,40.622348,0
                  9.211985,40.622373,0
                  9.212048,40.622401,0
                  9.212106,40.622431,0
                  9.212147,40.622458,0
                  9.212186,40.622487,0
                  9.212221,40.622518,0
                  9.212254,40.622551,0
                  9.212284,40.622587,0
                  9.212311,40.622625,0
                  9.212335,40.622666,0
                  9.212356,40.622709,0
                  9.212374,40.622754,0
                  9.212389,40.622801,0
                  9.212402,40.622848,0
                </coordinates>
              </LinearRing>
            </outerBoundaryIs>
            <innerBoundaryIs>
              <LinearRing>
                <tessellate>1</tessellate>
                <coordinates>
                  9.21194,40.622842,0
                  9.211943,40.622856,0
                  9.211944,40.62287,0
                  9.211945,40.622884,0
                  9.211944,40.622896,0
                  9.211942,40.622909,0
                  9.211938,40.622921,0
                  9.211934,40.622932,0
                  9.211928,40.622943,0
                  9.211922,40.622953,0
                  9.211913,40.622964,0
                  9.211902,40.622974,0
                  9.21189,40.622983,0
                  9.211877,40.622991,0
                  9.211863,40.622997,0
                  9.211847,40.623002,0
                  9.21183,40.623006,0
                  9.211812,40.623009,0
                  9.211793,40.623011,0
                  9.211772,40.623012,0
                  9.211723,40.623012,0
                  9.211703,40.623011,0
                  9.211683,40.62301,0
                  9.211663,40.623007,0
                  9.211645,40.623003,0
                  9.211626,40.622999,0
                  9.211608,40.622993,0
                  9.211591,40.622986,0
                  9.211574,40.622979,0
                  9.211557,40.62297,0
                  9.211541,40.62296,0
                  9.211526,40.622949,0
                  9.211512,40.622938,0
                  9.211499,40.622927,0
                  9.211487,40.622915,0
                  9.211477,40.622902,0
                  9.211467,40.622889,0
                  9.211459,40.622876,0
                  9.211452,40.622862,0
                  9.211446,40.622848,0
                  9.211441,40.622833,0
                  9.211365,40.622559,0
                  9.211391,40.622559,0
                  9.211417,40.62256,0
                  9.211441,40.62256,0
                  9.211464,40.622561,0
                  9.211487,40.622561,0
                  9.211508,40.622562,0
                  9.211528,40.622563,0
                  9.211548,40.622564,0
                  9.211566,40.622566,0
                  9.211583,40.622567,0
                  9.211639,40.622574,0
                  9.211689,40.622585,0
                  9.211735,40.622599,0
                  9.211776,40.622615,0
                  9.211813,40.622635,0
                  9.211844,40.622659,0
                  9.211871,40.622685,0
                  9.211894,40.622715,0
                  9.211911,40.622748,0
                  9.211924,40.622784,0
                  9.211936,40.622827,0
                  9.21194,40.622842,0
                </coordinates>
              </LinearRing>
            </innerBoundaryIs>
          </Polygon>
          <Polygon>
            <outerBoundaryIs>
              <LinearRing>
                <tessellate>1</tessellate>
                <coordinates>
                  9.221221,40.621753,0
                  9.221161,40.621827,0
                  9.221106,40.621896,0
                  9.221055,40.621961,0
                  9.221008,40.622021,0
                  9.220965,40.622078,0
                  9.220927,40.62213,0
                  9.220893,40.622178,0
                  9.220864,40.622221,0
                  9.220838,40.622261,0
                  9.220817,40.622296,0
                  9.220814,40.622301,0
                  9.220812,40.622306,0
                  9.22081,40.62231,0
                  9.220809,40.622315,0
                  9.220808,40.62232,0
                  9.220807,40.622325,0
                  9.220807,40.62233,0
                  9.220807,40.622334,0
                  9.220808,40.622339,0
                  9.220809,40.622344,0
                  9.220811,40.622348,0
                  9.220813,40.622353,0
                  9.220815,40.622358,0
                  9.220818,40.622363,0
                  9.220821,40.622368,0
                  9.220825,40.622372,0
                  9.220829,40.622377,0
                  9.220834,40.622382,0
                  9.220839,40.622387,0
                  9.220845,40.622392,0
                  9.220894,40.622433,0
                  9.220947,40.622477,0
                  9.221004,40.622522,0
                  9.221064,40.622569,0
                  9.221128,40.622619,0
                  9.221196,40.62267,0
                  9.221267,40.622723,0
                  9.221342,40.622779,0
                  9.22142,40.622836,0
                  9.221503,40.622895,0
                  9.221017,40.622895,0
                  9.220939,40.622836,0
                  9.220866,40.62278,0
                  9.220798,40.622727,0
                  9.220735,40.622677,0
                  9.220677,40.622629,0
                  9.220624,40.622584,0
                  9.220576,40.622542,0
                  9.220532,40.622503,0
                  9.220494,40.622466,0
                  9.22046,40.622432,0
                  9.220459,40.622431,0
                  9.220457,40.62243,0
                  9.220456,40.622428,0
                  9.220454,40.622427,0
                  9.220452,40.622426,0
                  9.220449,40.622426,0
                  9.220447,40.622425,0
                  9.220444,40.622425,0
                  9.220441,40.622425,0
                  9.220438,40.622424,0
                  9.220434,40.622425,0
                  9.220431,40.622425,0
                  9.220428,40.622426,0
                  9.220426,40.622427,0
                  9.220425,40.622428,0
                  9.220423,40.62243,0
                  9.220423,40.622431,0
                  9.220422,40.622433,0
                  9.220423,40.622436,0
                  9.220424,40.622438,0
                  9.220431,40.622461,0
                  9.220439,40.622484,0
                  9.220447,40.622507,0
                  9.220454,40.62253,0
                  9.220461,40.622553,0
                  9.220469,40.622577,0
                  9.220476,40.6226,0
                  9.220483,40.622623,0
                  9.220489,40.622647,0
                  9.220496,40.62267,0
                  9.22067,40.623289,0
                  9.22023,40.623289,0
                  9.2198,40.621753,0
                  9.220239,40.621753,0
                  9.220301,40.621976,0
                  9.220306,40.621994,0
                  9.220311,40.622013,0
                  9.220317,40.622033,0
                  9.220322,40.622055,0
                  9.220328,40.622078,0
                  9.220334,40.622103,0
                  9.220339,40.622129,0
                  9.220345,40.622156,0
                  9.220352,40.622184,0
                  9.220358,40.622214,0
                  9.220359,40.622217,0
                  9.22036,40.622219,0
                  9.220361,40.622222,0
                  9.220363,40.622224,0
                  9.220365,40.622226,0
                  9.220368,40.622227,0
                  9.220371,40.622228,0
                  9.220375,40.622229,0
                  9.220379,40.62223,0
                  9.220383,40.62223,0
                  9.220386,40.62223,0
                  9.220388,40.622229,0
                  9.22039,40.622229,0
                  9.220392,40.622228,0
                  9.220394,40.622227,0
                  9.220396,40.622226,0
                  9.220397,40.622225,0
                  9.220398,40.622223,0
                  9.220399,40.622222,0
                  9.2204,40.62222,0
                  9.220413,40.62219,0
                  9.220429,40.622156,0
                  9.220449,40.622118,0
                  9.220473,40.622077,0
                  9.220501,40.622032,0
                  9.220533,40.621984,0
                  9.220568,40.621932,0
                  9.220608,40.621876,0
                  9.220651,40.621816,0
                  9.220697,40.621753,0
                  9.221221,40.621753,0
                </coordinates>
              </LinearRing>
            </outerBoundaryIs>
          </Polygon>
          <Polygon>
            <outerBoundaryIs>
              <LinearRing>
                <tessellate>1</tessellate>
                <coordinates>
                  9.215393,40.623289,0
                  9.214955,40.623289,0
                  9.214856,40.622936,0
                  9.214849,40.622937,0
                  9.21484,40.622937,0
                  9.21483,40.622938,0
                  9.214819,40.622938,0
                  9.214806,40.622939,0
                  9.214792,40.622939,0
                  9.214776,40.622939,0
                  9.214758,40.62294,0
                  9.21474,40.62294,0
                  9.214719,40.62294,0
                  9.214598,40.62294,0
                  9.214552,40.622939,0
                  9.214508,40.622935,0
                  9.214465,40.622929,0
                  9.214423,40.622921,0
                  9.214382,40.622911,0
                  9.214342,40.622898,0
                  9.214304,40.622883,0
                  9.214266,40.622866,0
                  9.21423,40.622846,0
                  9.214195,40.622824,0
                  9.214164,40.622801,0
                  9.214135,40.622777,0
                  9.214108,40.622752,0
                  9.214083,40.622725,0
                  9.214061,40.622697,0
                  9.214041,40.622668,0
                  9.214023,40.622637,0
                  9.214008,40.622606,0
                  9.213995,40.622573,0
                  9.213984,40.622538,0
                  9.213869,40.62213,0
                  9.213861,40.622095,0
                  9.213856,40.622061,0
                  9.213854,40.622029,0
                  9.213856,40.621998,0
                  9.213861,40.621969,0
                  9.21387,40.62194,0
                  9.213882,40.621913,0
                  9.213897,40.621888,0
                  9.213916,40.621863,0
                  9.213938,40.62184,0
                  9.213962,40.621819,0
                  9.21399,40.6218,0
                  9.214019,40.621783,0
                  9.214051,40.621769,0
                  9.214086,40.621756,0
                  9.214123,40.621746,0
                  9.214162,40.621738,0
                  9.214204,40.621733,0
                  9.214248,40.621729,0
                  9.214294,40.621728,0
                  9.214418,40.621728,0
                  9.214463,40.621729,0
                  9.214507,40.621733,0
                  9.214551,40.621739,0
                  9.214594,40.621747,0
                  9.214635,40.621757,0
                  9.214677,40.62177,0
                  9.214717,40.621785,0
                  9.214756,40.621803,0
                  9.214795,40.621823,0
                  9.214833,40.621845,0
                  9.214869,40.621868,0
                  9.214902,40.621893,0
                  9.214933,40.621919,0
                  9.214961,40.621946,0
                  9.214986,40.621974,0
                  9.215008,40.622003,0
                  9.215027,40.622033,0
                  9.215043,40.622064,0
                  9.215057,40.622097,0
                  9.215068,40.62213,0
                  9.215393,40.623289,0
                </coordinates>
              </LinearRing>
            </outerBoundaryIs>
            <innerBoundaryIs>
              <LinearRing>
                <tessellate>1</tessellate>
                <coordinates>
                  9.214776,40.622665,0
                  9.21477,40.622666,0
                  9.214762,40.622667,0
                  9.214752,40.622668,0
                  9.214739,40.622668,0
                  9.214724,40.622669,0
                  9.214707,40.62267,0
                  9.214688,40.62267,0
                  9.214667,40.62267,0
                  9.214643,40.62267,0
                  9.214602,40.62267,0
                  9.214575,40.622669,0
                  9.21455,40.622665,0
                  9.214527,40.622659,0
                  9.214506,40.622651,0
                  9.214487,40.62264,0
                  9.21447,40.622627,0
                  9.214456,40.622611,0
                  9.214444,40.622593,0
                  9.214434,40.622572,0
                  9.214426,40.622549,0
                  9.214303,40.622109,0
                  9.214301,40.6221,0
                  9.2143,40.622092,0
                  9.214299,40.622083,0
                  9.2143,40.622075,0
                  9.214301,40.622068,0
                  9.214303,40.62206,0
                  9.214307,40.622053,0
                  9.214311,40.622046,0
                  9.214315,40.622039,0
                  9.214321,40.622032,0
                  9.214328,40.622026,0
                  9.214335,40.62202,0
                  9.214342,40.622015,0
                  9.21435,40.622011,0
                  9.214358,40.622007,0
                  9.214367,40.622004,0
                  9.214377,40.622002,0
                  9.214387,40.622,0
                  9.214398,40.621999,0
                  9.214409,40.621999,0
                  9.214455,40.621999,0
                  9.214466,40.621999,0
                  9.214477,40.622,0
                  9.214488,40.622002,0
                  9.214499,40.622004,0
                  9.21451,40.622007,0
                  9.21452,40.622011,0
                  9.214531,40.622015,0
                  9.214541,40.62202,0
                  9.214552,40.622026,0
                  9.214562,40.622032,0
                  9.214572,40.622039,0
                  9.214581,40.622046,0
                  9.214589,40.622053,0
                  9.214596,40.622061,0
                  9.214603,40.622068,0
                  9.214609,40.622076,0
                  9.214614,40.622084,0
                  9.214618,40.622092,0
                  9.214622,40.6221,0
                  9.214624,40.622109,0
                  9.21478,40.622663,0
                  9.214776,40.622665,0
                </coordinates>
              </LinearRing>
            </innerBoundaryIs>
          </Polygon>
          <Polygon>
            <outerBoundaryIs>
              <LinearRing>
                <tessellate>1</tessellate>
                <coordinates>
                  9.216956,40.623289,0
                  9.216518,40.623289,0
                  9.216419,40.622936,0
                  9.216412,40.622937,0
                  9.216404,40.622937,0
                  9.216394,40.622938,0
                  9.216382,40.622938,0
                  9.216369,40.622939,0
                  9.216355,40.622939,0
                  9.216339,40.622939,0
                  9.216322,40.62294,0
                  9.216303,40.62294,0
                  9.216282,40.62294,0
                  9.216161,40.62294,0
                  9.216116,40.622939,0
                  9.216071,40.622935,0
                  9.216028,40.622929,0
                  9.215986,40.622921,0
                  9.215945,40.622911,0
                  9.215905,40.622898,0
                  9.215867,40.622883,0
                  9.21583,40.622866,0
                  9.215794,40.622846,0
                  9.215759,40.622824,0
                  9.215727,40.622801,0
                  9.215698,40.622777,0
                  9.215671,40.622752,0
                  9.215647,40.622725,0
                  9.215624,40.622697,0
                  9.215604,40.622668,0
                  9.215586,40.622637,0
                  9.215571,40.622606,0
                  9.215558,40.622573,0
                  9.215547,40.622538,0
                  9.215432,40.62213,0
                  9.215424,40.622095,0
                  9.215419,40.622061,0
                  9.215418,40.622029,0
                  9.215419,40.621998,0
                  9.215425,40.621969,0
                  9.215433,40.62194,0
                  9.215445,40.621913,0
                  9.21546,40.621888,0
                  9.215479,40.621863,0
                  9.215501,40.62184,0
                  9.215526,40.621819,0
                  9.215553,40.6218,0
                  9.215583,40.621783,0
                  9.215615,40.621769,0
                  9.215649,40.621756,0
                  9.215686,40.621746,0
                  9.215725,40.621738,0
                  9.215767,40.621733,0
                  9.215811,40.621729,0
                  9.215857,40.621728,0
                  9.215981,40.621728,0
                  9.216026,40.621729,0
                  9.216071,40.621733,0
                  9.216114,40.621739,0
                  9.216157,40.621747,0
                  9.216199,40.621757,0
                  9.21624,40.62177,0
                  9.21628,40.621785,0
                  9.21632,40.621803,0
                  9.216358,40.621823,0
                  9.216396,40.621845,0
                  9.216432,40.621868,0
                  9.216466,40.621893,0
                  9.216496,40.621919,0
                  9.216524,40.621946,0
                  9.216549,40.621974,0
                  9.216571,40.622003,0
                  9.21659,40.622033,0
                  9.216607,40.622064,0
                  9.21662,40.622097,0
                  9.216631,40.62213,0
                  9.216956,40.623289,0
                </coordinates>
              </LinearRing>
            </outerBoundaryIs>
            <innerBoundaryIs>
              <LinearRing>
                <tessellate>1</tessellate>
                <coordinates>
                  9.216339,40.622665,0
                  9.216333,40.622666,0
                  9.216325,40.622667,0
                  9.216315,40.622668,0
                  9.216302,40.622668,0
                  9.216287,40.622669,0
                  9.21627,40.62267,0
                  9.216251,40.62267,0
                  9.21623,40.62267,0
                  9.216206,40.62267,0
                  9.216165,40.62267,0
                  9.216138,40.622669,0
                  9.216113,40.622665,0
                  9.21609,40.622659,0
                  9.216069,40.622651,0
                  9.21605,40.62264,0
                  9.216034,40.622627,0
                  9.216019,40.622611,0
                  9.216007,40.622593,0
                  9.215997,40.622572,0
                  9.215989,40.622549,0
                  9.215867,40.622109,0
                  9.215864,40.6221,0
                  9.215863,40.622092,0
                  9.215863,40.622083,0
                  9.215863,40.622075,0
                  9.215865,40.622068,0
                  9.215867,40.62206,0
                  9.21587,40.622053,0
                  9.215874,40.622046,0
                  9.215879,40.622039,0
                  9.215884,40.622032,0
                  9.215891,40.622026,0
                  9.215898,40.62202,0
                  9.215905,40.622015,0
                  9.215913,40.622011,0
                  9.215922,40.622007,0
                  9.215931,40.622004,0
                  9.21594,40.622002,0
                  9.21595,40.622,0
                  9.215961,40.621999,0
                  9.215972,40.621999,0
                  9.216018,40.621999,0
                  9.216029,40.621999,0
                  9.21604,40.622,0
                  9.216051,40.622002,0
                  9.216062,40.622004,0
                  9.216073,40.622007,0
                  9.216084,40.622011,0
                  9.216094,40.622015,0
                  9.216105,40.62202,0
                  9.216115,40.622026,0
                  9.216125,40.622032,0
                  9.216135,40.622039,0
                  9.216144,40.622046,0
                  9.216152,40.622053,0
                  9.21616,40.622061,0
                  9.216166,40.622068,0
                  9.216172,40.622076,0
                  9.216177,40.622084,0
                  9.216181,40.622092,0
                  9.216185,40.6221,0
                  9.216188,40.622109,0
                  9.216343,40.622663,0
                  9.216339,40.622665,0
                </coordinates>
              </LinearRing>
            </innerBoundaryIs>
          </Polygon>
          <Polygon>
            <outerBoundaryIs>
              <LinearRing>
                <tessellate>1</tessellate>
                <coordinates>
                  9.213636,40.622547,0
                  9.213644,40.622582,0
                  9.21365,40.622614,0
                  9.213652,40.622646,0
                  9.213651,40.622676,0
                  9.213648,40.622705,0
                  9.213641,40.622732,0
                  9.213632,40.622758,0
                  9.213619,40.622783,0
                  9.213603,40.622806,0
                  9.213585,40.622828,0
                  9.213562,40.622849,0
                  9.213537,40.622868,0
                  9.213508,40.622885,0
                  9.213477,40.6229,0
                  9.213442,40.622912,0
                  9.213405,40.622922,0
                  9.213365,40.62293,0
                  9.213323,40.622935,0
                  9.213277,40.622939,0
                  9.213228,40.62294,0
                  9.213066,40.62294,0
                  9.213015,40.622939,0
                  9.212965,40.622937,0
                  9.212917,40.622934,0
                  9.212871,40.622929,0
                  9.212826,40.622923,0
                  9.212782,40.622915,0
                  9.21274,40.622907,0
                  9.2127,40.622896,0
                  9.212661,40.622885,0
                  9.212624,40.622872,0
                  9.212669,40.622635,0
                  9.212698,40.622645,0
                  9.212728,40.622654,0
                  9.212758,40.622661,0
                  9.212789,40.622668,0
                  9.212822,40.622673,0
                  9.212855,40.622678,0
                  9.212889,40.622682,0
                  9.212923,40.622684,0
                  9.212959,40.622686,0
                  9.212995,40.622686,0
                  9.21308,40.622686,0
                  9.213109,40.622685,0
                  9.213135,40.622681,0
                  9.213156,40.622675,0
                  9.213174,40.622666,0
                  9.213188,40.622655,0
                  9.213198,40.622641,0
                  9.213205,40.622625,0
                  9.213207,40.622606,0
                  9.213206,40.622585,0
                  9.213201,40.622561,0
                  9.213181,40.622489,0
                  9.213175,40.622491,0
                  9.213168,40.622492,0
                  9.213159,40.622492,0
                  9.213148,40.622493,0
                  9.213135,40.622494,0
                  9.21312,40.622494,0
                  9.213104,40.622495,0
                  9.213086,40.622495,0
                  9.213066,40.622495,0
                  9.213044,40.622495,0
                  9.212931,40.622495,0
                  9.212881,40.622494,0
                  9.212832,40.622491,0
                  9.212785,40.622486,0
                  9.212741,40.622478,0
                  9.212698,40.622468,0
                  9.212657,40.622457,0
                  9.212617,40.622443,0
                  9.21258,40.622426,0
                  9.212545,40.622408,0
                  9.212511,40.622388,0
                  9.212483,40.622368,0
                  9.212457,40.622347,0
                  9.212433,40.622324,0
                  9.21241,40.6223,0
                  9.21239,40.622275,0
                  9.212372,40.622249,0
                  9.212356,40.622221,0
                  9.212341,40.622192,0
                  9.212329,40.622162,0
                  9.212319,40.62213,0
                  9.21231,40.622092,0
                  9.212304,40.622055,0
                  9.212302,40.622021,0
                  9.212303,40.621988,0
                  9.212308,40.621957,0
                  9.212316,40.621928,0
                  9.212327,40.6219,0
                  9.212343,40.621875,0
                  9.212361,40.621851,0
                  9.212384,40.621829,0
                  9.212408,40.62181,0
                  9.212435,40.621793,0
                  9.212464,40.621778,0
                  9.212496,40.621765,0
                  9.212531,40.621754,0
                  9.212568,40.621744,0
                  9.212608,40.621737,0
                  9.212651,40.621732,0
                  9.212696,40.621729,0
                  9.212744,40.621728,0
                  9.212897,40.621728,0
                  9.212942,40.621729,0
                  9.212985,40.621733,0
                  9.213028,40.621738,0
                  9.21307,40.621745,0
                  9.21311,40.621755,0
                  9.213149,40.621766,0
                  9.213187,40.62178,0
                  9.213224,40.621795,0
                  9.21326,40.621813,0
                  9.213295,40.621833,0
                  9.213328,40.621855,0
                  9.213358,40.621878,0
                  9.213386,40.621902,0
                  9.213411,40.621927,0
                  9.213434,40.621954,0
                  9.213455,40.621982,0
                  9.213473,40.622011,0
                  9.213489,40.622042,0
                  9.213502,40.622074,0
                  9.213513,40.622107,0
                  9.213636,40.622547,0
                </coordinates>
              </LinearRing>
            </outerBoundaryIs>
            <innerBoundaryIs>
              <LinearRing>
                <tessellate>1</tessellate>
                <coordinates>
                  9.213106,40.622239,0
                  9.213101,40.62224,0
                  9.213093,40.622241,0
                  9.213083,40.622242,0
                  9.21307,40.622243,0
                  9.213055,40.622244,0
                  9.213038,40.622244,0
                  9.213019,40.622244,0
                  9.212998,40.622245,0
                  9.212974,40.622245,0
                  9.212928,40.622245,0
                  9.212902,40.622244,0
                  9.212878,40.62224,0
                  9.212856,40.622235,0
                  9.212836,40.622227,0
                  9.212818,40.622217,0
                  9.212802,40.622205,0
                  9.212788,40.62219,0
                  9.212777,40.622174,0
                  9.212767,40.622155,0
                  9.21276,40.622134,0
                  9.212751,40.622103,0
                  9.212749,40.622094,0
                  9.212748,40.622085,0
                  9.212747,40.622077,0
                  9.212748,40.622069,0
                  9.212749,40.622061,0
                  9.212752,40.622053,0
                  9.212755,40.622046,0
                  9.212759,40.622038,0
                  9.212764,40.622031,0
                  9.21277,40.622024,0
                  9.212776,40.622018,0
                  9.212783,40.622012,0
                  9.212791,40.622007,0
                  9.212799,40.622003,0
                  9.212807,40.621999,0
                  9.212816,40.621996,0
                  9.212826,40.621994,0
                  9.212836,40.621992,0
                  9.212846,40.621991,0
                  9.212857,40.621991,0
                  9.212903,40.621991,0
                  9.21293,40.621992,0
                  9.212954,40.621995,0
                  9.212976,40.622001,0
                  9.212997,40.622008,0
                  9.213014,40.622018,0
                  9.21303,40.62203,0
                  9.213044,40.622044,0
                  9.213055,40.62206,0
                  9.213065,40.622078,0
                  9.213072,40.622099,0
                  9.21311,40.622238,0
                  9.213106,40.622239,0
                </coordinates>
              </LinearRing>
            </innerBoundaryIs>
          </Polygon>
          <Polygon>
            <outerBoundaryIs>
              <LinearRing>
                <tessellate>1</tessellate>
                <coordinates>
                  9.219491,40.622034,0
                  9.219463,40.622024,0
                  9.219435,40.622015,0
                  9.219405,40.622007,0
                  9.219375,40.622001,0
                  9.219343,40.621995,0
                  9.219309,40.62199,0
                  9.219275,40.621987,0
                  9.219239,40.621984,0
                  9.219202,40.621983,0
                  9.219164,40.621982,0
                  9.219064,40.621982,0
                  9.219051,40.621982,0
                  9.219039,40.621983,0
                  9.219027,40.621985,0
                  9.219016,40.621988,0
                  9.219005,40.621991,0
                  9.218995,40.621995,0
                  9.218986,40.622,0
                  9.218978,40.622005,0
                  9.21897,40.622011,0
                  9.218962,40.622018,0
                  9.218956,40.622025,0
                  9.21895,40.622033,0
                  9.218946,40.622041,0
                  9.218942,40.622049,0
                  9.21894,40.622058,0
                  9.218938,40.622067,0
                  9.218938,40.622077,0
                  9.218938,40.622086,0
                  9.21894,40.622096,0
                  9.218942,40.622107,0
                  9.21907,40.622561,0
                  9.219073,40.622572,0
                  9.219077,40.622582,0
                  9.219082,40.622592,0
                  9.219088,40.622601,0
                  9.219094,40.622611,0
                  9.219102,40.622619,0
                  9.21911,40.622628,0
                  9.219119,40.622636,0
                  9.219129,40.622643,0
                  9.219139,40.622651,0
                  9.21915,40.622657,0
                  9.219162,40.622663,0
                  9.219174,40.622669,0
                  9.219185,40.622673,0
                  9.219198,40.622677,0
                  9.21921,40.62268,0
                  9.219222,40.622683,0
                  9.219235,40.622685,0
                  9.219248,40.622686,0
                  9.219262,40.622686,0
                  9.219362,40.622686,0
                  9.219398,40.622686,0
                  9.219433,40.622684,0
                  9.219466,40.622682,0
                  9.219498,40.622678,0
                  9.219528,40.622673,0
                  9.219557,40.622668,0
                  9.219585,40.622661,0
                  9.219611,40.622654,0
                  9.219636,40.622645,0
                  9.219659,40.622635,0
                  9.219835,40.622872,0
                  9.219806,40.622885,0
                  9.219774,40.622896,0
                  9.219739,40.622907,0
                  9.219703,40.622915,0
                  9.219664,40.622923,0
                  9.219622,40.622929,0
                  9.219578,40.622934,0
                  9.219532,40.622937,0
                  9.219484,40.622939,0
                  9.219433,40.62294,0
                  9.219274,40.62294,0
                  9.219229,40.622939,0
                  9.219186,40.622935,0
                  9.219143,40.62293,0
                  9.219101,40.622921,0
                  9.219059,40.622911,0
                  9.219018,40.622898,0
                  9.218978,40.622884,0
                  9.218939,40.622866,0
                  9.2189,40.622847,0
                  9.218862,40.622825,0
                  9.218825,40.622801,0
                  9.218792,40.622777,0
                  9.218761,40.622751,0
                  9.218733,40.622725,0
                  9.218708,40.622697,0
                  9.218685,40.622668,0
                  9.218666,40.622639,0
                  9.218649,40.622608,0
                  9.218636,40.622576,0
                  9.218625,40.622543,0
                  9.218508,40.622126,0
                  9.2185,40.622093,0
                  9.218496,40.622061,0
                  9.218495,40.62203,0
                  9.218498,40.622,0
                  9.218504,40.621971,0
                  9.218514,40.621944,0
                  9.218527,40.621917,0
                  9.218543,40.621891,0
                  9.218563,40.621867,0
                  9.218587,40.621843,0
                  9.218613,40.621821,0
                  9.218641,40.621802,0
                  9.21867,40.621785,0
                  9.218702,40.62177,0
                  9.218736,40.621757,0
                  9.218772,40.621747,0
                  9.218809,40.621739,0
                  9.218849,40.621733,0
                  9.218891,40.621729,0
                  9.218934,40.621728,0
                  9.219093,40.621728,0
                  9.219145,40.621729,0
                  9.219194,40.621731,0
                  9.219242,40.621734,0
                  9.219289,40.621739,0
                  9.219334,40.621745,0
                  9.219377,40.621753,0
                  9.219419,40.621762,0
                  9.219459,40.621772,0
                  9.219497,40.621783,0
                  9.219534,40.621796,0
                  9.219491,40.622034,0
                </coordinates>
              </LinearRing>
            </outerBoundaryIs>
          </Polygon>
          <Polygon>
            <outerBoundaryIs>
              <LinearRing>
                <tessellate>1</tessellate>
                <coordinates>
                  9.218291,40.622538,0
                  9.218298,40.622572,0
                  9.218303,40.622604,0
                  9.218304,40.622635,0
                  9.218301,40.622665,0
                  9.218295,40.622694,0
                  9.218286,40.622722,0
                  9.218273,40.622749,0
                  9.218257,40.622775,0
                  9.218237,40.6228,0
                  9.218214,40.622823,0
                  9.218188,40.622846,0
                  9.218161,40.622865,0
                  9.218131,40.622883,0
                  9.218099,40.622898,0
                  9.218065,40.622911,0
                  9.218029,40.622921,0
                  9.217991,40.622929,0
                  9.217951,40.622935,0
                  9.217909,40.622939,0
                  9.217866,40.62294,0
                  9.217742,40.62294,0
                  9.217697,40.622939,0
                  9.217654,40.622935,0
                  9.217611,40.622929,0
                  9.217568,40.622921,0
                  9.217527,40.622911,0
                  9.217486,40.622898,0
                  9.217445,40.622883,0
                  9.217406,40.622865,0
                  9.217367,40.622846,0
                  9.217329,40.622823,0
                  9.217292,40.6228,0
                  9.217259,40.622775,0
                  9.217228,40.622749,0
                  9.2172,40.622722,0
                  9.217175,40.622694,0
                  9.217152,40.622665,0
                  9.217133,40.622635,0
                  9.217116,40.622604,0
                  9.217103,40.622572,0
                  9.217092,40.622538,0
                  9.216977,40.62213,0
                  9.21697,40.622097,0
                  9.216965,40.622064,0
                  9.216964,40.622033,0
                  9.216967,40.622003,0
                  9.216973,40.621974,0
                  9.216982,40.621946,0
                  9.216995,40.621919,0
                  9.217011,40.621893,0
                  9.217031,40.621868,0
                  9.217054,40.621845,0
                  9.21708,40.621823,0
                  9.217108,40.621803,0
                  9.217138,40.621785,0
                  9.21717,40.62177,0
                  9.217203,40.621757,0
                  9.217239,40.621747,0
                  9.217277,40.621739,0
                  9.217317,40.621733,0
                  9.217359,40.621729,0
                  9.217402,40.621728,0
                  9.217526,40.621728,0
                  9.217571,40.621729,0
                  9.217615,40.621733,0
                  9.217658,40.621739,0
                  9.2177,40.621747,0
                  9.217742,40.621757,0
                  9.217783,40.62177,0
                  9.217823,40.621785,0
                  9.217863,40.621803,0
                  9.217902,40.621823,0
                  9.21794,40.621845,0
                  9.217976,40.621868,0
                  9.21801,40.621893,0
                  9.21804,40.621919,0
                  9.218068,40.621946,0
                  9.218093,40.621974,0
                  9.218116,40.622003,0
                  9.218135,40.622033,0
                  9.218151,40.622064,0
                  9.218165,40.622097,0
                  9.218176,40.62213,0
                  9.218291,40.622538,0
                </coordinates>
              </LinearRing>
            </outerBoundaryIs>
            <innerBoundaryIs>
              <LinearRing>
                <tessellate>1</tessellate>
                <coordinates>
                  9.21786,40.622566,0
                  9.217861,40.622575,0
                  9.217861,40.622583,0
                  9.217861,40.622592,0
                  9.21786,40.6226,0
                  9.217857,40.622607,0
                  9.217854,40.622615,0
                  9.21785,40.622622,0
                  9.217845,40.622629,0
                  9.217839,40.622636,0
                  9.217833,40.622643,0
                  9.217826,40.622648,0
                  9.217818,40.622654,0
                  9.21781,40.622658,0
                  9.217801,40.622662,0
                  9.217792,40.622665,0
                  9.217783,40.622667,0
                  9.217773,40.622669,0
                  9.217762,40.62267,0
                  9.217751,40.62267,0
                  9.217705,40.62267,0
                  9.217694,40.62267,0
                  9.217683,40.622669,0
                  9.217672,40.622667,0
                  9.217661,40.622665,0
                  9.21765,40.622662,0
                  9.21764,40.622658,0
                  9.217629,40.622654,0
                  9.217619,40.622648,0
                  9.217609,40.622643,0
                  9.217599,40.622636,0
                  9.21759,40.622629,0
                  9.217581,40.622622,0
                  9.217573,40.622615,0
                  9.217565,40.622607,0
                  9.217559,40.6226,0
                  9.217553,40.622592,0
                  9.217548,40.622583,0
                  9.217543,40.622575,0
                  9.21754,40.622566,0
                  9.217537,40.622557,0
                  9.217412,40.622109,0
                  9.217409,40.6221,0
                  9.217408,40.622092,0
                  9.217408,40.622083,0
                  9.217408,40.622075,0
                  9.217409,40.622068,0
                  9.217412,40.62206,0
                  9.217415,40.622053,0
                  9.217419,40.622046,0
                  9.217424,40.622039,0
                  9.217429,40.622032,0
                  9.217436,40.622026,0
                  9.217443,40.62202,0
                  9.21745,40.622015,0
                  9.217458,40.622011,0
                  9.217467,40.622007,0
                  9.217476,40.622004,0
                  9.217485,40.622002,0
                  9.217495,40.622,0
                  9.217506,40.621999,0
                  9.217517,40.621999,0
                  9.217563,40.621999,0
                  9.217574,40.621999,0
                  9.217585,40.622,0
                  9.217596,40.622002,0
                  9.217607,40.622004,0
                  9.217618,40.622007,0
                  9.217629,40.622011,0
                  9.217639,40.622015,0
                  9.21765,40.62202,0
                  9.21766,40.622026,0
                  9.21767,40.622032,0
                  9.21768,40.622039,0
                  9.217689,40.622046,0
                  9.217697,40.622053,0
                  9.217704,40.622061,0
                  9.217711,40.622068,0
                  9.217717,40.622076,0
                  9.217722,40.622084,0
                  9.217726,40.622092,0
                  9.21773,40.6221,0
                  9.217733,40.622109,0
                  9.217858,40.622557,0
                  9.21786,40.622566,0
                </coordinates>
              </LinearRing>
            </innerBoundaryIs>
          </Polygon>
        </MultiGeometry>
      </Placemark>
      <Placemark>
        <name>Centrale</name>
        <styleUrl>#poly-F9F9F9-1200-255-nodesc</styleUrl>
        <MultiGeometry>
          <Polygon>
            <outerBoundaryIs>
              <LinearRing>
                <tessellate>1</tessellate>
                <coordinates>
                  9.261991,40.64699,0
                  9.261959,40.646979,0
                  9.261925,40.646969,0
                  9.26189,40.64696,0
                  9.261853,40.646953,0
                  9.261815,40.646946,0
                  9.261775,40.646941,0
                  9.261734,40.646937,0
                  9.261692,40.646934,0
                  9.261648,40.646932,0
                  9.261603,40.646931,0
                  9.261455,40.646931,0
                  9.261437,40.646932,0
                  9.26142,40.646933,0
                  9.261405,40.646936,0
                  9.26139,40.646939,0
                  9.261375,40.646943,0
                  9.261362,40.646948,0
                  9.261349,40.646954,0
                  9.261338,40.646961,0
                  9.261327,40.646969,0
                  9.261316,40.646978,0
                  9.261307,40.646988,0
                  9.2613,40.646998,0
                  9.261293,40.647008,0
                  9.261288,40.647019,0
                  9.261285,40.64703,0
                  9.261283,40.647042,0
                  9.261282,40.647054,0
                  9.261282,40.647066,0
                  9.261284,40.647079,0
                  9.261287,40.647092,0
                  9.26147,40.647749,0
                  9.261475,40.647762,0
                  9.26148,40.647775,0
                  9.261487,40.647787,0
                  9.261495,40.647799,0
                  9.261504,40.647811,0
                  9.261514,40.647822,0
                  9.261525,40.647833,0
                  9.261537,40.647844,0
                  9.261551,40.647854,0
                  9.261565,40.647863,0
                  9.26158,40.647872,0
                  9.261596,40.64788,0
                  9.261611,40.647888,0
                  9.261627,40.647894,0
                  9.261644,40.647899,0
                  9.26166,40.647903,0
                  9.261677,40.647907,0
                  9.261694,40.647909,0
                  9.261712,40.64791,0
                  9.26173,40.647911,0
                  9.261878,40.647911,0
                  9.261923,40.64791,0
                  9.261966,40.647908,0
                  9.262006,40.647905,0
                  9.262045,40.647901,0
                  9.262081,40.647896,0
                  9.262116,40.647889,0
                  9.262148,40.647881,0
                  9.262178,40.647872,0
                  9.262206,40.647862,0
                  9.262232,40.647851,0
                  9.262444,40.648133,0
                  9.262408,40.648149,0
                  9.262368,40.648163,0
                  9.262327,40.648175,0
                  9.262283,40.648186,0
                  9.262236,40.648195,0
                  9.262187,40.648202,0
                  9.262135,40.648208,0
                  9.26208,40.648212,0
                  9.262023,40.648214,0
                  9.261964,40.648215,0
                  9.261777,40.648215,0
                  9.261725,40.648214,0
                  9.261674,40.64821,0
                  9.261623,40.648203,0
                  9.261573,40.648193,0
                  9.261524,40.64818,0
                  9.261476,40.648164,0
                  9.261428,40.648146,0
                  9.261381,40.648125,0
                  9.261335,40.6481,0
                  9.261289,40.648074,0
                  9.261246,40.648045,0
                  9.261206,40.648014,0
                  9.261169,40.647983,0
                  9.261136,40.647951,0
                  9.261106,40.647917,0
                  9.26108,40.647883,0
                  9.261057,40.647847,0
                  9.261037,40.64781,0
                  9.261021,40.647771,0
                  9.261008,40.647732,0
                  9.260833,40.647109,0
                  9.260824,40.647067,0
                  9.260818,40.647027,0
                  9.260817,40.646989,0
                  9.260819,40.646952,0
                  9.260826,40.646916,0
                  9.260837,40.646882,0
                  9.260852,40.64685,0
                  9.260871,40.646819,0
                  9.260894,40.64679,0
                  9.260922,40.646762,0
                  9.260952,40.646736,0
                  9.260984,40.646713,0
                  9.261019,40.646693,0
                  9.261056,40.646676,0
                  9.261096,40.646661,0
                  9.261138,40.646649,0
                  9.261183,40.64664,0
                  9.26123,40.646633,0
                  9.26128,40.646629,0
                  9.261332,40.646628,0
                  9.261519,40.646628,0
                  9.26158,40.646629,0
                  9.261639,40.646631,0
                  9.261696,40.646635,0
                  9.261752,40.646641,0
                  9.261805,40.646648,0
                  9.261857,40.646657,0
                  9.261907,40.646667,0
                  9.261955,40.646679,0
                  9.262001,40.646693,0
                  9.262045,40.646708,0
                  9.261991,40.64699,0
                </coordinates>
              </LinearRing>
            </outerBoundaryIs>
          </Polygon>
          <Polygon>
            <outerBoundaryIs>
              <LinearRing>
                <tessellate>1</tessellate>
                <coordinates>
                  9.265088,40.647438,0
                  9.265096,40.647471,0
                  9.2651,40.647503,0
                  9.265101,40.647534,0
                  9.265098,40.647564,0
                  9.265092,40.647593,0
                  9.265083,40.647621,0
                  9.26507,40.647648,0
                  9.265054,40.647674,0
                  9.265034,40.647699,0
                  9.265011,40.647723,0
                  9.264986,40.647745,0
                  9.264958,40.647764,0
                  9.264928,40.647782,0
                  9.264896,40.647797,0
                  9.264862,40.64781,0
                  9.264827,40.64782,0
                  9.264789,40.647828,0
                  9.264749,40.647834,0
                  9.264707,40.647838,0
                  9.264663,40.647839,0
                  9.264539,40.647839,0
                  9.264495,40.647838,0
                  9.264451,40.647834,0
                  9.264408,40.647828,0
                  9.264366,40.64782,0
                  9.264324,40.64781,0
                  9.264283,40.647797,0
                  9.264243,40.647782,0
                  9.264203,40.647764,0
                  9.264164,40.647745,0
                  9.264126,40.647723,0
                  9.264089,40.647699,0
                  9.264056,40.647674,0
                  9.264025,40.647648,0
                  9.263997,40.647621,0
                  9.263972,40.647593,0
                  9.26395,40.647564,0
                  9.26393,40.647534,0
                  9.263914,40.647503,0
                  9.2639,40.647471,0
                  9.263889,40.647438,0
                  9.263669,40.646653,0
                  9.264109,40.646653,0
                  9.264332,40.647453,0
                  9.264335,40.647461,0
                  9.264339,40.64747,0
                  9.264344,40.647478,0
                  9.264349,40.647486,0
                  9.264355,40.647494,0
                  9.264361,40.647501,0
                  9.264369,40.647509,0
                  9.264377,40.647516,0
                  9.264385,40.647523,0
                  9.264395,40.647529,0
                  9.264405,40.647536,0
                  9.264415,40.647541,0
                  9.264425,40.647546,0
                  9.264436,40.64755,0
                  9.264446,40.647554,0
                  9.264457,40.647557,0
                  9.264468,40.647559,0
                  9.264479,40.647561,0
                  9.26449,40.647562,0
                  9.264501,40.647562,0
                  9.264547,40.647562,0
                  9.264558,40.647562,0
                  9.264569,40.647561,0
                  9.264579,40.647559,0
                  9.264588,40.647557,0
                  9.264597,40.647554,0
                  9.264606,40.64755,0
                  9.264614,40.647546,0
                  9.264621,40.647541,0
                  9.264628,40.647535,0
                  9.264634,40.647529,0
                  9.26464,40.647522,0
                  9.264645,40.647515,0
                  9.264649,40.647508,0
                  9.264652,40.647501,0
                  9.264655,40.647493,0
                  9.264656,40.647485,0
                  9.264657,40.647477,0
                  9.264657,40.647469,0
                  9.264655,40.647461,0
                  9.264654,40.647453,0
                  9.26443,40.646653,0
                  9.264868,40.646653,0
                  9.265088,40.647438,0
                </coordinates>
              </LinearRing>
            </outerBoundaryIs>
          </Polygon>
          <Polygon>
            <outerBoundaryIs>
              <LinearRing>
                <tessellate>1</tessellate>
                <coordinates>
                  9.268766,40.647447,0
                  9.268774,40.647481,0
                  9.268779,40.647514,0
                  9.268781,40.647545,0
                  9.268781,40.647575,0
                  9.268777,40.647604,0
                  9.268771,40.647631,0
                  9.268761,40.647657,0
                  9.268748,40.647682,0
                  9.268733,40.647705,0
                  9.268714,40.647727,0
                  9.268692,40.647748,0
                  9.268666,40.647767,0
                  9.268637,40.647784,0
                  9.268606,40.647799,0
                  9.268572,40.647811,0
                  9.268535,40.647821,0
                  9.268495,40.647829,0
                  9.268452,40.647834,0
                  9.268406,40.647838,0
                  9.268358,40.647839,0
                  9.268196,40.647839,0
                  9.268145,40.647838,0
                  9.268095,40.647836,0
                  9.268047,40.647833,0
                  9.268,40.647828,0
                  9.267955,40.647822,0
                  9.267912,40.647814,0
                  9.26787,40.647806,0
                  9.26783,40.647795,0
                  9.267791,40.647784,0
                  9.267754,40.647771,0
                  9.267798,40.647534,0
                  9.267827,40.647544,0
                  9.267857,40.647553,0
                  9.267888,40.64756,0
                  9.267919,40.647567,0
                  9.267951,40.647573,0
                  9.267984,40.647577,0
                  9.268018,40.647581,0
                  9.268053,40.647583,0
                  9.268088,40.647585,0
                  9.268125,40.647585,0
                  9.268209,40.647585,0
                  9.268238,40.647584,0
                  9.268264,40.64758,0
                  9.268286,40.647574,0
                  9.268304,40.647565,0
                  9.268318,40.647554,0
                  9.268328,40.64754,0
                  9.268334,40.647524,0
                  9.268337,40.647505,0
                  9.268335,40.647484,0
                  9.26833,40.64746,0
                  9.26831,40.647389,0
                  9.268305,40.64739,0
                  9.268297,40.647391,0
                  9.268288,40.647392,0
                  9.268277,40.647392,0
                  9.268264,40.647393,0
                  9.26825,40.647394,0
                  9.268233,40.647394,0
                  9.268215,40.647394,0
                  9.268195,40.647395,0
                  9.268174,40.647395,0
                  9.26806,40.647395,0
                  9.26801,40.647394,0
                  9.267961,40.64739,0
                  9.267915,40.647385,0
                  9.26787,40.647377,0
                  9.267827,40.647368,0
                  9.267786,40.647356,0
                  9.267747,40.647342,0
                  9.26771,40.647326,0
                  9.267674,40.647307,0
                  9.267641,40.647287,0
                  9.267612,40.647267,0
                  9.267586,40.647246,0
                  9.267562,40.647223,0
                  9.26754,40.6472,0
                  9.26752,40.647174,0
                  9.267501,40.647148,0
                  9.267485,40.64712,0
                  9.267471,40.647091,0
                  9.267459,40.647061,0
                  9.267448,40.647029,0
                  9.267439,40.646991,0
                  9.267433,40.646955,0
                  9.267431,40.64692,0
                  9.267432,40.646887,0
                  9.267437,40.646856,0
                  9.267445,40.646827,0
                  9.267457,40.6468,0
                  9.267472,40.646774,0
                  9.267491,40.646751,0
                  9.267513,40.646729,0
                  9.267537,40.646709,0
                  9.267564,40.646692,0
                  9.267593,40.646677,0
                  9.267626,40.646664,0
                  9.26766,40.646653,0
                  9.267698,40.646644,0
                  9.267738,40.646637,0
                  9.26778,40.646632,0
                  9.267826,40.646629,0
                  9.267873,40.646628,0
                  9.268026,40.646628,0
                  9.268071,40.646629,0
                  9.268115,40.646632,0
                  9.268158,40.646637,0
                  9.268199,40.646645,0
                  9.268239,40.646654,0
                  9.268279,40.646666,0
                  9.268317,40.646679,0
                  9.268354,40.646695,0
                  9.26839,40.646713,0
                  9.268424,40.646733,0
                  9.268457,40.646754,0
                  9.268487,40.646777,0
                  9.268515,40.646801,0
                  9.268541,40.646827,0
                  9.268564,40.646853,0
                  9.268584,40.646881,0
                  9.268602,40.646911,0
                  9.268618,40.646941,0
                  9.268631,40.646973,0
                  9.268642,40.647006,0
                  9.268766,40.647447,0
                </coordinates>
              </LinearRing>
            </outerBoundaryIs>
            <innerBoundaryIs>
              <LinearRing>
                <tessellate>1</tessellate>
                <coordinates>
                  9.268236,40.647138,0
                  9.26823,40.64714,0
                  9.268222,40.647141,0
                  9.268212,40.647141,0
                  9.2682,40.647142,0
                  9.268185,40.647143,0
                  9.268168,40.647143,0
                  9.268149,40.647144,0
                  9.268127,40.647144,0
                  9.268104,40.647144,0
                  9.268058,40.647144,0
                  9.268031,40.647143,0
                  9.268007,40.64714,0
                  9.267985,40.647134,0
                  9.267965,40.647126,0
                  9.267947,40.647116,0
                  9.267931,40.647104,0
                  9.267918,40.64709,0
                  9.267906,40.647073,0
                  9.267897,40.647054,0
                  9.267889,40.647033,0
                  9.26788,40.647002,0
                  9.267878,40.646993,0
                  9.267877,40.646985,0
                  9.267877,40.646976,0
                  9.267877,40.646968,0
                  9.267879,40.64696,0
                  9.267881,40.646952,0
                  9.267884,40.646945,0
                  9.267888,40.646938,0
                  9.267893,40.646931,0
                  9.267899,40.646924,0
                  9.267906,40.646917,0
                  9.267913,40.646912,0
                  9.26792,40.646907,0
                  9.267928,40.646902,0
                  9.267936,40.646899,0
                  9.267945,40.646896,0
                  9.267955,40.646893,0
                  9.267965,40.646892,0
                  9.267976,40.646891,0
                  9.267987,40.64689,0
                  9.268033,40.64689,0
                  9.268059,40.646891,0
                  9.268084,40.646895,0
                  9.268106,40.6469,0
                  9.268126,40.646908,0
                  9.268144,40.646917,0
                  9.26816,40.646929,0
                  9.268173,40.646943,0
                  9.268185,40.646959,0
                  9.268194,40.646978,0
                  9.268201,40.646998,0
                  9.268239,40.647137,0
                  9.268236,40.647138,0
                </coordinates>
              </LinearRing>
            </innerBoundaryIs>
          </Polygon>
          <Polygon>
            <outerBoundaryIs>
              <LinearRing>
                <tessellate>1</tessellate>
                <coordinates>
                  9.271116,40.647438,0
                  9.27113,40.64751,0
                  9.27113,40.647576,0
                  9.271116,40.647636,0
                  9.271088,40.647689,0
                  9.271046,40.647736,0
                  9.271022,40.647756,0
                  9.270967,40.647788,0
                  9.270903,40.647813,0
                  9.270829,40.64783,0
                  9.270746,40.647838,0
                  9.270575,40.647839,0
                  9.27053,40.647838,0
                  9.270443,40.647829,0
                  9.270359,40.64781,0
                  9.270278,40.647783,0
                  9.2702,40.647746,0
                  9.270126,40.647701,0
                  9.270062,40.647651,0
                  9.270009,40.647597,0
                  9.269967,40.647538,0
                  9.269937,40.647476,0
                  9.269809,40.647025,0
                  9.269801,40.646991,0
                  9.269793,40.646926,0
                  9.269797,40.646866,0
                  9.269813,40.646813,0
                  9.269841,40.646765,0
                  9.269859,40.646743,0
                  9.269908,40.646701,0
                  9.269968,40.646669,0
                  9.270039,40.646646,0
                  9.270122,40.646632,0
                  9.270216,40.646628,0
                  9.270378,40.646628,0
                  9.270479,40.646631,0
                  9.270573,40.646639,0
                  9.270662,40.646652,0
                  9.270744,40.646671,0
                  9.27082,40.646696,0
                  9.270776,40.646933,0
                  9.270721,40.646915,0
                  9.27066,40.6469,0
                  9.270595,40.64689,0
                  9.270524,40.646883,0
                  9.270449,40.646881,0
                  9.270366,40.646881,0
                  9.270311,40.646886,0
                  9.270271,40.646901,0
                  9.270247,40.646926,0
                  9.270237,40.646961,0
                  9.270243,40.647006,0
                  9.270264,40.647078,0
                  9.270277,40.647076,0
                  9.270296,40.647074,0
                  9.270323,40.647073,0
                  9.270357,40.647072,0
                  9.270399,40.647072,0
                  9.27047,40.647072,0
                  9.27057,40.647076,0
                  9.270664,40.647089,0
                  9.270751,40.647111,0
                  9.270832,40.647141,0
                  9.270907,40.64718,0
                  9.270938,40.6472,0
                  9.270995,40.647245,0
                  9.271041,40.647294,0
                  9.271078,40.647348,0
                  9.271106,40.647407,0
                  9.271116,40.647438,0
                </coordinates>
              </LinearRing>
            </outerBoundaryIs>
            <innerBoundaryIs>
              <LinearRing>
                <tessellate>1</tessellate>
                <coordinates>
                  9.270696,40.647482,0
                  9.270696,40.647498,0
                  9.270692,40.647514,0
                  9.270685,40.647529,0
                  9.270674,40.647543,0
                  9.270661,40.647555,0
                  9.270646,40.647565,0
                  9.270628,40.647572,0
                  9.270608,40.647576,0
                  9.270587,40.647577,0
                  9.270541,40.647577,0
                  9.27049,40.647573,0
                  9.270448,40.64756,0
                  9.270415,40.647538,0
                  9.27039,40.647508,0
                  9.270374,40.647468,0
                  9.270334,40.647328,0
                  9.270345,40.647326,0
                  9.270364,40.647324,0
                  9.270391,40.647323,0
                  9.270426,40.647322,0
                  9.270468,40.647322,0
                  9.270491,40.647322,0
                  9.270518,40.647323,0
                  9.270543,40.647327,0
                  9.270568,40.647332,0
                  9.270592,40.647341,0
                  9.270614,40.647352,0
                  9.270635,40.647365,0
                  9.270652,40.647379,0
                  9.270666,40.647396,0
                  9.270677,40.647414,0
                  9.270684,40.647434,0
                  9.270693,40.647464,0
                  9.270696,40.647482,0
                </coordinates>
              </LinearRing>
            </innerBoundaryIs>
          </Polygon>
          <Polygon>
            <outerBoundaryIs>
              <LinearRing>
                <tessellate>1</tessellate>
                <coordinates>
                  9.263606,40.647438,0
                  9.26362,40.64751,0
                  9.26362,40.647576,0
                  9.263606,40.647636,0
                  9.263578,40.647689,0
                  9.263536,40.647736,0
                  9.263512,40.647756,0
                  9.263457,40.647788,0
                  9.263393,40.647813,0
                  9.263319,40.64783,0
                  9.263236,40.647838,0
                  9.263065,40.647839,0
                  9.263021,40.647838,0
                  9.262934,40.647829,0
                  9.262849,40.64781,0
                  9.262768,40.647783,0
                  9.26269,40.647746,0
                  9.262616,40.647701,0
                  9.262552,40.647651,0
                  9.262499,40.647597,0
                  9.262458,40.647538,0
                  9.262427,40.647476,0
                  9.262299,40.647025,0
                  9.262291,40.646991,0
                  9.262283,40.646926,0
                  9.262288,40.646866,0
                  9.262303,40.646813,0
                  9.262331,40.646765,0
                  9.262349,40.646743,0
                  9.262398,40.646701,0
                  9.262458,40.646669,0
                  9.26253,40.646646,0
                  9.262612,40.646632,0
                  9.262706,40.646628,0
                  9.262868,40.646628,0
                  9.262969,40.646631,0
                  9.263064,40.646639,0
                  9.263152,40.646652,0
                  9.263234,40.646671,0
                  9.26331,40.646696,0
                  9.263267,40.646933,0
                  9.263211,40.646915,0
                  9.26315,40.6469,0
                  9.263085,40.64689,0
                  9.263014,40.646883,0
                  9.262939,40.646881,0
                  9.262856,40.646881,0
                  9.262801,40.646886,0
                  9.262761,40.646901,0
                  9.262737,40.646926,0
                  9.262728,40.646961,0
                  9.262734,40.647006,0
                  9.262755,40.647078,0
                  9.262767,40.647076,0
                  9.262786,40.647074,0
                  9.262813,40.647073,0
                  9.262847,40.647072,0
                  9.262889,40.647072,0
                  9.26296,40.647072,0
                  9.26306,40.647076,0
                  9.263154,40.647089,0
                  9.263242,40.647111,0
                  9.263323,40.647141,0
                  9.263397,40.64718,0
                  9.263429,40.6472,0
                  9.263485,40.647245,0
                  9.263531,40.647294,0
                  9.263568,40.647348,0
                  9.263596,40.647407,0
                  9.263606,40.647438,0
                </coordinates>
              </LinearRing>
            </outerBoundaryIs>
            <innerBoundaryIs>
              <LinearRing>
                <tessellate>1</tessellate>
                <coordinates>
                  9.263187,40.647482,0
                  9.263186,40.647498,0
                  9.263182,40.647514,0
                  9.263175,40.647529,0
                  9.263165,40.647543,0
                  9.263151,40.647555,0
                  9.263136,40.647565,0
                  9.263118,40.647572,0
                  9.263099,40.647576,0
                  9.263077,40.647577,0
                  9.263031,40.647577,0
                  9.262981,40.647573,0
                  9.262939,40.64756,0
                  9.262905,40.647538,0
                  9.26288,40.647508,0
                  9.262864,40.647468,0
                  9.262824,40.647328,0
                  9.262835,40.647326,0
                  9.262854,40.647324,0
                  9.262881,40.647323,0
                  9.262916,40.647322,0
                  9.262959,40.647322,0
                  9.262981,40.647322,0
                  9.263008,40.647323,0
                  9.263034,40.647327,0
                  9.263058,40.647332,0
                  9.263082,40.647341,0
                  9.263105,40.647352,0
                  9.263125,40.647365,0
                  9.263142,40.647379,0
                  9.263156,40.647396,0
                  9.263167,40.647414,0
                  9.263174,40.647434,0
                  9.263184,40.647464,0
                  9.263187,40.647482,0
                </coordinates>
              </LinearRing>
            </innerBoundaryIs>
          </Polygon>
          <Polygon>
            <outerBoundaryIs>
              <LinearRing>
                <tessellate>1</tessellate>
                <coordinates>
                  9.26762,40.647767,0
                  9.267589,40.647781,0
                  9.267555,40.647793,0
                  9.26752,40.647804,0
                  9.267483,40.647813,0
                  9.267444,40.647821,0
                  9.267403,40.647827,0
                  9.26736,40.647832,0
                  9.267315,40.647836,0
                  9.267267,40.647838,0
                  9.267218,40.647839,0
                  9.267151,40.647839,0
                  9.267101,40.647838,0
                  9.267053,40.647834,0
                  9.267006,40.647829,0
                  9.266961,40.647821,0
                  9.266917,40.647811,0
                  9.266875,40.647799,0
                  9.266834,40.647784,0
                  9.266795,40.647767,0
                  9.266758,40.647748,0
                  9.266722,40.647727,0
                  9.266689,40.647705,0
                  9.266659,40.647681,0
                  9.266631,40.647656,0
                  9.266605,40.647629,0
                  9.266582,40.647601,0
                  9.266561,40.647571,0
                  9.266542,40.64754,0
                  9.266526,40.647507,0
                  9.266512,40.647473,0
                  9.266501,40.647438,0
                  9.266281,40.646653,0
                  9.266721,40.646653,0
                  9.266947,40.647462,0
                  9.266955,40.647485,0
                  9.266965,40.647505,0
                  9.266977,40.647523,0
                  9.266991,40.647539,0
                  9.267007,40.647552,0
                  9.267025,40.647562,0
                  9.267045,40.647571,0
                  9.267068,40.647577,0
                  9.267092,40.64758,0
                  9.267118,40.647581,0
                  9.267146,40.647581,0
                  9.267183,40.647581,0
                  9.267219,40.647579,0
                  9.267253,40.647577,0
                  9.267285,40.647573,0
                  9.267316,40.647569,0
                  9.267344,40.647563,0
                  9.267372,40.647556,0
                  9.267397,40.647549,0
                  9.267421,40.64754,0
                  9.267443,40.64753,0
                  9.26762,40.647767,0
                </coordinates>
              </LinearRing>
            </outerBoundaryIs>
          </Polygon>
          <Polygon>
            <outerBoundaryIs>
              <LinearRing>
                <tessellate>1</tessellate>
                <coordinates>
                  9.26611,40.646906,0
                  9.266068,40.646907,0
                  9.266029,40.646908,0
                  9.265994,40.646909,0
                  9.265961,40.646911,0
                  9.265931,40.646914,0
                  9.265904,40.646918,0
                  9.26588,40.646922,0
                  9.26586,40.646927,0
                  9.265842,40.646932,0
                  9.265827,40.646938,0
                  9.265813,40.646946,0
                  9.265801,40.646956,0
                  9.26579,40.646967,0
                  9.265782,40.64698,0
                  9.265777,40.646994,0
                  9.265773,40.647009,0
                  9.265771,40.647026,0
                  9.265772,40.647045,0
                  9.265775,40.647065,0
                  9.26578,40.647086,0
                  9.265875,40.647424,0
                  9.266225,40.647424,0
                  9.266304,40.647706,0
                  9.265954,40.647706,0
                  9.266042,40.648019,0
                  9.265602,40.648019,0
                  9.265336,40.647072,0
                  9.26532,40.64699,0
                  9.26532,40.646917,0
                  9.265337,40.646852,0
                  9.265369,40.646796,0
                  9.265417,40.646749,0
                  9.265482,40.64671,0
                  9.265563,40.64668,0
                  9.26566,40.646658,0
                  9.265773,40.646645,0
                  9.265902,40.646641,0
                  9.266035,40.646641,0
                  9.26611,40.646906,0
                </coordinates>
              </LinearRing>
            </outerBoundaryIs>
          </Polygon>
          <Polygon>
            <outerBoundaryIs>
              <LinearRing>
                <tessellate>1</tessellate>
                <coordinates>
                  9.269559,40.646931,0
                  9.269551,40.646932,0
                  9.269544,40.646932,0
                  9.269537,40.646932,0
                  9.26953,40.646933,0
                  9.269524,40.646934,0
                  9.269517,40.646934,0
                  9.269512,40.646935,0
                  9.269506,40.646936,0
                  9.269501,40.646937,0
                  9.269496,40.646938,0
                  9.269485,40.646941,0
                  9.269476,40.646944,0
                  9.269467,40.646948,0
                  9.26946,40.646952,0
                  9.269454,40.646958,0
                  9.269448,40.646963,0
                  9.269444,40.64697,0
                  9.26944,40.646977,0
                  9.269438,40.646985,0
                  9.269437,40.646993,0
                  9.269436,40.646998,0
                  9.269437,40.647004,0
                  9.269437,40.64701,0
                  9.269438,40.647018,0
                  9.269439,40.647025,0
                  9.269441,40.647034,0
                  9.269443,40.647043,0
                  9.269445,40.647054,0
                  9.269448,40.647064,0
                  9.269451,40.647076,0
                  9.269763,40.648188,0
                  9.269324,40.648188,0
                  9.269005,40.647051,0
                  9.268995,40.64701,0
                  9.268987,40.646972,0
                  9.268982,40.646936,0
                  9.26898,40.646902,0
                  9.268981,40.64687,0
                  9.268985,40.646841,0
                  9.268991,40.646815,0
                  9.269001,40.646791,0
                  9.269013,40.646769,0
                  9.269028,40.64675,0
                  9.26905,40.646728,0
                  9.269078,40.646709,0
                  9.26911,40.646692,0
                  9.269148,40.646678,0
                  9.26919,40.646666,0
                  9.269238,40.646656,0
                  9.26929,40.646648,0
                  9.269348,40.646644,0
                  9.26941,40.646641,0
                  9.269478,40.646641,0
                  9.269559,40.646931,0
                </coordinates>
              </LinearRing>
            </outerBoundaryIs>
          </Polygon>
          <Polygon>
            <outerBoundaryIs>
              <LinearRing>
                <tessellate>1</tessellate>
                <coordinates>
                  9.262102,40.645115,0
                  9.261451,40.645115,0
                  9.261415,40.645116,0
                  9.261385,40.645121,0
                  9.261358,40.645128,0
                  9.261337,40.645138,0
                  9.26132,40.645151,0
                  9.261307,40.645167,0
                  9.261299,40.645186,0
                  9.261296,40.645208,0
                  9.261297,40.645233,0
                  9.261303,40.645261,0
                  9.261357,40.645452,0
                  9.262039,40.645452,0
                  9.262124,40.645755,0
                  9.261443,40.645755,0
                  9.261524,40.646046,0
                  9.262316,40.646046,0
                  9.262401,40.646348,0
                  9.261149,40.646348,0
                  9.260851,40.645283,0
                  9.26084,40.645241,0
                  9.260833,40.6452,0
                  9.260829,40.645162,0
                  9.260828,40.645125,0
                  9.260831,40.64509,0
                  9.260837,40.645057,0
                  9.260846,40.645025,0
                  9.260859,40.644996,0
                  9.260875,40.644968,0
                  9.260894,40.644942,0
                  9.260917,40.644918,0
                  9.260942,40.644896,0
                  9.260971,40.644876,0
                  9.261002,40.644859,0
                  9.261037,40.644845,0
                  9.261075,40.644833,0
                  9.261116,40.644824,0
                  9.261159,40.644818,0
                  9.261206,40.644814,0
                  9.261256,40.644812,0
                  9.262018,40.644812,0
                  9.262102,40.645115,0
                </coordinates>
              </LinearRing>
            </outerBoundaryIs>
          </Polygon>
          <Polygon>
            <outerBoundaryIs>
              <LinearRing>
                <tessellate>1</tessellate>
                <coordinates>
                  9.271396,40.645606,0
                  9.271404,40.64564,0
                  9.27141,40.645673,0
                  9.271412,40.645705,0
                  9.271411,40.645735,0
                  9.271408,40.645764,0
                  9.271401,40.645791,0
                  9.271391,40.645817,0
                  9.271379,40.645842,0
                  9.271363,40.645865,0
                  9.271345,40.645887,0
                  9.271322,40.645908,0
                  9.271296,40.645927,0
                  9.271268,40.645944,0
                  9.271237,40.645958,0
                  9.271202,40.645971,0
                  9.271165,40.645981,0
                  9.271125,40.645989,0
                  9.271082,40.645994,0
                  9.271037,40.645997,0
                  9.270988,40.645999,0
                  9.270826,40.645999,0
                  9.270775,40.645998,0
                  9.270725,40.645996,0
                  9.270677,40.645992,0
                  9.270631,40.645988,0
                  9.270586,40.645982,0
                  9.270542,40.645974,0
                  9.2705,40.645965,0
                  9.27046,40.645955,0
                  9.270421,40.645944,0
                  9.270384,40.645931,0
                  9.270429,40.645694,0
                  9.270458,40.645704,0
                  9.270487,40.645712,0
                  9.270518,40.64572,0
                  9.270549,40.645727,0
                  9.270582,40.645732,0
                  9.270615,40.645737,0
                  9.270649,40.64574,0
                  9.270683,40.645743,0
                  9.270719,40.645744,0
                  9.270755,40.645745,0
                  9.27084,40.645745,0
                  9.270869,40.645744,0
                  9.270894,40.64574,0
                  9.270916,40.645734,0
                  9.270934,40.645725,0
                  9.270948,40.645714,0
                  9.270958,40.6457,0
                  9.270965,40.645684,0
                  9.270967,40.645665,0
                  9.270966,40.645644,0
                  9.270961,40.64562,0
                  9.270941,40.645548,0
                  9.270935,40.645549,0
                  9.270928,40.64555,0
                  9.270919,40.645551,0
                  9.270908,40.645552,0
                  9.270895,40.645553,0
                  9.27088,40.645553,0
                  9.270864,40.645554,0
                  9.270846,40.645554,0
                  9.270826,40.645554,0
                  9.270804,40.645554,0
                  9.270691,40.645554,0
                  9.27064,40.645553,0
                  9.270592,40.64555,0
                  9.270545,40.645545,0
                  9.2705,40.645537,0
                  9.270458,40.645527,0
                  9.270417,40.645515,0
                  9.270377,40.645501,0
                  9.27034,40.645485,0
                  9.270305,40.645467,0
                  9.270271,40.645446,0
                  9.270243,40.645427,0
                  9.270217,40.645405,0
                  9.270192,40.645383,0
                  9.27017,40.645359,0
                  9.27015,40.645334,0
                  9.270132,40.645308,0
                  9.270116,40.64528,0
                  9.270101,40.645251,0
                  9.270089,40.645221,0
                  9.270079,40.645189,0
                  9.27007,40.645151,0
                  9.270064,40.645114,0
                  9.270062,40.64508,0
                  9.270063,40.645047,0
                  9.270067,40.645016,0
                  9.270076,40.644987,0
                  9.270087,40.644959,0
                  9.270103,40.644934,0
                  9.270121,40.64491,0
                  9.270143,40.644888,0
                  9.270168,40.644869,0
                  9.270194,40.644852,0
                  9.270224,40.644837,0
                  9.270256,40.644824,0
                  9.270291,40.644813,0
                  9.270328,40.644804,0
                  9.270368,40.644797,0
                  9.270411,40.644792,0
                  9.270456,40.644789,0
                  9.270504,40.644787,0
                  9.270657,40.644787,0
                  9.270702,40.644789,0
                  9.270745,40.644792,0
                  9.270788,40.644797,0
                  9.27083,40.644804,0
                  9.27087,40.644814,0
                  9.270909,40.644825,0
                  9.270947,40.644839,0
                  9.270984,40.644855,0
                  9.27102,40.644872,0
                  9.271055,40.644892,0
                  9.271088,40.644914,0
                  9.271118,40.644937,0
                  9.271146,40.644961,0
                  9.271171,40.644986,0
                  9.271194,40.645013,0
                  9.271215,40.645041,0
                  9.271233,40.64507,0
                  9.271249,40.645101,0
                  9.271262,40.645133,0
                  9.271272,40.645166,0
                  9.271396,40.645606,0
                </coordinates>
              </LinearRing>
            </outerBoundaryIs>
            <innerBoundaryIs>
              <LinearRing>
                <tessellate>1</tessellate>
                <coordinates>
                  9.270866,40.645298,0
                  9.270861,40.645299,0
                  9.270853,40.6453,0
                  9.270842,40.645301,0
                  9.27083,40.645302,0
                  9.270815,40.645303,0
                  9.270798,40.645303,0
                  9.270779,40.645303,0
                  9.270758,40.645304,0
                  9.270734,40.645304,0
                  9.270688,40.645304,0
                  9.270662,40.645303,0
                  9.270638,40.645299,0
                  9.270616,40.645294,0
                  9.270596,40.645286,0
                  9.270578,40.645276,0
                  9.270562,40.645264,0
                  9.270548,40.645249,0
                  9.270537,40.645233,0
                  9.270527,40.645214,0
                  9.27052,40.645193,0
                  9.270511,40.645162,0
                  9.270509,40.645153,0
                  9.270508,40.645144,0
                  9.270507,40.645136,0
                  9.270508,40.645128,0
                  9.270509,40.64512,0
                  9.270512,40.645112,0
                  9.270515,40.645105,0
                  9.270519,40.645097,0
                  9.270524,40.64509,0
                  9.27053,40.645084,0
                  9.270536,40.645077,0
                  9.270543,40.645071,0
                  9.27055,40.645066,0
                  9.270558,40.645062,0
                  9.270567,40.645058,0
                  9.270576,40.645055,0
                  9.270585,40.645053,0
                  9.270596,40.645051,0
                  9.270606,40.64505,0
                  9.270617,40.64505,0
                  9.270663,40.64505,0
                  9.27069,40.645051,0
                  9.270714,40.645054,0
                  9.270736,40.64506,0
                  9.270756,40.645067,0
                  9.270774,40.645077,0
                  9.27079,40.645089,0
                  9.270804,40.645103,0
                  9.270815,40.645119,0
                  9.270824,40.645137,0
                  9.270832,40.645158,0
                  9.27087,40.645297,0
                  9.270866,40.645298,0
                </coordinates>
              </LinearRing>
            </innerBoundaryIs>
          </Polygon>
          <Polygon>
            <outerBoundaryIs>
              <LinearRing>
                <tessellate>1</tessellate>
                <coordinates>
                  9.269772,40.645093,0
                  9.269745,40.645083,0
                  9.269717,40.645074,0
                  9.269687,40.645067,0
                  9.269656,40.64506,0
                  9.269624,40.645054,0
                  9.269591,40.645049,0
                  9.269557,40.645046,0
                  9.269521,40.645043,0
                  9.269484,40.645042,0
                  9.269446,40.645041,0
                  9.269346,40.645041,0
                  9.269333,40.645041,0
                  9.26932,40.645043,0
                  9.269309,40.645044,0
                  9.269297,40.645047,0
                  9.269287,40.64505,0
                  9.269277,40.645054,0
                  9.269268,40.645059,0
                  9.269259,40.645064,0
                  9.269251,40.64507,0
                  9.269244,40.645077,0
                  9.269238,40.645084,0
                  9.269232,40.645092,0
                  9.269228,40.6451,0
                  9.269224,40.645109,0
                  9.269221,40.645117,0
                  9.26922,40.645126,0
                  9.269219,40.645136,0
                  9.26922,40.645145,0
                  9.269221,40.645155,0
                  9.269224,40.645166,0
                  9.269351,40.64562,0
                  9.269355,40.645631,0
                  9.269359,40.645641,0
                  9.269364,40.645651,0
                  9.269369,40.64566,0
                  9.269376,40.645669,0
                  9.269383,40.645678,0
                  9.269391,40.645687,0
                  9.269401,40.645695,0
                  9.26941,40.645702,0
                  9.269421,40.64571,0
                  9.269432,40.645716,0
                  9.269444,40.645722,0
                  9.269455,40.645728,0
                  9.269467,40.645732,0
                  9.269479,40.645736,0
                  9.269492,40.645739,0
                  9.269504,40.645742,0
                  9.269517,40.645744,0
                  9.26953,40.645745,0
                  9.269543,40.645745,0
                  9.269643,40.645745,0
                  9.26968,40.645744,0
                  9.269714,40.645743,0
                  9.269748,40.64574,0
                  9.269779,40.645737,0
                  9.26981,40.645732,0
                  9.269839,40.645727,0
                  9.269866,40.64572,0
                  9.269893,40.645712,0
                  9.269917,40.645704,0
                  9.269941,40.645694,0
                  9.270117,40.645931,0
                  9.270087,40.645944,0
                  9.270056,40.645955,0
                  9.270021,40.645965,0
                  9.269984,40.645974,0
                  9.269945,40.645982,0
                  9.269904,40.645988,0
                  9.26986,40.645992,0
                  9.269814,40.645996,0
                  9.269765,40.645998,0
                  9.269714,40.645999,0
                  9.269555,40.645999,0
                  9.269511,40.645997,0
                  9.269468,40.645994,0
                  9.269425,40.645988,0
                  9.269383,40.64598,0
                  9.269341,40.64597,0
                  9.2693,40.645957,0
                  9.26926,40.645942,0
                  9.26922,40.645925,0
                  9.269182,40.645906,0
                  9.269143,40.645884,0
                  9.269107,40.64586,0
                  9.269073,40.645836,0
                  9.269042,40.64581,0
                  9.269014,40.645784,0
                  9.268989,40.645756,0
                  9.268967,40.645727,0
                  9.268948,40.645698,0
                  9.268931,40.645667,0
                  9.268917,40.645635,0
                  9.268906,40.645602,0
                  9.268789,40.645185,0
                  9.268782,40.645152,0
                  9.268778,40.64512,0
                  9.268777,40.645089,0
                  9.26878,40.645059,0
                  9.268786,40.64503,0
                  9.268796,40.645003,0
                  9.268809,40.644976,0
                  9.268825,40.64495,0
                  9.268845,40.644926,0
                  9.268868,40.644902,0
                  9.268894,40.644881,0
                  9.268922,40.644861,0
                  9.268952,40.644844,0
                  9.268984,40.644829,0
                  9.269018,40.644816,0
                  9.269053,40.644806,0
                  9.269091,40.644798,0
                  9.269131,40.644792,0
                  9.269172,40.644789,0
                  9.269216,40.644787,0
                  9.269375,40.644787,0
                  9.269426,40.644788,0
                  9.269476,40.64479,0
                  9.269524,40.644794,0
                  9.269571,40.644798,0
                  9.269615,40.644804,0
                  9.269659,40.644812,0
                  9.2697,40.644821,0
                  9.26974,40.644831,0
                  9.269779,40.644842,0
                  9.269816,40.644855,0
                  9.269772,40.645093,0
                </coordinates>
              </LinearRing>
            </outerBoundaryIs>
          </Polygon>
          <Polygon>
            <outerBoundaryIs>
              <LinearRing>
                <tessellate>1</tessellate>
                <coordinates>
                  9.264521,40.645597,0
                  9.264535,40.64567,0
                  9.264535,40.645736,0
                  9.264521,40.645796,0
                  9.264493,40.645849,0
                  9.264451,40.645896,0
                  9.264427,40.645915,0
                  9.264372,40.645948,0
                  9.264307,40.645973,0
                  9.264234,40.645989,0
                  9.264151,40.645998,0
                  9.26398,40.645999,0
                  9.263935,40.645997,0
                  9.263848,40.645988,0
                  9.263764,40.64597,0
                  9.263683,40.645943,0
                  9.263605,40.645906,0
                  9.26353,40.645861,0
                  9.263466,40.645811,0
                  9.263414,40.645757,0
                  9.263372,40.645698,0
                  9.263342,40.645635,0
                  9.263214,40.645185,0
                  9.263206,40.64515,0
                  9.263198,40.645085,0
                  9.263202,40.645026,0
                  9.263218,40.644972,0
                  9.263246,40.644924,0
                  9.263264,40.644902,0
                  9.263313,40.644861,0
                  9.263373,40.644829,0
                  9.263444,40.644806,0
                  9.263527,40.644792,0
                  9.263621,40.644787,0
                  9.263782,40.644787,0
                  9.263883,40.64479,0
                  9.263978,40.644798,0
                  9.264067,40.644812,0
                  9.264149,40.644831,0
                  9.264225,40.644855,0
                  9.264181,40.645093,0
                  9.264125,40.645074,0
                  9.264065,40.64506,0
                  9.263999,40.645049,0
                  9.263929,40.645043,0
                  9.263853,40.645041,0
                  9.263771,40.645041,0
                  9.263716,40.645046,0
                  9.263676,40.645061,0
                  9.263651,40.645086,0
                  9.263642,40.645121,0
                  9.263648,40.645166,0
                  9.263669,40.645238,0
                  9.263681,40.645236,0
                  9.263701,40.645234,0
                  9.263728,40.645233,0
                  9.263762,40.645232,0
                  9.263803,40.645232,0
                  9.263874,40.645232,0
                  9.263975,40.645236,0
                  9.264069,40.645249,0
                  9.264156,40.645271,0
                  9.264237,40.645301,0
                  9.264311,40.64534,0
                  9.264343,40.64536,0
                  9.264399,40.645405,0
                  9.264446,40.645454,0
                  9.264483,40.645508,0
                  9.26451,40.645566,0
                  9.264521,40.645597,0
                </coordinates>
              </LinearRing>
            </outerBoundaryIs>
            <innerBoundaryIs>
              <LinearRing>
                <tessellate>1</tessellate>
                <coordinates>
                  9.264101,40.645641,0
                  9.264101,40.645658,0
                  9.264097,40.645673,0
                  9.26409,40.645688,0
                  9.264079,40.645703,0
                  9.264066,40.645715,0
                  9.26405,40.645725,0
                  9.264033,40.645732,0
                  9.264013,40.645736,0
                  9.263992,40.645737,0
                  9.263946,40.645737,0
                  9.263895,40.645733,0
                  9.263853,40.64572,0
                  9.26382,40.645698,0
                  9.263795,40.645667,0
                  9.263778,40.645628,0
                  9.263739,40.645487,0
                  9.26375,40.645485,0
                  9.263769,40.645484,0
                  9.263795,40.645482,0
                  9.26383,40.645482,0
                  9.263873,40.645481,0
                  9.263896,40.645481,0
                  9.263922,40.645483,0
                  9.263948,40.645486,0
                  9.263973,40.645492,0
                  9.263997,40.645501,0
                  9.264019,40.645511,0
                  9.26404,40.645524,0
                  9.264057,40.645539,0
                  9.264071,40.645555,0
                  9.264082,40.645573,0
                  9.264089,40.645593,0
                  9.264098,40.645624,0
                  9.264101,40.645641,0
                </coordinates>
              </LinearRing>
            </innerBoundaryIs>
          </Polygon>
          <Polygon>
            <outerBoundaryIs>
              <LinearRing>
                <tessellate>1</tessellate>
                <coordinates>
                  9.268026,40.645927,0
                  9.267995,40.64594,0
                  9.267962,40.645953,0
                  9.267927,40.645963,0
                  9.26789,40.645973,0
                  9.267851,40.645981,0
                  9.26781,40.645987,0
                  9.267766,40.645992,0
                  9.267721,40.645996,0
                  9.267674,40.645998,0
                  9.267625,40.645999,0
                  9.267558,40.645999,0
                  9.267508,40.645997,0
                  9.267459,40.645994,0
                  9.267412,40.645989,0
                  9.267367,40.645981,0
                  9.267323,40.645971,0
                  9.267281,40.645958,0
                  9.267241,40.645944,0
                  9.267202,40.645927,0
                  9.267164,40.645908,0
                  9.267129,40.645887,0
                  9.267096,40.645864,0
                  9.267066,40.645841,0
                  9.267038,40.645815,0
                  9.267012,40.645789,0
                  9.266989,40.64576,0
                  9.266968,40.645731,0
                  9.266949,40.6457,0
                  9.266933,40.645667,0
                  9.266919,40.645633,0
                  9.266908,40.645597,0
                  9.266688,40.644812,0
                  9.267127,40.644812,0
                  9.267354,40.645622,0
                  9.267362,40.645645,0
                  9.267372,40.645665,0
                  9.267383,40.645683,0
                  9.267398,40.645698,0
                  9.267414,40.645711,0
                  9.267432,40.645722,0
                  9.267452,40.64573,0
                  9.267474,40.645736,0
                  9.267498,40.64574,0
                  9.267525,40.645741,0
                  9.267552,40.645741,0
                  9.26759,40.64574,0
                  9.267625,40.645739,0
                  9.267659,40.645736,0
                  9.267692,40.645733,0
                  9.267722,40.645728,0
                  9.267751,40.645723,0
                  9.267778,40.645716,0
                  9.267804,40.645708,0
                  9.267828,40.6457,0
                  9.26785,40.64569,0
                  9.268026,40.645927,0
                </coordinates>
              </LinearRing>
            </outerBoundaryIs>
          </Polygon>
          <Polygon>
            <outerBoundaryIs>
              <LinearRing>
                <tessellate>1</tessellate>
                <coordinates>
                  9.265475,40.645066,0
                  9.265433,40.645066,0
                  9.265394,40.645067,0
                  9.265358,40.645069,0
                  9.265325,40.645071,0
                  9.265295,40.645074,0
                  9.265269,40.645078,0
                  9.265245,40.645082,0
                  9.265224,40.645087,0
                  9.265206,40.645092,0
                  9.265192,40.645098,0
                  9.265177,40.645106,0
                  9.265165,40.645116,0
                  9.265155,40.645127,0
                  9.265147,40.645139,0
                  9.265141,40.645153,0
                  9.265137,40.645169,0
                  9.265136,40.645186,0
                  9.265137,40.645204,0
                  9.265139,40.645224,0
                  9.265144,40.645246,0
                  9.265239,40.645583,0
                  9.265589,40.645583,0
                  9.265668,40.645866,0
                  9.265318,40.645866,0
                  9.265406,40.646178,0
                  9.264967,40.646178,0
                  9.264701,40.645232,0
                  9.264685,40.64515,0
                  9.264685,40.645077,0
                  9.264701,40.645012,0
                  9.264733,40.644956,0
                  9.264782,40.644908,0
                  9.264846,40.644869,0
                  9.264927,40.644839,0
                  9.265024,40.644818,0
                  9.265137,40.644805,0
                  9.265267,40.6448,0
                  9.2654,40.6448,0
                  9.265475,40.645066,0
                </coordinates>
              </LinearRing>
            </outerBoundaryIs>
          </Polygon>
          <Polygon>
            <outerBoundaryIs>
              <LinearRing>
                <tessellate>1</tessellate>
                <coordinates>
                  9.266517,40.645066,0
                  9.266475,40.645066,0
                  9.266436,40.645067,0
                  9.2664,40.645069,0
                  9.266367,40.645071,0
                  9.266338,40.645074,0
                  9.266311,40.645078,0
                  9.266287,40.645082,0
                  9.266266,40.645087,0
                  9.266249,40.645092,0
                  9.266234,40.645098,0
                  9.266219,40.645106,0
                  9.266207,40.645116,0
                  9.266197,40.645127,0
                  9.266189,40.645139,0
                  9.266183,40.645153,0
                  9.26618,40.645169,0
                  9.266178,40.645186,0
                  9.266179,40.645204,0
                  9.266182,40.645224,0
                  9.266187,40.645246,0
                  9.266281,40.645583,0
                  9.266631,40.645583,0
                  9.26671,40.645866,0
                  9.26636,40.645866,0
                  9.266448,40.646178,0
                  9.266009,40.646178,0
                  9.265743,40.645232,0
                  9.265727,40.64515,0
                  9.265727,40.645077,0
                  9.265743,40.645012,0
                  9.265775,40.644956,0
                  9.265824,40.644908,0
                  9.265889,40.644869,0
                  9.265969,40.644839,0
                  9.266066,40.644818,0
                  9.26618,40.644805,0
                  9.266309,40.6448,0
                  9.266442,40.6448,0
                  9.266517,40.645066,0
                </coordinates>
              </LinearRing>
            </outerBoundaryIs>
          </Polygon>
          <Polygon>
            <outerBoundaryIs>
              <LinearRing>
                <tessellate>1</tessellate>
                <coordinates>
                  9.262964,40.645091,0
                  9.262956,40.645091,0
                  9.262949,40.645092,0
                  9.262942,40.645092,0
                  9.262935,40.645093,0
                  9.262928,40.645093,0
                  9.262922,40.645094,0
                  9.262916,40.645095,0
                  9.262911,40.645096,0
                  9.262906,40.645097,0
                  9.262901,40.645098,0
                  9.26289,40.645101,0
                  9.262881,40.645104,0
                  9.262872,40.645108,0
                  9.262865,40.645112,0
                  9.262858,40.645117,0
                  9.262853,40.645123,0
                  9.262849,40.64513,0
                  9.262845,40.645137,0
                  9.262843,40.645144,0
                  9.262842,40.645153,0
                  9.262841,40.645158,0
                  9.262841,40.645164,0
                  9.262842,40.64517,0
                  9.262843,40.645177,0
                  9.262844,40.645185,0
                  9.262845,40.645194,0
                  9.262848,40.645203,0
                  9.26285,40.645213,0
                  9.262853,40.645224,0
                  9.262856,40.645236,0
                  9.263168,40.646348,0
                  9.262728,40.646348,0
                  9.26241,40.645211,0
                  9.262399,40.64517,0
                  9.262392,40.645131,0
                  9.262387,40.645095,0
                  9.262385,40.645061,0
                  9.262386,40.64503,0
                  9.26239,40.645001,0
                  9.262396,40.644975,0
                  9.262405,40.64495,0
                  9.262417,40.644929,0
                  9.262432,40.644909,0
                  9.262455,40.644888,0
                  9.262482,40.644869,0
                  9.262515,40.644852,0
                  9.262552,40.644837,0
                  9.262595,40.644825,0
                  9.262642,40.644815,0
                  9.262695,40.644808,0
                  9.262752,40.644803,0
                  9.262815,40.644801,0
                  9.262882,40.6448,0
                  9.262964,40.645091,0
                </coordinates>
              </LinearRing>
            </outerBoundaryIs>
          </Polygon>
          <Polygon>
            <outerBoundaryIs>
              <LinearRing>
                <tessellate>1</tessellate>
                <coordinates>
                  9.268641,40.645954,0
                  9.268201,40.645954,0
                  9.267881,40.644812,0
                  9.268321,40.644812,0
                  9.268641,40.645954,0
                </coordinates>
              </LinearRing>
            </outerBoundaryIs>
          </Polygon>
          <Polygon>
            <outerBoundaryIs>
              <LinearRing>
                <tessellate>1</tessellate>
                <coordinates>
                  9.268751,40.646348,0
                  9.268312,40.646348,0
                  9.268237,40.64608,0
                  9.268676,40.64608,0
                  9.268751,40.646348,0
                </coordinates>
              </LinearRing>
            </outerBoundaryIs>
          </Polygon>
        </MultiGeometry>
      </Placemark>
    </Folder>
  </Document>
</kml>
