<?xml version="1.0" encoding="UTF-8"?>
<kml xmlns="http://www.opengis.net/kml/2.2">
  <Document>
    <name>RIS26 - SS9/12 Coiluna-Loelle</name>
    <description/>
    <Style id="icon-1899-DB4436-normal">
      <IconStyle>
        <color>ff3644db</color>
        <scale>1</scale>
        <Icon>
          <href>https://www.gstatic.com/mapspro/images/stock/503-wht-blank_maps.png</href>
        </Icon>
        <hotSpot x="32" xunits="pixels" y="64" yunits="insetPixels"/>
      </IconStyle>
      <LabelStyle>
        <scale>0</scale>
      </LabelStyle>
    </Style>
    <Style id="icon-1899-DB4436-highlight">
      <IconStyle>
        <color>ff3644db</color>
        <scale>1</scale>
        <Icon>
          <href>https://www.gstatic.com/mapspro/images/stock/503-wht-blank_maps.png</href>
        </Icon>
        <hotSpot x="32" xunits="pixels" y="64" yunits="insetPixels"/>
      </IconStyle>
      <LabelStyle>
        <scale>1</scale>
      </LabelStyle>
    </Style>
    <StyleMap id="icon-1899-DB4436">
      <Pair>
        <key>normal</key>
        <styleUrl>#icon-1899-DB4436-normal</styleUrl>
      </Pair>
      <Pair>
        <key>highlight</key>
        <styleUrl>#icon-1899-DB4436-highlight</styleUrl>
      </Pair>
    </StyleMap>
    <Style id="icon-1899-DB4436-nodesc-normal">
      <IconStyle>
        <color>ff3644db</color>
        <scale>1</scale>
        <Icon>
          <href>https://www.gstatic.com/mapspro/images/stock/503-wht-blank_maps.png</href>
        </Icon>
        <hotSpot x="32" xunits="pixels" y="64" yunits="insetPixels"/>
      </IconStyle>
      <LabelStyle>
        <scale>0</scale>
      </LabelStyle>
      <BalloonStyle>
        <text><![CDATA[<h3>$[name]</h3>]]></text>
      </BalloonStyle>
    </Style>
    <Style id="icon-1899-DB4436-nodesc-highlight">
      <IconStyle>
        <color>ff3644db</color>
        <scale>1</scale>
        <Icon>
          <href>https://www.gstatic.com/mapspro/images/stock/503-wht-blank_maps.png</href>
        </Icon>
        <hotSpot x="32" xunits="pixels" y="64" yunits="insetPixels"/>
      </IconStyle>
      <LabelStyle>
        <scale>1</scale>
      </LabelStyle>
      <BalloonStyle>
        <text><![CDATA[<h3>$[name]</h3>]]></text>
      </BalloonStyle>
    </Style>
    <StyleMap id="icon-1899-DB4436-nodesc">
      <Pair>
        <key>normal</key>
        <styleUrl>#icon-1899-DB4436-nodesc-normal</styleUrl>
      </Pair>
      <Pair>
        <key>highlight</key>
        <styleUrl>#icon-1899-DB4436-nodesc-highlight</styleUrl>
      </Pair>
    </StyleMap>
    <Style id="line-ACA83A-8000-normal">
      <LineStyle>
        <color>ff3aa8ac</color>
        <width>8</width>
      </LineStyle>
    </Style>
    <Style id="line-ACA83A-8000-highlight">
      <LineStyle>
        <color>ff3aa8ac</color>
        <width>12</width>
      </LineStyle>
    </Style>
    <StyleMap id="line-ACA83A-8000">
      <Pair>
        <key>normal</key>
        <styleUrl>#line-ACA83A-8000-normal</styleUrl>
      </Pair>
      <Pair>
        <key>highlight</key>
        <styleUrl>#line-ACA83A-8000-highlight</styleUrl>
      </Pair>
    </StyleMap>
    <Style id="line-ACA83A-8000-nodesc-normal">
      <LineStyle>
        <color>ff3aa8ac</color>
        <width>8</width>
      </LineStyle>
      <BalloonStyle>
        <text><![CDATA[<h3>$[name]</h3>]]></text>
      </BalloonStyle>
    </Style>
    <Style id="line-ACA83A-8000-nodesc-highlight">
      <LineStyle>
        <color>ff3aa8ac</color>
        <width>12</width>
      </LineStyle>
      <BalloonStyle>
        <text><![CDATA[<h3>$[name]</h3>]]></text>
      </BalloonStyle>
    </Style>
    <StyleMap id="line-ACA83A-8000-nodesc">
      <Pair>
        <key>normal</key>
        <styleUrl>#line-ACA83A-8000-nodesc-normal</styleUrl>
      </Pair>
      <Pair>
        <key>highlight</key>
        <styleUrl>#line-ACA83A-8000-nodesc-highlight</styleUrl>
      </Pair>
    </StyleMap>
    <Style id="line-FF0000-5000-nodesc-normal">
      <LineStyle>
        <color>ff0000ff</color>
        <width>5</width>
      </LineStyle>
      <BalloonStyle>
        <text><![CDATA[<h3>$[name]</h3>]]></text>
      </BalloonStyle>
    </Style>
    <Style id="line-FF0000-5000-nodesc-highlight">
      <LineStyle>
        <color>ff0000ff</color>
        <width>7.5</width>
      </LineStyle>
      <BalloonStyle>
        <text><![CDATA[<h3>$[name]</h3>]]></text>
      </BalloonStyle>
    </Style>
    <StyleMap id="line-FF0000-5000-nodesc">
      <Pair>
        <key>normal</key>
        <styleUrl>#line-FF0000-5000-nodesc-normal</styleUrl>
      </Pair>
      <Pair>
        <key>highlight</key>
        <styleUrl>#line-FF0000-5000-nodesc-highlight</styleUrl>
      </Pair>
    </StyleMap>
    <Style id="poly-000066-1000-191-nodesc-normal">
      <LineStyle>
        <color>ff660000</color>
        <width>1</width>
      </LineStyle>
      <PolyStyle>
        <color>bf660000</color>
        <fill>1</fill>
        <outline>1</outline>
      </PolyStyle>
      <BalloonStyle>
        <text><![CDATA[<h3>$[name]</h3>]]></text>
      </BalloonStyle>
    </Style>
    <Style id="poly-000066-1000-191-nodesc-highlight">
      <LineStyle>
        <color>ff660000</color>
        <width>1.5</width>
      </LineStyle>
      <PolyStyle>
        <color>bf660000</color>
        <fill>1</fill>
        <outline>1</outline>
      </PolyStyle>
      <BalloonStyle>
        <text><![CDATA[<h3>$[name]</h3>]]></text>
      </BalloonStyle>
    </Style>
    <StyleMap id="poly-000066-1000-191-nodesc">
      <Pair>
        <key>normal</key>
        <styleUrl>#poly-000066-1000-191-nodesc-normal</styleUrl>
      </Pair>
      <Pair>
        <key>highlight</key>
        <styleUrl>#poly-000066-1000-191-nodesc-highlight</styleUrl>
      </Pair>
    </StyleMap>
    <Style id="poly-0000FF-1200-128-nodesc-normal">
      <LineStyle>
        <color>ffff0000</color>
        <width>1.2</width>
      </LineStyle>
      <PolyStyle>
        <color>80ff0000</color>
        <fill>1</fill>
        <outline>1</outline>
      </PolyStyle>
      <BalloonStyle>
        <text><![CDATA[<h3>$[name]</h3>]]></text>
      </BalloonStyle>
    </Style>
    <Style id="poly-0000FF-1200-128-nodesc-highlight">
      <LineStyle>
        <color>ffff0000</color>
        <width>1.8</width>
      </LineStyle>
      <PolyStyle>
        <color>80ff0000</color>
        <fill>1</fill>
        <outline>1</outline>
      </PolyStyle>
      <BalloonStyle>
        <text><![CDATA[<h3>$[name]</h3>]]></text>
      </BalloonStyle>
    </Style>
    <StyleMap id="poly-0000FF-1200-128-nodesc">
      <Pair>
        <key>normal</key>
        <styleUrl>#poly-0000FF-1200-128-nodesc-normal</styleUrl>
      </Pair>
      <Pair>
        <key>highlight</key>
        <styleUrl>#poly-0000FF-1200-128-nodesc-highlight</styleUrl>
      </Pair>
    </StyleMap>
    <Style id="poly-F9F9F9-1200-255-nodesc-normal">
      <LineStyle>
        <color>fff9f9f9</color>
        <width>1.2</width>
      </LineStyle>
      <PolyStyle>
        <color>fff9f9f9</color>
        <fill>1</fill>
        <outline>1</outline>
      </PolyStyle>
      <BalloonStyle>
        <text><![CDATA[<h3>$[name]</h3>]]></text>
      </BalloonStyle>
    </Style>
    <Style id="poly-F9F9F9-1200-255-nodesc-highlight">
      <LineStyle>
        <color>fff9f9f9</color>
        <width>1.8</width>
      </LineStyle>
      <PolyStyle>
        <color>fff9f9f9</color>
        <fill>1</fill>
        <outline>1</outline>
      </PolyStyle>
      <BalloonStyle>
        <text><![CDATA[<h3>$[name]</h3>]]></text>
      </BalloonStyle>
    </Style>
    <StyleMap id="poly-F9F9F9-1200-255-nodesc">
      <Pair>
        <key>normal</key>
        <styleUrl>#poly-F9F9F9-1200-255-nodesc-normal</styleUrl>
      </Pair>
      <Pair>
        <key>highlight</key>
        <styleUrl>#poly-F9F9F9-1200-255-nodesc-highlight</styleUrl>
      </Pair>
    </StyleMap>
    <Style id="poly-FFDE23-1200-128-nodesc-normal">
      <LineStyle>
        <color>ff23deff</color>
        <width>1.2</width>
      </LineStyle>
      <PolyStyle>
        <color>8023deff</color>
        <fill>1</fill>
        <outline>1</outline>
      </PolyStyle>
      <BalloonStyle>
        <text><![CDATA[<h3>$[name]</h3>]]></text>
      </BalloonStyle>
    </Style>
    <Style id="poly-FFDE23-1200-128-nodesc-highlight">
      <LineStyle>
        <color>ff23deff</color>
        <width>1.8</width>
      </LineStyle>
      <PolyStyle>
        <color>8023deff</color>
        <fill>1</fill>
        <outline>1</outline>
      </PolyStyle>
      <BalloonStyle>
        <text><![CDATA[<h3>$[name]</h3>]]></text>
      </BalloonStyle>
    </Style>
    <StyleMap id="poly-FFDE23-1200-128-nodesc">
      <Pair>
        <key>normal</key>
        <styleUrl>#poly-FFDE23-1200-128-nodesc-normal</styleUrl>
      </Pair>
      <Pair>
        <key>highlight</key>
        <styleUrl>#poly-FFDE23-1200-128-nodesc-highlight</styleUrl>
      </Pair>
    </StyleMap>
    <Folder>
      <name>Access</name>
      <Placemark>
        <name>13</name>
        <styleUrl>#icon-1899-DB4436-nodesc</styleUrl>
        <Point>
          <coordinates>
            9.4101418,40.5716695,0
          </coordinates>
        </Point>
      </Placemark>
      <Placemark>
        <name>13</name>
        <styleUrl>#icon-1899-DB4436-nodesc</styleUrl>
        <Point>
          <coordinates>
            9.4150833,40.5828226,0
          </coordinates>
        </Point>
      </Placemark>
      <Placemark>
        <name>13</name>
        <styleUrl>#icon-1899-DB4436-nodesc</styleUrl>
        <Point>
          <coordinates>
            9.4069429,40.5949463,0
          </coordinates>
        </Point>
      </Placemark>
      <Placemark>
        <name>13</name>
        <styleUrl>#icon-1899-DB4436-nodesc</styleUrl>
        <Point>
          <coordinates>
            9.3932952,40.5924001,0
          </coordinates>
        </Point>
      </Placemark>
      <Placemark>
        <name>13</name>
        <styleUrl>#icon-1899-DB4436-nodesc</styleUrl>
        <Point>
          <coordinates>
            9.3265449,40.6454811,0
          </coordinates>
        </Point>
      </Placemark>
      <Placemark>
        <name>13</name>
        <styleUrl>#icon-1899-DB4436-nodesc</styleUrl>
        <Point>
          <coordinates>
            9.3381113,40.6126997,0
          </coordinates>
        </Point>
      </Placemark>
      <Placemark>
        <name>13</name>
        <styleUrl>#icon-1899-DB4436-nodesc</styleUrl>
        <Point>
          <coordinates>
            9.3387048,40.6113163,0
          </coordinates>
        </Point>
      </Placemark>
      <Placemark>
        <name>13</name>
        <styleUrl>#icon-1899-DB4436-nodesc</styleUrl>
        <Point>
          <coordinates>
            9.3419833,40.5933511,0
          </coordinates>
        </Point>
      </Placemark>
      <Placemark>
        <name>13</name>
        <styleUrl>#icon-1899-DB4436-nodesc</styleUrl>
        <Point>
          <coordinates>
            9.348433,40.5942516,0
          </coordinates>
        </Point>
      </Placemark>
      <Placemark>
        <name>13</name>
        <styleUrl>#icon-1899-DB4436-nodesc</styleUrl>
        <Point>
          <coordinates>
            9.3493955,40.5975027,0
          </coordinates>
        </Point>
      </Placemark>
      <Placemark>
        <name>13 bifacciale</name>
        <styleUrl>#icon-1899-DB4436-nodesc</styleUrl>
        <Point>
          <coordinates>
            9.3249323,40.6466871,0
          </coordinates>
        </Point>
      </Placemark>
      <Placemark>
        <name>14</name>
        <styleUrl>#icon-1899-DB4436-nodesc</styleUrl>
        <Point>
          <coordinates>
            9.315823,40.5677463,0
          </coordinates>
        </Point>
      </Placemark>
      <Placemark>
        <name>14</name>
        <styleUrl>#icon-1899-DB4436-nodesc</styleUrl>
        <Point>
          <coordinates>
            9.3220471,40.5650943,0
          </coordinates>
        </Point>
      </Placemark>
      <Placemark>
        <name>14 - 15</name>
        <styleUrl>#icon-1899-DB4436-nodesc</styleUrl>
        <Point>
          <coordinates>
            9.2696104,40.5707167,0
          </coordinates>
        </Point>
      </Placemark>
      <Placemark>
        <name>14 - 15</name>
        <styleUrl>#icon-1899-DB4436-nodesc</styleUrl>
        <Point>
          <coordinates>
            9.3013318,40.5711021,0
          </coordinates>
        </Point>
      </Placemark>
      <Placemark>
        <name>14-15 Access</name>
        <styleUrl>#line-ACA83A-8000-nodesc</styleUrl>
        <LineString>
          <tessellate>1</tessellate>
          <coordinates>
            9.269611,40.570624,759
            9.269683,40.570619,759
            9.270184,40.570621,760.5
            9.270449,40.570674,760.4
            9.270637,40.570734,761
            9.27068,40.570755,761
            9.272211,40.57149,756.4
            9.273182,40.571907,757.8
            9.273465,40.571997,759.4
            9.273684,40.572008,759.6
            9.273926,40.572006,760.8
            9.274154,40.571932,762
            9.274396,40.571829,762.4
            9.27469,40.571646,763.5
            9.274909,40.571544,764.7
            9.2751,40.571479,765.1
            9.275381,40.571425,766.1
            9.275667,40.571396,766.5
            9.276321,40.571367,767.6
            9.276506,40.571372,768
            9.276681,40.571289,768.1
            9.276773,40.571207,768.1
            9.276833,40.571106,768.7
            9.276907,40.571034,768.7
            9.276987,40.570994,768.7
            9.27707,40.570994,769
            9.277356,40.571109,769.4
            9.277576,40.571168,769.9
            9.277833,40.571172,770.9
            9.2786,40.571096,773.8
            9.278888,40.570993,775.6
            9.279104,40.570857,776.6
            9.279307,40.570711,777.2
            9.279835,40.570251,776.4
            9.27994,40.570208,776.3
            9.280064,40.570197,775.6
            9.280221,40.570241,775.5
            9.280374,40.570327,775
            9.280841,40.570653,774.9
            9.281213,40.570889,775
            9.281413,40.571055,774.9
            9.281556,40.571135,775.8
            9.281709,40.571157,776.6
            9.281866,40.571135,777.3
            9.282023,40.571063,777.7
            9.283028,40.570483,778.1
            9.283118,40.57045,778.1
            9.283322,40.570442,778
            9.283546,40.570508,777.8
            9.284131,40.570814,777.6
            9.284396,40.570931,775
            9.284502,40.570972,777.1
            9.284771,40.571019,777.4
            9.285024,40.571035,778.2
            9.285242,40.571016,778.2
            9.28548,40.570943,778.2
            9.285728,40.570834,778.2
            9.286561,40.570429,780
            9.286844,40.570302,777.7
            9.287182,40.570186,776.8
            9.287554,40.570096,776
            9.288718,40.5699,775.1
            9.289002,40.569837,775.7
            9.289295,40.569739,776
            9.290502,40.569268,778
            9.290948,40.569123,778.3
            9.291194,40.569066,778.4
            9.291435,40.569046,778.4
            9.291679,40.569052,778.5
            9.291978,40.569081,779
            9.293114,40.56919,783
            9.294167,40.56944,783.7
            9.295107,40.569636,783
            9.296368,40.569849,782.6
            9.296812,40.569947,781
            9.297124,40.570018,786
            9.297665,40.570143,785.5
            9.2989,40.570461,783.2
            9.299462,40.570657,783
            9.299779,40.57078,783.2
            9.300175,40.570958,783.4
            9.300375,40.571023,783.5
            9.30083,40.571105,783.6
            9.300933,40.57108,786
            9.301048,40.571058,785.4
            9.301277,40.570983,785.3
            9.301806,40.570777,783
            9.30213,40.570722,782.6
            9.302473,40.570704,782.4
            9.304004,40.570737,782.6
            9.305045,40.570714,783
            9.307041,40.570679,784
            9.307651,40.570679,786.5
            9.309282,40.570631,790
            9.3098,40.570629,790.4
            9.310345,40.570558,792.4
            9.310627,40.570472,792.8
            9.310908,40.570327,793.1
            9.311127,40.570186,793.8
            9.311931,40.56961,794.6
            9.312308,40.569527,794.7
            9.312722,40.569531,795
            9.313321,40.569483,795.4
            9.313511,40.569382,795.5
            9.31375,40.569212,796.1
            9.314546,40.568511,796.5
            9.315043,40.568201,798
            9.316048,40.567692,797
            9.316535,40.567432,800
            9.31711,40.56698,797.3
            9.317314,40.566866,797.1
            9.318334,40.566458,792
            9.320144,40.565735,787
            9.321055,40.565387,787.9
            9.321425,40.565265,788.4
            9.322007,40.565157,789.3
            9.322118,40.565117,790
            9.322278,40.565135,794.9
            9.322538,40.565095,796.5
            9.32295,40.565119,797.6
            9.323133,40.565178,798.1
            9.323245,40.565234,798.2
            9.323332,40.565277,798.3
            9.323664,40.565371,799.4
            9.323914,40.565547,800.7
            9.324095,40.565631,800.9
            9.324515,40.565612,801.7
            9.324724,40.565646,802.1
            9.325033,40.565724,802.6
            9.325134,40.565728,802.6
            9.325264,40.565711,802.6
            9.325384,40.565645,802.6
            9.325493,40.565594,802.6
            9.325593,40.565584,802.6
            9.325823,40.565612,802.6
            9.326033,40.565696,802.6
          </coordinates>
        </LineString>
      </Placemark>
      <Placemark>
        <name><![CDATA[13 Access ALA' / LATARI - Only 4x4]]></name>
        <styleUrl>#line-ACA83A-8000-nodesc</styleUrl>
        <LineString>
          <tessellate>1</tessellate>
          <coordinates>
            9.324904,40.646618,662
            9.325077,40.646559,663
            9.32601,40.646252,663
            9.326162,40.646165,663
            9.326251,40.646078,663
            9.326503,40.645703,663
            9.32653,40.645642,663
            9.326554,40.645589,663
            9.326562,40.645565,663
            9.327395,40.644317,658
            9.327548,40.644084,651
            9.327671,40.64386,651.5
            9.327778,40.643519,651.4
            9.327843,40.643396,651.3
            9.327927,40.643322,653
            9.328145,40.643206,652
            9.328284,40.643108,652.2
            9.328464,40.642841,649
            9.328732,40.642442,654
            9.328783,40.64238,654
            9.328897,40.64224,654.3
            9.328965,40.642112,654.3
            9.328975,40.642004,654.4
            9.328959,40.641894,654.3
            9.328975,40.641803,654.3
            9.329018,40.641709,654.3
            9.329307,40.641337,654.4
            9.329358,40.64114,654.5
            9.329388,40.64079,656
            9.32949,40.63982,654.6
            9.329455,40.639704,654.6
            9.329262,40.639478,654.5
            9.328991,40.639242,654.2
            9.328921,40.639094,653.7
            9.328884,40.638935,653.5
            9.328902,40.638648,653.4
            9.329005,40.638184,653.2
            9.328994,40.638033,653
            9.328919,40.637805,653.1
            9.328876,40.637598,653.2
            9.328913,40.637452,653.6
            9.329672,40.635931,655
            9.329873,40.63574,655
            9.330075,40.63565,654
            9.330785,40.635337,654
            9.330906,40.635214,654
            9.331276,40.634622,654
            9.331268,40.634482,654
            9.33115,40.634284,654
            9.33074,40.633787,654
            9.330713,40.633664,654
            9.330732,40.6334,654
            9.330807,40.632902,658
            9.330839,40.632704,660
            9.330946,40.632505,659.7
            9.33107,40.632354,660.2
            9.331464,40.632029,661.7
            9.331759,40.631858,662.5
            9.33277,40.631412,665.6
            9.332974,40.631282,665.9
            9.333172,40.631117,665.7
            9.333368,40.630836,667.7
            9.333648,40.630309,668.3
            9.333822,40.630125,669.5
            9.334069,40.629932,673.3
            9.334169,40.629805,680
            9.334197,40.62977,680.6
            9.334229,40.629641,680.5
            9.334283,40.629083,680.7
            9.334417,40.628874,682
            9.334553,40.628573,682.7
            9.334645,40.628273,682.6
            9.334637,40.627497,683
            9.334589,40.627359,683.2
            9.334621,40.627227,683.4
            9.334525,40.626919,683.5
            9.334548,40.626822,683.7
            9.335091,40.6264,682.4
            9.335653,40.625924,680.3
            9.335932,40.625666,677.8
            9.336239,40.625427,677.8
            9.336283,40.625291,677.4
            9.336348,40.624811,677
            9.336502,40.624542,674
            9.337037,40.623434,665.7
            9.337121,40.623149,664.2
            9.33721,40.622923,664.2
            9.337319,40.622835,664.2
            9.338142,40.622494,664.4
            9.338252,40.62241,664.6
            9.338314,40.622313,664.7
            9.33837,40.621684,664.8
            9.338298,40.621352,665
            9.338153,40.620957,665.4
            9.338161,40.620818,665.7
            9.338221,40.62048,666.2
            9.338468,40.619794,666
            9.338712,40.619149,669
            9.33876,40.619022,669.3
            9.338915,40.618139,669.4
            9.338903,40.618069,670
            9.3388,40.617479,669.5
            9.338638,40.617162,669
            9.338365,40.616736,670.2
            9.338315,40.616671,673.1
            9.337105,40.615102,676
            9.336919,40.614837,673
            9.336893,40.6148,673
            9.336893,40.614682,673
            9.337065,40.614409,672.9
            9.337907,40.612906,674
            9.337977,40.612728,678.1
            9.338327,40.612162,681.7
            9.338665,40.611472,684.1
            9.338616,40.611317,684
            9.338116,40.611071,687
            9.337993,40.611011,688.1
            9.337185,40.610736,689
            9.336768,40.610568,689.5
            9.336406,40.610336,691.1
            9.336099,40.609919,692.4
            9.33595,40.609625,694.7
            9.335803,40.608861,697.6
            9.335327,40.607787,700.9
            9.335265,40.607496,700.7
            9.336518,40.604763,704
            9.337499,40.602559,723
            9.33758,40.602297,723
            9.337615,40.60221,723
            9.33769,40.602017,723
            9.337868,40.601531,725.1
            9.338033,40.60142,724.9
            9.3388,40.601071,725.4
            9.339086,40.600897,728
            9.339418,40.600562,729.5
            9.339686,40.600234,729.9
            9.339949,40.599855,729.6
            9.339996,40.599709,729.6
            9.339957,40.599418,728
            9.339446,40.597407,746.1
            9.339455,40.597228,747
            9.33952,40.597096,746.5
            9.339882,40.596676,746.5
            9.340018,40.596586,748.2
            9.340399,40.596463,748.6
            9.340439,40.596435,749
            9.340474,40.596338,750.1
            9.34046,40.596287,751.6
            9.340368,40.596247,751.8
            9.340051,40.596172,751.4
            9.339668,40.595994,752
            9.339361,40.595668,753.7
            9.339235,40.595505,754.7
            9.339221,40.595414,755.8
            9.339239,40.595327,755.9
            9.339274,40.595293,757
            9.339337,40.595232,757.9
            9.339615,40.595076,758.9
            9.340257,40.594795,758.6
            9.341041,40.594547,765
            9.341573,40.594356,768.8
            9.341944,40.594177,768.9
            9.34208,40.594034,769.5
            9.342106,40.593979,769.7
            9.342169,40.593843,769.9
            9.342169,40.593676,770.3
            9.341968,40.593381,773
            9.342128,40.59339,773
            9.342325,40.593448,773
            9.342642,40.593543,774.1
            9.343529,40.593678,772.8
            9.343608,40.593715,772.8
            9.343656,40.593738,772.7
            9.343721,40.593825,772.5
            9.343786,40.594325,771.5
            9.343763,40.594503,771.5
            9.343778,40.594572,771.4
            9.343808,40.594597,771.2
            9.343903,40.594611,771.1
            9.344138,40.594543,771
            9.344765,40.594539,769.1
            9.345263,40.594563,768.4
            9.346004,40.594555,764.7
            9.346368,40.594515,765.2
            9.346453,40.594518,762
            9.346612,40.594524,757.7
            9.346884,40.594444,756.3
            9.347185,40.594405,756
            9.347708,40.59435,755.6
            9.348292,40.59431,755.2
            9.348381,40.594258,751
            9.348523,40.594399,750.5
            9.34874,40.594761,749.6
            9.348816,40.595186,747.5
            9.348915,40.595745,745.4
            9.348982,40.59637,743.3
            9.34897,40.596898,743.3
            9.348994,40.597013,743.2
            9.349145,40.59714,742.4
            9.349387,40.597476,739
            9.349612,40.597486,735.5
            9.349969,40.597454,736
            9.350865,40.597253,733.8
            9.351279,40.597321,731.3
            9.352033,40.597378,726.9
            9.352426,40.597322,726.9
            9.352943,40.597219,724.7
            9.353118,40.597277,723.6
            9.353371,40.597426,723.1
            9.35354,40.5975,719
            9.354693,40.597873,718.6
            9.35496,40.59789,718.3
            9.355821,40.597774,719
            9.355989,40.597757,720.3
            9.356192,40.597759,721.1
            9.357679,40.597449,726.6
            9.357946,40.597347,728
            9.358766,40.596859,729
            9.359,40.596729,734.5
            9.359367,40.596619,735.1
            9.359563,40.596637,735.3
            9.360001,40.596784,735.7
            9.360259,40.596852,736.1
            9.360384,40.596866,736.1
            9.360417,40.596856,736.2
          </coordinates>
        </LineString>
      </Placemark>
      <Placemark>
        <name>13 Access MAMONE</name>
        <description><![CDATA[Dopo uscita da Cantiere Forestale Crastazza solo 4 x4<br>After leaving the Crastazza Forestry Yard, only 4x4s]]></description>
        <styleUrl>#line-ACA83A-8000</styleUrl>
        <LineString>
          <tessellate>1</tessellate>
          <coordinates>
            9.410095,40.571683,907.5
            9.410133,40.571983,906
            9.410091,40.572308,908.6
            9.409972,40.572548,911.5
            9.409322,40.573423,913.6
            9.409266,40.573571,914.9
            9.409345,40.573698,915.4
            9.410029,40.573994,914.9
            9.410139,40.574154,915.4
            9.41016,40.574475,915.9
            9.41025,40.574692,915.2
            9.410431,40.574759,914.5
            9.410942,40.574719,916.7
            9.411434,40.574771,917.3
            9.411891,40.574931,925.4
            9.412094,40.575235,930.5
            9.412143,40.575659,934.1
            9.412247,40.576062,943.1
            9.412304,40.576675,950.7
            9.412196,40.577143,952
            9.412191,40.577465,954.5
            9.412307,40.577721,951.7
            9.413177,40.577746,947.9
            9.413956,40.577971,949.4
            9.414495,40.57816,954
            9.414887,40.578481,960.6
            9.414943,40.57868,962.3
            9.414802,40.579335,965.3
            9.414547,40.579674,966.3
            9.414521,40.579831,966.1
            9.414772,40.580763,964.3
            9.414742,40.581028,962.6
            9.41464,40.581534,959.1
            9.414463,40.581875,957.4
            9.414381,40.582269,956.3
            9.414491,40.582493,955
            9.415058,40.58277,945
            9.414945,40.582925,932.1
            9.414772,40.583094,931.6
            9.414603,40.58325,930.9
            9.414453,40.583343,929.3
            9.414239,40.583412,929.4
            9.413878,40.583485,927
            9.413305,40.58352,919.4
            9.413059,40.583509,915.6
            9.412275,40.58372,906
            9.412002,40.583828,904.1
            9.411797,40.583949,902
            9.411592,40.584139,900.2
            9.411273,40.584399,894.2
            9.411049,40.584658,893.5
            9.410825,40.585007,888.2
            9.410484,40.585537,882.8
            9.409847,40.586364,877.5
            9.409341,40.586987,876.2
            9.409077,40.587478,875.9
            9.408934,40.587691,875
            9.408844,40.587793,873.8
            9.408776,40.587907,873.2
            9.408735,40.588042,872.2
            9.408749,40.588229,872.5
            9.408576,40.589145,870.9
            9.408539,40.589235,869.7
            9.408549,40.589274,862
            9.408603,40.589391,859.8
            9.409008,40.589727,859.4
            9.409113,40.589875,858.8
            9.40915,40.589993,859.1
            9.409122,40.590277,857.4
            9.409263,40.590858,853.5
            9.409227,40.5912,850.7
            9.409596,40.591719,835
            9.410024,40.592487,833.9
            9.410143,40.592626,832.2
            9.410147,40.592695,830.9
            9.41012,40.59274,830.9
            9.410065,40.592778,830.9
            9.40997,40.592788,830.2
            9.409195,40.592529,830.3
            9.409036,40.59255,828.1
            9.408903,40.592626,827.3
            9.408822,40.592833,823.7
            9.40858,40.593328,812.8
            9.408443,40.593501,807.2
            9.408015,40.593864,802.3
            9.407888,40.593996,801.2
            9.407856,40.594089,801.3
            9.407901,40.594394,799.8
            9.407842,40.594477,799.2
            9.407733,40.59456,797.1
            9.407058,40.594871,791
            9.406926,40.594917,790.6
            9.40669,40.594949,790.7
            9.40626,40.5949,789.8
            9.404793,40.594596,783.9
            9.404533,40.594542,778.1
            9.403932,40.594371,778.1
            9.402784,40.593841,775.5
            9.402387,40.593735,774.8
            9.401958,40.593691,773.5
            9.401379,40.593548,773.1
            9.400982,40.593507,772.4
            9.400649,40.593447,771.6
            9.400091,40.593263,771.4
            9.399598,40.593165,771.6
            9.399136,40.592994,771.4
            9.398643,40.592774,771
            9.39787,40.592595,766.7
            9.396969,40.592416,761.2
            9.396047,40.592285,756.8
            9.395542,40.592113,756.3
            9.395252,40.592072,754
            9.395009,40.592038,752
            9.394406,40.592089,751.6
            9.394006,40.59221,751.2
            9.393854,40.592412,749
            9.393734,40.592453,749
            9.393532,40.592427,749
            9.393347,40.59238,749
            9.393321,40.59286,753.5
            9.393501,40.593432,752.8
            9.393692,40.593871,753.4
            9.393782,40.594019,753.8
            9.39364,40.594059,754.2
            9.393407,40.594037,754.6
            9.393053,40.593975,755
            9.393021,40.593988,756.7
            9.391272,40.59391,769.6
            9.390169,40.594047,769.6
            9.386541,40.593988,759
            9.385241,40.593996,753
            9.384035,40.594004,747
            9.381417,40.594096,729
            9.380221,40.594138,715.1
            9.379755,40.594057,711.8
            9.379363,40.593894,708.4
            9.37917,40.593833,707.8
            9.378934,40.593813,707.1
            9.37858,40.594057,707
            9.37844,40.594252,705.7
            9.377818,40.59446,707.2
            9.375361,40.595173,732
            9.373459,40.595611,736
            9.373151,40.595682,736
            9.371231,40.595617,724.7
            9.37085,40.59556,724.9
            9.370276,40.59545,728.9
            9.368607,40.595666,728.9
            9.367288,40.596368,742.4
          </coordinates>
        </LineString>
      </Placemark>
    </Folder>
    <Folder>
      <name>Areas</name>
      <Placemark>
        <name>13 - Spectator</name>
        <styleUrl>#poly-FFDE23-1200-128-nodesc</styleUrl>
        <Polygon>
          <outerBoundaryIs>
            <LinearRing>
              <tessellate>1</tessellate>
              <coordinates>
                9.363273,40.596923,0
                9.362895,40.596982,0
                9.362872,40.596985,0
                9.362849,40.596988,0
                9.362826,40.596989,0
                9.362802,40.59699,0
                9.362779,40.596989,0
                9.362756,40.596988,0
                9.362733,40.596986,0
                9.36271,40.596983,0
                9.362687,40.596979,0
                9.362665,40.596975,0
                9.362643,40.596969,0
                9.362621,40.596963,0
                9.3626,40.596956,0
                9.362579,40.596948,0
                9.362559,40.59694,0
                9.362539,40.59693,0
                9.36252,40.59692,0
                9.362502,40.596909,0
                9.362484,40.596898,0
                9.362467,40.596886,0
                9.362451,40.596873,0
                9.362436,40.59686,0
                9.362421,40.596846,0
                9.362408,40.596831,0
                9.362395,40.596817,0
                9.362384,40.596801,0
                9.362373,40.596786,0
                9.362364,40.596769,0
                9.362355,40.596753,0
                9.362348,40.596736,0
                9.362341,40.596719,0
                9.362336,40.596702,0
                9.362332,40.596685,0
                9.362329,40.596667,0
                9.362327,40.596649,0
                9.362326,40.596632,0
                9.362327,40.596614,0
                9.362328,40.596596,0
                9.362331,40.596579,0
                9.362335,40.596561,0
                9.36234,40.596544,0
                9.362346,40.596527,0
                9.362353,40.59651,0
                9.362361,40.596494,0
                9.36237,40.596477,0
                9.362381,40.596462,0
                9.362392,40.596446,0
                9.362404,40.596431,0
                9.362417,40.596417,0
                9.362432,40.596403,0
                9.362447,40.596389,0
                9.362463,40.596376,0
                9.362479,40.596364,0
                9.362497,40.596352,0
                9.362515,40.596341,0
                9.362534,40.596331,0
                9.362553,40.596321,0
                9.362573,40.596313,0
                9.362594,40.596305,0
                9.362615,40.596297,0
                9.362637,40.596291,0
                9.362659,40.596285,0
                9.362681,40.59628,0
                9.362704,40.596276,0
                9.363082,40.596217,0
                9.364016,40.596069,0
                9.36404,40.596065,0
                9.364065,40.596063,0
                9.364624,40.596019,0
                9.364582,40.595906,0
                9.364576,40.595889,0
                9.364572,40.595872,0
                9.364568,40.595855,0
                9.364566,40.595837,0
                9.364565,40.595819,0
                9.364564,40.595802,0
                9.364565,40.595784,0
                9.364568,40.595766,0
                9.364571,40.595749,0
                9.364575,40.595731,0
                9.364581,40.595714,0
                9.364587,40.595697,0
                9.364595,40.595681,0
                9.364604,40.595664,0
                9.364614,40.595648,0
                9.364624,40.595633,0
                9.364636,40.595617,0
                9.364649,40.595603,0
                9.364663,40.595588,0
                9.364677,40.595575,0
                9.364693,40.595561,0
                9.364709,40.595549,0
                9.364726,40.595537,0
                9.364744,40.595526,0
                9.364763,40.595515,0
                9.364782,40.595505,0
                9.364802,40.595496,0
                9.364822,40.595487,0
                9.364843,40.59548,0
                9.364864,40.595473,0
                9.364886,40.595467,0
                9.364908,40.595462,0
                9.364931,40.595457,0
                9.364953,40.595454,0
                9.364976,40.595451,0
                9.365,40.595449,0
                9.365023,40.595448,0
                9.365046,40.595448,0
                9.365069,40.595449,0
                9.365092,40.59545,0
                9.365115,40.595453,0
                9.365138,40.595456,0
                9.36516,40.59546,0
                9.365183,40.595466,0
                9.365205,40.595471,0
                9.365226,40.595478,0
                9.365247,40.595486,0
                9.365268,40.595494,0
                9.365288,40.595503,0
                9.365307,40.595512,0
                9.365326,40.595523,0
                9.365344,40.595534,0
                9.365361,40.595546,0
                9.365377,40.595558,0
                9.365393,40.595571,0
                9.365408,40.595585,0
                9.365422,40.595599,0
                9.365435,40.595614,0
                9.365447,40.595629,0
                9.365458,40.595644,0
                9.365468,40.59566,0
                9.365477,40.595677,0
                9.365485,40.595693,0
                9.365492,40.59571,0
                9.365662,40.596169,0
                9.365668,40.596186,0
                9.365673,40.596204,0
                9.365676,40.596221,0
                9.365679,40.596239,0
                9.36568,40.596257,0
                9.36568,40.596274,0
                9.365679,40.596292,0
                9.365677,40.59631,0
                9.365673,40.596327,0
                9.365669,40.596345,0
                9.365663,40.596362,0
                9.365657,40.596379,0
                9.365649,40.596396,0
                9.365612,40.596468,0
                9.365603,40.596485,0
                9.365593,40.596501,0
                9.365582,40.596517,0
                9.36557,40.596533,0
                9.365557,40.596548,0
                9.365542,40.596562,0
                9.365527,40.596576,0
                9.365511,40.596589,0
                9.365494,40.596602,0
                9.365477,40.596614,0
                9.365458,40.596625,0
                9.365439,40.596636,0
                9.365419,40.596646,0
                9.365399,40.596655,0
                9.365378,40.596663,0
                9.365356,40.596671,0
                9.365334,40.596677,0
                9.365312,40.596683,0
                9.365289,40.596688,0
                9.365266,40.596692,0
                9.365243,40.596695,0
                9.365219,40.596698,0
                9.364185,40.596778,0
                9.363274,40.596923,0
                9.363273,40.596923,0
              </coordinates>
            </LinearRing>
          </outerBoundaryIs>
        </Polygon>
      </Placemark>
      <Placemark>
        <name>14 - Spectator</name>
        <styleUrl>#poly-FFDE23-1200-128-nodesc</styleUrl>
        <Polygon>
          <outerBoundaryIs>
            <LinearRing>
              <tessellate>1</tessellate>
              <coordinates>
                9.330286,40.56962,0
                9.330053,40.569608,0
                9.328855,40.569588,0
                9.328831,40.569587,0
                9.328808,40.569586,0
                9.328785,40.569583,0
                9.328763,40.56958,0
                9.32874,40.569576,0
                9.328718,40.56957,0
                9.328696,40.569565,0
                9.328674,40.569558,0
                9.328654,40.56955,0
                9.328633,40.569542,0
                9.328613,40.569533,0
                9.328594,40.569523,0
                9.328575,40.569513,0
                9.328557,40.569502,0
                9.32854,40.56949,0
                9.328523,40.569477,0
                9.328508,40.569464,0
                9.328493,40.569451,0
                9.328479,40.569436,0
                9.328466,40.569422,0
                9.328454,40.569407,0
                9.328443,40.569391,0
                9.328433,40.569375,0
                9.328424,40.569359,0
                9.328416,40.569342,0
                9.32841,40.569325,0
                9.328404,40.569308,0
                9.328399,40.569291,0
                9.328396,40.569273,0
                9.328393,40.569256,0
                9.328392,40.569238,0
                9.328392,40.56922,0
                9.328393,40.569203,0
                9.328395,40.569185,0
                9.328399,40.569167,0
                9.328403,40.56915,0
                9.328409,40.569133,0
                9.328415,40.569116,0
                9.328423,40.569099,0
                9.328432,40.569083,0
                9.328442,40.569067,0
                9.328453,40.569051,0
                9.328465,40.569036,0
                9.328477,40.569021,0
                9.328491,40.569007,0
                9.328506,40.568993,0
                9.328521,40.56898,0
                9.328538,40.568968,0
                9.328555,40.568956,0
                9.328573,40.568945,0
                9.328591,40.568934,0
                9.328611,40.568924,0
                9.32863,40.568915,0
                9.328651,40.568907,0
                9.328672,40.568899,0
                9.328693,40.568892,0
                9.328715,40.568886,0
                9.328737,40.568881,0
                9.32876,40.568877,0
                9.328782,40.568873,0
                9.328805,40.56887,0
                9.328828,40.568869,0
                9.328852,40.568868,0
                9.328875,40.568868,0
                9.330085,40.568887,0
                9.330107,40.568888,0
                9.331903,40.568982,0
                9.331926,40.568983,0
                9.331949,40.568986,0
                9.331972,40.568989,0
                9.331994,40.568993,0
                9.332232,40.569042,0
                9.332254,40.569047,0
                9.332277,40.569053,0
                9.332298,40.56906,0
                9.33232,40.569068,0
                9.33234,40.569076,0
                9.332361,40.569085,0
                9.33238,40.569095,0
                9.332399,40.569106,0
                9.332417,40.569117,0
                9.332422,40.569121,0
                9.333305,40.568735,0
                9.333327,40.568726,0
                9.333349,40.568718,0
                9.333372,40.568711,0
                9.333395,40.568705,0
                9.333418,40.5687,0
                9.333442,40.568695,0
                9.333466,40.568692,0
                9.33349,40.568689,0
                9.334174,40.568634,0
                9.334196,40.568633,0
                9.334218,40.568632,0
                9.334241,40.568632,0
                9.334263,40.568633,0
                9.334285,40.568635,0
                9.334307,40.568638,0
                9.334329,40.568641,0
                9.335033,40.568764,0
                9.335056,40.568768,0
                9.335078,40.568773,0
                9.3351,40.568779,0
                9.335121,40.568786,0
                9.335142,40.568794,0
                9.335162,40.568802,0
                9.335182,40.568811,0
                9.335201,40.568821,0
                9.33522,40.568832,0
                9.335238,40.568843,0
                9.335255,40.568855,0
                9.335271,40.568868,0
                9.335287,40.568881,0
                9.335301,40.568895,0
                9.335315,40.568909,0
                9.335328,40.568924,0
                9.33534,40.568939,0
                9.335351,40.568954,0
                9.33536,40.56897,0
                9.335369,40.568987,0
                9.335377,40.569003,0
                9.335384,40.56902,0
                9.335389,40.569038,0
                9.335394,40.569055,0
                9.335397,40.569072,0
                9.335399,40.56909,0
                9.3354,40.569108,0
                9.3354,40.569125,0
                9.335399,40.569143,0
                9.335396,40.569161,0
                9.335393,40.569178,0
                9.335388,40.569196,0
                9.335383,40.569213,0
                9.335376,40.56923,0
                9.335368,40.569246,0
                9.335359,40.569262,0
                9.335349,40.569278,0
                9.335338,40.569294,0
                9.335326,40.569309,0
                9.335313,40.569324,0
                9.335299,40.569338,0
                9.335284,40.569352,0
                9.335269,40.569365,0
                9.335252,40.569377,0
                9.335235,40.569389,0
                9.335217,40.5694,0
                9.335198,40.569411,0
                9.335179,40.56942,0
                9.335159,40.569429,0
                9.335138,40.569438,0
                9.335117,40.569445,0
                9.335096,40.569452,0
                9.335074,40.569458,0
                9.335052,40.569463,0
                9.335029,40.569467,0
                9.335007,40.56947,0
                9.334984,40.569473,0
                9.33496,40.569475,0
                9.334937,40.569475,0
                9.334914,40.569475,0
                9.334891,40.569474,0
                9.334868,40.569473,0
                9.334845,40.56947,0
                9.334822,40.569466,0
                9.334195,40.569357,0
                9.333689,40.569398,0
                9.333648,40.569416,0
                9.333652,40.569421,0
                9.333663,40.569437,0
                9.333702,40.569501,0
                9.333723,40.569498,0
                9.333745,40.569496,0
                9.333768,40.569494,0
                9.33379,40.569493,0
                9.333813,40.569493,0
                9.333835,40.569494,0
                9.333858,40.569495,0
                9.33388,40.569498,0
                9.333902,40.569501,0
                9.333924,40.569505,0
                9.333945,40.56951,0
                9.333967,40.569515,0
                9.333987,40.569522,0
                9.334008,40.569529,0
                9.334028,40.569537,0
                9.334047,40.569545,0
                9.334231,40.56963,0
                9.334251,40.56964,0
                9.334271,40.569651,0
                9.33429,40.569662,0
                9.334308,40.569674,0
                9.334325,40.569687,0
                9.334341,40.5697,0
                9.334356,40.569714,0
                9.334371,40.569729,0
                9.334384,40.569744,0
                9.334397,40.56976,0
                9.334408,40.569776,0
                9.334418,40.569793,0
                9.334427,40.569809,0
                9.334435,40.569827,0
                9.334516,40.570016,0
                9.334523,40.570033,0
                9.334528,40.57005,0
                9.334533,40.570067,0
                9.334536,40.570085,0
                9.334538,40.570102,0
                9.334539,40.57012,0
                9.334539,40.570137,0
                9.334538,40.570154,0
                9.334536,40.570172,0
                9.334533,40.570189,0
                9.334528,40.570206,0
                9.334523,40.570223,0
                9.334516,40.57024,0
                9.334508,40.570257,0
                9.3345,40.570273,0
                9.33449,40.570289,0
                9.334479,40.570304,0
                9.334468,40.570319,0
                9.334455,40.570334,0
                9.334441,40.570348,0
                9.334427,40.570361,0
                9.334412,40.570374,0
                9.334396,40.570387,0
                9.334379,40.570399,0
                9.334361,40.57041,0
                9.334343,40.57042,0
                9.334034,40.57059,0
                9.334017,40.570599,0
                9.334,40.570607,0
                9.333983,40.570614,0
                9.332576,40.571194,0
                9.332554,40.571202,0
                9.33253,40.57121,0
                9.332507,40.571217,0
                9.332483,40.571223,0
                9.332458,40.571228,0
                9.332253,40.571264,0
                9.332229,40.571267,0
                9.332205,40.57127,0
                9.332181,40.571272,0
                9.332157,40.571273,0
                9.332133,40.571273,0
                9.332109,40.571272,0
                9.332085,40.57127,0
                9.332061,40.571267,0
                9.332037,40.571263,0
                9.332014,40.571259,0
                9.331991,40.571253,0
                9.331969,40.571247,0
                9.331795,40.571193,0
                9.331773,40.571186,0
                9.331752,40.571178,0
                9.331731,40.571168,0
                9.33171,40.571159,0
                9.331691,40.571148,0
                9.331672,40.571137,0
                9.331654,40.571125,0
                9.331636,40.571112,0
                9.33162,40.571099,0
                9.331604,40.571085,0
                9.331388,40.570879,0
                9.331375,40.570865,0
                9.331362,40.570852,0
                9.33135,40.570837,0
                9.33134,40.570823,0
                9.331095,40.570473,0
                9.331085,40.570457,0
                9.331075,40.570441,0
                9.331067,40.570424,0
                9.331059,40.570406,0
                9.331053,40.570389,0
                9.331048,40.570371,0
                9.331044,40.570353,0
                9.331041,40.570335,0
                9.33104,40.570317,0
                9.33104,40.570299,0
                9.331041,40.570281,0
                9.331043,40.570263,0
                9.331046,40.570245,0
                9.33105,40.570227,0
                9.331056,40.57021,0
                9.331063,40.570192,0
                9.331068,40.570179,0
                9.331067,40.57018,0
                9.331045,40.570183,0
                9.331022,40.570185,0
                9.331,40.570186,0
                9.330978,40.570187,0
                9.330955,40.570186,0
                9.330933,40.570185,0
                9.330911,40.570184,0
                9.330889,40.570181,0
                9.330867,40.570177,0
                9.330845,40.570173,0
                9.330823,40.570168,0
                9.330727,40.570143,0
                9.330705,40.570137,0
                9.330682,40.57013,0
                9.33066,40.570122,0
                9.330639,40.570113,0
                9.330618,40.570103,0
                9.330599,40.570093,0
                9.330579,40.570081,0
                9.330561,40.570069,0
                9.330543,40.570056,0
                9.330414,40.569958,0
                9.330398,40.569945,0
                9.330382,40.569931,0
                9.330368,40.569917,0
                9.330354,40.569902,0
                9.330342,40.569886,0
                9.33033,40.569871,0
                9.330319,40.569854,0
                9.33031,40.569838,0
                9.330302,40.569821,0
                9.330295,40.569803,0
                9.330289,40.569786,0
                9.330284,40.569768,0
                9.33028,40.56975,0
                9.330277,40.569732,0
                9.330276,40.569714,0
                9.330276,40.569696,0
                9.330277,40.569678,0
                9.330279,40.56966,0
                9.330286,40.56962,0
              </coordinates>
            </LinearRing>
          </outerBoundaryIs>
        </Polygon>
      </Placemark>
      <Placemark>
        <name>15 - Spectator</name>
        <styleUrl>#poly-FFDE23-1200-128-nodesc</styleUrl>
        <Polygon>
          <outerBoundaryIs>
            <LinearRing>
              <tessellate>1</tessellate>
              <coordinates>
                9.317897,40.5682,0
                9.31823,40.568432,0
                9.318247,40.568445,0
                9.318263,40.568458,0
                9.318278,40.568471,0
                9.318292,40.568485,0
                9.318305,40.568499,0
                9.318318,40.568514,0
                9.318329,40.56853,0
                9.318339,40.568546,0
                9.318349,40.568562,0
                9.318357,40.568578,0
                9.318364,40.568595,0
                9.31837,40.568612,0
                9.318375,40.56863,0
                9.318379,40.568647,0
                9.318382,40.568665,0
                9.318383,40.568682,0
                9.318384,40.5687,0
                9.318383,40.568718,0
                9.318381,40.568735,0
                9.318378,40.568753,0
                9.318374,40.56877,0
                9.318369,40.568787,0
                9.318363,40.568805,0
                9.318355,40.568821,0
                9.318347,40.568838,0
                9.318337,40.568854,0
                9.318327,40.56887,0
                9.318315,40.568885,0
                9.318303,40.5689,0
                9.318289,40.568914,0
                9.318275,40.568928,0
                9.31826,40.568942,0
                9.318244,40.568954,0
                9.318227,40.568966,0
                9.318209,40.568978,0
                9.318191,40.568989,0
                9.318172,40.568999,0
                9.318152,40.569008,0
                9.318132,40.569017,0
                9.318111,40.569025,0
                9.31809,40.569032,0
                9.318068,40.569038,0
                9.318046,40.569044,0
                9.318024,40.569048,0
                9.318001,40.569052,0
                9.317978,40.569055,0
                9.317955,40.569057,0
                9.317932,40.569058,0
                9.317909,40.569059,0
                9.317886,40.569058,0
                9.317862,40.569057,0
                9.317839,40.569054,0
                9.317817,40.569051,0
                9.317794,40.569047,0
                9.317772,40.569043,0
                9.31775,40.569037,0
                9.317728,40.56903,0
                9.317707,40.569023,0
                9.317686,40.569015,0
                9.317666,40.569006,0
                9.317647,40.568997,0
                9.317628,40.568987,0
                9.31761,40.568976,0
                9.317592,40.568964,0
                9.317171,40.56867,0
                9.316216,40.568145,0
                9.316196,40.568133,0
                9.316176,40.56812,0
                9.316157,40.568106,0
                9.316139,40.568092,0
                9.316077,40.568039,0
                9.316062,40.568025,0
                9.316048,40.568011,0
                9.316035,40.567997,0
                9.316023,40.567982,0
                9.316012,40.567966,0
                9.316002,40.56795,0
                9.315993,40.567934,0
                9.315984,40.567918,0
                9.315977,40.567901,0
                9.315971,40.567884,0
                9.315967,40.567866,0
                9.315963,40.567849,0
                9.31596,40.567831,0
                9.315959,40.567814,0
                9.315958,40.567796,0
                9.315959,40.567779,0
                9.315961,40.567761,0
                9.315964,40.567743,0
                9.315968,40.567726,0
                9.315974,40.567709,0
                9.31598,40.567692,0
                9.315988,40.567675,0
                9.315996,40.567659,0
                9.316006,40.567643,0
                9.316016,40.567627,0
                9.316028,40.567612,0
                9.31604,40.567597,0
                9.316054,40.567582,0
                9.316068,40.567569,0
                9.316084,40.567555,0
                9.3161,40.567543,0
                9.31618,40.567482,0
                9.316197,40.56747,0
                9.316215,40.567459,0
                9.316234,40.567448,0
                9.316253,40.567438,0
                9.316272,40.567428,0
                9.316293,40.56742,0
                9.316314,40.567412,0
                9.316335,40.567405,0
                9.316357,40.567399,0
                9.316379,40.567393,0
                9.316401,40.567389,0
                9.316424,40.567385,0
                9.316447,40.567382,0
                9.31647,40.56738,0
                9.316494,40.567379,0
                9.316517,40.567379,0
                9.31654,40.56738,0
                9.316563,40.567381,0
                9.316729,40.567395,0
                9.316731,40.567395,0
                9.317602,40.567471,0
                9.318046,40.567482,0
                9.318946,40.56742,0
                9.318969,40.567419,0
                9.318992,40.567419,0
                9.319014,40.567419,0
                9.319502,40.567439,0
                9.319523,40.567441,0
                9.320278,40.567497,0
                9.320312,40.567501,0
                9.320831,40.567569,0
                9.320853,40.567572,0
                9.320876,40.567577,0
                9.320898,40.567582,0
                9.32092,40.567588,0
                9.320941,40.567594,0
                9.320962,40.567602,0
                9.320983,40.56761,0
                9.321003,40.567619,0
                9.321022,40.567629,0
                9.321041,40.56764,0
                9.321059,40.567651,0
                9.321076,40.567663,0
                9.321092,40.567675,0
                9.321108,40.567688,0
                9.321123,40.567702,0
                9.321136,40.567716,0
                9.321149,40.567731,0
                9.321161,40.567746,0
                9.321172,40.567762,0
                9.321182,40.567778,0
                9.321191,40.567794,0
                9.321199,40.567811,0
                9.321206,40.567828,0
                9.321211,40.567845,0
                9.321216,40.567862,0
                9.321219,40.56788,0
                9.321222,40.567897,0
                9.321223,40.567915,0
                9.321223,40.567932,0
                9.321222,40.56795,0
                9.321219,40.567968,0
                9.321216,40.567985,0
                9.321212,40.568003,0
                9.321206,40.56802,0
                9.321199,40.568037,0
                9.321191,40.568053,0
                9.321183,40.56807,0
                9.321173,40.568086,0
                9.321162,40.568101,0
                9.32115,40.568116,0
                9.321137,40.568131,0
                9.321123,40.568145,0
                9.321109,40.568159,0
                9.321093,40.568172,0
                9.321077,40.568185,0
                9.321059,40.568197,0
                9.321042,40.568208,0
                9.321023,40.568218,0
                9.321004,40.568228,0
                9.320984,40.568237,0
                9.320963,40.568246,0
                9.320942,40.568253,0
                9.320921,40.56826,0
                9.320899,40.568266,0
                9.320877,40.568271,0
                9.320854,40.568276,0
                9.320832,40.568279,0
                9.320809,40.568282,0
                9.320786,40.568283,0
                9.320763,40.568284,0
                9.320739,40.568284,0
                9.320716,40.568283,0
                9.320693,40.568282,0
                9.32067,40.568279,0
                9.320168,40.568213,0
                9.31944,40.568159,0
                9.318997,40.56814,0
                9.318102,40.568202,0
                9.318082,40.568203,0
                9.318062,40.568204,0
                9.318043,40.568204,0
                9.317897,40.5682,0
              </coordinates>
            </LinearRing>
          </outerBoundaryIs>
        </Polygon>
      </Placemark>
      <Placemark>
        <name>10 - Experience</name>
        <styleUrl>#poly-0000FF-1200-128-nodesc</styleUrl>
        <Polygon>
          <outerBoundaryIs>
            <LinearRing>
              <tessellate>1</tessellate>
              <coordinates>
                9.332869,40.568892,0
                9.332872,40.56889,0
                9.332874,40.568888,0
                9.332877,40.568887,0
                9.33288,40.568885,0
                9.332883,40.568884,0
                9.332885,40.568882,0
                9.332889,40.568881,0
                9.332892,40.56888,0
                9.332895,40.568879,0
                9.332898,40.568878,0
                9.332901,40.568877,0
                9.332905,40.568876,0
                9.332908,40.568876,0
                9.332912,40.568875,0
                9.332915,40.568875,0
                9.332919,40.568875,0
                9.332922,40.568875,0
                9.332925,40.568875,0
                9.332929,40.568875,0
                9.332932,40.568875,0
                9.332936,40.568876,0
                9.332939,40.568877,0
                9.332943,40.568877,0
                9.332946,40.568878,0
                9.332949,40.568879,0
                9.332952,40.56888,0
                9.332955,40.568881,0
                9.332958,40.568883,0
                9.332961,40.568884,0
                9.332964,40.568886,0
                9.332967,40.568887,0
                9.332969,40.568889,0
                9.332972,40.568891,0
                9.332974,40.568893,0
                9.332977,40.568895,0
                9.332979,40.568897,0
                9.332981,40.568899,0
                9.332982,40.568902,0
                9.332984,40.568904,0
                9.332986,40.568906,0
                9.332987,40.568909,0
                9.332988,40.568911,0
                9.332989,40.568914,0
                9.33299,40.568916,0
                9.332991,40.568919,0
                9.332992,40.568921,0
                9.332992,40.568924,0
                9.332992,40.568927,0
                9.332992,40.568929,0
                9.332992,40.568932,0
                9.332992,40.568935,0
                9.332991,40.568937,0
                9.332991,40.56894,0
                9.33299,40.568942,0
                9.332989,40.568945,0
                9.332988,40.568948,0
                9.332987,40.56895,0
                9.332926,40.569059,0
                9.332924,40.569061,0
                9.332923,40.569063,0
                9.332921,40.569066,0
                9.332919,40.569068,0
                9.332918,40.56907,0
                9.332915,40.569072,0
                9.332913,40.569074,0
                9.332911,40.569076,0
                9.332831,40.569137,0
                9.332828,40.569139,0
                9.332826,40.569141,0
                9.332823,40.569142,0
                9.33282,40.569144,0
                9.332817,40.569145,0
                9.332814,40.569147,0
                9.33281,40.569148,0
                9.332807,40.569149,0
                9.332804,40.56915,0
                9.3328,40.569151,0
                9.332616,40.569192,0
                9.332612,40.569192,0
                9.332609,40.569193,0
                9.332606,40.569193,0
                9.332602,40.569194,0
                9.332599,40.569194,0
                9.332595,40.569194,0
                9.332592,40.569194,0
                9.332588,40.569194,0
                9.332585,40.569193,0
                9.332581,40.569193,0
                9.332578,40.569192,0
                9.332575,40.569191,0
                9.332571,40.569191,0
                9.332568,40.56919,0
                9.332565,40.569189,0
                9.332562,40.569187,0
                9.332559,40.569186,0
                9.332556,40.569185,0
                9.332553,40.569183,0
                9.33255,40.569181,0
                9.332548,40.56918,0
                9.332545,40.569178,0
                9.332543,40.569176,0
                9.332541,40.569174,0
                9.332539,40.569172,0
                9.332537,40.569169,0
                9.332535,40.569167,0
                9.332533,40.569165,0
                9.332532,40.569162,0
                9.33253,40.56916,0
                9.332529,40.569158,0
                9.332528,40.569155,0
                9.332527,40.569152,0
                9.332526,40.56915,0
                9.332526,40.569147,0
                9.332525,40.569145,0
                9.332525,40.569142,0
                9.332525,40.569139,0
                9.332525,40.569137,0
                9.332525,40.569134,0
                9.332526,40.569131,0
                9.332527,40.569129,0
                9.332527,40.569126,0
                9.332528,40.569124,0
                9.332529,40.569121,0
                9.332531,40.569119,0
                9.332532,40.569116,0
                9.332534,40.569114,0
                9.332536,40.569112,0
                9.332537,40.569109,0
                9.332539,40.569107,0
                9.332542,40.569105,0
                9.332544,40.569103,0
                9.332546,40.569101,0
                9.332549,40.569099,0
                9.332869,40.568892,0
              </coordinates>
            </LinearRing>
          </outerBoundaryIs>
        </Polygon>
      </Placemark>
      <Placemark>
        <name>11 - Experience</name>
        <styleUrl>#poly-0000FF-1200-128-nodesc</styleUrl>
        <Polygon>
          <outerBoundaryIs>
            <LinearRing>
              <tessellate>1</tessellate>
              <coordinates>
                9.318009,40.568393,0
                9.31801,40.568396,0
                9.318011,40.568398,0
                9.318012,40.568401,0
                9.318013,40.568403,0
                9.318013,40.568406,0
                9.318014,40.568409,0
                9.318014,40.568411,0
                9.318014,40.568414,0
                9.318014,40.568416,0
                9.318014,40.568419,0
                9.318014,40.568422,0
                9.318013,40.568424,0
                9.318013,40.568427,0
                9.318012,40.56843,0
                9.318011,40.568432,0
                9.318009,40.568435,0
                9.318008,40.568437,0
                9.318007,40.568439,0
                9.318005,40.568442,0
                9.318003,40.568444,0
                9.318001,40.568446,0
                9.317999,40.568448,0
                9.317997,40.56845,0
                9.317994,40.568452,0
                9.317992,40.568454,0
                9.317989,40.568456,0
                9.317987,40.568458,0
                9.317984,40.568459,0
                9.317981,40.568461,0
                9.317978,40.568462,0
                9.317975,40.568463,0
                9.317972,40.568464,0
                9.317969,40.568465,0
                9.317965,40.568466,0
                9.317962,40.568467,0
                9.317959,40.568468,0
                9.317955,40.568468,0
                9.317952,40.568468,0
                9.317948,40.568469,0
                9.317945,40.568469,0
                9.317941,40.568469,0
                9.317938,40.568469,0
                9.317934,40.568468,0
                9.317931,40.568468,0
                9.317927,40.568467,0
                9.317924,40.568467,0
                9.317921,40.568466,0
                9.317918,40.568465,0
                9.317914,40.568464,0
                9.317911,40.568463,0
                9.317908,40.568462,0
                9.317905,40.56846,0
                9.317902,40.568459,0
                9.317899,40.568457,0
                9.317897,40.568455,0
                9.317894,40.568454,0
                9.317892,40.568452,0
                9.317889,40.56845,0
                9.317887,40.568448,0
                9.317885,40.568446,0
                9.317883,40.568443,0
                9.317882,40.568441,0
                9.31788,40.568439,0
                9.317878,40.568436,0
                9.317795,40.56829,0
                9.317794,40.568287,0
                9.317793,40.568285,0
                9.317792,40.568282,0
                9.317791,40.56828,0
                9.31779,40.568277,0
                9.31779,40.568275,0
                9.317789,40.568272,0
                9.317789,40.56827,0
                9.317789,40.568267,0
                9.317789,40.568264,0
                9.31779,40.568262,0
                9.31779,40.568259,0
                9.317791,40.568257,0
                9.317792,40.568254,0
                9.317792,40.568252,0
                9.317794,40.568249,0
                9.317795,40.568247,0
                9.317796,40.568244,0
                9.317872,40.568126,0
                9.317874,40.568123,0
                9.317875,40.568121,0
                9.317877,40.568119,0
                9.317879,40.568117,0
                9.317881,40.568114,0
                9.317884,40.568113,0
                9.317886,40.568111,0
                9.317889,40.568109,0
                9.317891,40.568107,0
                9.317894,40.568106,0
                9.317897,40.568104,0
                9.3179,40.568103,0
                9.317903,40.568101,0
                9.317906,40.5681,0
                9.317909,40.568099,0
                9.317912,40.568098,0
                9.317915,40.568097,0
                9.317919,40.568097,0
                9.317922,40.568096,0
                9.317926,40.568096,0
                9.317929,40.568095,0
                9.317932,40.568095,0
                9.318285,40.568082,0
                9.318288,40.568082,0
                9.318292,40.568082,0
                9.318295,40.568083,0
                9.318299,40.568083,0
                9.318302,40.568083,0
                9.318306,40.568084,0
                9.318309,40.568085,0
                9.318312,40.568086,0
                9.318316,40.568087,0
                9.318319,40.568088,0
                9.318322,40.568089,0
                9.318325,40.56809,0
                9.318328,40.568092,0
                9.318331,40.568093,0
                9.318333,40.568095,0
                9.318336,40.568096,0
                9.318339,40.568098,0
                9.318341,40.5681,0
                9.318343,40.568102,0
                9.318345,40.568104,0
                9.318347,40.568107,0
                9.318349,40.568109,0
                9.318351,40.568111,0
                9.318352,40.568113,0
                9.318354,40.568116,0
                9.318355,40.568118,0
                9.318356,40.568121,0
                9.318357,40.568123,0
                9.318358,40.568126,0
                9.318358,40.568129,0
                9.318359,40.568131,0
                9.318359,40.568134,0
                9.318359,40.568137,0
                9.318359,40.568139,0
                9.318359,40.568142,0
                9.318358,40.568145,0
                9.318358,40.568147,0
                9.318357,40.56815,0
                9.318356,40.568152,0
                9.318355,40.568155,0
                9.318354,40.568157,0
                9.318352,40.56816,0
                9.318351,40.568162,0
                9.318349,40.568164,0
                9.318347,40.568167,0
                9.318345,40.568169,0
                9.318343,40.568171,0
                9.318341,40.568173,0
                9.318338,40.568175,0
                9.318336,40.568177,0
                9.318333,40.568178,0
                9.31833,40.56818,0
                9.318328,40.568181,0
                9.318325,40.568183,0
                9.318316,40.568185,0
                9.318318,40.568185,0
                9.318315,40.568186,0
                9.318312,40.568187,0
                9.318309,40.568188,0
                9.318305,40.568189,0
                9.318302,40.56819,0
                9.318299,40.56819,0
                9.318295,40.56819,0
                9.318292,40.56819,0
                9.318102,40.568214,0
                9.317986,40.568325,0
                9.318009,40.568393,0
              </coordinates>
            </LinearRing>
          </outerBoundaryIs>
        </Polygon>
      </Placemark>
    </Folder>
    <Folder>
      <name>NR</name>
      <Placemark>
        <name>Disability Point</name>
        <styleUrl>#icon-1899-DB4436-nodesc</styleUrl>
        <Point>
          <coordinates>
            9.31682,40.567709,0
          </coordinates>
        </Point>
      </Placemark>
      <Placemark>
        <name>10</name>
        <styleUrl>#icon-1899-DB4436-nodesc</styleUrl>
        <Point>
          <coordinates>
            9.332695,40.568983,0
          </coordinates>
        </Point>
      </Placemark>
      <Placemark>
        <name>11</name>
        <styleUrl>#icon-1899-DB4436-nodesc</styleUrl>
        <Point>
          <coordinates>
            9.318051,40.568285,0
          </coordinates>
        </Point>
      </Placemark>
      <Placemark>
        <name>13</name>
        <styleUrl>#icon-1899-DB4436-nodesc</styleUrl>
        <Point>
          <coordinates>
            9.363383,40.595968,0
          </coordinates>
        </Point>
      </Placemark>
      <Placemark>
        <name>14</name>
        <styleUrl>#icon-1899-DB4436-nodesc</styleUrl>
        <Point>
          <coordinates>
            9.3315,40.568747,0
          </coordinates>
        </Point>
      </Placemark>
      <Placemark>
        <name>15</name>
        <styleUrl>#icon-1899-DB4436-nodesc</styleUrl>
        <Point>
          <coordinates>
            9.318467,40.567269,0
          </coordinates>
        </Point>
      </Placemark>
    </Folder>
    <Folder>
      <name>Parking</name>
      <Placemark>
        <name>Parking Area</name>
        <styleUrl>#poly-000066-1000-191-nodesc</styleUrl>
        <Polygon>
          <outerBoundaryIs>
            <LinearRing>
              <tessellate>1</tessellate>
              <coordinates>
                9.326018,40.565523,0
                9.32615,40.565495,0
                9.326359,40.565508,0
                9.326776,40.565571,0
                9.326931,40.565736,0
                9.32696,40.565916,0
                9.326743,40.56599,0
                9.326649,40.565913,0
                9.326393,40.565817,0
                9.326191,40.565742,0
                9.325993,40.565641,0
                9.326018,40.565523,0
              </coordinates>
            </LinearRing>
          </outerBoundaryIs>
        </Polygon>
      </Placemark>
      <Placemark>
        <name>Parking Area</name>
        <styleUrl>#poly-000066-1000-191-nodesc</styleUrl>
        <Polygon>
          <outerBoundaryIs>
            <LinearRing>
              <tessellate>1</tessellate>
              <coordinates>
                9.367059,40.596557,0
                9.367061,40.596503,0
                9.367088,40.596492,0
                9.367441,40.596337,0
                9.367705,40.596198,0
                9.367887,40.596341,0
                9.367845,40.596444,0
                9.367493,40.596501,0
                9.367059,40.596557,0
              </coordinates>
            </LinearRing>
          </outerBoundaryIs>
        </Polygon>
      </Placemark>
    </Folder>
    <Folder>
      <name>Track</name>
      <Placemark>
        <name>START</name>
        <description>Km: 0.00</description>
        <styleUrl>#icon-1899-DB4436</styleUrl>
        <Point>
          <coordinates>
            9.3443,40.612735,0
          </coordinates>
        </Point>
      </Placemark>
      <Placemark>
        <name>SS9/12 Coiluna-Loelle - km. 24.83</name>
        <styleUrl>#line-FF0000-5000-nodesc</styleUrl>
        <LineString>
          <tessellate>1</tessellate>
          <coordinates>
            9.344307,40.612739,660.06
            9.344433,40.612783,660.06
            9.344585,40.612831,661.18
            9.344805,40.612897,666.46
            9.34485,40.612909,668.07
            9.344896,40.612918,669.2
            9.344943,40.61292,669.78
            9.344987,40.612908,669.97
            9.345023,40.612885,669.99
            9.345056,40.61286,669.9
            9.345082,40.61283,668.9
            9.345104,40.612798,667.47
            9.345126,40.612766,666
            9.345143,40.612733,664.66
            9.345156,40.612698,663.51
            9.345195,40.612575,660.72
            9.345246,40.612421,660.02
            9.345306,40.612247,660
            9.34536,40.612072,660
            9.345411,40.611896,660
            9.345481,40.611724,660.45
            9.345577,40.61156,667.77
            9.345682,40.611434,669.85
            9.345816,40.611325,670
            9.345977,40.61124,670
            9.346169,40.611174,670
            9.346382,40.611112,670
            9.346602,40.611046,670
            9.346823,40.610981,670
            9.347045,40.610917,670
            9.347264,40.610849,670
            9.347476,40.610769,670
            9.347678,40.610675,670
            9.34787,40.61057,670
            9.348056,40.610459,671.94
            9.348241,40.610346,676.52
            9.348432,40.61024,679.58
            9.348615,40.61016,680
            9.348808,40.610096,680
            9.349031,40.610035,680
            9.349255,40.609977,681.28
            9.34948,40.60992,685.06
            9.349706,40.609866,688.68
            9.349932,40.609813,689.88
            9.350154,40.609751,690
            9.350366,40.609671,689.17
            9.350568,40.609576,685.99
            9.350772,40.609486,682.08
            9.350984,40.609419,680.21
            9.351208,40.609382,680
            9.351437,40.609365,680.01
            9.351674,40.609361,681.32
            9.35191,40.609371,685.25
            9.352146,40.609386,688.78
            9.352383,40.6094,689.89
            9.352619,40.609417,690
            9.352854,40.609435,690
            9.35309,40.60945,690
            9.353327,40.609453,690
            9.353387,40.609449,690
            9.353446,40.609441,690
            9.353503,40.609427,690
            9.353556,40.609405,690
            9.353603,40.609377,690
            9.353647,40.609346,690
            9.353687,40.609312,690
            9.353721,40.609274,690
            9.353804,40.609169,690
            9.353877,40.609053,690
            9.353958,40.608892,690.11
            9.354012,40.608723,691.42
            9.354047,40.608545,696.23
            9.354075,40.608367,699.72
            9.354102,40.608188,700
            9.354132,40.60801,700
            9.354165,40.607832,700
            9.354199,40.607653,700
            9.354234,40.607476,700
            9.354271,40.607298,700
            9.354313,40.607121,700.28
            9.354354,40.606944,702.93
            9.354387,40.606766,709.36
            9.354414,40.606587,709.98
            9.35444,40.606408,710
            9.354474,40.60623,710
            9.354522,40.606054,710
            9.354579,40.60588,0
            9.354635,40.605705,710
            9.354692,40.60553,710
            9.354755,40.605357,710
            9.354819,40.605184,710
            9.354877,40.605009,710
            9.354933,40.604835,710
            9.354989,40.60466,710
            9.355043,40.604485,710
            9.355093,40.604309,710
            9.355139,40.604132,710
            9.355185,40.603956,710
            9.355241,40.603781,710.02
            9.355316,40.603611,710.3
            9.355412,40.603446,711.89
            9.355523,40.603287,715.69
            9.355635,40.603129,719.12
            9.355747,40.60297,719.96
            9.355867,40.602815,720
            9.356004,40.602669,720
            9.356139,40.602565,720
            9.356288,40.602489,720.15
            9.356452,40.602431,721.45
            9.356621,40.602382,725.73
            9.356841,40.602315,729.96
            9.357064,40.602255,730
            9.357214,40.602231,730
            9.357368,40.602238,730
            9.35752,40.602262,730
            9.357627,40.602285,730
            9.357672,40.602295,730
            9.357719,40.602301,733.7
            9.357766,40.602305,740
            9.357813,40.602303,740
            9.35786,40.602297,740
            9.357904,40.602284,740
            9.357943,40.602265,740
            9.357974,40.602238,740
            9.357996,40.602206,740
            9.358009,40.602172,740
            9.358016,40.602136,740
            9.358016,40.6021,740
            9.358013,40.602064,740
            9.358007,40.602029,740
            9.357999,40.601993,740
            9.357966,40.601873,740
            9.357921,40.601696,740
            9.357892,40.601518,740
            9.357887,40.601368,740
            9.357914,40.60122,740.01
            9.357958,40.601074,740.27
            9.358009,40.600899,743.19
            9.358059,40.600723,749.28
            9.358114,40.600548,749.98
            9.358185,40.600376,750
            9.358285,40.600213,750
            9.358405,40.600058,749.98
            9.358535,40.599908,749.56
            9.358663,40.599775,747.47
            9.358781,40.599692,743.05
            9.358924,40.599635,740.21
            9.359091,40.59959,740
            9.359297,40.599539,740
            9.359522,40.59948,740
            9.359745,40.599421,740
            9.359856,40.599391,740
            9.3599,40.599378,740
            9.359942,40.599362,740
            9.359982,40.599343,740
            9.360018,40.599319,740
            9.360048,40.599292,740
            9.360072,40.599261,740
            9.36009,40.599227,740
            9.360105,40.599193,740
            9.360117,40.599159,740
            9.360128,40.599124,740
            9.36015,40.59903,740
            9.36018,40.598856,740
            9.360207,40.598677,740
            9.360231,40.598498,740
            9.360254,40.598319,740
            9.360279,40.59814,740
            9.360315,40.597962,740
            9.360354,40.597842,740
            9.360422,40.59773,740
            9.360524,40.597634,740
            9.360655,40.597545,740
            9.360822,40.597453,740
            9.361018,40.597352,740
            9.361217,40.597255,740
            9.36142,40.597162,740
            9.361623,40.59707,740
            9.361824,40.596974,740
            9.362022,40.596876,740
            9.362222,40.59678,740
            9.362433,40.596698,740.08
            9.362635,40.596649,741.16
            9.362843,40.596618,744.73
            9.363076,40.596585,748.61
            9.363308,40.596547,749.88
            9.363538,40.596506,750
            9.363769,40.596467,750
            9.364002,40.596436,750
            9.364238,40.596417,750
            9.364474,40.596403,750
            9.36471,40.596391,750
            9.364947,40.596377,750
            9.364994,40.596373,750
            9.365041,40.59637,750
            9.365088,40.596366,750
            9.365134,40.596357,750
            9.365176,40.596341,750.01
            9.365208,40.596316,750.1
            9.365224,40.596283,750.59
            9.365226,40.596247,751.96
            9.365217,40.596212,754.34
            9.365204,40.596177,757
            9.36519,40.596143,758.96
            9.365176,40.596108,759.82
            9.365133,40.596002,760
            9.365063,40.595831,760
            9.364994,40.595659,760
            9.364924,40.595487,760
            9.364854,40.595315,760
            9.364784,40.595143,760
            9.364712,40.594972,760
            9.364637,40.594801,760
            9.36456,40.594631,760
            9.36448,40.594462,760
            9.364403,40.594292,765.91
            9.36433,40.594121,770
            9.364258,40.593949,770
            9.364238,40.593901,770
            9.364219,40.593853,770
            9.364206,40.593818,770
            9.364198,40.593783,770
            9.364197,40.593747,770
            9.36421,40.593713,770
            9.364237,40.593684,770
            9.364274,40.593662,770
            9.364316,40.593644,770
            9.364358,40.593629,770
            9.364402,40.593614,770
            9.364462,40.593594,770
            9.364523,40.593576,770
            9.364745,40.593514,768.19
            9.364969,40.593456,760
            9.365191,40.593393,760
            9.36541,40.593324,760
            9.365627,40.593252,760
            9.365843,40.593178,760
            9.366059,40.593104,760
            9.366275,40.593031,760
            9.366491,40.592956,760
            9.366702,40.592874,760.36
            9.366911,40.59279,769.98
            9.367125,40.592713,770
            9.367279,40.59265,770
            9.367407,40.592565,770
            9.367509,40.592462,770
            9.367598,40.592352,770
            9.36772,40.592199,770
            9.367845,40.592046,769.96
            9.367963,40.591947,769.12
            9.368106,40.591869,765.12
            9.368247,40.591788,761.46
            9.368417,40.591664,760.04
            9.36845,40.591638,760.02
            9.368483,40.591612,760
            9.368519,40.591589,760
            9.368559,40.591569,760
            9.368602,40.591555,760
            9.368649,40.591549,760
            9.368696,40.591549,760
            9.368743,40.591555,760
            9.368788,40.591566,760
            9.36883,40.591582,760
            9.36887,40.591602,760
            9.368905,40.591625,760
            9.368939,40.59165,760
            9.36897,40.591678,760
            9.368999,40.591706,760
            9.369054,40.591762,760
            9.369117,40.591813,760
            9.369193,40.591852,760
            9.369276,40.591881,760
            9.369362,40.591906,760
            9.369534,40.591956,760
            9.369759,40.592013,760
            9.369821,40.59202,760
            9.369868,40.592021,760
            9.369915,40.592019,760
            9.369961,40.592011,760
            9.370005,40.591997,760
            9.370045,40.591979,760
            9.370083,40.591957,760
            9.370118,40.591933,760
            9.370151,40.591907,760
            9.370182,40.59188,760
            9.370213,40.591852,760
            9.370318,40.591759,760
            9.370469,40.591621,760
            9.370613,40.591478,760
            9.370718,40.591346,760
            9.370797,40.591203,760
            9.370861,40.59103,760
            9.370876,40.590983,760
            9.370891,40.590936,760
            9.370902,40.590901,770
            9.370917,40.590867,770
            9.370938,40.590835,770
            9.370967,40.590807,770
            9.371003,40.590783,770
            9.371045,40.590767,770
            9.37109,40.590756,770
            9.371136,40.590748,770
            9.371183,40.590742,770
            9.37123,40.590738,770
            9.371331,40.590736,770
            9.371527,40.590733,770
            9.371764,40.590732,770
            9.372,40.590736,770
            9.372236,40.590751,770
            9.37247,40.590778,770
            9.372701,40.590819,770
            9.372927,40.590874,769.95
            9.373148,40.590937,769.32
            9.373368,40.591004,766.83
            9.373589,40.591068,763.26
            9.373804,40.591117,763.92
            9.373973,40.591138,768.15
            9.374126,40.591131,769.97
            9.374272,40.591095,769.71
            9.374409,40.59104,767.19
            9.374626,40.590969,761.6
            9.374842,40.590896,760.08
            9.375031,40.590819,760
            9.375182,40.590731,760
            9.375298,40.590617,760
            9.375426,40.590499,760
            9.375572,40.590397,760
            9.375735,40.59031,760
            9.375936,40.590215,760
            9.376049,40.590167,760
            9.376145,40.590119,760
            9.376224,40.590054,760
            9.37628,40.589977,760
            9.376328,40.589897,760.17
            9.376426,40.589741,762.5
            9.376542,40.589585,767.84
            9.376568,40.589554,769.01
            9.376595,40.589525,769.78
            9.376627,40.589498,769.99
            9.376662,40.589475,770
            9.376703,40.589456,770
            9.376747,40.589443,770
            9.376793,40.589435,770
            9.37684,40.589432,770
            9.376887,40.58943,770
            9.376935,40.589431,770
            9.377058,40.589435,760
            9.377295,40.589439,760
            9.377421,40.589432,760
            9.37754,40.589401,760
            9.377647,40.589351,760
            9.377746,40.589291,760
            9.377903,40.589196,760
            9.378095,40.58909,760
            9.378288,40.588986,760
            9.37848,40.588881,760
            9.378671,40.588775,760
            9.378862,40.588669,760
            9.379052,40.588561,759.9
            9.379243,40.588454,759.21
            9.379434,40.588348,757.23
            9.379623,40.58824,754.51
            9.379813,40.588132,753.52
            9.380001,40.588023,755.72
            9.380187,40.587912,758.66
            9.380365,40.587793,759.86
            9.380539,40.587671,760
            9.3806,40.587628,760
            9.38067,40.587593,760
            9.380749,40.587575,760
            9.380832,40.587565,760
            9.380915,40.587566,760
            9.381018,40.587575,760
            9.381167,40.587599,760
            9.381318,40.58764,760
            9.381455,40.587704,760
            9.38158,40.587781,760
            9.381755,40.587902,760
            9.381926,40.588027,760
            9.382093,40.588154,760.38
            9.382257,40.588284,762.87
            9.382422,40.588413,767.09
            9.382588,40.588541,769.61
            9.382755,40.588669,770
            9.382925,40.588794,770
            9.383045,40.588862,770
            9.383183,40.588906,770
            9.383331,40.588925,770
            9.383497,40.588935,770
            9.383733,40.588951,770
            9.383969,40.588971,0
            9.384203,40.588996,0
            9.384437,40.589022,0
            9.384672,40.589048,0
            9.384906,40.589075,770
            9.38514,40.589103,770
            9.385374,40.589132,770
            9.38542,40.589138,770
            9.385467,40.589143,770
            9.385514,40.589149,770
            9.385561,40.589151,770
            9.385608,40.589148,770
            9.385653,40.589137,770
            9.38569,40.589115,770
            9.38572,40.589088,770
            9.385744,40.589057,770
            9.385762,40.589024,770
            9.385774,40.588989,770
            9.385786,40.588954,770
            9.385796,40.588919,770
            9.385823,40.588827,770
            9.385879,40.588653,770
            9.385944,40.58848,770
            9.386015,40.588308,770
            9.386085,40.588136,770
            9.386152,40.587964,770
            9.386205,40.587795,770
            9.386222,40.587622,770
            9.38621,40.587446,770
            9.3862,40.587266,0
            9.386197,40.587087,0
            9.386197,40.586907,770
            9.386196,40.586727,770
            9.386192,40.586621,770
            9.386165,40.586522,770.03
            9.386103,40.586432,770.83
            9.386015,40.586357,774.03
            9.385906,40.586299,777.89
            9.385783,40.586258,779.67
            9.385623,40.586229,779.99
            9.385435,40.586197,780
            9.385208,40.586144,780
            9.384984,40.586088,780
            9.384757,40.586035,780
            9.384529,40.585987,0
            9.384299,40.585944,0
            9.384069,40.585902,0
            9.383838,40.58586,0
            9.383608,40.585819,790
            9.383377,40.585777,790
            9.383148,40.585733,790
            9.38292,40.585684,790
            9.38269,40.585642,790
            9.382456,40.585618,790
            9.382219,40.585609,790
            9.381982,40.585607,790
            9.381745,40.585606,790
            9.381509,40.585593,790
            9.381277,40.58556,790
            9.381051,40.585507,790
            9.380829,40.585444,790
            9.380603,40.585392,790
            9.380369,40.585364,790
            9.380133,40.58535,790
            9.379897,40.585336,790
            9.379661,40.585321,790
            9.379425,40.585306,790
            9.379189,40.585291,0
            9.378953,40.585276,810
            9.378717,40.585261,810
            9.37848,40.585254,810
            9.378243,40.585257,810
            9.378007,40.585266,810
            9.37777,40.585276,810
            9.377534,40.585284,810
            9.377297,40.585292,0
            9.377062,40.585308,820
            9.377015,40.585316,820
            9.376972,40.58533,820
            9.376932,40.585349,820
            9.376899,40.585374,820
            9.376873,40.585404,820
            9.376855,40.585437,820
            9.376844,40.585472,820
            9.376841,40.585508,820
            9.376846,40.585544,820
            9.376857,40.585579,820
            9.376871,40.585613,820
            9.376887,40.585647,820
            9.376905,40.58568,820
            9.376972,40.585798,820
            9.377065,40.585963,820
            9.37715,40.586131,820
            9.377181,40.586225,820
            9.377182,40.586319,820
            9.377151,40.58641,820
            9.3771,40.586496,820
            9.377039,40.586578,820
            9.376929,40.586706,820
            9.376781,40.586846,820
            9.376619,40.586977,820
            9.376452,40.587104,820
            9.376275,40.587223,820
            9.376237,40.587245,820
            9.376195,40.587262,820
            9.376151,40.587274,820
            9.376104,40.587281,820
            9.376057,40.587281,820
            9.37601,40.587279,820
            9.375963,40.587275,820
            9.375916,40.587271,820
            9.375868,40.587268,820
            9.375632,40.587259,820
            9.375474,40.587268,820
            9.37532,40.587297,820
            9.375178,40.58735,0
            9.375022,40.587437,0
            9.374869,40.587528,0
            9.374675,40.587632,0
            9.374473,40.587725,0
            9.374257,40.587799,0
            9.374031,40.58785,810
            9.373802,40.587897,810
            9.373757,40.587907,810
            9.373711,40.587917,810
            9.373665,40.587926,810
            9.373618,40.58793,810
            9.373571,40.587928,810
            9.373525,40.587919,810
            9.373483,40.587904,810
            9.373445,40.587883,810
            9.373411,40.587857,810
            9.373379,40.587831,810
            9.373344,40.587806,810
            9.373306,40.587785,0
            9.373202,40.587744,0
            9.373091,40.587713,0
            9.372895,40.587678,0
            9.372694,40.58765,0
            9.37246,40.587622,0
            9.372225,40.587599,0
            9.37199,40.587578,0
            9.371755,40.587554,0
            9.371596,40.587534,0
            9.371551,40.587524,0
            9.371507,40.58751,0
            9.371467,40.587491,0
            9.371434,40.587466,0
            9.371409,40.587436,0
            9.371393,40.587402,0
            9.371387,40.587366,0
            9.371387,40.58733,0
            9.371393,40.587295,0
            9.371405,40.58726,0
            9.371419,40.587226,0
            9.371429,40.587191,0
            9.371436,40.587155,0
            9.371429,40.587032,0
            9.371401,40.586911,0
            9.371372,40.586789,0
            9.371331,40.586612,0
            9.371294,40.586434,0
            9.371264,40.586256,0
            9.371256,40.586085,0
            9.371279,40.585919,0
            9.371333,40.585776,0
            9.371426,40.585645,0
            9.371537,40.585521,0
            9.37167,40.585372,0
            9.371799,40.585221,0
            9.371924,40.585069,0
            9.372049,40.584915,0
            9.372171,40.584762,0
            9.372263,40.584623,0
            9.372317,40.584477,0
            9.372326,40.584325,0
            9.372302,40.584172,0
            9.372263,40.584021,0
            9.372215,40.583845,0
            9.372169,40.583669,0
            9.372125,40.583492,0
            9.372081,40.583315,0
            9.372037,40.583138,0
            9.371987,40.582963,0
            9.371918,40.582833,0
            9.371818,40.582715,0
            9.371677,40.582585,0
            9.37152,40.58245,0
            9.371366,40.582313,0
            9.371216,40.582174,0
            9.37108,40.582027,0
            9.37099,40.581884,0
            9.370907,40.581738,0
            9.370812,40.581574,0
            9.370712,40.58141,0
            9.370612,40.581247,0
            9.370523,40.581081,0
            9.370451,40.58091,0
            9.370391,40.580736,0
            9.370337,40.58056,0
            9.370284,40.580385,0
            9.370224,40.580211,0
            9.370157,40.580039,0
            9.370088,40.579867,0
            9.370033,40.579692,0
            9.370016,40.579625,0
            9.37001,40.579557,0
            9.370021,40.579489,0
            9.370054,40.579426,0
            9.3701,40.579368,0
            9.370156,40.579314,0
            9.37023,40.579248,0
            9.370347,40.579136,0
            9.370403,40.579068,0
            9.370435,40.578992,0
            9.370443,40.578912,0
            9.370434,40.578832,0
            9.370428,40.578752,0
            9.370445,40.578612,0
            9.370493,40.578464,0
            9.370561,40.578291,0
            9.370644,40.578123,0
            9.370664,40.57809,0
            9.37068,40.578057,0
            9.37068,40.578021,0
            9.370652,40.577994,0
            9.370608,40.577984,0
            9.370561,40.577982,0
            9.370513,40.577984,0
            9.370466,40.577986,0
            9.370419,40.577989,0
            9.370372,40.577992,0
            9.370324,40.577994,0
            9.370277,40.577997,0
            9.37023,40.577999,0
            9.370183,40.578002,0
            9.370135,40.578003,0
            9.370088,40.578001,0
            9.370051,40.57798,0
            9.370061,40.577948,0
            9.370091,40.57792,0
            9.370126,40.577896,0
            9.370161,40.577872,0
            9.370197,40.577848,0
            9.370233,40.577825,0
            9.370359,40.577741,0
            9.370528,40.577616,0
            9.370688,40.577483,0
            9.37083,40.57734,0
            9.37096,40.57719,0
            9.37109,40.577039,0
            9.37123,40.576894,0
            9.371383,40.57677,0
            9.371554,40.57666,0
            9.371741,40.57655,0
            9.371906,40.576421,0
            9.372068,40.576289,0
            9.372224,40.576154,0
            9.372364,40.576009,0
            9.372486,40.575855,0
            9.372581,40.575714,0
            9.372599,40.57568,0
            9.372612,40.575646,0
            9.372618,40.57561,0
            9.372616,40.575575,0
            9.372608,40.575539,0
            9.372597,40.575504,0
            9.372579,40.575471,0
            9.372554,40.575441,0
            9.372506,40.575392,0
            9.372457,40.575344,0
            9.372407,40.575296,0
            9.372278,40.575164,0
            9.372176,40.575019,0
            9.372094,40.574859,0
            9.372008,40.574701,0
            9.371913,40.574536,0
            9.371809,40.574381,0
            9.371706,40.574271,0
            9.371578,40.574176,0
            9.371429,40.574099,0
            9.371253,40.574012,0
            9.371055,40.573913,0
            9.370856,40.573816,0
            9.370665,40.573709,0
            9.370483,40.573594,0
            9.370298,40.573482,0
            9.370114,40.573368,0
            9.369943,40.573244,0
            9.369773,40.573119,0
            9.369609,40.572989,0
            9.369454,40.572853,0
            9.369296,40.572719,0
            9.369134,40.572588,0
            9.369039,40.572523,0
            9.36893,40.572471,0
            9.368807,40.572445,0
            9.368679,40.572434,0
            9.368517,40.572425,0
            9.368308,40.572398,0
            9.368108,40.572346,0
            9.367882,40.572292,0
            9.367836,40.572283,0
            9.36779,40.572274,0
            9.367744,40.572265,0
            9.367697,40.572261,0
            9.36765,40.572262,0
            9.367605,40.572273,0
            9.367567,40.572294,0
            9.367539,40.572323,0
            9.367519,40.572356,0
            9.367502,40.57239,0
            9.367487,40.572424,0
            9.367472,40.572458,0
            9.367443,40.572532,0
            9.367369,40.572703,0
            9.367288,40.572872,0
            9.367203,40.57304,0
            9.367138,40.573178,0
            9.367099,40.573321,0
            9.367079,40.573448,0
            9.367035,40.573571,0
            9.366962,40.573687,850
            9.366842,40.573823,850
            9.366686,40.573947,850
            9.366515,40.574071,850
            9.366352,40.574202,850
            9.366189,40.574332,850
            9.366015,40.574454,850
            9.365829,40.574565,850
            9.365634,40.574668,850
            9.365437,40.574767,850
            9.365238,40.574865,847.61
            9.365033,40.574954,842.61
            9.364817,40.575026,840
            9.364591,40.57508,840
            9.364364,40.57513,839.89
            9.364139,40.575188,837.36
            9.363917,40.57525,832.51
            9.363696,40.575315,830.04
            9.363475,40.57538,830
            9.363253,40.575442,830
            9.363029,40.575501,829.98
            9.362805,40.575559,829.35
            9.362581,40.575616,826.52
            9.362354,40.575668,822.38
            9.362126,40.575717,820.23
            9.361901,40.575773,820
            9.361684,40.575843,820
            9.361479,40.575933,820
            9.361288,40.576039,820
            9.361111,40.576158,820
            9.360939,40.576281,820
            9.360763,40.576402,820
            9.360583,40.576519,820
            9.360403,40.576636,820
            9.360234,40.576762,820
            9.36008,40.576898,820
            9.359932,40.577039,820
            9.359783,40.577178,820
            9.359629,40.577315,821.83
            9.359467,40.577446,826.4
            9.359304,40.577576,829.53
            9.359158,40.577677,830
            9.35912,40.577699,830
            9.359082,40.57772,830
            9.359043,40.57774,830
            9.359001,40.577757,830
            9.358957,40.577769,830
            9.35891,40.577771,830
            9.358863,40.577765,830
            9.358818,40.577754,830
            9.358774,40.577742,830
            9.35873,40.577728,830
            9.358639,40.577701,830
            9.358548,40.577674,830
            9.358327,40.577609,830
            9.358107,40.577542,830
            9.357888,40.577474,830
            9.357766,40.577424,830
            9.357703,40.577389,829.99
            9.357652,40.577344,829.85
            9.357614,40.577293,829.18
            9.35759,40.577236,827.65
            9.35757,40.577179,825.22
            9.357524,40.577091,821.91
            9.357427,40.576975,820.23
            9.357309,40.576871,820
            9.3572,40.576771,820
            9.357115,40.576659,819.99
            9.357056,40.576537,819.83
            9.35701,40.576392,817.64
            9.356958,40.576239,812.44
            9.356924,40.576177,810.73
            9.356874,40.576121,810.1
            9.356812,40.576074,810
            9.356741,40.576033,810
            9.356609,40.575974,810
            9.356418,40.575906,810
            9.356198,40.575839,810
            9.355976,40.575775,810
            9.355751,40.57572,810
            9.35552,40.575681,810
            9.355287,40.57565,810
            9.355054,40.575618,810
            9.354821,40.575586,810
            9.354587,40.575558,810
            9.354353,40.575532,810
            9.354118,40.575511,810
            9.353881,40.575503,810
            9.353645,40.57551,810
            9.353409,40.575528,810
            9.353175,40.575553,810
            9.35294,40.575578,810
            9.352704,40.575591,810
            9.352479,40.57558,810
            9.352259,40.575542,810
            9.352037,40.575495,810
            9.351812,40.575439,810
            9.351596,40.575365,810
            9.351386,40.575281,810
            9.351179,40.575193,810
            9.35098,40.575097,810
            9.350779,40.575001,810
            9.350571,40.574916,810
            9.350352,40.574847,810
            9.350125,40.574795,809.94
            9.349896,40.574752,808.55
            9.349666,40.574708,803.8
            9.349435,40.574669,800.19
            9.34925,40.574666,800.02
            9.34918,40.574668,800
            9.34911,40.574668,800
            9.34904,40.574663,800
            9.348995,40.574653,800
            9.348951,40.57464,800
            9.348908,40.574625,800
            9.348866,40.574608,800
            9.348828,40.574587,800
            9.3488,40.574558,800
            9.348783,40.574525,800
            9.348775,40.57449,800
            9.348774,40.574454,800
            9.348778,40.574418,0
            9.348786,40.574382,0
            9.348795,40.574347,0
            9.348825,40.574258,0
            9.348899,40.574087,0
            9.348969,40.573938,0
            9.349014,40.573784,0
            9.34903,40.573627,0
            9.349033,40.573455,0
            9.349001,40.573284,0
            9.348977,40.573118,0
            9.348988,40.572951,0
            9.349013,40.572772,0
            9.349014,40.572596,0
            9.349004,40.57242,0
            9.349015,40.572241,0
            9.349046,40.572063,0
            9.34907,40.571886,0
            9.349064,40.571742,0
            9.34902,40.571606,0
            9.348942,40.57148,0
            9.348852,40.571357,0
            9.348795,40.571238,0
            9.348786,40.571112,0
            9.348809,40.570986,0
            9.348845,40.570847,0
            9.34888,40.570669,0
            9.348913,40.57054,0
            9.348976,40.570418,0
            9.349056,40.570302,0
            9.349165,40.570142,0
            9.349259,40.569977,0
            9.349331,40.569806,0
            9.349385,40.569631,0
            9.349439,40.569456,0
            9.349507,40.569283,0
            9.349522,40.569249,0
            9.349539,40.569216,0
            9.349556,40.569182,0
            9.349572,40.569148,0
            9.34958,40.569113,0
            9.34957,40.569079,0
            9.349537,40.569054,0
            9.349491,40.569045,0
            9.349444,40.569046,0
            9.349397,40.569049,0
            9.349349,40.569051,0
            9.349302,40.569052,0
            9.349102,40.569041,0
            9.348885,40.569029,0
            9.34866,40.569036,0
            9.348437,40.56906,0
            9.348204,40.569092,0
            9.347972,40.569127,0
            9.347747,40.569172,0
            9.347533,40.569242,0
            9.347325,40.569327,0
            9.347118,40.569414,0
            9.346907,40.569497,0
            9.34669,40.569567,0
            9.346465,40.569623,0
            9.346235,40.569667,0
            9.346008,40.569716,0
            9.345805,40.569781,0
            9.345609,40.569858,0
            9.3454,40.569942,0
            9.345184,40.570016,0
            9.344964,40.570082,0
            9.344743,40.570148,0
            9.344524,40.570215,0
            9.344305,40.570283,0
            9.344086,40.570351,0
            9.343864,40.570415,0
            9.343699,40.570456,0
            9.343537,40.570476,0
            9.343374,40.570462,0
            9.343218,40.570422,0
            9.34306,40.57036,0
            9.342858,40.570267,0
            9.34266,40.570168,0
            9.342464,40.570067,0
            9.34227,40.569963,0
            9.342075,40.569862,0
            9.341874,40.569767,0
            9.341667,40.56968,0
            9.341453,40.569602,0
            9.341233,40.569538,0
            9.341003,40.569498,0
            9.340768,40.569476,0
            9.340532,40.569461,0
            9.340296,40.56945,0
            9.340078,40.56945,0
            9.339862,40.56947,0
            9.339647,40.569498,0
            9.339418,40.569513,0
            9.339235,40.569502,0
            9.339056,40.569473,0
            9.338832,40.569421,0
            9.338606,40.569366,0
            9.338377,40.569322,0
            9.338146,40.569299,0
            9.337927,40.569302,0
            9.337709,40.569325,0
            9.337477,40.569358,0
            9.337242,40.569384,0
            9.337021,40.569391,0
            9.336801,40.569369,770
            9.336571,40.56933,770
            9.33634,40.56929,770
            9.336108,40.569253,770
            9.335876,40.569218,770
            9.335643,40.569185,770
            9.33541,40.569153,770
            9.335177,40.569123,770
            9.334943,40.569093,770
            9.334709,40.569068,770
            9.334473,40.56905,770
            9.334237,40.569037,770
            9.334001,40.569025,770
            9.333796,40.569021,770
            9.333592,40.569039,770
            9.333395,40.569084,770
            9.333206,40.569154,770
            9.333,40.569243,770
            9.33279,40.569326,770
            9.332733,40.569341,770
            9.332692,40.569356,770
            9.33265,40.569378,770
            9.332621,40.569407,770
            9.332604,40.569446,770
            9.332605,40.569485,770
            9.332621,40.569524,770
            9.332655,40.569552,770
            9.3327,40.569568,770
            9.332752,40.569573,770
            9.332801,40.569574,770
            9.332848,40.569575,770
            9.332895,40.569575,770
            9.332943,40.569575,770
            9.33299,40.569576,770
            9.333037,40.569579,770
            9.333084,40.569584,770
            9.333131,40.569591,770
            9.333174,40.569605,770
            9.333213,40.569626,770
            9.333247,40.569651,770
            9.333275,40.56968,770
            9.333294,40.569713,770
            9.333302,40.569748,770
            9.333298,40.569784,770
            9.333282,40.569818,770
            9.333257,40.569848,770
            9.333226,40.569876,770
            9.333192,40.5699,770
            9.333155,40.569923,770
            9.333114,40.569943,770
            9.33307,40.569962,770
            9.333019,40.569976,770
            9.332937,40.569986,770
            9.332843,40.569985,770
            9.332752,40.569976,770
            9.332597,40.56995,770
            9.332391,40.569911,770
            9.332208,40.569871,770
            9.332162,40.569866,770
            9.332115,40.569869,770
            9.33207,40.569881,770
            9.332032,40.569902,770
            9.332,40.569928,770
            9.331971,40.569956,770
            9.331944,40.569986,770
            9.331918,40.570016,770
            9.331892,40.570046,770
            9.33187,40.570078,770
            9.331853,40.570111,770
            9.331842,40.570146,770
            9.331836,40.570182,770
            9.33184,40.570217,770
            9.331854,40.570252,770
            9.331876,40.570283,770
            9.331905,40.570311,770
            9.33194,40.570336,770
            9.33198,40.570354,770
            9.332024,40.570367,770
            9.332071,40.570374,770
            9.332118,40.570372,770
            9.332163,40.570363,770
            9.332207,40.570349,770
            9.332249,40.570332,770
            9.332291,40.570317,770
            9.332335,40.570298,770
            9.332404,40.570284,770
            9.332477,40.57028,770
            9.332545,40.570293,770
            9.332647,40.570315,770
            9.332746,40.570338,770
            9.332815,40.570342,770
            9.332883,40.570331,770
            9.333013,40.570306,770
            9.333134,40.570264,770
            9.333274,40.5702,770
            9.333396,40.570117,770
            9.333537,40.569995,770
            9.333568,40.569968,770
            9.333599,40.569941,770
            9.333634,40.569917,770
            9.333674,40.569898,770
            9.333719,40.569886,770
            9.333765,40.569881,770
            9.333812,40.56988,770
            9.333859,40.569885,770
            9.333904,40.569897,770
            9.333946,40.569913,770
            9.333985,40.569934,770
            9.334019,40.569958,770
            9.334046,40.569987,770
            9.334065,40.57002,770
            9.334075,40.570055,770
            9.334074,40.570091,770
            9.334064,40.570126,770
            9.334043,40.570158,770
            9.334013,40.570185,770
            9.333976,40.570208,770
            9.333936,40.570227,770
            9.333894,40.570244,770
            9.333852,40.570261,770
            9.33381,40.570277,770
            9.333667,40.570334,770
            9.333451,40.570406,770
            9.333232,40.570475,770
            9.333021,40.570556,770
            9.332814,40.570644,770
            9.332613,40.570739,770
            9.332409,40.570829,770
            9.332302,40.570868,770
            9.332257,40.570879,770
            9.332209,40.57089,770
            9.332162,40.570898,770
            9.332115,40.570898,770
            9.332068,40.570891,770
            9.332023,40.570879,770
            9.331979,40.57086,770
            9.331941,40.570837,770
            9.331909,40.570809,770
            9.33188,40.570783,770
            9.331842,40.570741,770
            9.331798,40.570687,770
            9.331744,40.570624,770
            9.331618,40.570471,770
            9.33153,40.570322,770
            9.331515,40.570277,770
            9.331511,40.570231,770
            9.331519,40.570185,770
            9.331537,40.57014,770
            9.331561,40.570098,770
            9.331581,40.570065,770
            9.331601,40.570032,770
            9.331618,40.569999,770
            9.331629,40.569964,770
            9.331632,40.569928,770
            9.331626,40.569893,770
            9.331612,40.569859,770
            9.331589,40.569827,770
            9.331559,40.569799,770
            9.331524,40.569776,770
            9.331484,40.569757,770
            9.331441,40.569742,770
            9.331395,40.569733,770
            9.331348,40.569728,770
            9.3313,40.569723,770
            9.331253,40.569727,770
            9.331206,40.569734,770
            9.331164,40.569745,770
            9.331119,40.569759,770
            9.331081,40.569776,770
            9.331033,40.569794,770
            9.330995,40.569809,770
            9.330947,40.56982,770
            9.330902,40.56982,770
            9.330858,40.56981,770
            9.33082,40.56979,770
            9.330787,40.569764,770
            9.330763,40.569734,770
            9.330749,40.569699,770
            9.330747,40.569664,770
            9.330754,40.569628,770
            9.330769,40.569594,770
            9.33079,40.569562,770
            9.330816,40.569532,770
            9.330848,40.569505,770
            9.330883,40.569482,770
            9.330924,40.569463,770
            9.330967,40.569448,770
            9.331012,40.569437,770
            9.331058,40.569432,770
            9.331106,40.569432,770
            9.331153,40.569436,770
            9.331199,40.569443,770
            9.331244,40.569453,770
            9.331289,40.569465,770
            9.33142,40.569504,770
            9.331636,40.569558,770
            9.331854,40.569592,770
            9.3319,40.569598,770
            9.331947,40.569602,770
            9.331994,40.569606,770
            9.332042,40.569606,770
            9.332089,40.569601,770
            9.332133,40.569589,770
            9.332171,40.569569,770
            9.3322,40.56954,770
            9.332216,40.569507,770
            9.332218,40.569471,770
            9.332208,40.569436,770
            9.332185,40.569405,770
            9.332154,40.569377,770
            9.332119,40.569353,770
            9.33208,40.569333,770
            9.332037,40.569319,770
            9.331991,40.56931,770
            9.331944,40.569304,770
            9.331897,40.5693,770
            9.33185,40.569297,770
            9.331701,40.569294,770
            9.331467,40.569293,770
            9.33123,40.56929,770
            9.330994,40.569282,770
            9.330757,40.569272,770.03
            9.330521,40.569263,770.61
            9.330284,40.56926,772.99
            9.330047,40.569262,776.62
            9.329811,40.569266,779.13
            9.329574,40.569266,779.91
            9.329337,40.569259,780
            9.329101,40.569248,780
            9.328864,40.569237,780
            9.328628,40.569227,780
            9.328391,40.569219,780
            9.328155,40.569214,780
            9.327918,40.569211,780
            9.327681,40.569211,780
            9.327445,40.569212,780
            9.327208,40.569214,780
            9.326971,40.569214,780
            9.326734,40.569215,786.02
            9.326497,40.569217,790
            9.326332,40.569226,790
            9.326174,40.569262,790
            9.326046,40.569305,790
            9.325908,40.569326,790
            9.325768,40.569319,790
            9.32563,40.569296,790
            9.325472,40.569258,790
            9.325282,40.569194,790
            9.325083,40.569114,790
            9.324874,40.569051,790
            9.324661,40.568996,790
            9.324437,40.568936,790
            9.324215,40.568876,790
            9.323992,40.568815,790
            9.323769,40.568754,790
            9.323546,40.568693,790
            9.323324,40.568632,789.88
            9.323102,40.568569,788.45
            9.322882,40.568501,783.4
            9.322668,40.568425,781.64
            9.322454,40.568348,786.07
            9.322234,40.568281,789.32
            9.322024,40.56824,789.97
            9.321811,40.568208,789.81
            9.321581,40.568166,787.41
            9.321362,40.568097,782.18
            9.321149,40.568019,780.19
            9.320932,40.567958,780
            9.320707,40.567914,780
            9.320474,40.567882,780
            9.320239,40.56786,780
            9.320003,40.567846,780
            9.319767,40.567831,780
            9.319532,40.567812,780
            9.319296,40.5678,780
            9.319059,40.5678,780
            9.318823,40.567813,780.39
            9.318587,40.567831,784.11
            9.318351,40.567844,788.7
            9.318115,40.56785,789.92
            9.317878,40.567853,790
            9.317641,40.567846,790
            9.317406,40.567826,790
            9.317172,40.5678,790
            9.316937,40.567777,790
            9.316701,40.567758,790
            9.316654,40.567755,790
            9.316607,40.567752,790
            9.31656,40.567751,790
            9.316516,40.567762,790
            9.31649,40.567789,790
            9.316494,40.567823,790
            9.31652,40.567853,790.02
            9.316555,40.567876,790.06
            9.316593,40.567898,790.13
            9.316631,40.56792,790.24
            9.316668,40.567942,790.59
            9.316705,40.567965,791.21
            9.316889,40.568078,793.18
            9.317076,40.568188,793.16
            9.317263,40.568298,792.66
            9.317451,40.568408,792.11
            9.317638,40.568518,791.56
            9.31782,40.568633,791.07
            9.317991,40.568758,790.69
            9.318156,40.568886,790.36
            9.31832,40.569016,789.98
            9.318478,40.569151,789.39
            9.318548,40.56922,789.12
            9.318594,40.569301,789.02
            9.318614,40.569387,789
            9.318615,40.569445,789
            9.318619,40.569502,789
            9.318637,40.569558,789
            9.318669,40.56961,789.02
            9.318714,40.569657,789.12
            9.318769,40.569696,789.31
            9.318833,40.569728,789.57
            9.318893,40.569761,789.9
            9.318992,40.569805,790.35
            9.319078,40.569842,790.8
            9.319266,40.569957,791.65
            9.31948,40.570032,792.06
            9.319702,40.570095,792.21
            9.319941,40.57014,792.32
            9.320153,40.570164,792.44
            9.3204,40.570213,792.55
            9.320577,40.570276,792.66
            9.320816,40.570399,792.77
            9.321038,40.570461,792.88
            9.321221,40.57049,792.96
            9.321339,40.570549,793
            9.32149,40.570671,793.12
            9.321655,40.570737,793.43
            9.321807,40.570772,793.79
            9.322059,40.570847,794.14
            9.322284,40.570921,794.38
            9.322478,40.571009,794.6
            9.322692,40.571071,794.81
            9.322903,40.571154,795.03
            9.323085,40.571271,795.23
            9.323259,40.571386,795.43
            9.323438,40.571505,795.64
            9.323655,40.571587,795.78
            9.323753,40.571638,795.53
            9.323848,40.571725,795.19
            9.323923,40.571839,794.85
            9.324024,40.571958,794.44
            9.324151,40.572042,794.56
            9.324299,40.572119,795.03
            9.324501,40.572207,795.7
            9.324651,40.572255,795.94
            9.324807,40.572289,796.08
            9.325018,40.572312,796.44
            9.325231,40.57232,797.03
            9.325468,40.572326,797.76
            9.325704,40.572329,798.61
            9.325941,40.57233,799.55
            9.326178,40.572327,800.44
            9.326372,40.572301,800.65
            9.326559,40.572256,800.35
            9.326704,40.572223,799.99
            9.326847,40.57222,799.58
            9.327002,40.572242,799.3
            9.327171,40.572305,799.37
            9.32733,40.572376,799.73
            9.327448,40.57247,800.08
            9.327545,40.572567,800.45
            9.327627,40.572663,800.77
            9.327664,40.572736,801.02
            9.327672,40.572818,801.31
            9.327658,40.57296,801.46
            9.327655,40.573084,801.61
            9.32767,40.573171,801.61
            9.327698,40.57325,801.61
            9.327765,40.573349,801.18
            9.327834,40.573474,800.72
            9.327926,40.57364,800.31
            9.328021,40.573805,800.3
            9.328116,40.573969,800.54
            9.328211,40.574134,800.92
            9.328303,40.5743,801.76
            9.328392,40.574467,803.15
            9.328471,40.574605,804.5
            9.328519,40.574669,805.13
            9.328585,40.574723,805.55
            9.328664,40.574765,805.7
            9.328749,40.5748,805.65
            9.328889,40.574853,805.33
            9.329099,40.574937,804.63
            9.329303,40.575027,803.77
            9.329506,40.575119,803.15
            9.329714,40.575206,802.79
            9.329928,40.575279,802.2
            9.330104,40.575303,801.28
            9.330282,40.575295,800.34
            9.330453,40.575261,799.71
            9.330661,40.575202,799.28
            9.330884,40.575141,799
            9.331113,40.575097,798.74
            9.331346,40.575066,798.31
            9.33158,40.575035,797.71
            9.331812,40.575,796.96
            9.332044,40.574967,796.12
            9.332279,40.574944,795.22
            9.332514,40.574923,794.29
            9.332739,40.574883,793.52
            9.332953,40.574819,793.13
            9.333163,40.574746,793.01
            9.333376,40.574668,793.1
            9.333587,40.574587,793.45
            9.333797,40.574503,794.15
            9.334004,40.574416,795.04
            9.334211,40.574328,795.88
            9.334413,40.574235,796.29
            9.334606,40.574131,795.69
            9.334799,40.574038,794.42
            9.335006,40.573965,793.01
            9.335224,40.573895,791.55
            9.335442,40.573825,790.08
            9.33566,40.573755,788.62
            9.335878,40.573683,787.19
            9.336056,40.573612,786.19
            9.336218,40.573521,785.64
            9.336403,40.573409,785.26
            9.336563,40.573333,785.06
            9.3367,40.573288,784.96
            9.336777,40.573274,784.89
            9.336855,40.573271,784.72
            9.336932,40.57328,784.44
            9.337008,40.573295,784.13
            9.337083,40.573313,783.86
            9.337273,40.573364,783.44
            9.337493,40.573432,783.44
            9.33771,40.573503,783.73
            9.337927,40.573576,784.08
            9.338144,40.573648,784.42
            9.338361,40.57372,784.85
            9.338579,40.57379,785.54
            9.338798,40.573857,786.53
            9.339019,40.573923,787.42
            9.33924,40.573987,787.77
            9.339462,40.574049,787.7
            9.339684,40.574111,787.52
            9.339907,40.574173,787.35
            9.340129,40.574236,787.21
            9.34035,40.5743,787.24
            9.34057,40.574367,787.6
            9.340729,40.574404,787.93
            9.340894,40.574416,788.18
            9.341061,40.574416,788.37
            9.341298,40.574414,788.63
            9.341535,40.574408,788.9
            9.341771,40.574394,789.21
            9.342006,40.574371,789.55
            9.34224,40.574344,789.9
            9.34245,40.574302,790.22
            9.342578,40.574282,790.37
            9.342696,40.574252,790.52
            9.342935,40.574206,790.79
            9.343171,40.574174,790.96
            9.343399,40.574142,791
            9.343636,40.574125,791.03
            9.343865,40.574103,791.35
            9.344099,40.574087,792.24
            9.344305,40.574115,793.05
            9.344523,40.574165,793.42
            9.344675,40.574181,793.55
            9.344815,40.574187,793.68
            9.345001,40.574225,793.97
            9.345257,40.574304,794.3
            9.345481,40.574375,794.7
            9.345701,40.57444,795.36
            9.345929,40.574489,796.52
            9.34616,40.574529,797.97
            9.346391,40.574567,799.43
            9.346625,40.574595,800.93
            9.346826,40.574596,802.21
            9.347005,40.574558,803.18
            9.347203,40.574508,803.71
            9.347337,40.574496,804.09
            9.347492,40.574511,804.5
            9.347674,40.574584,804.8
            9.347862,40.574657,804.95
            9.34806,40.574756,804.96
            9.348234,40.574855,804.96
            9.34834,40.574934,804.96
            9.348409,40.575021,804.96
            9.348446,40.575118,804.96
            9.348452,40.575219,804.91
            9.348427,40.575331,804.38
            9.348355,40.575436,803.57
            9.348279,40.575533,807.85
            9.348239,40.575594,809.47
            9.348217,40.575663,809.92
            9.348229,40.575737,809.99
            9.348249,40.575798,810
            9.348272,40.575854,810
            9.348303,40.575908,810
            9.348324,40.575969,810
            9.348333,40.576004,810.01
            9.348338,40.57604,810.09
            9.348336,40.576076,810.49
            9.348327,40.576111,811.75
            9.348313,40.576145,814.14
            9.348292,40.576178,816.95
            9.348265,40.576207,818.98
            9.348231,40.576231,819.82
            9.348191,40.57625,819.99
            9.348148,40.576265,820
            9.348104,40.576278,820
            9.348062,40.576295,820
            9.348024,40.576316,820
            9.347991,40.576342,820
            9.347963,40.576371,820
            9.347941,40.576403,820
            9.347928,40.576437,820
            9.347919,40.576472,820
            9.347911,40.576508,820
            9.347901,40.576543,820
            9.347868,40.576624,820
            9.347789,40.57679,820.15
            9.347689,40.576948,822.21
            9.347646,40.57704,826.53
            9.347641,40.577164,829.43
            9.34769,40.577351,829.99
            9.347725,40.577478,830
            9.34773,40.577514,830
            9.347729,40.57755,830
            9.347722,40.577585,830
            9.347706,40.577619,829.92
            9.347686,40.577651,829.23
            9.347663,40.577683,827.03
            9.34764,40.577714,824.07
            9.347616,40.577745,822.18
            9.347512,40.57786,820
            9.347428,40.577973,820
            9.347392,40.578064,820
            9.347386,40.578175,820
            9.34742,40.578426,820
            9.347439,40.578597,820.2
            9.34746,40.57877,821.81
            9.347475,40.578949,825.92
            9.347489,40.579129,829.19
            9.347499,40.579308,830
            9.347504,40.579488,830
            9.347502,40.579668,830
            9.347484,40.579847,830
            9.347446,40.580025,830.26
            9.34739,40.580199,832.68
            9.34731,40.580361,837.76
            9.347204,40.580505,840
            9.347073,40.580611,840
            9.347036,40.580669,840
            9.347025,40.580719,840
            9.347033,40.580777,840
            9.347058,40.580844,840
            9.347079,40.580901,840
            9.347098,40.580989,839.87
            9.347112,40.581169,838.87
            9.347133,40.581348,835.21
            9.347185,40.581495,831.47
            9.347261,40.581636,830.12
            9.347341,40.5818,830
            9.34742,40.58197,830
            9.347498,40.582139,830
            9.347564,40.582312,830
            9.347624,40.582486,830
            9.347709,40.582648,829.9
            9.347819,40.582801,827.26
            9.347886,40.58291,823.69
            9.347923,40.583027,821.09
            9.347931,40.583147,820.2
            9.347915,40.583302,820
            9.347885,40.583475,819.68
            9.347855,40.583654,817.02
            9.347827,40.583832,812.68
            9.347788,40.584009,810.42
            9.347743,40.584186,810.03
            9.347717,40.584365,810
            9.347731,40.584514,810
            9.347779,40.58466,810
            9.347849,40.584801,810
            9.347931,40.584964,810
            9.347954,40.585052,810
            9.347945,40.585142,810
            9.347921,40.58523,810
            9.347879,40.585356,810
            9.347825,40.585528,810
            9.347763,40.585702,810
            9.347681,40.585871,810
            9.34758,40.586033,810
            9.347465,40.58619,810
            9.347348,40.586346,0
            9.347231,40.586503,0
            9.347199,40.586529,0
            9.347161,40.586551,0
            9.347121,40.586569,0
            9.347077,40.586583,0
            9.347031,40.586592,0
            9.346984,40.586595,0
            9.346927,40.586594,0
            9.34687,40.586591,0
            9.346792,40.586588,0
            9.346714,40.586585,0
            9.346552,40.58658,0
            9.346484,40.58658,0
            9.346438,40.586587,0
            9.346393,40.586599,0
            9.34635,40.586614,0
            9.346311,40.586634,0
            9.346277,40.586659,0
            9.346247,40.586687,0
            9.346221,40.586717,0
            9.346199,40.586749,0
            9.346182,40.586783,0
            9.346148,40.586867,0
            9.346105,40.587001,0
            9.34605,40.587176,0
            9.345977,40.587347,0
            9.345873,40.587509,0
            9.345747,40.587661,0
            9.345714,40.58772,0
            9.345702,40.587783,0
            9.345706,40.587847,0
            9.345717,40.587911,0
            9.345715,40.587981,0
            9.345693,40.588049,0
            9.345653,40.588113,0
            9.345599,40.58817,0
            9.345519,40.588237,0
            9.345405,40.588321,0
            9.345249,40.588445,0
            9.345093,40.588566,0
            9.344967,40.588623,0
            9.344827,40.588655,0
            9.344681,40.588672,0
            9.344476,40.588684,0
            9.344251,40.588701,0
            9.344037,40.588735,0
            9.343829,40.588785,0
            9.343623,40.58884,0
            9.343396,40.58889,0
            9.343165,40.588931,0
            9.342935,40.588974,0
            9.342708,40.589025,0
            9.342504,40.589077,0
            9.342374,40.589136,0
            9.342268,40.589218,0
            9.342174,40.589309,0
            9.342037,40.589454,0
            9.341893,40.589597,0
            9.341735,40.58972,0
            9.341555,40.589823,0
            9.341353,40.589908,0
            9.341207,40.589968,0
            9.341134,40.589998,0
            9.34107,40.590039,0
            9.341018,40.590088,0
            9.340977,40.590143,0
            9.34094,40.5902,0
            9.340893,40.590253,0
            9.340825,40.590302,0
            9.340745,40.590339,0
            9.340659,40.590368,0
            9.340523,40.590412,0
            9.340303,40.59048,0
            9.340075,40.590527,0
            9.339845,40.59057,0
            9.339617,40.590618,0
            9.339571,40.590628,0
            9.339526,40.590637,0
            9.339479,40.590644,0
            9.339432,40.590644,0
            9.339387,40.590634,0
            9.339346,40.590617,0
            9.33931,40.590593,0
            9.339283,40.590564,0
            9.339265,40.590531,0
            9.339251,40.590496,0
            9.33924,40.590461,0
            9.33923,40.590426,0
            9.33921,40.590342,0
            9.339171,40.590165,0
            9.33913,40.589988,0
            9.339086,40.589811,0
            9.339042,40.589634,0
            9.338996,40.589458,0
            9.33895,40.589281,0
            9.338905,40.589105,0
            9.338862,40.588928,0
            9.338815,40.588752,0
            9.338757,40.588594,0
            9.33867,40.588444,0
            9.338552,40.588308,0
            9.338406,40.588179,0
            9.338244,40.588049,0
            9.33808,40.587919,0
            9.337914,40.587791,0
            9.337748,40.587662,0
            9.337583,40.587533,0
            9.337419,40.587403,0
            9.337256,40.587273,0
            9.337086,40.587148,0
            9.336901,40.587044,0
            9.336696,40.586966,0
            9.336475,40.586904,0
            9.33625,40.586849,0
            9.336023,40.586796,0
            9.335796,40.586744,0
            9.335568,40.586698,0
            9.335336,40.586661,0
            9.335103,40.586629,0
            9.33487,40.586596,0
            9.334637,40.586564,0
            9.334404,40.586533,0
            9.33417,40.586503,0
            9.333937,40.586472,0
            9.333703,40.586442,0
            9.33347,40.586412,0
            9.333236,40.586382,0
            9.333003,40.58635,0
            9.332771,40.586314,0
            9.33254,40.586276,0
            9.332312,40.586228,0
            9.332089,40.586168,0
            9.331867,40.586105,0
            9.331645,40.586041,0
            9.331427,40.585972,0
            9.331217,40.58589,0
            9.331047,40.585803,0
            9.330893,40.585702,0
            9.330753,40.585588,0
            9.330605,40.585448,0
            9.330464,40.585303,0
            9.330325,40.585158,0
            9.330187,40.585012,0
            9.330045,40.584868,0
            9.330012,40.584836,0
            9.329977,40.584805,0
            9.329938,40.584776,0
            9.329896,40.584751,0
            9.329854,40.584734,0
            9.329809,40.584723,0
            9.329763,40.584714,0
            9.329716,40.584712,0
            9.329669,40.584715,0
            9.329622,40.584722,0
            9.329577,40.584732,0
            9.329533,40.584746,0
            9.329491,40.584763,0
            9.329452,40.584782,0
            9.329346,40.584844,0
            9.329225,40.584941,0
            9.3291,40.585066,0
            9.328977,40.585214,0
            9.328861,40.58537,0
            9.328747,40.585528,0
            9.32863,40.585684,0
            9.328507,40.585838,0
            9.328372,40.585986,0
            9.328227,40.5861,0
            9.328091,40.586165,0
            9.327939,40.586208,0
            9.327751,40.586241,0
            9.327518,40.586272,0
            9.327284,40.586302,0
            9.32705,40.58633,0
            9.326817,40.58636,0
            9.326584,40.586392,0
            9.326351,40.586426,0
            9.32612,40.586466,0
            9.325891,40.586511,0
            9.325664,40.586562,0
            9.325438,40.586615,0
            9.32521,40.586663,0
            9.325023,40.586688,0
            9.324866,40.586678,0
            9.324716,40.586641,760
            9.324574,40.586588,760
            9.324366,40.58651,759.52
            9.324157,40.586425,758.17
            9.32395,40.586338,756.68
            9.323742,40.586252,755.19
            9.323535,40.586165,753.7
            9.323327,40.586079,752.21
            9.323119,40.585992,750.72
            9.322912,40.585905,749.23
            9.322704,40.585819,747.74
            9.322496,40.585732,746.26
            9.322293,40.58564,745.84
            9.322094,40.585542,745.8
            9.321955,40.585445,744.87
            9.321847,40.585326,743.3
            9.321747,40.585203,743.3
            9.321623,40.58505,743.29
            9.321495,40.584899,742.74
            9.321356,40.584753,741.72
            9.321214,40.584617,741.19
            9.321107,40.584541,741.05
            9.32098,40.584486,740.86
            9.320848,40.584436,740.6
            9.320722,40.584385,740.41
            9.320667,40.584353,740.19
            9.320621,40.584315,739.81
            9.320585,40.584271,739.59
            9.32056,40.584223,739.39
            9.320544,40.584172,739.02
            9.320537,40.58412,738.82
            9.320533,40.584049,738.8
            9.320526,40.583919,738.8
            9.320511,40.583793,738.77
            9.320463,40.583672,738.63
            9.320411,40.583552,738.47
            9.320326,40.583384,738.45
            9.320218,40.58323,738.9
            9.320111,40.583077,739.07
            9.319999,40.582918,739.15
            9.319888,40.582759,739.23
            9.319775,40.582601,739.55
            9.319653,40.582447,741.51
            9.319526,40.582295,743
            9.319472,40.582236,743
            9.319441,40.582208,743
            9.319408,40.582183,743
            9.319369,40.582163,743
            9.319326,40.582147,742.98
            9.319281,40.582138,742.78
            9.319234,40.582133,742.41
            9.319187,40.582131,742.07
            9.319141,40.582137,741.92
            9.319096,40.582149,741.9
            9.319052,40.582162,741.9
            9.319007,40.582175,741.9
            9.318963,40.582187,741.9
            9.318834,40.582225,741.88
            9.318613,40.582291,741.84
            9.318391,40.582353,741.81
            9.318163,40.582402,741.66
            9.317931,40.582436,741.35
            9.317701,40.582451,740.52
            9.317517,40.582433,740.25
            9.317343,40.582383,739.48
            9.317174,40.582324,738.74
            9.316965,40.58224,738.69
            9.316754,40.582157,738.34
            9.316542,40.582077,737.26
            9.31633,40.581998,736.15
            9.316117,40.581918,735.04
            9.315905,40.581838,733.92
            9.315693,40.581759,732.81
            9.31548,40.581679,731.7
            9.315318,40.581607,731.05
            9.315181,40.581508,731.16
            9.315055,40.581401,731.24
            9.314912,40.581258,730.98
            9.314777,40.58111,730.54
            9.314647,40.58096,730.09
            9.314524,40.580806,729.62
            9.314405,40.580651,729.12
            9.314294,40.580492,728.34
            9.314189,40.580331,727.37
            9.314085,40.580169,726.39
            9.314021,40.580013,725.89
            9.313977,40.579852,725.65
            9.313936,40.579685,725.44
            9.313933,40.579516,725.4
            9.313943,40.579336,725.39
            9.313963,40.579157,725.35
            9.31398,40.579043,725.31
            9.314032,40.578935,725.38
            9.314101,40.578832,725.51
            9.314204,40.578683,725.7
            9.314325,40.578529,726.02
            9.31446,40.578381,726.45
            9.314591,40.578232,726.83
            9.31471,40.578076,727
            9.314768,40.577982,727
            9.314798,40.577882,727
            9.314795,40.577779,727
            9.31477,40.577677,727
            9.314737,40.577562,727.24
            9.314684,40.577387,728.34
            9.314629,40.577211,729.79
            9.314575,40.577036,731.24
            9.314564,40.577001,731.53
            9.314554,40.576966,731.82
            9.314543,40.576931,732.11
            9.31453,40.576897,732.64
            9.314513,40.576863,733.58
            9.314476,40.576842,734.19
            9.314429,40.576844,734.19
            9.314385,40.576857,734.19
            9.31434,40.57687,734.19
            9.314296,40.576883,734.19
            9.314252,40.576896,734.19
            9.314219,40.576921,734.19
            9.314186,40.576947,734.19
            9.314144,40.576989,734.19
            9.314112,40.577036,734.19
            9.314079,40.577083,734.19
            9.314014,40.577206,734.19
            9.313932,40.577322,734.19
            9.313815,40.577426,734.19
            9.313703,40.577533,734.19
          </coordinates>
        </LineString>
      </Placemark>
      <Placemark>
        <name>FINISH</name>
        <description>Km: 24.83</description>
        <styleUrl>#icon-1899-DB4436</styleUrl>
        <Point>
          <coordinates>
            9.313706,40.577532,0
          </coordinates>
        </Point>
      </Placemark>
    </Folder>
    <Folder>
      <name>TXT</name>
      <Placemark>
        <name>Coiluna Jump</name>
        <styleUrl>#poly-F9F9F9-1200-255-nodesc</styleUrl>
        <MultiGeometry>
          <Polygon>
            <outerBoundaryIs>
              <LinearRing>
                <tessellate>1</tessellate>
                <coordinates>
                  9.36546,40.600199,0
                  9.365427,40.600188,0
                  9.365394,40.600178,0
                  9.365358,40.600169,0
                  9.365321,40.600161,0
                  9.365283,40.600155,0
                  9.365244,40.600149,0
                  9.365203,40.600145,0
                  9.365161,40.600142,0
                  9.365117,40.60014,0
                  9.365072,40.60014,0
                  9.364923,40.60014,0
                  9.364906,40.60014,0
                  9.364889,40.600142,0
                  9.364873,40.600144,0
                  9.364858,40.600147,0
                  9.364844,40.600152,0
                  9.36483,40.600157,0
                  9.364818,40.600163,0
                  9.364806,40.60017,0
                  9.364795,40.600178,0
                  9.364785,40.600187,0
                  9.364776,40.600196,0
                  9.364768,40.600206,0
                  9.364762,40.600217,0
                  9.364757,40.600228,0
                  9.364753,40.600239,0
                  9.364751,40.60025,0
                  9.36475,40.600262,0
                  9.364751,40.600275,0
                  9.364753,40.600288,0
                  9.364756,40.600301,0
                  9.364939,40.600958,0
                  9.364943,40.600971,0
                  9.364949,40.600984,0
                  9.364956,40.600997,0
                  9.364964,40.601009,0
                  9.364972,40.60102,0
                  9.364982,40.601031,0
                  9.364994,40.601042,0
                  9.365006,40.601053,0
                  9.365019,40.601063,0
                  9.365034,40.601073,0
                  9.365049,40.601082,0
                  9.365064,40.60109,0
                  9.36508,40.601097,0
                  9.365096,40.601103,0
                  9.365112,40.601108,0
                  9.365129,40.601112,0
                  9.365146,40.601116,0
                  9.365163,40.601118,0
                  9.36518,40.60112,0
                  9.365198,40.60112,0
                  9.365347,40.60112,0
                  9.365392,40.601119,0
                  9.365434,40.601118,0
                  9.365475,40.601115,0
                  9.365513,40.60111,0
                  9.36555,40.601105,0
                  9.365584,40.601098,0
                  9.365616,40.601091,0
                  9.365647,40.601082,0
                  9.365675,40.601071,0
                  9.365701,40.60106,0
                  9.365913,40.601343,0
                  9.365876,40.601358,0
                  9.365837,40.601372,0
                  9.365795,40.601385,0
                  9.365751,40.601395,0
                  9.365704,40.601404,0
                  9.365655,40.601412,0
                  9.365603,40.601417,0
                  9.365549,40.601421,0
                  9.365492,40.601424,0
                  9.365432,40.601425,0
                  9.365246,40.601425,0
                  9.365194,40.601423,0
                  9.365142,40.601419,0
                  9.365092,40.601412,0
                  9.365042,40.601402,0
                  9.364993,40.601389,0
                  9.364944,40.601374,0
                  9.364897,40.601355,0
                  9.36485,40.601334,0
                  9.364803,40.60131,0
                  9.364758,40.601283,0
                  9.364715,40.601254,0
                  9.364675,40.601224,0
                  9.364638,40.601193,0
                  9.364605,40.60116,0
                  9.364575,40.601126,0
                  9.364549,40.601092,0
                  9.364526,40.601056,0
                  9.364506,40.601019,0
                  9.36449,40.600981,0
                  9.364477,40.600941,0
                  9.364302,40.600318,0
                  9.364292,40.600276,0
                  9.364287,40.600236,0
                  9.364285,40.600197,0
                  9.364288,40.60016,0
                  9.364294,40.600125,0
                  9.364305,40.600091,0
                  9.36432,40.600058,0
                  9.364339,40.600027,0
                  9.364363,40.599998,0
                  9.36439,40.59997,0
                  9.36442,40.599945,0
                  9.364453,40.599922,0
                  9.364487,40.599902,0
                  9.364525,40.599884,0
                  9.364565,40.59987,0
                  9.364607,40.599858,0
                  9.364652,40.599848,0
                  9.364699,40.599841,0
                  9.364749,40.599837,0
                  9.364801,40.599836,0
                  9.364988,40.599836,0
                  9.365049,40.599837,0
                  9.365108,40.599839,0
                  9.365165,40.599843,0
                  9.36522,40.599849,0
                  9.365274,40.599856,0
                  9.365326,40.599865,0
                  9.365375,40.599875,0
                  9.365423,40.599887,0
                  9.36547,40.599901,0
                  9.365514,40.599916,0
                  9.36546,40.600199,0
                </coordinates>
              </LinearRing>
            </outerBoundaryIs>
          </Polygon>
          <Polygon>
            <outerBoundaryIs>
              <LinearRing>
                <tessellate>1</tessellate>
                <coordinates>
                  9.371839,40.600646,0
                  9.371847,40.60068,0
                  9.371852,40.600712,0
                  9.371852,40.600743,0
                  9.37185,40.600773,0
                  9.371844,40.600802,0
                  9.371835,40.60083,0
                  9.371822,40.600857,0
                  9.371806,40.600883,0
                  9.371786,40.600908,0
                  9.371763,40.600932,0
                  9.371737,40.600954,0
                  9.37171,40.600974,0
                  9.37168,40.600991,0
                  9.371648,40.601006,0
                  9.371614,40.601019,0
                  9.371578,40.601029,0
                  9.37154,40.601038,0
                  9.3715,40.601043,0
                  9.371458,40.601047,0
                  9.371414,40.601048,0
                  9.371291,40.601048,0
                  9.371246,40.601047,0
                  9.371203,40.601043,0
                  9.37116,40.601038,0
                  9.371117,40.601029,0
                  9.371076,40.601019,0
                  9.371035,40.601006,0
                  9.370994,40.600991,0
                  9.370955,40.600974,0
                  9.370916,40.600954,0
                  9.370878,40.600932,0
                  9.370841,40.600908,0
                  9.370807,40.600883,0
                  9.370777,40.600857,0
                  9.370749,40.60083,0
                  9.370724,40.600802,0
                  9.370701,40.600773,0
                  9.370682,40.600743,0
                  9.370665,40.600712,0
                  9.370652,40.60068,0
                  9.370641,40.600646,0
                  9.370421,40.599861,0
                  9.37086,40.599861,0
                  9.371084,40.600661,0
                  9.371087,40.60067,0
                  9.371091,40.600679,0
                  9.371095,40.600687,0
                  9.3711,40.600695,0
                  9.371106,40.600703,0
                  9.371113,40.60071,0
                  9.37112,40.600718,0
                  9.371128,40.600725,0
                  9.371137,40.600732,0
                  9.371147,40.600738,0
                  9.371157,40.600745,0
                  9.371167,40.60075,0
                  9.371177,40.600755,0
                  9.371187,40.600759,0
                  9.371198,40.600763,0
                  9.371208,40.600766,0
                  9.371219,40.600768,0
                  9.37123,40.60077,0
                  9.371241,40.600771,0
                  9.371253,40.600771,0
                  9.371299,40.600771,0
                  9.37131,40.600771,0
                  9.37132,40.60077,0
                  9.37133,40.600768,0
                  9.37134,40.600766,0
                  9.371349,40.600763,0
                  9.371357,40.600759,0
                  9.371365,40.600755,0
                  9.371373,40.60075,0
                  9.37138,40.600744,0
                  9.371386,40.600738,0
                  9.371392,40.600731,0
                  9.371397,40.600724,0
                  9.371401,40.600717,0
                  9.371404,40.60071,0
                  9.371406,40.600702,0
                  9.371408,40.600694,0
                  9.371408,40.600686,0
                  9.371408,40.600678,0
                  9.371407,40.60067,0
                  9.371405,40.600661,0
                  9.371182,40.599861,0
                  9.37162,40.599861,0
                  9.371839,40.600646,0
                </coordinates>
              </LinearRing>
            </outerBoundaryIs>
          </Polygon>
          <Polygon>
            <outerBoundaryIs>
              <LinearRing>
                <tessellate>1</tessellate>
                <coordinates>
                  9.370389,40.601003,0
                  9.369951,40.601003,0
                  9.369733,40.600223,0
                  9.36973,40.600214,0
                  9.369726,40.600206,0
                  9.369722,40.600198,0
                  9.369717,40.60019,0
                  9.369711,40.600182,0
                  9.369705,40.600174,0
                  9.369697,40.600167,0
                  9.369689,40.600159,0
                  9.36968,40.600152,0
                  9.36967,40.600145,0
                  9.36966,40.600139,0
                  9.36965,40.600133,0
                  9.369639,40.600128,0
                  9.369629,40.600123,0
                  9.369618,40.60012,0
                  9.369607,40.600116,0
                  9.369596,40.600114,0
                  9.369585,40.600112,0
                  9.369574,40.600111,0
                  9.369563,40.600111,0
                  9.369517,40.600111,0
                  9.369506,40.600111,0
                  9.369495,40.600112,0
                  9.369485,40.600114,0
                  9.369476,40.600116,0
                  9.369467,40.600119,0
                  9.369458,40.600123,0
                  9.369451,40.600128,0
                  9.369443,40.600133,0
                  9.369436,40.600138,0
                  9.36943,40.600145,0
                  9.369424,40.600152,0
                  9.36942,40.600159,0
                  9.369416,40.600166,0
                  9.369413,40.600174,0
                  9.36941,40.600181,0
                  9.369409,40.600189,0
                  9.369408,40.600197,0
                  9.369409,40.600206,0
                  9.36941,40.600214,0
                  9.369412,40.600223,0
                  9.36963,40.601003,0
                  9.369191,40.601003,0
                  9.368976,40.600238,0
                  9.368968,40.600205,0
                  9.368964,40.600172,0
                  9.368963,40.600141,0
                  9.368966,40.600111,0
                  9.368972,40.600082,0
                  9.368981,40.600054,0
                  9.368994,40.600027,0
                  9.36901,40.600001,0
                  9.36903,40.599976,0
                  9.369053,40.599953,0
                  9.369079,40.59993,0
                  9.369107,40.599911,0
                  9.369137,40.599893,0
                  9.369168,40.599878,0
                  9.369202,40.599865,0
                  9.369238,40.599855,0
                  9.369276,40.599847,0
                  9.369316,40.599841,0
                  9.369357,40.599837,0
                  9.369401,40.599836,0
                  9.369525,40.599836,0
                  9.369569,40.599837,0
                  9.369613,40.599841,0
                  9.369657,40.599847,0
                  9.369699,40.599855,0
                  9.369741,40.599865,0
                  9.369782,40.599878,0
                  9.369822,40.599893,0
                  9.369862,40.599911,0
                  9.369901,40.59993,0
                  9.369939,40.599953,0
                  9.369975,40.599976,0
                  9.370009,40.600001,0
                  9.370039,40.600027,0
                  9.370067,40.600054,0
                  9.370092,40.600082,0
                  9.370114,40.600111,0
                  9.370134,40.600141,0
                  9.37015,40.600172,0
                  9.370164,40.600205,0
                  9.370175,40.600238,0
                  9.370389,40.601003,0
                </coordinates>
              </LinearRing>
            </outerBoundaryIs>
          </Polygon>
          <Polygon>
            <outerBoundaryIs>
              <LinearRing>
                <tessellate>1</tessellate>
                <coordinates>
                  9.37334,40.600655,0
                  9.373348,40.60069,0
                  9.373353,40.600723,0
                  9.373355,40.600754,0
                  9.373355,40.600784,0
                  9.373351,40.600813,0
                  9.373344,40.60084,0
                  9.373335,40.600866,0
                  9.373322,40.600891,0
                  9.373307,40.600914,0
                  9.373288,40.600936,0
                  9.373265,40.600957,0
                  9.37324,40.600976,0
                  9.373211,40.600993,0
                  9.37318,40.601008,0
                  9.373146,40.60102,0
                  9.373109,40.60103,0
                  9.373069,40.601038,0
                  9.373026,40.601044,0
                  9.37298,40.601047,0
                  9.372932,40.601048,0
                  9.37277,40.601048,0
                  9.372718,40.601047,0
                  9.372669,40.601045,0
                  9.372621,40.601042,0
                  9.372574,40.601037,0
                  9.372529,40.601031,0
                  9.372486,40.601024,0
                  9.372444,40.601015,0
                  9.372403,40.601005,0
                  9.372365,40.600993,0
                  9.372328,40.60098,0
                  9.372372,40.600743,0
                  9.372401,40.600753,0
                  9.372431,40.600762,0
                  9.372461,40.600769,0
                  9.372493,40.600776,0
                  9.372525,40.600782,0
                  9.372558,40.600786,0
                  9.372592,40.60079,0
                  9.372627,40.600792,0
                  9.372662,40.600794,0
                  9.372699,40.600794,0
                  9.372783,40.600794,0
                  9.372812,40.600793,0
                  9.372838,40.600789,0
                  9.37286,40.600783,0
                  9.372877,40.600774,0
                  9.372892,40.600763,0
                  9.372902,40.600749,0
                  9.372908,40.600733,0
                  9.372911,40.600714,0
                  9.372909,40.600693,0
                  9.372904,40.600669,0
                  9.372884,40.600597,0
                  9.372879,40.600599,0
                  9.372871,40.6006,0
                  9.372862,40.600601,0
                  9.372851,40.600601,0
                  9.372838,40.600602,0
                  9.372824,40.600602,0
                  9.372807,40.600603,0
                  9.372789,40.600603,0
                  9.372769,40.600603,0
                  9.372747,40.600603,0
                  9.372634,40.600603,0
                  9.372584,40.600602,0
                  9.372535,40.600599,0
                  9.372489,40.600594,0
                  9.372444,40.600586,0
                  9.372401,40.600576,0
                  9.37236,40.600565,0
                  9.372321,40.600551,0
                  9.372283,40.600534,0
                  9.372248,40.600516,0
                  9.372214,40.600496,0
                  9.372186,40.600476,0
                  9.37216,40.600455,0
                  9.372136,40.600432,0
                  9.372114,40.600408,0
                  9.372093,40.600383,0
                  9.372075,40.600357,0
                  9.372059,40.600329,0
                  9.372045,40.6003,0
                  9.372033,40.600269,0
                  9.372022,40.600238,0
                  9.372013,40.6002,0
                  9.372007,40.600163,0
                  9.372005,40.600128,0
                  9.372006,40.600096,0
                  9.372011,40.600065,0
                  9.372019,40.600036,0
                  9.372031,40.600008,0
                  9.372046,40.599983,0
                  9.372065,40.599959,0
                  9.372087,40.599937,0
                  9.372111,40.599918,0
                  9.372138,40.599901,0
                  9.372167,40.599886,0
                  9.372199,40.599872,0
                  9.372234,40.599861,0
                  9.372272,40.599852,0
                  9.372312,40.599845,0
                  9.372354,40.59984,0
                  9.372399,40.599837,0
                  9.372447,40.599836,0
                  9.3726,40.599836,0
                  9.372645,40.599837,0
                  9.372689,40.59984,0
                  9.372731,40.599846,0
                  9.372773,40.599853,0
                  9.372813,40.599862,0
                  9.372853,40.599874,0
                  9.372891,40.599888,0
                  9.372928,40.599903,0
                  9.372963,40.599921,0
                  9.372998,40.599941,0
                  9.373031,40.599963,0
                  9.373061,40.599986,0
                  9.373089,40.60001,0
                  9.373115,40.600035,0
                  9.373138,40.600062,0
                  9.373158,40.60009,0
                  9.373176,40.600119,0
                  9.373192,40.60015,0
                  9.373205,40.600182,0
                  9.373216,40.600215,0
                  9.37334,40.600655,0
                </coordinates>
              </LinearRing>
            </outerBoundaryIs>
            <innerBoundaryIs>
              <LinearRing>
                <tessellate>1</tessellate>
                <coordinates>
                  9.37281,40.600347,0
                  9.372804,40.600348,0
                  9.372796,40.600349,0
                  9.372786,40.60035,0
                  9.372773,40.600351,0
                  9.372759,40.600352,0
                  9.372742,40.600352,0
                  9.372723,40.600352,0
                  9.372701,40.600353,0
                  9.372678,40.600353,0
                  9.372632,40.600353,0
                  9.372605,40.600352,0
                  9.372581,40.600348,0
                  9.372559,40.600343,0
                  9.372539,40.600335,0
                  9.372521,40.600325,0
                  9.372505,40.600313,0
                  9.372492,40.600298,0
                  9.37248,40.600282,0
                  9.372471,40.600263,0
                  9.372463,40.600242,0
                  9.372454,40.600211,0
                  9.372452,40.600202,0
                  9.372451,40.600193,0
                  9.372451,40.600185,0
                  9.372451,40.600177,0
                  9.372453,40.600169,0
                  9.372455,40.600161,0
                  9.372458,40.600153,0
                  9.372462,40.600146,0
                  9.372467,40.600139,0
                  9.372473,40.600132,0
                  9.372479,40.600126,0
                  9.372486,40.60012,0
                  9.372494,40.600115,0
                  9.372502,40.600111,0
                  9.37251,40.600107,0
                  9.372519,40.600104,0
                  9.372529,40.600102,0
                  9.372539,40.6001,0
                  9.372549,40.600099,0
                  9.372561,40.600099,0
                  9.372607,40.600099,0
                  9.372633,40.6001,0
                  9.372658,40.600103,0
                  9.37268,40.600109,0
                  9.3727,40.600116,0
                  9.372718,40.600126,0
                  9.372734,40.600138,0
                  9.372747,40.600152,0
                  9.372759,40.600168,0
                  9.372768,40.600186,0
                  9.372775,40.600207,0
                  9.372813,40.600346,0
                  9.37281,40.600347,0
                </coordinates>
              </LinearRing>
            </innerBoundaryIs>
          </Polygon>
          <Polygon>
            <outerBoundaryIs>
              <LinearRing>
                <tessellate>1</tessellate>
                <coordinates>
                  9.3671,40.600646,0
                  9.367107,40.60068,0
                  9.367112,40.600712,0
                  9.367113,40.600743,0
                  9.36711,40.600773,0
                  9.367104,40.600802,0
                  9.367095,40.60083,0
                  9.367082,40.600857,0
                  9.367066,40.600883,0
                  9.367046,40.600908,0
                  9.367023,40.600932,0
                  9.366998,40.600954,0
                  9.36697,40.600974,0
                  9.36694,40.600991,0
                  9.366908,40.601006,0
                  9.366874,40.601019,0
                  9.366838,40.601029,0
                  9.3668,40.601038,0
                  9.366761,40.601043,0
                  9.366719,40.601047,0
                  9.366675,40.601048,0
                  9.366551,40.601048,0
                  9.366506,40.601047,0
                  9.366463,40.601043,0
                  9.36642,40.601038,0
                  9.366377,40.601029,0
                  9.366336,40.601019,0
                  9.366295,40.601006,0
                  9.366254,40.600991,0
                  9.366215,40.600974,0
                  9.366176,40.600954,0
                  9.366138,40.600932,0
                  9.366101,40.600908,0
                  9.366068,40.600883,0
                  9.366037,40.600857,0
                  9.366009,40.60083,0
                  9.365984,40.600802,0
                  9.365961,40.600773,0
                  9.365942,40.600743,0
                  9.365925,40.600712,0
                  9.365912,40.60068,0
                  9.365901,40.600646,0
                  9.365786,40.600238,0
                  9.365779,40.600205,0
                  9.365774,40.600172,0
                  9.365773,40.600141,0
                  9.365776,40.600111,0
                  9.365782,40.600082,0
                  9.365791,40.600054,0
                  9.365804,40.600027,0
                  9.36582,40.600001,0
                  9.36584,40.599976,0
                  9.365863,40.599953,0
                  9.365889,40.59993,0
                  9.365917,40.599911,0
                  9.365947,40.599893,0
                  9.365979,40.599878,0
                  9.366013,40.599865,0
                  9.366048,40.599855,0
                  9.366086,40.599847,0
                  9.366126,40.599841,0
                  9.366168,40.599837,0
                  9.366211,40.599836,0
                  9.366335,40.599836,0
                  9.36638,40.599837,0
                  9.366424,40.599841,0
                  9.366467,40.599847,0
                  9.366509,40.599855,0
                  9.366551,40.599865,0
                  9.366592,40.599878,0
                  9.366632,40.599893,0
                  9.366672,40.599911,0
                  9.366711,40.59993,0
                  9.366749,40.599953,0
                  9.366785,40.599976,0
                  9.366819,40.600001,0
                  9.366849,40.600027,0
                  9.366877,40.600054,0
                  9.366902,40.600082,0
                  9.366925,40.600111,0
                  9.366944,40.600141,0
                  9.366961,40.600172,0
                  9.366974,40.600205,0
                  9.366985,40.600238,0
                  9.3671,40.600646,0
                </coordinates>
              </LinearRing>
            </outerBoundaryIs>
            <innerBoundaryIs>
              <LinearRing>
                <tessellate>1</tessellate>
                <coordinates>
                  9.366669,40.600674,0
                  9.36667,40.600683,0
                  9.366671,40.600691,0
                  9.36667,40.6007,0
                  9.366669,40.600708,0
                  9.366666,40.600715,0
                  9.366663,40.600723,0
                  9.366659,40.60073,0
                  9.366654,40.600737,0
                  9.366648,40.600744,0
                  9.366642,40.600751,0
                  9.366635,40.600757,0
                  9.366627,40.600762,0
                  9.366619,40.600766,0
                  9.36661,40.60077,0
                  9.366601,40.600773,0
                  9.366592,40.600775,0
                  9.366582,40.600777,0
                  9.366571,40.600778,0
                  9.36656,40.600778,0
                  9.366514,40.600778,0
                  9.366503,40.600778,0
                  9.366492,40.600777,0
                  9.366481,40.600775,0
                  9.36647,40.600773,0
                  9.366459,40.60077,0
                  9.366449,40.600766,0
                  9.366438,40.600762,0
                  9.366428,40.600757,0
                  9.366418,40.600751,0
                  9.366408,40.600744,0
                  9.366399,40.600737,0
                  9.36639,40.60073,0
                  9.366382,40.600723,0
                  9.366374,40.600715,0
                  9.366368,40.600708,0
                  9.366362,40.6007,0
                  9.366357,40.600691,0
                  9.366352,40.600683,0
                  9.366349,40.600674,0
                  9.366346,40.600665,0
                  9.366221,40.600217,0
                  9.366218,40.600208,0
                  9.366217,40.6002,0
                  9.366217,40.600191,0
                  9.366217,40.600183,0
                  9.366218,40.600176,0
                  9.366221,40.600168,0
                  9.366224,40.600161,0
                  9.366228,40.600153,0
                  9.366233,40.600147,0
                  9.366238,40.60014,0
                  9.366245,40.600134,0
                  9.366252,40.600128,0
                  9.366259,40.600123,0
                  9.366267,40.600119,0
                  9.366276,40.600115,0
                  9.366285,40.600112,0
                  9.366294,40.60011,0
                  9.366304,40.600108,0
                  9.366315,40.600107,0
                  9.366326,40.600107,0
                  9.366372,40.600107,0
                  9.366383,40.600107,0
                  9.366394,40.600108,0
                  9.366405,40.60011,0
                  9.366416,40.600112,0
                  9.366427,40.600115,0
                  9.366438,40.600119,0
                  9.366448,40.600123,0
                  9.366459,40.600128,0
                  9.366469,40.600134,0
                  9.366479,40.60014,0
                  9.366489,40.600147,0
                  9.366498,40.600154,0
                  9.366506,40.600161,0
                  9.366513,40.600169,0
                  9.36652,40.600176,0
                  9.366526,40.600184,0
                  9.366531,40.600192,0
                  9.366535,40.6002,0
                  9.366539,40.600208,0
                  9.366542,40.600217,0
                  9.366667,40.600665,0
                  9.366669,40.600674,0
                </coordinates>
              </LinearRing>
            </innerBoundaryIs>
          </Polygon>
          <Polygon>
            <outerBoundaryIs>
              <LinearRing>
                <tessellate>1</tessellate>
                <coordinates>
                  9.368714,40.60014,0
                  9.368706,40.60014,0
                  9.368699,40.60014,0
                  9.368692,40.600141,0
                  9.368685,40.600141,0
                  9.368679,40.600142,0
                  9.368673,40.600143,0
                  9.368667,40.600144,0
                  9.368661,40.600145,0
                  9.368656,40.600146,0
                  9.368651,40.600147,0
                  9.368641,40.600149,0
                  9.368631,40.600153,0
                  9.368623,40.600156,0
                  9.368615,40.600161,0
                  9.368609,40.600166,0
                  9.368603,40.600172,0
                  9.368599,40.600178,0
                  9.368595,40.600186,0
                  9.368593,40.600193,0
                  9.368592,40.600202,0
                  9.368591,40.600207,0
                  9.368592,40.600212,0
                  9.368592,40.600219,0
                  9.368593,40.600226,0
                  9.368594,40.600234,0
                  9.368596,40.600243,0
                  9.368598,40.600252,0
                  9.3686,40.600262,0
                  9.368603,40.600273,0
                  9.368606,40.600285,0
                  9.368918,40.601398,0
                  9.368479,40.601398,0
                  9.36816,40.60026,0
                  9.36815,40.600219,0
                  9.368142,40.60018,0
                  9.368137,40.600144,0
                  9.368135,40.60011,0
                  9.368136,40.600079,0
                  9.36814,40.60005,0
                  9.368146,40.600023,0
                  9.368156,40.599999,0
                  9.368168,40.599977,0
                  9.368183,40.599958,0
                  9.368205,40.599936,0
                  9.368233,40.599917,0
                  9.368265,40.5999,0
                  9.368303,40.599886,0
                  9.368345,40.599874,0
                  9.368393,40.599864,0
                  9.368445,40.599857,0
                  9.368503,40.599852,0
                  9.368565,40.599849,0
                  9.368633,40.599849,0
                  9.368714,40.60014,0
                </coordinates>
              </LinearRing>
            </outerBoundaryIs>
          </Polygon>
          <Polygon>
            <outerBoundaryIs>
              <LinearRing>
                <tessellate>1</tessellate>
                <coordinates>
                  9.368004,40.601003,0
                  9.367564,40.601003,0
                  9.367244,40.599861,0
                  9.367684,40.599861,0
                  9.368004,40.601003,0
                </coordinates>
              </LinearRing>
            </outerBoundaryIs>
          </Polygon>
          <Polygon>
            <outerBoundaryIs>
              <LinearRing>
                <tessellate>1</tessellate>
                <coordinates>
                  9.368114,40.601398,0
                  9.367675,40.601398,0
                  9.3676,40.60113,0
                  9.368039,40.60113,0
                  9.368114,40.601398,0
                </coordinates>
              </LinearRing>
            </outerBoundaryIs>
          </Polygon>
          <Polygon>
            <outerBoundaryIs>
              <LinearRing>
                <tessellate>1</tessellate>
                <coordinates>
                  9.369327,40.598805,0
                  9.369335,40.598838,0
                  9.36934,40.59887,0
                  9.369341,40.598901,0
                  9.369338,40.598932,0
                  9.369332,40.598961,0
                  9.369323,40.598989,0
                  9.369311,40.599016,0
                  9.369295,40.599041,0
                  9.369275,40.599066,0
                  9.369252,40.59909,0
                  9.369227,40.599112,0
                  9.369199,40.599132,0
                  9.36917,40.599149,0
                  9.369138,40.599165,0
                  9.369105,40.599177,0
                  9.369069,40.599188,0
                  9.369031,40.599196,0
                  9.368992,40.599202,0
                  9.36895,40.599205,0
                  9.368906,40.599206,0
                  9.368783,40.599206,0
                  9.368748,40.599206,0
                  9.368713,40.599203,0
                  9.368678,40.5992,0
                  9.368644,40.599194,0
                  9.36861,40.599187,0
                  9.368576,40.599179,0
                  9.368543,40.599169,0
                  9.36851,40.599158,0
                  9.368477,40.599145,0
                  9.368444,40.599131,0
                  9.36842,40.599145,0
                  9.368394,40.599158,0
                  9.368368,40.599169,0
                  9.36834,40.599179,0
                  9.368312,40.599187,0
                  9.368282,40.599194,0
                  9.368251,40.5992,0
                  9.368219,40.599203,0
                  9.368186,40.599206,0
                  9.368152,40.599206,0
                  9.368026,40.599206,0
                  9.367982,40.599205,0
                  9.367938,40.599202,0
                  9.367895,40.599196,0
                  9.367853,40.599188,0
                  9.367811,40.599177,0
                  9.36777,40.599165,0
                  9.36773,40.599149,0
                  9.367691,40.599132,0
                  9.367652,40.599112,0
                  9.367614,40.59909,0
                  9.367578,40.599066,0
                  9.367544,40.599041,0
                  9.367514,40.599016,0
                  9.367486,40.598989,0
                  9.367461,40.598961,0
                  9.367439,40.598932,0
                  9.36742,40.598901,0
                  9.367403,40.59887,0
                  9.367389,40.598838,0
                  9.367379,40.598805,0
                  9.367159,40.59802,0
                  9.367598,40.59802,0
                  9.367822,40.59882,0
                  9.367825,40.598829,0
                  9.367829,40.598837,0
                  9.367833,40.598845,0
                  9.367838,40.598853,0
                  9.367844,40.598861,0
                  9.367851,40.598869,0
                  9.367858,40.598876,0
                  9.367866,40.598883,0
                  9.367874,40.59889,0
                  9.367884,40.598897,0
                  9.367894,40.598903,0
                  9.367904,40.598909,0
                  9.367914,40.598914,0
                  9.367924,40.598918,0
                  9.367934,40.598921,0
                  9.367945,40.598924,0
                  9.367955,40.598927,0
                  9.367966,40.598928,0
                  9.367977,40.598929,0
                  9.367988,40.59893,0
                  9.368034,40.59893,0
                  9.368045,40.598929,0
                  9.368055,40.598928,0
                  9.368065,40.598927,0
                  9.368074,40.598924,0
                  9.368083,40.598921,0
                  9.368091,40.598918,0
                  9.368099,40.598914,0
                  9.368107,40.598909,0
                  9.368114,40.598903,0
                  9.36812,40.598897,0
                  9.368126,40.59889,0
                  9.368131,40.598883,0
                  9.368135,40.598876,0
                  9.368138,40.598869,0
                  9.36814,40.598861,0
                  9.368141,40.598853,0
                  9.368142,40.598845,0
                  9.368141,40.598837,0
                  9.36814,40.598829,0
                  9.368138,40.59882,0
                  9.367914,40.59802,0
                  9.368352,40.59802,0
                  9.368576,40.59882,0
                  9.368579,40.598829,0
                  9.368583,40.598837,0
                  9.368587,40.598845,0
                  9.368592,40.598853,0
                  9.368598,40.598861,0
                  9.368605,40.598869,0
                  9.368612,40.598876,0
                  9.36862,40.598883,0
                  9.368629,40.59889,0
                  9.368638,40.598897,0
                  9.368648,40.598903,0
                  9.368658,40.598909,0
                  9.368668,40.598914,0
                  9.368678,40.598918,0
                  9.368689,40.598921,0
                  9.368699,40.598924,0
                  9.36871,40.598927,0
                  9.368721,40.598928,0
                  9.368732,40.598929,0
                  9.368743,40.59893,0
                  9.368792,40.59893,0
                  9.368803,40.598929,0
                  9.368813,40.598928,0
                  9.368823,40.598927,0
                  9.368832,40.598924,0
                  9.368841,40.598921,0
                  9.368849,40.598918,0
                  9.368856,40.598914,0
                  9.368863,40.598909,0
                  9.36887,40.598903,0
                  9.368876,40.598897,0
                  9.368881,40.59889,0
                  9.368886,40.598883,0
                  9.36889,40.598876,0
                  9.368892,40.598869,0
                  9.368894,40.598861,0
                  9.368896,40.598853,0
                  9.368896,40.598845,0
                  9.368895,40.598837,0
                  9.368894,40.598829,0
                  9.368892,40.59882,0
                  9.368668,40.59802,0
                  9.369108,40.59802,0
                  9.369327,40.598805,0
                </coordinates>
              </LinearRing>
            </outerBoundaryIs>
          </Polygon>
          <Polygon>
            <outerBoundaryIs>
              <LinearRing>
                <tessellate>1</tessellate>
                <coordinates>
                  9.365688,40.599556,0
                  9.36523,40.599556,0
                  9.364923,40.598459,0
                  9.364912,40.598429,0
                  9.364899,40.598401,0
                  9.364882,40.598377,0
                  9.364862,40.598356,0
                  9.364839,40.598338,0
                  9.364813,40.598324,0
                  9.364784,40.598313,0
                  9.364752,40.598305,0
                  9.364717,40.5983,0
                  9.364678,40.598298,0
                  9.364611,40.598298,0
                  9.364567,40.598299,0
                  9.364524,40.598301,0
                  9.364484,40.598304,0
                  9.364446,40.598308,0
                  9.364409,40.598313,0
                  9.364375,40.598319,0
                  9.364343,40.598327,0
                  9.364313,40.598336,0
                  9.364285,40.598346,0
                  9.364259,40.598357,0
                  9.364048,40.598074,0
                  9.364084,40.598059,0
                  9.364123,40.598046,0
                  9.364166,40.598034,0
                  9.364212,40.598023,0
                  9.364263,40.598015,0
                  9.364316,40.598007,0
                  9.364374,40.598002,0
                  9.364435,40.597998,0
                  9.3645,40.597995,0
                  9.364569,40.597995,0
                  9.364636,40.597995,0
                  9.364693,40.597996,0
                  9.364747,40.598,0
                  9.3648,40.598006,0
                  9.364852,40.598015,0
                  9.364901,40.598026,0
                  9.364949,40.598039,0
                  9.364995,40.598056,0
                  9.365039,40.598074,0
                  9.365081,40.598096,0
                  9.365122,40.598119,0
                  9.36516,40.598145,0
                  9.365196,40.598173,0
                  9.365229,40.598203,0
                  9.365259,40.598235,0
                  9.365286,40.598269,0
                  9.365311,40.598305,0
                  9.365333,40.598343,0
                  9.365352,40.598383,0
                  9.365369,40.598424,0
                  9.365382,40.598468,0
                  9.365688,40.599556,0
                </coordinates>
              </LinearRing>
            </outerBoundaryIs>
          </Polygon>
          <Polygon>
            <outerBoundaryIs>
              <LinearRing>
                <tessellate>1</tessellate>
                <coordinates>
                  9.370876,40.598805,0
                  9.370885,40.59884,0
                  9.370889,40.598873,0
                  9.370891,40.598906,0
                  9.370889,40.598937,0
                  9.370884,40.598966,0
                  9.370876,40.598995,0
                  9.370864,40.599022,0
                  9.370848,40.599047,0
                  9.37083,40.599072,0
                  9.370808,40.599095,0
                  9.370783,40.599116,0
                  9.370756,40.599135,0
                  9.370726,40.599152,0
                  9.370694,40.599166,0
                  9.370659,40.599179,0
                  9.370623,40.599189,0
                  9.370583,40.599196,0
                  9.370542,40.599202,0
                  9.370498,40.599205,0
                  9.370451,40.599206,0
                  9.370327,40.599206,0
                  9.370283,40.599205,0
                  9.370238,40.599202,0
                  9.370195,40.599196,0
                  9.370153,40.599188,0
                  9.370111,40.599178,0
                  9.37007,40.599165,0
                  9.370029,40.59915,0
                  9.36999,40.599132,0
                  9.369951,40.599113,0
                  9.369913,40.599091,0
                  9.369877,40.599067,0
                  9.369843,40.599042,0
                  9.369813,40.599016,0
                  9.369785,40.598989,0
                  9.36976,40.598961,0
                  9.369738,40.598932,0
                  9.369719,40.598902,0
                  9.369702,40.598871,0
                  9.369688,40.598838,0
                  9.369677,40.598805,0
                  9.369347,40.597623,0
                  9.369787,40.597623,0
                  9.369892,40.598,0
                  9.369899,40.597999,0
                  9.369907,40.597998,0
                  9.369917,40.597997,0
                  9.369929,40.597996,0
                  9.369942,40.597996,0
                  9.369956,40.597995,0
                  9.369972,40.597995,0
                  9.369989,40.597995,0
                  9.370007,40.597995,0
                  9.370027,40.597995,0
                  9.37013,40.597995,0
                  9.370177,40.597996,0
                  9.370222,40.597999,0
                  9.370266,40.598005,0
                  9.370309,40.598013,0
                  9.370351,40.598024,0
                  9.370392,40.598037,0
                  9.370431,40.598052,0
                  9.37047,40.598069,0
                  9.370507,40.598089,0
                  9.370543,40.598111,0
                  9.370576,40.598134,0
                  9.370606,40.598159,0
                  9.370634,40.598184,0
                  9.37066,40.598211,0
                  9.370683,40.598239,0
                  9.370703,40.598268,0
                  9.370722,40.598298,0
                  9.370737,40.598329,0
                  9.370751,40.598362,0
                  9.370762,40.598396,0
                  9.370876,40.598805,0
                </coordinates>
              </LinearRing>
            </outerBoundaryIs>
            <innerBoundaryIs>
              <LinearRing>
                <tessellate>1</tessellate>
                <coordinates>
                  9.370445,40.598833,0
                  9.370447,40.598841,0
                  9.370447,40.59885,0
                  9.370447,40.598858,0
                  9.370445,40.598866,0
                  9.370443,40.598874,0
                  9.37044,40.598881,0
                  9.370436,40.598889,0
                  9.370431,40.598896,0
                  9.370425,40.598903,0
                  9.370418,40.598909,0
                  9.370411,40.598915,0
                  9.370404,40.59892,0
                  9.370396,40.598924,0
                  9.370387,40.598928,0
                  9.370378,40.598931,0
                  9.370368,40.598934,0
                  9.370358,40.598935,0
                  9.370348,40.598936,0
                  9.370337,40.598937,0
                  9.370291,40.598937,0
                  9.370279,40.598936,0
                  9.370268,40.598935,0
                  9.370257,40.598934,0
                  9.370247,40.598931,0
                  9.370236,40.598928,0
                  9.370225,40.598924,0
                  9.370215,40.59892,0
                  9.370205,40.598915,0
                  9.370195,40.598909,0
                  9.370185,40.598903,0
                  9.370175,40.598896,0
                  9.370166,40.598889,0
                  9.370158,40.598881,0
                  9.370151,40.598874,0
                  9.370144,40.598866,0
                  9.370139,40.598858,0
                  9.370133,40.59885,0
                  9.370129,40.598841,0
                  9.370125,40.598833,0
                  9.370122,40.598824,0
                  9.369968,40.598271,0
                  9.369971,40.59827,0
                  9.369977,40.598269,0
                  9.369985,40.598268,0
                  9.369995,40.598267,0
                  9.370007,40.598267,0
                  9.370022,40.598266,0
                  9.370038,40.598266,0
                  9.370058,40.598266,0
                  9.370079,40.598265,0
                  9.370102,40.598265,0
                  9.370149,40.598265,0
                  9.370161,40.598266,0
                  9.370174,40.598267,0
                  9.370186,40.598268,0
                  9.370198,40.598271,0
                  9.370209,40.598274,0
                  9.37022,40.598278,0
                  9.370231,40.598282,0
                  9.370242,40.598287,0
                  9.370252,40.598293,0
                  9.370262,40.598299,0
                  9.37027,40.598306,0
                  9.370278,40.598312,0
                  9.370285,40.598319,0
                  9.370292,40.598326,0
                  9.370298,40.598334,0
                  9.370303,40.598341,0
                  9.370308,40.598349,0
                  9.370312,40.598358,0
                  9.370315,40.598366,0
                  9.370318,40.598375,0
                  9.370443,40.598824,0
                  9.370445,40.598833,0
                </coordinates>
              </LinearRing>
            </innerBoundaryIs>
          </Polygon>
          <Polygon>
            <outerBoundaryIs>
              <LinearRing>
                <tessellate>1</tessellate>
                <coordinates>
                  9.367127,40.599162,0
                  9.366689,40.599162,0
                  9.366471,40.598381,0
                  9.366468,40.598373,0
                  9.366464,40.598364,0
                  9.36646,40.598356,0
                  9.366455,40.598348,0
                  9.366449,40.59834,0
                  9.366442,40.598333,0
                  9.366435,40.598325,0
                  9.366427,40.598318,0
                  9.366418,40.598311,0
                  9.366408,40.598304,0
                  9.366398,40.598297,0
                  9.366388,40.598291,0
                  9.366377,40.598286,0
                  9.366367,40.598282,0
                  9.366356,40.598278,0
                  9.366345,40.598275,0
                  9.366334,40.598272,0
                  9.366323,40.598271,0
                  9.366312,40.59827,0
                  9.366301,40.598269,0
                  9.366255,40.598269,0
                  9.366244,40.59827,0
                  9.366233,40.598271,0
                  9.366223,40.598272,0
                  9.366214,40.598275,0
                  9.366205,40.598278,0
                  9.366196,40.598282,0
                  9.366188,40.598286,0
                  9.366181,40.598291,0
                  9.366174,40.598297,0
                  9.366168,40.598303,0
                  9.366162,40.59831,0
                  9.366158,40.598317,0
                  9.366154,40.598325,0
                  9.36615,40.598332,0
                  9.366148,40.59834,0
                  9.366147,40.598348,0
                  9.366146,40.598356,0
                  9.366146,40.598364,0
                  9.366148,40.598373,0
                  9.36615,40.598381,0
                  9.366368,40.599162,0
                  9.365928,40.599162,0
                  9.365714,40.598396,0
                  9.365706,40.598363,0
                  9.365702,40.598331,0
                  9.365701,40.5983,0
                  9.365704,40.598269,0
                  9.36571,40.59824,0
                  9.365719,40.598212,0
                  9.365732,40.598185,0
                  9.365748,40.59816,0
                  9.365768,40.598135,0
                  9.365791,40.598111,0
                  9.365817,40.598089,0
                  9.365845,40.598069,0
                  9.365875,40.598052,0
                  9.365906,40.598036,0
                  9.36594,40.598024,0
                  9.365976,40.598013,0
                  9.366014,40.598005,0
                  9.366053,40.597999,0
                  9.366095,40.597996,0
                  9.366139,40.597995,0
                  9.366263,40.597995,0
                  9.366307,40.597996,0
                  9.366351,40.597999,0
                  9.366394,40.598005,0
                  9.366437,40.598013,0
                  9.366479,40.598024,0
                  9.36652,40.598036,0
                  9.36656,40.598052,0
                  9.3666,40.598069,0
                  9.366638,40.598089,0
                  9.366677,40.598111,0
                  9.366713,40.598135,0
                  9.366746,40.59816,0
                  9.366777,40.598185,0
                  9.366805,40.598212,0
                  9.36683,40.59824,0
                  9.366852,40.598269,0
                  9.366872,40.5983,0
                  9.366888,40.598331,0
                  9.366902,40.598363,0
                  9.366913,40.598396,0
                  9.367127,40.599162,0
                </coordinates>
              </LinearRing>
            </outerBoundaryIs>
          </Polygon>
        </MultiGeometry>
      </Placemark>
      <Placemark>
        <name>Buddusò</name>
        <styleUrl>#poly-F9F9F9-1200-255-nodesc</styleUrl>
        <MultiGeometry>
          <Polygon>
            <outerBoundaryIs>
              <LinearRing>
                <tessellate>1</tessellate>
                <coordinates>
                  9.335904,40.566693,0
                  9.335914,40.566741,0
                  9.335915,40.566828,0
                  9.335889,40.566904,0
                  9.335836,40.566969,0
                  9.335757,40.567022,0
                  9.335708,40.567045,0
                  9.335696,40.56705,0
                  9.335687,40.567056,0
                  9.335681,40.567063,0
                  9.335679,40.567071,0
                  9.33568,40.56708,0
                  9.335681,40.567084,0
                  9.335686,40.567091,0
                  9.335693,40.567098,0
                  9.335703,40.567105,0
                  9.335716,40.567111,0
                  9.335723,40.567114,0
                  9.33583,40.56716,0
                  9.335918,40.567215,0
                  9.335987,40.567279,0
                  9.336039,40.567352,0
                  9.336072,40.567433,0
                  9.33608,40.567466,0
                  9.336085,40.567525,0
                  9.336077,40.567579,0
                  9.336055,40.567626,0
                  9.336021,40.567668,0
                  9.335998,40.567686,0
                  9.335941,40.56772,0
                  9.335871,40.567746,0
                  9.335788,40.567764,0
                  9.335691,40.567776,0
                  9.335581,40.567779,0
                  9.334926,40.567776,0
                  9.334477,40.566646,0
                  9.33447,40.566568,0
                  9.334479,40.566497,0
                  9.334505,40.566432,0
                  9.334547,40.566373,0
                  9.334575,40.566346,0
                  9.334638,40.566299,0
                  9.334713,40.566263,0
                  9.334798,40.566238,0
                  9.334895,40.566222,0
                  9.335002,40.566217,0
                  9.335077,40.566217,0
                  9.335188,40.566222,0
                  9.335295,40.566236,0
                  9.335397,40.56626,0
                  9.335496,40.566294,0
                  9.335591,40.566337,0
                  9.335639,40.566363,0
                  9.335723,40.566421,0
                  9.335792,40.566485,0
                  9.335846,40.566555,0
                  9.335884,40.566631,0
                  9.335904,40.566693,0
                </coordinates>
              </LinearRing>
            </outerBoundaryIs>
            <innerBoundaryIs>
              <LinearRing>
                <tessellate>1</tessellate>
                <coordinates>
                  9.3351941,40.5671407,0
                  9.335164,40.56712,0
                  9.335139,40.567091,0
                  9.335125,40.567059,0
                  9.335122,40.567044,0
                  9.335125,40.5670162,0
                  9.3351941,40.5671407,0
                </coordinates>
              </LinearRing>
            </innerBoundaryIs>
            <innerBoundaryIs>
              <LinearRing>
                <tessellate>1</tessellate>
                <coordinates>
                  9.335199,40.567144,0
                  9.335244,40.567164,0
                  9.3353,40.56718,0
                  9.335352,40.567192,0
                  9.335441,40.567221,0
                  9.335511,40.567254,0
                  9.335562,40.567292,0
                  9.335595,40.567334,0
                  9.335604,40.567357,0
                  9.335609,40.567384,0
                  9.335609,40.567406,0
                  9.335604,40.567426,0
                  9.335594,40.567443,0
                  9.335579,40.567456,0
                  9.335568,40.567463,0
                  9.335541,40.567473,0
                  9.335506,40.56748,0
                  9.335464,40.567486,0
                  9.335414,40.567488,0
                  9.335387,40.567488,0
                  9.3351941,40.5671407,0
                  9.335199,40.567144,0
                </coordinates>
              </LinearRing>
            </innerBoundaryIs>
            <innerBoundaryIs>
              <LinearRing>
                <tessellate>1</tessellate>
                <coordinates>
                  9.335453,40.566762,0
                  9.335432,40.566808,0
                  9.335388,40.566852,0
                  9.335321,40.566894,0
                  9.335231,40.566934,0
                  9.335207,40.566944,0
                  9.335168,40.566966,0
                  9.335141,40.56699,0
                  9.335125,40.567016,0
                  9.33495,40.566701,0
                  9.334944,40.566671,0
                  9.334943,40.566643,0
                  9.334949,40.566618,0
                  9.33496,40.566594,0
                  9.334977,40.566572,0
                  9.334999,40.566554,0
                  9.335025,40.566539,0
                  9.335056,40.566529,0
                  9.335091,40.566523,0
                  9.33513,40.566521,0
                  9.335167,40.566521,0
                  9.335206,40.566523,0
                  9.335244,40.566529,0
                  9.335281,40.566539,0
                  9.335315,40.566553,0
                  9.335348,40.566571,0
                  9.335363,40.566581,0
                  9.335388,40.566601,0
                  9.335409,40.566624,0
                  9.335426,40.566647,0
                  9.335438,40.566673,0
                  9.335442,40.566686,0
                  9.335451,40.566715,0
                  9.335453,40.566762,0
                </coordinates>
              </LinearRing>
            </innerBoundaryIs>
          </Polygon>
          <Polygon>
            <outerBoundaryIs>
              <LinearRing>
                <tessellate>1</tessellate>
                <coordinates>
                  9.339268,40.567779,0
                  9.33883,40.567779,0
                  9.338732,40.567425,0
                  9.338724,40.567426,0
                  9.338716,40.567427,0
                  9.338706,40.567428,0
                  9.338694,40.567428,0
                  9.338682,40.567428,0
                  9.338667,40.567429,0
                  9.338651,40.567429,0
                  9.338634,40.567429,0
                  9.338615,40.567429,0
                  9.338595,40.567429,0
                  9.338474,40.567429,0
                  9.338428,40.567428,0
                  9.338383,40.567425,0
                  9.33834,40.567419,0
                  9.338298,40.567411,0
                  9.338257,40.5674,0
                  9.338218,40.567388,0
                  9.338179,40.567373,0
                  9.338142,40.567355,0
                  9.338106,40.567336,0
                  9.338071,40.567314,0
                  9.338039,40.567291,0
                  9.33801,40.567267,0
                  9.337983,40.567241,0
                  9.337959,40.567215,0
                  9.337936,40.567187,0
                  9.337916,40.567157,0
                  9.337899,40.567127,0
                  9.337883,40.567095,0
                  9.33787,40.567062,0
                  9.337859,40.567028,0
                  9.337745,40.566619,0
                  9.337736,40.566584,0
                  9.337731,40.56655,0
                  9.33773,40.566518,0
                  9.337732,40.566487,0
                  9.337737,40.566457,0
                  9.337745,40.566429,0
                  9.337757,40.566402,0
                  9.337772,40.566376,0
                  9.337791,40.566352,0
                  9.337813,40.566329,0
                  9.337838,40.566308,0
                  9.337865,40.566289,0
                  9.337895,40.566272,0
                  9.337927,40.566257,0
                  9.337961,40.566245,0
                  9.337998,40.566235,0
                  9.338038,40.566227,0
                  9.338079,40.566221,0
                  9.338123,40.566218,0
                  9.33817,40.566217,0
                  9.338293,40.566217,0
                  9.338338,40.566218,0
                  9.338383,40.566222,0
                  9.338426,40.566227,0
                  9.338469,40.566236,0
                  9.338511,40.566246,0
                  9.338552,40.566259,0
                  9.338592,40.566274,0
                  9.338632,40.566291,0
                  9.338671,40.566311,0
                  9.338709,40.566333,0
                  9.338745,40.566357,0
                  9.338778,40.566382,0
                  9.338808,40.566408,0
                  9.338836,40.566435,0
                  9.338861,40.566463,0
                  9.338883,40.566492,0
                  9.338902,40.566522,0
                  9.338919,40.566553,0
                  9.338933,40.566586,0
                  9.338943,40.566619,0
                  9.339268,40.567779,0
                </coordinates>
              </LinearRing>
            </outerBoundaryIs>
            <innerBoundaryIs>
              <LinearRing>
                <tessellate>1</tessellate>
                <coordinates>
                  9.338651,40.567154,0
                  9.338646,40.567155,0
                  9.338637,40.567156,0
                  9.338627,40.567157,0
                  9.338614,40.567158,0
                  9.3386,40.567158,0
                  9.338583,40.567159,0
                  9.338563,40.567159,0
                  9.338542,40.56716,0
                  9.338518,40.56716,0
                  9.338478,40.56716,0
                  9.33845,40.567158,0
                  9.338425,40.567155,0
                  9.338402,40.567149,0
                  9.338381,40.56714,0
                  9.338362,40.567129,0
                  9.338346,40.567116,0
                  9.338331,40.5671,0
                  9.338319,40.567082,0
                  9.338309,40.567062,0
                  9.338301,40.567039,0
                  9.338179,40.566598,0
                  9.338177,40.566589,0
                  9.338175,40.566581,0
                  9.338175,40.566572,0
                  9.338175,40.566564,0
                  9.338177,40.566557,0
                  9.338179,40.566549,0
                  9.338182,40.566542,0
                  9.338186,40.566534,0
                  9.338191,40.566528,0
                  9.338197,40.566521,0
                  9.338203,40.566515,0
                  9.33821,40.566509,0
                  9.338217,40.566504,0
                  9.338225,40.5665,0
                  9.338234,40.566496,0
                  9.338243,40.566493,0
                  9.338252,40.566491,0
                  9.338263,40.566489,0
                  9.338273,40.566488,0
                  9.338284,40.566488,0
                  9.33833,40.566488,0
                  9.338341,40.566488,0
                  9.338353,40.566489,0
                  9.338364,40.566491,0
                  9.338375,40.566493,0
                  9.338385,40.566496,0
                  9.338396,40.5665,0
                  9.338407,40.566504,0
                  9.338417,40.566509,0
                  9.338427,40.566515,0
                  9.338437,40.566521,0
                  9.338447,40.566528,0
                  9.338456,40.566535,0
                  9.338464,40.566542,0
                  9.338472,40.56655,0
                  9.338478,40.566557,0
                  9.338484,40.566565,0
                  9.338489,40.566573,0
                  9.338494,40.566581,0
                  9.338497,40.566589,0
                  9.3385,40.566598,0
                  9.338655,40.567153,0
                  9.338651,40.567154,0
                </coordinates>
              </LinearRing>
            </innerBoundaryIs>
          </Polygon>
          <Polygon>
            <outerBoundaryIs>
              <LinearRing>
                <tessellate>1</tessellate>
                <coordinates>
                  9.340832,40.567779,0
                  9.340394,40.567779,0
                  9.340295,40.567425,0
                  9.340288,40.567426,0
                  9.340279,40.567427,0
                  9.340269,40.567428,0
                  9.340258,40.567428,0
                  9.340245,40.567428,0
                  9.34023,40.567429,0
                  9.340215,40.567429,0
                  9.340197,40.567429,0
                  9.340178,40.567429,0
                  9.340158,40.567429,0
                  9.340037,40.567429,0
                  9.339991,40.567428,0
                  9.339947,40.567425,0
                  9.339903,40.567419,0
                  9.339861,40.567411,0
                  9.33982,40.5674,0
                  9.339781,40.567388,0
                  9.339742,40.567373,0
                  9.339705,40.567355,0
                  9.339669,40.567336,0
                  9.339634,40.567314,0
                  9.339603,40.567291,0
                  9.339574,40.567267,0
                  9.339547,40.567241,0
                  9.339522,40.567215,0
                  9.3395,40.567187,0
                  9.33948,40.567157,0
                  9.339462,40.567127,0
                  9.339446,40.567095,0
                  9.339433,40.567062,0
                  9.339422,40.567028,0
                  9.339308,40.566619,0
                  9.3393,40.566584,0
                  9.339295,40.56655,0
                  9.339293,40.566518,0
                  9.339295,40.566487,0
                  9.3393,40.566457,0
                  9.339309,40.566429,0
                  9.33932,40.566402,0
                  9.339336,40.566376,0
                  9.339354,40.566352,0
                  9.339376,40.566329,0
                  9.339401,40.566308,0
                  9.339428,40.566289,0
                  9.339458,40.566272,0
                  9.33949,40.566257,0
                  9.339525,40.566245,0
                  9.339562,40.566235,0
                  9.339601,40.566227,0
                  9.339642,40.566221,0
                  9.339686,40.566218,0
                  9.339733,40.566217,0
                  9.339857,40.566217,0
                  9.339902,40.566218,0
                  9.339946,40.566222,0
                  9.33999,40.566227,0
                  9.340032,40.566236,0
                  9.340074,40.566246,0
                  9.340115,40.566259,0
                  9.340156,40.566274,0
                  9.340195,40.566291,0
                  9.340234,40.566311,0
                  9.340272,40.566333,0
                  9.340308,40.566357,0
                  9.340341,40.566382,0
                  9.340372,40.566408,0
                  9.340399,40.566435,0
                  9.340424,40.566463,0
                  9.340446,40.566492,0
                  9.340466,40.566522,0
                  9.340482,40.566553,0
                  9.340496,40.566586,0
                  9.340507,40.566619,0
                  9.340832,40.567779,0
                </coordinates>
              </LinearRing>
            </outerBoundaryIs>
            <innerBoundaryIs>
              <LinearRing>
                <tessellate>1</tessellate>
                <coordinates>
                  9.340215,40.567154,0
                  9.340209,40.567155,0
                  9.340201,40.567156,0
                  9.34019,40.567157,0
                  9.340178,40.567158,0
                  9.340163,40.567158,0
                  9.340146,40.567159,0
                  9.340127,40.567159,0
                  9.340105,40.56716,0
                  9.340082,40.56716,0
                  9.340041,40.56716,0
                  9.340014,40.567158,0
                  9.339988,40.567155,0
                  9.339965,40.567149,0
                  9.339944,40.56714,0
                  9.339926,40.567129,0
                  9.339909,40.567116,0
                  9.339895,40.5671,0
                  9.339883,40.567082,0
                  9.339872,40.567062,0
                  9.339865,40.567039,0
                  9.339742,40.566598,0
                  9.33974,40.566589,0
                  9.339739,40.566581,0
                  9.339738,40.566572,0
                  9.339739,40.566564,0
                  9.33974,40.566557,0
                  9.339742,40.566549,0
                  9.339745,40.566542,0
                  9.339749,40.566534,0
                  9.339754,40.566528,0
                  9.33976,40.566521,0
                  9.339766,40.566515,0
                  9.339773,40.566509,0
                  9.339781,40.566504,0
                  9.339789,40.5665,0
                  9.339797,40.566496,0
                  9.339806,40.566493,0
                  9.339816,40.566491,0
                  9.339826,40.566489,0
                  9.339836,40.566488,0
                  9.339847,40.566488,0
                  9.339893,40.566488,0
                  9.339905,40.566488,0
                  9.339916,40.566489,0
                  9.339927,40.566491,0
                  9.339938,40.566493,0
                  9.339949,40.566496,0
                  9.339959,40.5665,0
                  9.33997,40.566504,0
                  9.33998,40.566509,0
                  9.339991,40.566515,0
                  9.340001,40.566521,0
                  9.34001,40.566528,0
                  9.340019,40.566535,0
                  9.340028,40.566542,0
                  9.340035,40.56655,0
                  9.340042,40.566557,0
                  9.340048,40.566565,0
                  9.340053,40.566573,0
                  9.340057,40.566581,0
                  9.34006,40.566589,0
                  9.340063,40.566598,0
                  9.340219,40.567153,0
                  9.340215,40.567154,0
                </coordinates>
              </LinearRing>
            </innerBoundaryIs>
          </Polygon>
          <Polygon>
            <outerBoundaryIs>
              <LinearRing>
                <tessellate>1</tessellate>
                <coordinates>
                  9.342284,40.567384,0
                  9.341846,40.567384,0
                  9.341628,40.566604,0
                  9.341625,40.566595,0
                  9.341622,40.566587,0
                  9.341617,40.566579,0
                  9.341612,40.566571,0
                  9.341606,40.566563,0
                  9.3416,40.566555,0
                  9.341592,40.566548,0
                  9.341584,40.56654,0
                  9.341575,40.566533,0
                  9.341565,40.566526,0
                  9.341555,40.56652,0
                  9.341545,40.566514,0
                  9.341534,40.566509,0
                  9.341524,40.566504,0
                  9.341513,40.5665,0
                  9.341502,40.566497,0
                  9.341491,40.566495,0
                  9.34148,40.566493,0
                  9.341469,40.566492,0
                  9.341458,40.566492,0
                  9.341412,40.566492,0
                  9.341401,40.566492,0
                  9.34139,40.566493,0
                  9.34138,40.566495,0
                  9.341371,40.566497,0
                  9.341362,40.5665,0
                  9.341354,40.566504,0
                  9.341346,40.566508,0
                  9.341338,40.566514,0
                  9.341331,40.566519,0
                  9.341325,40.566526,0
                  9.34132,40.566533,0
                  9.341315,40.56654,0
                  9.341311,40.566547,0
                  9.341308,40.566555,0
                  9.341305,40.566562,0
                  9.341304,40.56657,0
                  9.341303,40.566578,0
                  9.341304,40.566587,0
                  9.341305,40.566595,0
                  9.341307,40.566604,0
                  9.341525,40.567384,0
                  9.341086,40.567384,0
                  9.340871,40.566619,0
                  9.340863,40.566586,0
                  9.340859,40.566553,0
                  9.340858,40.566522,0
                  9.340861,40.566492,0
                  9.340867,40.566463,0
                  9.340876,40.566435,0
                  9.340889,40.566408,0
                  9.340905,40.566382,0
                  9.340925,40.566357,0
                  9.340948,40.566333,0
                  9.340974,40.566311,0
                  9.341002,40.566291,0
                  9.341032,40.566274,0
                  9.341064,40.566259,0
                  9.341097,40.566246,0
                  9.341133,40.566236,0
                  9.341171,40.566227,0
                  9.341211,40.566222,0
                  9.341252,40.566218,0
                  9.341296,40.566217,0
                  9.34142,40.566217,0
                  9.341465,40.566218,0
                  9.341508,40.566222,0
                  9.341552,40.566227,0
                  9.341594,40.566236,0
                  9.341636,40.566246,0
                  9.341677,40.566259,0
                  9.341717,40.566274,0
                  9.341757,40.566291,0
                  9.341796,40.566311,0
                  9.341834,40.566333,0
                  9.34187,40.566357,0
                  9.341904,40.566382,0
                  9.341934,40.566408,0
                  9.341962,40.566435,0
                  9.341987,40.566463,0
                  9.342009,40.566492,0
                  9.342029,40.566522,0
                  9.342045,40.566553,0
                  9.342059,40.566586,0
                  9.34207,40.566619,0
                  9.342284,40.567384,0
                </coordinates>
              </LinearRing>
            </outerBoundaryIs>
          </Polygon>
          <Polygon>
            <outerBoundaryIs>
              <LinearRing>
                <tessellate>1</tessellate>
                <coordinates>
                  9.337608,40.567384,0
                  9.33717,40.567384,0
                  9.336951,40.566604,0
                  9.336948,40.566595,0
                  9.336945,40.566587,0
                  9.336941,40.566579,0
                  9.336935,40.566571,0
                  9.33693,40.566563,0
                  9.336923,40.566555,0
                  9.336916,40.566548,0
                  9.336907,40.56654,0
                  9.336898,40.566533,0
                  9.336889,40.566526,0
                  9.336878,40.56652,0
                  9.336868,40.566514,0
                  9.336858,40.566509,0
                  9.336847,40.566504,0
                  9.336836,40.5665,0
                  9.336826,40.566497,0
                  9.336815,40.566495,0
                  9.336804,40.566493,0
                  9.336793,40.566492,0
                  9.336781,40.566492,0
                  9.336735,40.566492,0
                  9.336724,40.566492,0
                  9.336714,40.566493,0
                  9.336704,40.566495,0
                  9.336694,40.566497,0
                  9.336685,40.5665,0
                  9.336677,40.566504,0
                  9.336669,40.566508,0
                  9.336662,40.566514,0
                  9.336655,40.566519,0
                  9.336648,40.566526,0
                  9.336643,40.566533,0
                  9.336638,40.56654,0
                  9.336634,40.566547,0
                  9.336631,40.566555,0
                  9.336629,40.566562,0
                  9.336627,40.56657,0
                  9.336627,40.566578,0
                  9.336627,40.566587,0
                  9.336628,40.566595,0
                  9.33663,40.566604,0
                  9.336849,40.567384,0
                  9.336409,40.567384,0
                  9.336195,40.566619,0
                  9.336187,40.566586,0
                  9.336182,40.566553,0
                  9.336182,40.566522,0
                  9.336184,40.566492,0
                  9.33619,40.566463,0
                  9.336199,40.566435,0
                  9.336212,40.566408,0
                  9.336229,40.566382,0
                  9.336248,40.566357,0
                  9.336271,40.566333,0
                  9.336297,40.566311,0
                  9.336325,40.566291,0
                  9.336355,40.566274,0
                  9.336387,40.566259,0
                  9.336421,40.566246,0
                  9.336456,40.566236,0
                  9.336494,40.566227,0
                  9.336534,40.566222,0
                  9.336576,40.566218,0
                  9.33662,40.566217,0
                  9.336743,40.566217,0
                  9.336788,40.566218,0
                  9.336832,40.566222,0
                  9.336875,40.566227,0
                  9.336917,40.566236,0
                  9.336959,40.566246,0
                  9.337,40.566259,0
                  9.337041,40.566274,0
                  9.33708,40.566291,0
                  9.337119,40.566311,0
                  9.337157,40.566333,0
                  9.337193,40.566357,0
                  9.337227,40.566382,0
                  9.337258,40.566408,0
                  9.337286,40.566435,0
                  9.337311,40.566463,0
                  9.337333,40.566492,0
                  9.337352,40.566522,0
                  9.337369,40.566553,0
                  9.337382,40.566586,0
                  9.337393,40.566619,0
                  9.337608,40.567384,0
                </coordinates>
              </LinearRing>
            </outerBoundaryIs>
          </Polygon>
          <Polygon>
            <outerBoundaryIs>
              <LinearRing>
                <tessellate>1</tessellate>
                <coordinates>
                  9.343516,40.566629,0
                  9.343526,40.56668,0
                  9.343524,40.566727,0
                  9.343512,40.566771,0
                  9.343489,40.56681,0
                  9.343454,40.566845,0
                  9.343409,40.566877,0
                  9.343353,40.566904,0
                  9.343286,40.566928,0
                  9.343208,40.566947,0
                  9.343119,40.566963,0
                  9.343071,40.56697,0
                  9.343029,40.566978,0
                  9.342992,40.566987,0
                  9.342961,40.566997,0
                  9.342935,40.567008,0
                  9.342915,40.567019,0
                  9.3429,40.567031,0
                  9.34289,40.567043,0
                  9.342886,40.567057,0
                  9.342887,40.567071,0
                  9.342891,40.567086,0
                  9.342893,40.567092,0
                  9.342896,40.567098,0
                  9.3429,40.567105,0
                  9.342904,40.567111,0
                  9.342909,40.567116,0
                  9.342914,40.567122,0
                  9.34292,40.567128,0
                  9.342927,40.567133,0
                  9.342934,40.567138,0
                  9.342942,40.567143,0
                  9.342951,40.567148,0
                  9.34296,40.567152,0
                  9.342969,40.567156,0
                  9.342979,40.567159,0
                  9.342989,40.567161,0
                  9.342999,40.567164,0
                  9.34301,40.567165,0
                  9.343021,40.567167,0
                  9.343032,40.567167,0
                  9.343044,40.567168,0
                  9.343179,40.567168,0
                  9.343217,40.567167,0
                  9.343253,40.567166,0
                  9.343287,40.567163,0
                  9.34332,40.56716,0
                  9.34335,40.567155,0
                  9.343379,40.56715,0
                  9.343406,40.567144,0
                  9.343431,40.567136,0
                  9.343455,40.567128,0
                  9.343477,40.567119,0
                  9.343662,40.567363,0
                  9.343632,40.567376,0
                  9.343599,40.567387,0
                  9.343564,40.567397,0
                  9.343527,40.567406,0
                  9.343488,40.567413,0
                  9.343447,40.567419,0
                  9.343403,40.567424,0
                  9.343357,40.567427,0
                  9.343309,40.567429,0
                  9.343258,40.567429,0
                  9.343102,40.567429,0
                  9.343058,40.567429,0
                  9.343016,40.567426,0
                  9.342974,40.567421,0
                  9.342933,40.567414,0
                  9.342892,40.567406,0
                  9.342853,40.567395,0
                  9.342814,40.567383,0
                  9.342776,40.567369,0
                  9.342738,40.567353,0
                  9.342702,40.567335,0
                  9.342665,40.567314,0
                  9.342632,40.567293,0
                  9.342602,40.56727,0
                  9.342574,40.567247,0
                  9.34255,40.567222,0
                  9.342528,40.567197,0
                  9.34251,40.56717,0
                  9.342494,40.567142,0
                  9.342481,40.567113,0
                  9.342471,40.567084,0
                  9.342465,40.567061,0
                  9.342455,40.567008,0
                  9.342455,40.566959,0
                  9.342466,40.566915,0
                  9.342487,40.566874,0
                  9.342519,40.566838,0
                  9.342561,40.566806,0
                  9.342614,40.566778,0
                  9.342677,40.566754,0
                  9.342751,40.566734,0
                  9.342834,40.566719,0
                  9.342868,40.566713,0
                  9.342899,40.566708,0
                  9.342927,40.566703,0
                  9.342953,40.566697,0
                  9.342977,40.566691,0
                  9.342999,40.566685,0
                  9.343018,40.566679,0
                  9.343035,40.566673,0
                  9.343049,40.566666,0
                  9.343061,40.56666,0
                  9.343068,40.566655,0
                  9.343074,40.56665,0
                  9.343079,40.566645,0
                  9.343083,40.566639,0
                  9.343086,40.566633,0
                  9.343088,40.566626,0
                  9.343089,40.56662,0
                  9.343089,40.566613,0
                  9.343089,40.566605,0
                  9.343087,40.566598,0
                  9.343083,40.566586,0
                  9.343078,40.56657,0
                  9.34307,40.566556,0
                  9.343059,40.566544,0
                  9.343047,40.566533,0
                  9.343032,40.566524,0
                  9.343015,40.566517,0
                  9.342996,40.566511,0
                  9.342974,40.566507,0
                  9.34295,40.566505,0
                  9.342924,40.566504,0
                  9.342352,40.566504,0
                  9.342278,40.566242,0
                  9.342892,40.566242,0
                  9.342937,40.566243,0
                  9.34298,40.566245,0
                  9.343023,40.56625,0
                  9.343063,40.566256,0
                  9.343103,40.566264,0
                  9.343141,40.566273,0
                  9.343178,40.566285,0
                  9.343214,40.566298,0
                  9.343249,40.566312,0
                  9.343282,40.566329,0
                  9.343316,40.566348,0
                  9.343347,40.566369,0
                  9.343376,40.566391,0
                  9.343402,40.566415,0
                  9.343426,40.56644,0
                  9.343447,40.566467,0
                  9.343466,40.566495,0
                  9.343481,40.566524,0
                  9.343495,40.566555,0
                  9.343506,40.566588,0
                  9.343516,40.566629,0
                </coordinates>
              </LinearRing>
            </outerBoundaryIs>
          </Polygon>
          <Polygon>
            <outerBoundaryIs>
              <LinearRing>
                <tessellate>1</tessellate>
                <coordinates>
                  9.345095,40.567028,0
                  9.345103,40.567061,0
                  9.345107,40.567093,0
                  9.345108,40.567124,0
                  9.345106,40.567154,0
                  9.3451,40.567183,0
                  9.34509,40.567211,0
                  9.345078,40.567238,0
                  9.345062,40.567264,0
                  9.345042,40.567289,0
                  9.345019,40.567313,0
                  9.344993,40.567335,0
                  9.344965,40.567355,0
                  9.344936,40.567372,0
                  9.344904,40.567388,0
                  9.34487,40.5674,0
                  9.344834,40.567411,0
                  9.344796,40.567419,0
                  9.344756,40.567425,0
                  9.344714,40.567428,0
                  9.34467,40.567429,0
                  9.344546,40.567429,0
                  9.344502,40.567428,0
                  9.344458,40.567425,0
                  9.344415,40.567419,0
                  9.344373,40.567411,0
                  9.344331,40.5674,0
                  9.34429,40.567388,0
                  9.34425,40.567372,0
                  9.34421,40.567355,0
                  9.344172,40.567335,0
                  9.344133,40.567313,0
                  9.344097,40.567289,0
                  9.344063,40.567264,0
                  9.344032,40.567238,0
                  9.344004,40.567211,0
                  9.343979,40.567183,0
                  9.343957,40.567154,0
                  9.343938,40.567124,0
                  9.343921,40.567093,0
                  9.343907,40.567061,0
                  9.343896,40.567028,0
                  9.343782,40.566619,0
                  9.343774,40.566586,0
                  9.34377,40.566553,0
                  9.343769,40.566522,0
                  9.343772,40.566492,0
                  9.343777,40.566463,0
                  9.343787,40.566435,0
                  9.3438,40.566408,0
                  9.343816,40.566382,0
                  9.343836,40.566357,0
                  9.343859,40.566333,0
                  9.343885,40.566311,0
                  9.343913,40.566291,0
                  9.343942,40.566274,0
                  9.343974,40.566259,0
                  9.344008,40.566246,0
                  9.344044,40.566236,0
                  9.344082,40.566227,0
                  9.344121,40.566222,0
                  9.344163,40.566218,0
                  9.344207,40.566217,0
                  9.344331,40.566217,0
                  9.344375,40.566218,0
                  9.344419,40.566222,0
                  9.344462,40.566227,0
                  9.344505,40.566236,0
                  9.344547,40.566246,0
                  9.344588,40.566259,0
                  9.344628,40.566274,0
                  9.344668,40.566291,0
                  9.344706,40.566311,0
                  9.344745,40.566333,0
                  9.344781,40.566357,0
                  9.344814,40.566382,0
                  9.344845,40.566408,0
                  9.344873,40.566435,0
                  9.344898,40.566463,0
                  9.34492,40.566492,0
                  9.34494,40.566522,0
                  9.344956,40.566553,0
                  9.34497,40.566586,0
                  9.344981,40.566619,0
                  9.345095,40.567028,0
                </coordinates>
              </LinearRing>
            </outerBoundaryIs>
            <innerBoundaryIs>
              <LinearRing>
                <tessellate>1</tessellate>
                <coordinates>
                  9.344664,40.567056,0
                  9.344666,40.567064,0
                  9.344666,40.567073,0
                  9.344666,40.567081,0
                  9.344664,40.567089,0
                  9.344662,40.567097,0
                  9.344659,40.567104,0
                  9.344655,40.567112,0
                  9.34465,40.567119,0
                  9.344644,40.567126,0
                  9.344637,40.567132,0
                  9.34463,40.567138,0
                  9.344623,40.567143,0
                  9.344615,40.567147,0
                  9.344606,40.567151,0
                  9.344597,40.567154,0
                  9.344587,40.567157,0
                  9.344577,40.567158,0
                  9.344567,40.567159,0
                  9.344556,40.56716,0
                  9.34451,40.56716,0
                  9.344498,40.567159,0
                  9.344487,40.567158,0
                  9.344476,40.567157,0
                  9.344466,40.567154,0
                  9.344455,40.567151,0
                  9.344444,40.567147,0
                  9.344434,40.567143,0
                  9.344424,40.567138,0
                  9.344414,40.567132,0
                  9.344404,40.567126,0
                  9.344394,40.567119,0
                  9.344385,40.567112,0
                  9.344377,40.567104,0
                  9.34437,40.567097,0
                  9.344363,40.567089,0
                  9.344358,40.567081,0
                  9.344352,40.567073,0
                  9.344348,40.567064,0
                  9.344344,40.567056,0
                  9.344341,40.567047,0
                  9.344216,40.566598,0
                  9.344214,40.566589,0
                  9.344213,40.566581,0
                  9.344212,40.566572,0
                  9.344213,40.566564,0
                  9.344214,40.566557,0
                  9.344216,40.566549,0
                  9.344219,40.566542,0
                  9.344223,40.566534,0
                  9.344228,40.566528,0
                  9.344234,40.566521,0
                  9.34424,40.566515,0
                  9.344247,40.566509,0
                  9.344255,40.566504,0
                  9.344263,40.5665,0
                  9.344271,40.566496,0
                  9.34428,40.566493,0
                  9.34429,40.566491,0
                  9.3443,40.566489,0
                  9.34431,40.566488,0
                  9.344321,40.566488,0
                  9.344368,40.566488,0
                  9.344379,40.566488,0
                  9.34439,40.566489,0
                  9.344401,40.566491,0
                  9.344412,40.566493,0
                  9.344423,40.566496,0
                  9.344433,40.5665,0
                  9.344444,40.566504,0
                  9.344454,40.566509,0
                  9.344465,40.566515,0
                  9.344475,40.566521,0
                  9.344484,40.566528,0
                  9.344493,40.566535,0
                  9.344502,40.566542,0
                  9.344509,40.56655,0
                  9.344516,40.566557,0
                  9.344522,40.566565,0
                  9.344527,40.566573,0
                  9.344531,40.566581,0
                  9.344534,40.566589,0
                  9.344537,40.566598,0
                  9.344662,40.567047,0
                  9.344664,40.567056,0
                </coordinates>
              </LinearRing>
            </innerBoundaryIs>
          </Polygon>
          <Polygon>
            <outerBoundaryIs>
              <LinearRing>
                <tessellate>1</tessellate>
                <coordinates>
                  9.344823,40.568025,0
                  9.344424,40.56792,0
                  9.344641,40.567558,0
                  9.344956,40.567642,0
                  9.344823,40.568025,0
                </coordinates>
              </LinearRing>
            </outerBoundaryIs>
          </Polygon>
        </MultiGeometry>
      </Placemark>
      <Placemark>
        <name>Arena</name>
        <styleUrl>#poly-F9F9F9-1200-255-nodesc</styleUrl>
        <MultiGeometry>
          <Polygon>
            <outerBoundaryIs>
              <LinearRing>
                <tessellate>1</tessellate>
                <coordinates>
                  9.335843,40.565718,0
                  9.335842,40.565737,0
                  9.335839,40.565756,0
                  9.335834,40.565773,0
                  9.335828,40.565791,0
                  9.335821,40.565807,0
                  9.335812,40.565823,0
                  9.335802,40.565839,0
                  9.33579,40.565854,0
                  9.335776,40.565868,0
                  9.335762,40.565882,0
                  9.335742,40.565897,0
                  9.335721,40.565911,0
                  9.335698,40.565924,0
                  9.335674,40.565934,0
                  9.335648,40.565943,0
                  9.335621,40.565951,0
                  9.335592,40.565956,0
                  9.335562,40.565961,0
                  9.335529,40.565963,0
                  9.335496,40.565964,0
                  9.335464,40.565963,0
                  9.335432,40.565961,0
                  9.335401,40.565956,0
                  9.33537,40.565951,0
                  9.33534,40.565943,0
                  9.33531,40.565934,0
                  9.33528,40.565924,0
                  9.335251,40.565911,0
                  9.335223,40.565897,0
                  9.335194,40.565882,0
                  9.335172,40.565868,0
                  9.33515,40.565854,0
                  9.335129,40.565839,0
                  9.33511,40.565823,0
                  9.335092,40.565807,0
                  9.335075,40.56579,0
                  9.335059,40.565773,0
                  9.335044,40.565755,0
                  9.335031,40.565737,0
                  9.335018,40.565718,0
                  9.334219,40.564399,0
                  9.334664,40.564399,0
                  9.334854,40.564718,0
                  9.335427,40.564718,0
                  9.335434,40.564399,0
                  9.335904,40.564399,0
                  9.335843,40.565718,0
                </coordinates>
              </LinearRing>
            </outerBoundaryIs>
            <innerBoundaryIs>
              <LinearRing>
                <tessellate>1</tessellate>
                <coordinates>
                  9.335419,40.565085,0
                  9.335419,40.565102,0
                  9.335419,40.565123,0
                  9.335418,40.565145,0
                  9.335418,40.565171,0
                  9.335416,40.565199,0
                  9.335415,40.56523,0
                  9.335414,40.565263,0
                  9.335412,40.565299,0
                  9.33541,40.565338,0
                  9.335408,40.56538,0
                  9.335406,40.56541,0
                  9.335404,40.565438,0
                  9.335403,40.565464,0
                  9.335403,40.565489,0
                  9.335403,40.565512,0
                  9.335403,40.565533,0
                  9.335404,40.565553,0
                  9.335405,40.56557,0
                  9.335407,40.565587,0
                  9.335409,40.565601,0
                  9.335409,40.565604,0
                  9.335409,40.565607,0
                  9.335409,40.56561,0
                  9.335408,40.565612,0
                  9.335406,40.565614,0
                  9.335404,40.565615,0
                  9.335402,40.565616,0
                  9.335398,40.565617,0
                  9.335395,40.565618,0
                  9.33539,40.565618,0
                  9.335386,40.565618,0
                  9.335382,40.565617,0
                  9.335378,40.565616,0
                  9.335374,40.565615,0
                  9.335371,40.565614,0
                  9.335368,40.565612,0
                  9.335365,40.56561,0
                  9.335362,40.565607,0
                  9.33536,40.565604,0
                  9.335358,40.565601,0
                  9.33535,40.565585,0
                  9.335338,40.565561,0
                  9.335321,40.565529,0
                  9.335299,40.565489,0
                  9.335273,40.565441,0
                  9.335241,40.565386,0
                  9.335205,40.565322,0
                  9.335163,40.565251,0
                  9.335117,40.565172,0
                  9.335065,40.565085,0
                  9.335019,40.565007,0
                  9.335418,40.565007,0
                  9.335419,40.565085,0
                </coordinates>
              </LinearRing>
            </innerBoundaryIs>
          </Polygon>
          <Polygon>
            <outerBoundaryIs>
              <LinearRing>
                <tessellate>1</tessellate>
                <coordinates>
                  9.340146,40.565185,0
                  9.340154,40.565218,0
                  9.340158,40.565251,0
                  9.340159,40.565282,0
                  9.340157,40.565312,0
                  9.340151,40.565341,0
                  9.340141,40.565369,0
                  9.340129,40.565396,0
                  9.340112,40.565422,0
                  9.340093,40.565447,0
                  9.34007,40.565471,0
                  9.340044,40.565493,0
                  9.340016,40.565512,0
                  9.339986,40.56553,0
                  9.339955,40.565545,0
                  9.339921,40.565558,0
                  9.339885,40.565568,0
                  9.339847,40.565576,0
                  9.339807,40.565582,0
                  9.339765,40.565586,0
                  9.339721,40.565587,0
                  9.339597,40.565587,0
                  9.339553,40.565586,0
                  9.339509,40.565582,0
                  9.339466,40.565576,0
                  9.339424,40.565568,0
                  9.339382,40.565558,0
                  9.339341,40.565545,0
                  9.339301,40.56553,0
                  9.339261,40.565512,0
                  9.339222,40.565493,0
                  9.339184,40.565471,0
                  9.339148,40.565447,0
                  9.339114,40.565422,0
                  9.339083,40.565396,0
                  9.339055,40.565369,0
                  9.33903,40.565341,0
                  9.339008,40.565312,0
                  9.338989,40.565282,0
                  9.338972,40.565251,0
                  9.338958,40.565218,0
                  9.338947,40.565185,0
                  9.338728,40.564399,0
                  9.339167,40.564399,0
                  9.339391,40.5652,0
                  9.339394,40.565209,0
                  9.339398,40.565217,0
                  9.339402,40.565226,0
                  9.339407,40.565234,0
                  9.339413,40.565241,0
                  9.33942,40.565249,0
                  9.339427,40.565256,0
                  9.339435,40.565263,0
                  9.339444,40.56527,0
                  9.339453,40.565277,0
                  9.339463,40.565283,0
                  9.339473,40.565289,0
                  9.339484,40.565294,0
                  9.339494,40.565298,0
                  9.339504,40.565302,0
                  9.339515,40.565305,0
                  9.339526,40.565307,0
                  9.339537,40.565309,0
                  9.339548,40.56531,0
                  9.339559,40.56531,0
                  9.339605,40.56531,0
                  9.339616,40.56531,0
                  9.339627,40.565309,0
                  9.339637,40.565307,0
                  9.339646,40.565305,0
                  9.339655,40.565302,0
                  9.339664,40.565298,0
                  9.339672,40.565294,0
                  9.339679,40.565289,0
                  9.339686,40.565283,0
                  9.339693,40.565277,0
                  9.339699,40.56527,0
                  9.339703,40.565263,0
                  9.339708,40.565256,0
                  9.339711,40.565248,0
                  9.339713,40.565241,0
                  9.339715,40.565233,0
                  9.339715,40.565225,0
                  9.339715,40.565217,0
                  9.339714,40.565209,0
                  9.339712,40.5652,0
                  9.339488,40.564399,0
                  9.339926,40.564399,0
                  9.340146,40.565185,0
                </coordinates>
              </LinearRing>
            </outerBoundaryIs>
          </Polygon>
          <Polygon>
            <outerBoundaryIs>
              <LinearRing>
                <tessellate>1</tessellate>
                <coordinates>
                  9.341646,40.565194,0
                  9.341654,40.565228,0
                  9.34166,40.565261,0
                  9.341662,40.565293,0
                  9.341661,40.565323,0
                  9.341658,40.565352,0
                  9.341651,40.565379,0
                  9.341642,40.565405,0
                  9.341629,40.56543,0
                  9.341613,40.565453,0
                  9.341595,40.565475,0
                  9.341572,40.565496,0
                  9.341547,40.565515,0
                  9.341518,40.565532,0
                  9.341487,40.565547,0
                  9.341452,40.565559,0
                  9.341415,40.565569,0
                  9.341375,40.565577,0
                  9.341333,40.565582,0
                  9.341287,40.565586,0
                  9.341238,40.565587,0
                  9.341076,40.565587,0
                  9.341025,40.565586,0
                  9.340975,40.565584,0
                  9.340927,40.565581,0
                  9.340881,40.565576,0
                  9.340836,40.56557,0
                  9.340792,40.565563,0
                  9.34075,40.565554,0
                  9.34071,40.565543,0
                  9.340671,40.565532,0
                  9.340634,40.565519,0
                  9.340679,40.565282,0
                  9.340708,40.565292,0
                  9.340738,40.5653,0
                  9.340768,40.565308,0
                  9.340799,40.565315,0
                  9.340832,40.56532,0
                  9.340865,40.565325,0
                  9.340899,40.565328,0
                  9.340933,40.565331,0
                  9.340969,40.565333,0
                  9.341005,40.565333,0
                  9.34109,40.565333,0
                  9.341119,40.565332,0
                  9.341145,40.565328,0
                  9.341166,40.565322,0
                  9.341184,40.565313,0
                  9.341198,40.565302,0
                  9.341208,40.565288,0
                  9.341215,40.565272,0
                  9.341217,40.565253,0
                  9.341216,40.565232,0
                  9.341211,40.565208,0
                  9.341191,40.565136,0
                  9.341185,40.565137,0
                  9.341178,40.565138,0
                  9.341169,40.565139,0
                  9.341158,40.56514,0
                  9.341145,40.565141,0
                  9.34113,40.565141,0
                  9.341114,40.565142,0
                  9.341096,40.565142,0
                  9.341076,40.565142,0
                  9.341054,40.565142,0
                  9.340941,40.565142,0
                  9.340891,40.565141,0
                  9.340842,40.565138,0
                  9.340795,40.565132,0
                  9.340751,40.565125,0
                  9.340708,40.565115,0
                  9.340667,40.565103,0
                  9.340627,40.565089,0
                  9.34059,40.565073,0
                  9.340555,40.565055,0
                  9.340521,40.565034,0
                  9.340493,40.565014,0
                  9.340467,40.564993,0
                  9.340443,40.564971,0
                  9.34042,40.564947,0
                  9.3404,40.564922,0
                  9.340382,40.564895,0
                  9.340366,40.564867,0
                  9.340351,40.564838,0
                  9.340339,40.564808,0
                  9.340329,40.564776,0
                  9.34032,40.564738,0
                  9.340314,40.564702,0
                  9.340312,40.564667,0
                  9.340313,40.564634,0
                  9.340318,40.564603,0
                  9.340326,40.564574,0
                  9.340337,40.564547,0
                  9.340353,40.564521,0
                  9.340371,40.564497,0
                  9.340394,40.564475,0
                  9.340418,40.564456,0
                  9.340445,40.564439,0
                  9.340474,40.564424,0
                  9.340506,40.564411,0
                  9.340541,40.5644,0
                  9.340578,40.564391,0
                  9.340618,40.564383,0
                  9.340661,40.564378,0
                  9.340706,40.564375,0
                  9.340754,40.564374,0
                  9.340907,40.564374,0
                  9.340952,40.564375,0
                  9.340995,40.564379,0
                  9.341038,40.564384,0
                  9.34108,40.564391,0
                  9.34112,40.564401,0
                  9.341159,40.564412,0
                  9.341197,40.564426,0
                  9.341234,40.564442,0
                  9.34127,40.564459,0
                  9.341305,40.564479,0
                  9.341338,40.564501,0
                  9.341368,40.564524,0
                  9.341396,40.564548,0
                  9.341421,40.564574,0
                  9.341444,40.5646,0
                  9.341465,40.564628,0
                  9.341483,40.564658,0
                  9.341499,40.564688,0
                  9.341512,40.56472,0
                  9.341523,40.564753,0
                  9.341646,40.565194,0
                </coordinates>
              </LinearRing>
            </outerBoundaryIs>
            <innerBoundaryIs>
              <LinearRing>
                <tessellate>1</tessellate>
                <coordinates>
                  9.341116,40.564886,0
                  9.341111,40.564887,0
                  9.341103,40.564888,0
                  9.341093,40.564889,0
                  9.34108,40.564889,0
                  9.341065,40.56489,0
                  9.341048,40.564891,0
                  9.341029,40.564891,0
                  9.341008,40.564891,0
                  9.340984,40.564891,0
                  9.340938,40.564891,0
                  9.340912,40.56489,0
                  9.340888,40.564887,0
                  9.340866,40.564881,0
                  9.340846,40.564873,0
                  9.340828,40.564863,0
                  9.340812,40.564851,0
                  9.340798,40.564837,0
                  9.340787,40.56482,0
                  9.340777,40.564801,0
                  9.34077,40.56478,0
                  9.340761,40.564749,0
                  9.340759,40.56474,0
                  9.340758,40.564732,0
                  9.340757,40.564723,0
                  9.340758,40.564715,0
                  9.340759,40.564707,0
                  9.340762,40.564699,0
                  9.340765,40.564692,0
                  9.340769,40.564685,0
                  9.340774,40.564678,0
                  9.34078,40.564671,0
                  9.340786,40.564664,0
                  9.340793,40.564659,0
                  9.340801,40.564654,0
                  9.340809,40.564649,0
                  9.340817,40.564646,0
                  9.340826,40.564643,0
                  9.340836,40.56464,0
                  9.340846,40.564639,0
                  9.340856,40.564638,0
                  9.340867,40.564637,0
                  9.340913,40.564637,0
                  9.34094,40.564638,0
                  9.340964,40.564642,0
                  9.340986,40.564647,0
                  9.341007,40.564655,0
                  9.341024,40.564664,0
                  9.34104,40.564676,0
                  9.341054,40.56469,0
                  9.341065,40.564706,0
                  9.341075,40.564725,0
                  9.341082,40.564745,0
                  9.34112,40.564884,0
                  9.341116,40.564886,0
                </coordinates>
              </LinearRing>
            </innerBoundaryIs>
          </Polygon>
          <Polygon>
            <outerBoundaryIs>
              <LinearRing>
                <tessellate>1</tessellate>
                <coordinates>
                  9.338664,40.565185,0
                  9.338678,40.565258,0
                  9.338679,40.565324,0
                  9.338665,40.565384,0
                  9.338637,40.565437,0
                  9.338595,40.565484,0
                  9.338571,40.565504,0
                  9.338516,40.565537,0
                  9.338451,40.565561,0
                  9.338378,40.565578,0
                  9.338295,40.565586,0
                  9.338124,40.565587,0
                  9.338079,40.565586,0
                  9.337992,40.565577,0
                  9.337908,40.565558,0
                  9.337827,40.565531,0
                  9.337748,40.565494,0
                  9.337674,40.565449,0
                  9.33761,40.565399,0
                  9.337557,40.565345,0
                  9.337516,40.565286,0
                  9.337486,40.565223,0
                  9.337358,40.564772,0
                  9.337349,40.564738,0
                  9.337342,40.564672,0
                  9.337346,40.564613,0
                  9.337362,40.564559,0
                  9.337389,40.564511,0
                  9.337408,40.564489,0
                  9.337457,40.564448,0
                  9.337517,40.564416,0
                  9.337588,40.564393,0
                  9.337671,40.564379,0
                  9.337764,40.564374,0
                  9.337926,40.564374,0
                  9.338027,40.564377,0
                  9.338122,40.564385,0
                  9.33821,40.564399,0
                  9.338293,40.564418,0
                  9.338368,40.564442,0
                  9.338325,40.56468,0
                  9.338269,40.564662,0
                  9.338209,40.564647,0
                  9.338143,40.564637,0
                  9.338073,40.56463,0
                  9.337997,40.564628,0
                  9.337914,40.564628,0
                  9.337859,40.564633,0
                  9.33782,40.564648,0
                  9.337795,40.564673,0
                  9.337786,40.564708,0
                  9.337792,40.564753,0
                  9.337813,40.564825,0
                  9.337825,40.564823,0
                  9.337845,40.564821,0
                  9.337871,40.56482,0
                  9.337906,40.564819,0
                  9.337947,40.564819,0
                  9.338018,40.564819,0
                  9.338119,40.564824,0
                  9.338213,40.564837,0
                  9.3383,40.564858,0
                  9.338381,40.564888,0
                  9.338455,40.564927,0
                  9.338487,40.564948,0
                  9.338543,40.564992,0
                  9.33859,40.565042,0
                  9.338627,40.565096,0
                  9.338654,40.565154,0
                  9.338664,40.565185,0
                </coordinates>
              </LinearRing>
            </outerBoundaryIs>
            <innerBoundaryIs>
              <LinearRing>
                <tessellate>1</tessellate>
                <coordinates>
                  9.338245,40.565229,0
                  9.338245,40.565246,0
                  9.338241,40.565261,0
                  9.338234,40.565276,0
                  9.338223,40.565291,0
                  9.33821,40.565303,0
                  9.338194,40.565313,0
                  9.338177,40.56532,0
                  9.338157,40.565324,0
                  9.338135,40.565325,0
                  9.338089,40.565325,0
                  9.338039,40.565321,0
                  9.337997,40.565308,0
                  9.337964,40.565286,0
                  9.337939,40.565255,0
                  9.337922,40.565216,0
                  9.337883,40.565075,0
                  9.337894,40.565073,0
                  9.337912,40.565071,0
                  9.337939,40.56507,0
                  9.337974,40.565069,0
                  9.338017,40.565069,0
                  9.338039,40.565069,0
                  9.338066,40.56507,0
                  9.338092,40.565074,0
                  9.338117,40.56508,0
                  9.33814,40.565088,0
                  9.338163,40.565099,0
                  9.338184,40.565112,0
                  9.338201,40.565127,0
                  9.338215,40.565143,0
                  9.338225,40.565161,0
                  9.338233,40.565181,0
                  9.338242,40.565212,0
                  9.338245,40.565229,0
                </coordinates>
              </LinearRing>
            </innerBoundaryIs>
          </Polygon>
          <Polygon>
            <outerBoundaryIs>
              <LinearRing>
                <tessellate>1</tessellate>
                <coordinates>
                  9.337463,40.565515,0
                  9.337432,40.565529,0
                  9.337399,40.565541,0
                  9.337364,40.565552,0
                  9.337327,40.565561,0
                  9.337288,40.565569,0
                  9.337247,40.565575,0
                  9.337203,40.56558,0
                  9.337158,40.565584,0
                  9.337111,40.565586,0
                  9.337062,40.565587,0
                  9.336995,40.565587,0
                  9.336945,40.565586,0
                  9.336896,40.565582,0
                  9.336849,40.565577,0
                  9.336804,40.565569,0
                  9.33676,40.565559,0
                  9.336718,40.565547,0
                  9.336678,40.565532,0
                  9.336639,40.565515,0
                  9.336601,40.565496,0
                  9.336566,40.565475,0
                  9.336533,40.565453,0
                  9.336502,40.565429,0
                  9.336474,40.565404,0
                  9.336449,40.565377,0
                  9.336425,40.565349,0
                  9.336405,40.565319,0
                  9.336386,40.565288,0
                  9.33637,40.565255,0
                  9.336356,40.565221,0
                  9.336345,40.565185,0
                  9.336125,40.564399,0
                  9.336564,40.564399,0
                  9.336791,40.56521,0
                  9.336798,40.565233,0
                  9.336808,40.565253,0
                  9.33682,40.565271,0
                  9.336834,40.565286,0
                  9.33685,40.565299,0
                  9.336869,40.56531,0
                  9.336889,40.565318,0
                  9.336911,40.565324,0
                  9.336935,40.565328,0
                  9.336962,40.565329,0
                  9.336989,40.565329,0
                  9.337027,40.565329,0
                  9.337062,40.565327,0
                  9.337096,40.565324,0
                  9.337128,40.565321,0
                  9.337159,40.565316,0
                  9.337188,40.565311,0
                  9.337215,40.565304,0
                  9.337241,40.565296,0
                  9.337265,40.565288,0
                  9.337287,40.565278,0
                  9.337463,40.565515,0
                </coordinates>
              </LinearRing>
            </outerBoundaryIs>
          </Polygon>
        </MultiGeometry>
      </Placemark>
      <Placemark>
        <name>Nuraghe</name>
        <styleUrl>#poly-F9F9F9-1200-255-nodesc</styleUrl>
        <MultiGeometry>
          <Polygon>
            <outerBoundaryIs>
              <LinearRing>
                <tessellate>1</tessellate>
                <coordinates>
                  9.305792,40.568448,0
                  9.305353,40.568448,0
                  9.305242,40.568055,0
                  9.30523,40.568012,0
                  9.305218,40.567968,0
                  9.305207,40.567923,0
                  9.305196,40.567878,0
                  9.305185,40.567833,0
                  9.305174,40.567787,0
                  9.305163,40.567741,0
                  9.305153,40.567694,0
                  9.305143,40.567646,0
                  9.305133,40.567598,0
                  9.305133,40.567594,0
                  9.305132,40.567591,0
                  9.30513,40.567588,0
                  9.305128,40.567585,0
                  9.305126,40.567583,0
                  9.305122,40.567581,0
                  9.305119,40.56758,0
                  9.305114,40.567579,0
                  9.305109,40.567578,0
                  9.305104,40.567578,0
                  9.3051,40.567578,0
                  9.305097,40.567579,0
                  9.305094,40.56758,0
                  9.305091,40.567581,0
                  9.305089,40.567582,0
                  9.305087,40.567583,0
                  9.305085,40.567585,0
                  9.305084,40.567587,0
                  9.305083,40.56759,0
                  9.305083,40.567592,0
                  9.30508,40.567622,0
                  9.305074,40.567656,0
                  9.305066,40.567695,0
                  9.305054,40.56774,0
                  9.305039,40.567789,0
                  9.305021,40.567843,0
                  9.305001,40.567902,0
                  9.304977,40.567966,0
                  9.304951,40.568034,0
                  9.304921,40.568108,0
                  9.304782,40.568448,0
                  9.304376,40.568448,0
                  9.303946,40.566911,0
                  9.304385,40.566911,0
                  9.304492,40.567289,0
                  9.304505,40.567335,0
                  9.304517,40.567379,0
                  9.304528,40.567422,0
                  9.304538,40.567463,0
                  9.304548,40.567503,0
                  9.304558,40.567541,0
                  9.304566,40.567578,0
                  9.304574,40.567614,0
                  9.304581,40.567648,0
                  9.304588,40.56768,0
                  9.304589,40.567684,0
                  9.30459,40.567688,0
                  9.304591,40.567691,0
                  9.304593,40.567694,0
                  9.304596,40.567696,0
                  9.304599,40.567698,0
                  9.304603,40.567699,0
                  9.304607,40.5677,0
                  9.304612,40.567701,0
                  9.304617,40.567701,0
                  9.304621,40.567701,0
                  9.304624,40.567701,0
                  9.304627,40.5677,0
                  9.30463,40.567699,0
                  9.304632,40.567697,0
                  9.304634,40.567696,0
                  9.304636,40.567694,0
                  9.304637,40.567692,0
                  9.304638,40.567689,0
                  9.304638,40.567686,0
                  9.304639,40.56767,0
                  9.304641,40.567653,0
                  9.304643,40.567635,0
                  9.304646,40.567616,0
                  9.30465,40.567597,0
                  9.304654,40.567578,0
                  9.304659,40.567557,0
                  9.304665,40.567536,0
                  9.304672,40.567515,0
                  9.304679,40.567492,0
                  9.304681,40.567484,0
                  9.304685,40.567474,0
                  9.304689,40.567461,0
                  9.304694,40.567447,0
                  9.304701,40.56743,0
                  9.304708,40.567412,0
                  9.304716,40.567391,0
                  9.304724,40.567368,0
                  9.304734,40.567343,0
                  9.304745,40.567316,0
                  9.304866,40.567001,0
                  9.304875,40.56698,0
                  9.304888,40.566962,0
                  9.304903,40.566945,0
                  9.30492,40.566931,0
                  9.30494,40.56692,0
                  9.304963,40.56691,0
                  9.304988,40.566902,0
                  9.305016,40.566897,0
                  9.305046,40.566894,0
                  9.305079,40.566893,0
                  9.305102,40.566893,0
                  9.305125,40.566895,0
                  9.305147,40.566898,0
                  9.305169,40.566902,0
                  9.30519,40.566908,0
                  9.305211,40.566914,0
                  9.305232,40.566922,0
                  9.305253,40.566931,0
                  9.305273,40.566942,0
                  9.305293,40.566953,0
                  9.305312,40.566965,0
                  9.305329,40.566978,0
                  9.305345,40.566992,0
                  9.305359,40.567006,0
                  9.305373,40.567021,0
                  9.305384,40.567037,0
                  9.305394,40.567053,0
                  9.305403,40.56707,0
                  9.30541,40.567087,0
                  9.305416,40.567105,0
                  9.305792,40.568448,0
                </coordinates>
              </LinearRing>
            </outerBoundaryIs>
          </Polygon>
          <Polygon>
            <outerBoundaryIs>
              <LinearRing>
                <tessellate>1</tessellate>
                <coordinates>
                  9.311065,40.566837,0
                  9.311072,40.566873,0
                  9.311074,40.566908,0
                  9.311069,40.56694,0
                  9.311057,40.56697,0
                  9.31104,40.566998,0
                  9.311039,40.566999,0
                  9.31103,40.567007,0
                  9.311014,40.567022,0
                  9.310989,40.567044,0
                  9.310957,40.567073,0
                  9.310937,40.567089,0
                  9.310918,40.56711,0
                  9.310904,40.56713,0
                  9.310896,40.567151,0
                  9.310893,40.567172,0
                  9.310896,40.567193,0
                  9.3109,40.567203,0
                  9.31091,40.567222,0
                  9.310925,40.567243,0
                  9.310945,40.567264,0
                  9.31097,40.567287,0
                  9.310985,40.567298,0
                  9.311027,40.567332,0
                  9.311063,40.56736,0
                  9.311092,40.567383,0
                  9.311113,40.567402,0
                  9.311128,40.567415,0
                  9.311144,40.567433,0
                  9.311173,40.567469,0
                  9.311198,40.567507,0
                  9.311219,40.567547,0
                  9.311236,40.567589,0
                  9.311262,40.567682,0
                  9.311271,40.567717,0
                  9.311277,40.567783,0
                  9.311269,40.567844,0
                  9.311247,40.567901,0
                  9.311212,40.567954,0
                  9.311163,40.568001,0
                  9.311105,40.568039,0
                  9.31104,40.568068,0
                  9.310966,40.568087,0
                  9.310884,40.568097,0
                  9.310716,40.568098,0
                  9.310672,40.568097,0
                  9.310585,40.568087,0
                  9.310501,40.568068,0
                  9.310419,40.56804,0
                  9.310341,40.568001,0
                  9.310266,40.567954,0
                  9.310201,40.567902,0
                  9.310147,40.567845,0
                  9.310105,40.567783,0
                  9.310074,40.567717,0
                  9.310039,40.567596,0
                  9.310031,40.567563,0
                  9.310026,40.5675,0
                  9.310034,40.567442,0
                  9.310056,40.567387,0
                  9.310092,40.567337,0
                  9.310141,40.567292,0
                  9.310199,40.567256,0
                  9.310265,40.567228,0
                  9.310338,40.56721,0
                  9.31042,40.567201,0
                  9.310515,40.567199,0
                  9.310518,40.567199,0
                  9.310523,40.567198,0
                  9.310526,40.567196,0
                  9.310527,40.567192,0
                  9.310527,40.567187,0
                  9.310527,40.567184,0
                  9.310524,40.567176,0
                  9.310521,40.567169,0
                  9.310519,40.567164,0
                  9.310517,40.567159,0
                  9.310516,40.567156,0
                  9.310514,40.567144,0
                  9.310515,40.567117,0
                  9.310524,40.56709,0
                  9.310541,40.567062,0
                  9.310566,40.567034,0
                  9.310598,40.567004,0
                  9.310622,40.566975,0
                  9.310639,40.566945,0
                  9.310647,40.566915,0
                  9.310647,40.566885,0
                  9.310641,40.566858,0
                  9.310634,40.566838,0
                  9.31061,40.566804,0
                  9.310573,40.566779,0
                  9.310525,40.566762,0
                  9.310465,40.566754,0
                  9.310395,40.566753,0
                  9.310363,40.566754,0
                  9.310311,40.566766,0
                  9.310276,40.56679,0
                  9.310259,40.566826,0
                  9.310259,40.566874,0
                  9.310265,40.566903,0
                  9.310271,40.566922,0
                  9.310279,40.566942,0
                  9.310287,40.566963,0
                  9.310296,40.566984,0
                  9.310307,40.567007,0
                  9.309864,40.566913,0
                  9.309855,40.566876,0
                  9.309847,40.566809,0
                  9.309852,40.566748,0
                  9.30987,40.566693,0
                  9.3099,40.566645,0
                  9.30992,40.566624,0
                  9.309971,40.566584,0
                  9.310035,40.566553,0
                  9.310111,40.566531,0
                  9.310199,40.566518,0
                  9.310299,40.566514,0
                  9.31041,40.566514,0
                  9.310503,40.566516,0
                  9.310591,40.566525,0
                  9.310672,40.566539,0
                  9.310747,40.566558,0
                  9.310816,40.566583,0
                  9.310855,40.5666,0
                  9.310923,40.56664,0
                  9.310979,40.566688,0
                  9.311023,40.566742,0
                  9.311054,40.566803,0
                  9.311065,40.566837,0
                </coordinates>
              </LinearRing>
            </outerBoundaryIs>
            <innerBoundaryIs>
              <LinearRing>
                <tessellate>1</tessellate>
                <coordinates>
                  9.310837,40.567739,0
                  9.310837,40.567755,0
                  9.310833,40.567771,0
                  9.310826,40.567785,0
                  9.310815,40.567798,0
                  9.310801,40.56781,0
                  9.310786,40.567819,0
                  9.310768,40.567825,0
                  9.310748,40.567829,0
                  9.310727,40.56783,0
                  9.310682,40.56783,0
                  9.310659,40.567829,0
                  9.310637,40.567825,0
                  9.310616,40.567819,0
                  9.310595,40.56781,0
                  9.310575,40.567798,0
                  9.310556,40.567785,0
                  9.310541,40.567771,0
                  9.310529,40.567755,0
                  9.310519,40.567739,0
                  9.310512,40.567721,0
                  9.31047,40.567567,0
                  9.310467,40.567551,0
                  9.310468,40.567535,0
                  9.310471,40.567519,0
                  9.310479,40.567505,0
                  9.310489,40.567492,0
                  9.310503,40.56748,0
                  9.310518,40.567471,0
                  9.310536,40.567465,0
                  9.310556,40.567461,0
                  9.310578,40.567459,0
                  9.310623,40.567459,0
                  9.310646,40.56746,0
                  9.310668,40.567463,0
                  9.310689,40.567469,0
                  9.31071,40.567476,0
                  9.310729,40.567485,0
                  9.310746,40.567496,0
                  9.31076,40.567509,0
                  9.310772,40.567522,0
                  9.310781,40.567537,0
                  9.310787,40.567553,0
                  9.310833,40.567721,0
                  9.310837,40.567739,0
                </coordinates>
              </LinearRing>
            </innerBoundaryIs>
          </Polygon>
          <Polygon>
            <outerBoundaryIs>
              <LinearRing>
                <tessellate>1</tessellate>
                <coordinates>
                  9.312783,40.567696,0
                  9.312792,40.56773,0
                  9.312797,40.567763,0
                  9.312799,40.567795,0
                  9.312798,40.567825,0
                  9.312793,40.567854,0
                  9.312786,40.567882,0
                  9.312776,40.567909,0
                  9.312762,40.567935,0
                  9.312745,40.567959,0
                  9.312726,40.567982,0
                  9.312703,40.568004,0
                  9.312677,40.568024,0
                  9.312649,40.568041,0
                  9.312619,40.568056,0
                  9.312586,40.568069,0
                  9.31255,40.56808,0
                  9.312513,40.568088,0
                  9.312472,40.568093,0
                  9.31243,40.568097,0
                  9.312385,40.568098,0
                  9.312269,40.568098,0
                  9.312255,40.568098,0
                  9.31224,40.568098,0
                  9.312226,40.568097,0
                  9.312212,40.568096,0
                  9.312199,40.568095,0
                  9.312185,40.568093,0
                  9.312172,40.568091,0
                  9.312158,40.568089,0
                  9.312145,40.568087,0
                  9.312132,40.568084,0
                  9.312233,40.568448,0
                  9.311794,40.568448,0
                  9.311364,40.566911,0
                  9.311803,40.566911,0
                  9.312027,40.567711,0
                  9.31203,40.56772,0
                  9.312034,40.567728,0
                  9.312038,40.567737,0
                  9.312043,40.567745,0
                  9.312049,40.567752,0
                  9.312056,40.56776,0
                  9.312063,40.567767,0
                  9.312071,40.567775,0
                  9.31208,40.567781,0
                  9.312089,40.567788,0
                  9.312099,40.567794,0
                  9.312109,40.5678,0
                  9.31212,40.567805,0
                  9.31213,40.567809,0
                  9.312141,40.567813,0
                  9.312152,40.567816,0
                  9.312163,40.567818,0
                  9.312174,40.56782,0
                  9.312185,40.567821,0
                  9.312197,40.567821,0
                  9.312241,40.567821,0
                  9.312252,40.567821,0
                  9.312263,40.56782,0
                  9.312273,40.567818,0
                  9.312282,40.567816,0
                  9.312291,40.567813,0
                  9.3123,40.567809,0
                  9.312308,40.567805,0
                  9.312315,40.5678,0
                  9.312322,40.567794,0
                  9.312329,40.567788,0
                  9.312335,40.567781,0
                  9.312339,40.567774,0
                  9.312344,40.567767,0
                  9.312347,40.567759,0
                  9.312349,40.567752,0
                  9.312351,40.567744,0
                  9.312351,40.567736,0
                  9.312351,40.567728,0
                  9.31235,40.56772,0
                  9.312348,40.567711,0
                  9.312124,40.566911,0
                  9.312564,40.566911,0
                  9.312783,40.567696,0
                </coordinates>
              </LinearRing>
            </outerBoundaryIs>
          </Polygon>
          <Polygon>
            <outerBoundaryIs>
              <LinearRing>
                <tessellate>1</tessellate>
                <coordinates>
                  9.307244,40.568053,0
                  9.306805,40.568053,0
                  9.306587,40.567272,0
                  9.306584,40.567264,0
                  9.306581,40.567256,0
                  9.306576,40.567247,0
                  9.306571,40.567239,0
                  9.306565,40.567232,0
                  9.306559,40.567224,0
                  9.306551,40.567216,0
                  9.306543,40.567209,0
                  9.306534,40.567202,0
                  9.306524,40.567195,0
                  9.306514,40.567188,0
                  9.306504,40.567183,0
                  9.306494,40.567177,0
                  9.306483,40.567173,0
                  9.306472,40.567169,0
                  9.306462,40.567166,0
                  9.306451,40.567164,0
                  9.30644,40.567162,0
                  9.306428,40.567161,0
                  9.306417,40.56716,0
                  9.306371,40.56716,0
                  9.30636,40.567161,0
                  9.30635,40.567162,0
                  9.30634,40.567163,0
                  9.30633,40.567166,0
                  9.306321,40.567169,0
                  9.306313,40.567173,0
                  9.306305,40.567177,0
                  9.306297,40.567182,0
                  9.306291,40.567188,0
                  9.306284,40.567194,0
                  9.306279,40.567201,0
                  9.306274,40.567208,0
                  9.30627,40.567216,0
                  9.306267,40.567223,0
                  9.306265,40.567231,0
                  9.306263,40.567239,0
                  9.306263,40.567247,0
                  9.306263,40.567255,0
                  9.306264,40.567264,0
                  9.306266,40.567272,0
                  9.306484,40.568053,0
                  9.306045,40.568053,0
                  9.30583,40.567287,0
                  9.305823,40.567254,0
                  9.305818,40.567222,0
                  9.305817,40.567191,0
                  9.30582,40.567161,0
                  9.305826,40.567132,0
                  9.305835,40.567104,0
                  9.305848,40.567077,0
                  9.305864,40.567051,0
                  9.305884,40.567026,0
                  9.305907,40.567002,0
                  9.305933,40.56698,0
                  9.305961,40.56696,0
                  9.305991,40.566943,0
                  9.306023,40.566927,0
                  9.306056,40.566915,0
                  9.306092,40.566904,0
                  9.30613,40.566896,0
                  9.30617,40.56689,0
                  9.306212,40.566887,0
                  9.306255,40.566886,0
                  9.306379,40.566886,0
                  9.306424,40.566887,0
                  9.306468,40.56689,0
                  9.306511,40.566896,0
                  9.306553,40.566904,0
                  9.306595,40.566915,0
                  9.306636,40.566927,0
                  9.306676,40.566943,0
                  9.306716,40.56696,0
                  9.306755,40.56698,0
                  9.306793,40.567002,0
                  9.306829,40.567026,0
                  9.306863,40.567051,0
                  9.306893,40.567077,0
                  9.306921,40.567104,0
                  9.306946,40.567132,0
                  9.306969,40.567161,0
                  9.306988,40.567191,0
                  9.307004,40.567222,0
                  9.307018,40.567254,0
                  9.307029,40.567287,0
                  9.307244,40.568053,0
                </coordinates>
              </LinearRing>
            </outerBoundaryIs>
          </Polygon>
          <Polygon>
            <outerBoundaryIs>
              <LinearRing>
                <tessellate>1</tessellate>
                <coordinates>
                  9.30976,40.567705,0
                  9.309768,40.56774,0
                  9.309773,40.567772,0
                  9.309775,40.567804,0
                  9.309775,40.567834,0
                  9.309771,40.567863,0
                  9.309764,40.56789,0
                  9.309755,40.567916,0
                  9.309742,40.567941,0
                  9.309727,40.567964,0
                  9.309708,40.567986,0
                  9.309685,40.568007,0
                  9.30966,40.568026,0
                  9.309631,40.568043,0
                  9.3096,40.568058,0
                  9.309566,40.56807,0
                  9.309529,40.56808,0
                  9.309489,40.568088,0
                  9.309446,40.568094,0
                  9.3094,40.568097,0
                  9.309352,40.568098,0
                  9.30919,40.568098,0
                  9.309138,40.568097,0
                  9.309089,40.568095,0
                  9.309041,40.568092,0
                  9.308994,40.568087,0
                  9.308949,40.568081,0
                  9.308906,40.568074,0
                  9.308864,40.568065,0
                  9.308823,40.568055,0
                  9.308785,40.568043,0
                  9.308748,40.56803,0
                  9.308792,40.567793,0
                  9.308821,40.567803,0
                  9.308851,40.567812,0
                  9.308881,40.567819,0
                  9.308913,40.567826,0
                  9.308945,40.567831,0
                  9.308978,40.567836,0
                  9.309012,40.56784,0
                  9.309047,40.567842,0
                  9.309082,40.567844,0
                  9.309119,40.567844,0
                  9.309203,40.567844,0
                  9.309232,40.567843,0
                  9.309258,40.567839,0
                  9.30928,40.567833,0
                  9.309297,40.567824,0
                  9.309311,40.567813,0
                  9.309322,40.567799,0
                  9.309328,40.567783,0
                  9.309331,40.567764,0
                  9.309329,40.567743,0
                  9.309324,40.567719,0
                  9.309304,40.567647,0
                  9.309299,40.567648,0
                  9.309291,40.567649,0
                  9.309282,40.56765,0
                  9.309271,40.567651,0
                  9.309258,40.567652,0
                  9.309244,40.567652,0
                  9.309227,40.567653,0
                  9.309209,40.567653,0
                  9.309189,40.567653,0
                  9.309167,40.567653,0
                  9.309054,40.567653,0
                  9.309004,40.567652,0
                  9.308955,40.567649,0
                  9.308909,40.567644,0
                  9.308864,40.567636,0
                  9.308821,40.567626,0
                  9.30878,40.567614,0
                  9.308741,40.5676,0
                  9.308703,40.567584,0
                  9.308668,40.567566,0
                  9.308634,40.567545,0
                  9.308606,40.567525,0
                  9.30858,40.567504,0
                  9.308556,40.567482,0
                  9.308534,40.567458,0
                  9.308513,40.567433,0
                  9.308495,40.567406,0
                  9.308479,40.567379,0
                  9.308465,40.56735,0
                  9.308453,40.567319,0
                  9.308442,40.567287,0
                  9.308433,40.567249,0
                  9.308427,40.567213,0
                  9.308425,40.567178,0
                  9.308426,40.567145,0
                  9.308431,40.567114,0
                  9.308439,40.567085,0
                  9.308451,40.567058,0
                  9.308466,40.567032,0
                  9.308485,40.567008,0
                  9.308507,40.566987,0
                  9.308531,40.566967,0
                  9.308558,40.56695,0
                  9.308587,40.566935,0
                  9.308619,40.566922,0
                  9.308654,40.566911,0
                  9.308692,40.566902,0
                  9.308732,40.566895,0
                  9.308774,40.56689,0
                  9.308819,40.566887,0
                  9.308867,40.566886,0
                  9.30902,40.566886,0
                  9.309065,40.566887,0
                  9.309109,40.56689,0
                  9.309151,40.566895,0
                  9.309193,40.566902,0
                  9.309233,40.566912,0
                  9.309273,40.566923,0
                  9.309311,40.566937,0
                  9.309348,40.566953,0
                  9.309383,40.566971,0
                  9.309418,40.566991,0
                  9.309451,40.567012,0
                  9.309481,40.567035,0
                  9.309509,40.567059,0
                  9.309535,40.567085,0
                  9.309558,40.567111,0
                  9.309578,40.567139,0
                  9.309596,40.567169,0
                  9.309612,40.567199,0
                  9.309625,40.567231,0
                  9.309636,40.567264,0
                  9.30976,40.567705,0
                </coordinates>
              </LinearRing>
            </outerBoundaryIs>
            <innerBoundaryIs>
              <LinearRing>
                <tessellate>1</tessellate>
                <coordinates>
                  9.30923,40.567397,0
                  9.309224,40.567398,0
                  9.309216,40.567399,0
                  9.309206,40.5674,0
                  9.309193,40.567401,0
                  9.309179,40.567401,0
                  9.309162,40.567402,0
                  9.309143,40.567402,0
                  9.309121,40.567402,0
                  9.309098,40.567402,0
                  9.309052,40.567402,0
                  9.309025,40.567401,0
                  9.309001,40.567398,0
                  9.308979,40.567392,0
                  9.308959,40.567385,0
                  9.308941,40.567375,0
                  9.308925,40.567362,0
                  9.308912,40.567348,0
                  9.3089,40.567331,0
                  9.308891,40.567312,0
                  9.308883,40.567291,0
                  9.308874,40.56726,0
                  9.308872,40.567252,0
                  9.308871,40.567243,0
                  9.308871,40.567234,0
                  9.308871,40.567226,0
                  9.308873,40.567218,0
                  9.308875,40.567211,0
                  9.308878,40.567203,0
                  9.308882,40.567196,0
                  9.308887,40.567189,0
                  9.308893,40.567182,0
                  9.308899,40.567176,0
                  9.308906,40.56717,0
                  9.308914,40.567165,0
                  9.308922,40.567161,0
                  9.30893,40.567157,0
                  9.308939,40.567154,0
                  9.308949,40.567151,0
                  9.308959,40.56715,0
                  9.308969,40.567149,0
                  9.308981,40.567148,0
                  9.309027,40.567148,0
                  9.309053,40.56715,0
                  9.309078,40.567153,0
                  9.3091,40.567158,0
                  9.30912,40.567166,0
                  9.309138,40.567175,0
                  9.309154,40.567187,0
                  9.309167,40.567201,0
                  9.309179,40.567218,0
                  9.309188,40.567236,0
                  9.309195,40.567256,0
                  9.309233,40.567395,0
                  9.30923,40.567397,0
                </coordinates>
              </LinearRing>
            </innerBoundaryIs>
          </Polygon>
          <Polygon>
            <outerBoundaryIs>
              <LinearRing>
                <tessellate>1</tessellate>
                <coordinates>
                  9.314324,40.567696,0
                  9.314338,40.567769,0
                  9.314338,40.567835,0
                  9.314325,40.567895,0
                  9.314297,40.567948,0
                  9.314255,40.567995,0
                  9.314231,40.568015,0
                  9.314176,40.568048,0
                  9.314111,40.568072,0
                  9.314038,40.568089,0
                  9.313955,40.568097,0
                  9.313784,40.568098,0
                  9.313739,40.568097,0
                  9.313652,40.568088,0
                  9.313568,40.568069,0
                  9.313487,40.568042,0
                  9.313408,40.568005,0
                  9.313334,40.56796,0
                  9.31327,40.56791,0
                  9.313217,40.567856,0
                  9.313176,40.567797,0
                  9.313146,40.567734,0
                  9.313018,40.567283,0
                  9.313009,40.567249,0
                  9.313002,40.567184,0
                  9.313006,40.567124,0
                  9.313022,40.56707,0
                  9.313049,40.567022,0
                  9.313068,40.567001,0
                  9.313116,40.566959,0
                  9.313177,40.566927,0
                  9.313248,40.566904,0
                  9.31333,40.56689,0
                  9.313424,40.566886,0
                  9.313586,40.566886,0
                  9.313687,40.566888,0
                  9.313782,40.566896,0
                  9.31387,40.56691,0
                  9.313953,40.566929,0
                  9.314028,40.566954,0
                  9.313985,40.567191,0
                  9.313929,40.567173,0
                  9.313869,40.567158,0
                  9.313803,40.567148,0
                  9.313733,40.567142,0
                  9.313657,40.567139,0
                  9.313574,40.567139,0
                  9.313519,40.567144,0
                  9.31348,40.567159,0
                  9.313455,40.567184,0
                  9.313446,40.567219,0
                  9.313452,40.567264,0
                  9.313473,40.567336,0
                  9.313485,40.567334,0
                  9.313505,40.567333,0
                  9.313531,40.567331,0
                  9.313566,40.567331,0
                  9.313607,40.56733,0
                  9.313678,40.56733,0
                  9.313779,40.567335,0
                  9.313873,40.567348,0
                  9.31396,40.567369,0
                  9.314041,40.567399,0
                  9.314115,40.567438,0
                  9.314147,40.567459,0
                  9.314203,40.567504,0
                  9.31425,40.567553,0
                  9.314287,40.567607,0
                  9.314314,40.567665,0
                  9.314324,40.567696,0
                </coordinates>
              </LinearRing>
            </outerBoundaryIs>
            <innerBoundaryIs>
              <LinearRing>
                <tessellate>1</tessellate>
                <coordinates>
                  9.313905,40.56774,0
                  9.313905,40.567757,0
                  9.313901,40.567773,0
                  9.313894,40.567788,0
                  9.313883,40.567802,0
                  9.31387,40.567814,0
                  9.313854,40.567824,0
                  9.313837,40.567831,0
                  9.313817,40.567835,0
                  9.313795,40.567836,0
                  9.313749,40.567836,0
                  9.313699,40.567832,0
                  9.313657,40.567819,0
                  9.313623,40.567797,0
                  9.313599,40.567766,0
                  9.313582,40.567727,0
                  9.313543,40.567586,0
                  9.313554,40.567584,0
                  9.313572,40.567582,0
                  9.313599,40.567581,0
                  9.313634,40.567581,0
                  9.313677,40.56758,0
                  9.313699,40.56758,0
                  9.313726,40.567581,0
                  9.313752,40.567585,0
                  9.313777,40.567591,0
                  9.3138,40.567599,0
                  9.313823,40.56761,0
                  9.313843,40.567623,0
                  9.313861,40.567638,0
                  9.313875,40.567654,0
                  9.313885,40.567672,0
                  9.313893,40.567692,0
                  9.313902,40.567723,0
                  9.313905,40.56774,0
                </coordinates>
              </LinearRing>
            </innerBoundaryIs>
          </Polygon>
          <Polygon>
            <outerBoundaryIs>
              <LinearRing>
                <tessellate>1</tessellate>
                <coordinates>
                  9.308613,40.568026,0
                  9.308582,40.56804,0
                  9.308549,40.568052,0
                  9.308514,40.568063,0
                  9.308477,40.568072,0
                  9.308438,40.56808,0
                  9.308397,40.568087,0
                  9.308354,40.568092,0
                  9.308309,40.568095,0
                  9.308261,40.568097,0
                  9.308212,40.568098,0
                  9.308145,40.568098,0
                  9.308095,40.568097,0
                  9.308047,40.568094,0
                  9.308,40.568088,0
                  9.307954,40.56808,0
                  9.307911,40.56807,0
                  9.307869,40.568058,0
                  9.307828,40.568043,0
                  9.307789,40.568026,0
                  9.307752,40.568007,0
                  9.307716,40.567986,0
                  9.307683,40.567964,0
                  9.307653,40.56794,0
                  9.307625,40.567915,0
                  9.307599,40.567888,0
                  9.307576,40.56786,0
                  9.307555,40.56783,0
                  9.307536,40.567799,0
                  9.30752,40.567766,0
                  9.307506,40.567732,0
                  9.307495,40.567696,0
                  9.307275,40.566911,0
                  9.307715,40.566911,0
                  9.307941,40.567721,0
                  9.307949,40.567744,0
                  9.307959,40.567764,0
                  9.307971,40.567782,0
                  9.307985,40.567797,0
                  9.308001,40.56781,0
                  9.308019,40.567821,0
                  9.308039,40.567829,0
                  9.308061,40.567835,0
                  9.308086,40.567839,0
                  9.308112,40.56784,0
                  9.30814,40.56784,0
                  9.308177,40.56784,0
                  9.308213,40.567838,0
                  9.308247,40.567836,0
                  9.308279,40.567832,0
                  9.308309,40.567827,0
                  9.308338,40.567822,0
                  9.308366,40.567815,0
                  9.308391,40.567808,0
                  9.308415,40.567799,0
                  9.308437,40.567789,0
                  9.308613,40.568026,0
                </coordinates>
              </LinearRing>
            </outerBoundaryIs>
          </Polygon>
        </MultiGeometry>
      </Placemark>
      <Placemark>
        <name>Loelle</name>
        <styleUrl>#poly-F9F9F9-1200-255-nodesc</styleUrl>
        <MultiGeometry>
          <Polygon>
            <outerBoundaryIs>
              <LinearRing>
                <tessellate>1</tessellate>
                <coordinates>
                  9.308238,40.565371,0
                  9.307587,40.565371,0
                  9.307552,40.565372,0
                  9.307521,40.565377,0
                  9.307495,40.565384,0
                  9.307473,40.565394,0
                  9.307456,40.565407,0
                  9.307444,40.565423,0
                  9.307436,40.565442,0
                  9.307433,40.565464,0
                  9.307434,40.565489,0
                  9.30744,40.565517,0
                  9.307745,40.566605,0
                  9.307286,40.566605,0
                  9.306987,40.565539,0
                  9.306977,40.565497,0
                  9.306969,40.565456,0
                  9.306966,40.565417,0
                  9.306965,40.565381,0
                  9.306968,40.565346,0
                  9.306974,40.565312,0
                  9.306983,40.565281,0
                  9.306995,40.565252,0
                  9.307011,40.565224,0
                  9.30703,40.565198,0
                  9.307053,40.565173,0
                  9.307079,40.565151,0
                  9.307107,40.565132,0
                  9.307139,40.565115,0
                  9.307174,40.565101,0
                  9.307211,40.565089,0
                  9.307252,40.56508,0
                  9.307296,40.565073,0
                  9.307343,40.565069,0
                  9.307392,40.565068,0
                  9.308154,40.565068,0
                  9.308238,40.565371,0
                </coordinates>
              </LinearRing>
            </outerBoundaryIs>
          </Polygon>
          <Polygon>
            <outerBoundaryIs>
              <LinearRing>
                <tessellate>1</tessellate>
                <coordinates>
                  9.309802,40.565854,0
                  9.30981,40.565887,0
                  9.309814,40.565919,0
                  9.309815,40.56595,0
                  9.309812,40.56598,0
                  9.309806,40.56601,0
                  9.309797,40.566038,0
                  9.309784,40.566065,0
                  9.309768,40.56609,0
                  9.309748,40.566115,0
                  9.309725,40.566139,0
                  9.3097,40.566161,0
                  9.309672,40.566181,0
                  9.309642,40.566199,0
                  9.30961,40.566214,0
                  9.309576,40.566226,0
                  9.309541,40.566237,0
                  9.309503,40.566245,0
                  9.309463,40.566251,0
                  9.309421,40.566254,0
                  9.309377,40.566256,0
                  9.309253,40.566256,0
                  9.309209,40.566254,0
                  9.309165,40.566251,0
                  9.309122,40.566245,0
                  9.30908,40.566237,0
                  9.309038,40.566226,0
                  9.308997,40.566214,0
                  9.308957,40.566199,0
                  9.308917,40.566181,0
                  9.308878,40.566161,0
                  9.30884,40.566139,0
                  9.308803,40.566115,0
                  9.30877,40.56609,0
                  9.308739,40.566065,0
                  9.308711,40.566038,0
                  9.308686,40.56601,0
                  9.308664,40.56598,0
                  9.308644,40.56595,0
                  9.308628,40.565919,0
                  9.308614,40.565887,0
                  9.308603,40.565854,0
                  9.308488,40.565445,0
                  9.308481,40.565412,0
                  9.308476,40.565379,0
                  9.308476,40.565348,0
                  9.308478,40.565318,0
                  9.308484,40.565289,0
                  9.308493,40.565261,0
                  9.308506,40.565234,0
                  9.308523,40.565208,0
                  9.308542,40.565183,0
                  9.308565,40.565159,0
                  9.308591,40.565137,0
                  9.308619,40.565118,0
                  9.308649,40.5651,0
                  9.308681,40.565085,0
                  9.308715,40.565072,0
                  9.30875,40.565062,0
                  9.308788,40.565054,0
                  9.308828,40.565048,0
                  9.30887,40.565044,0
                  9.308914,40.565043,0
                  9.309037,40.565043,0
                  9.309082,40.565044,0
                  9.309126,40.565048,0
                  9.309169,40.565054,0
                  9.309211,40.565062,0
                  9.309253,40.565072,0
                  9.309294,40.565085,0
                  9.309335,40.5651,0
                  9.309374,40.565118,0
                  9.309413,40.565137,0
                  9.309451,40.565159,0
                  9.309487,40.565183,0
                  9.309521,40.565208,0
                  9.309552,40.565234,0
                  9.30958,40.565261,0
                  9.309605,40.565289,0
                  9.309627,40.565318,0
                  9.309646,40.565348,0
                  9.309663,40.565379,0
                  9.309676,40.565412,0
                  9.309687,40.565445,0
                  9.309802,40.565854,0
                </coordinates>
              </LinearRing>
            </outerBoundaryIs>
            <innerBoundaryIs>
              <LinearRing>
                <tessellate>1</tessellate>
                <coordinates>
                  9.309371,40.565882,0
                  9.309372,40.56589,0
                  9.309373,40.565899,0
                  9.309372,40.565907,0
                  9.309371,40.565915,0
                  9.309369,40.565923,0
                  9.309365,40.56593,0
                  9.309361,40.565938,0
                  9.309356,40.565945,0
                  9.30935,40.565952,0
                  9.309344,40.565958,0
                  9.309337,40.565964,0
                  9.309329,40.565969,0
                  9.309321,40.565973,0
                  9.309313,40.565977,0
                  9.309304,40.56598,0
                  9.309294,40.565983,0
                  9.309284,40.565984,0
                  9.309273,40.565985,0
                  9.309262,40.565986,0
                  9.309216,40.565986,0
                  9.309205,40.565985,0
                  9.309194,40.565984,0
                  9.309183,40.565983,0
                  9.309172,40.56598,0
                  9.309161,40.565977,0
                  9.309151,40.565973,0
                  9.309141,40.565969,0
                  9.30913,40.565964,0
                  9.30912,40.565958,0
                  9.30911,40.565952,0
                  9.309101,40.565945,0
                  9.309092,40.565938,0
                  9.309084,40.56593,0
                  9.309077,40.565923,0
                  9.30907,40.565915,0
                  9.309064,40.565907,0
                  9.309059,40.565899,0
                  9.309054,40.56589,0
                  9.309051,40.565882,0
                  9.309048,40.565873,0
                  9.308923,40.565424,0
                  9.308921,40.565415,0
                  9.308919,40.565407,0
                  9.308919,40.565398,0
                  9.308919,40.56539,0
                  9.308921,40.565383,0
                  9.308923,40.565375,0
                  9.308926,40.565368,0
                  9.30893,40.565361,0
                  9.308935,40.565354,0
                  9.308941,40.565347,0
                  9.308947,40.565341,0
                  9.308954,40.565335,0
                  9.308961,40.56533,0
                  9.308969,40.565326,0
                  9.308978,40.565322,0
                  9.308987,40.565319,0
                  9.308996,40.565317,0
                  9.309006,40.565315,0
                  9.309017,40.565314,0
                  9.309028,40.565314,0
                  9.309074,40.565314,0
                  9.309085,40.565314,0
                  9.309096,40.565315,0
                  9.309107,40.565317,0
                  9.309118,40.565319,0
                  9.309129,40.565322,0
                  9.30914,40.565326,0
                  9.30915,40.56533,0
                  9.309161,40.565335,0
                  9.309171,40.565341,0
                  9.309181,40.565347,0
                  9.309191,40.565354,0
                  9.3092,40.565361,0
                  9.309208,40.565368,0
                  9.309216,40.565376,0
                  9.309222,40.565383,0
                  9.309228,40.565391,0
                  9.309233,40.565399,0
                  9.309238,40.565407,0
                  9.309241,40.565415,0
                  9.309244,40.565424,0
                  9.309369,40.565873,0
                  9.309371,40.565882,0
                </coordinates>
              </LinearRing>
            </innerBoundaryIs>
          </Polygon>
          <Polygon>
            <outerBoundaryIs>
              <LinearRing>
                <tessellate>1</tessellate>
                <coordinates>
                  9.311326,40.565854,0
                  9.31134,40.565926,0
                  9.31134,40.565993,0
                  9.311326,40.566053,0
                  9.311298,40.566106,0
                  9.311256,40.566153,0
                  9.311232,40.566172,0
                  9.311177,40.566205,0
                  9.311112,40.56623,0
                  9.311039,40.566246,0
                  9.310956,40.566255,0
                  9.310785,40.566256,0
                  9.31074,40.566254,0
                  9.310653,40.566245,0
                  9.310569,40.566227,0
                  9.310488,40.5662,0
                  9.31041,40.566163,0
                  9.310335,40.566118,0
                  9.310271,40.566068,0
                  9.310219,40.566013,0
                  9.310177,40.565955,0
                  9.310147,40.565892,0
                  9.310019,40.565441,0
                  9.310011,40.565406,0
                  9.310003,40.565341,0
                  9.310007,40.565282,0
                  9.310023,40.565228,0
                  9.310051,40.56518,0
                  9.310069,40.565158,0
                  9.310118,40.565117,0
                  9.310178,40.565084,0
                  9.310249,40.565061,0
                  9.310332,40.565048,0
                  9.310425,40.565043,0
                  9.310587,40.565043,0
                  9.310688,40.565046,0
                  9.310783,40.565054,0
                  9.310872,40.565068,0
                  9.310954,40.565087,0
                  9.311029,40.565111,0
                  9.310986,40.565349,0
                  9.31093,40.56533,0
                  9.31087,40.565316,0
                  9.310804,40.565305,0
                  9.310734,40.565299,0
                  9.310658,40.565297,0
                  9.310575,40.565297,0
                  9.31052,40.565302,0
                  9.310481,40.565317,0
                  9.310456,40.565342,0
                  9.310447,40.565377,0
                  9.310453,40.565422,0
                  9.310474,40.565494,0
                  9.310486,40.565492,0
                  9.310506,40.56549,0
                  9.310533,40.565489,0
                  9.310567,40.565488,0
                  9.310608,40.565488,0
                  9.310679,40.565488,0
                  9.31078,40.565492,0
                  9.310874,40.565505,0
                  9.310961,40.565527,0
                  9.311042,40.565557,0
                  9.311116,40.565596,0
                  9.311148,40.565616,0
                  9.311204,40.565661,0
                  9.311251,40.56571,0
                  9.311288,40.565764,0
                  9.311315,40.565823,0
                  9.311326,40.565854,0
                </coordinates>
              </LinearRing>
            </outerBoundaryIs>
            <innerBoundaryIs>
              <LinearRing>
                <tessellate>1</tessellate>
                <coordinates>
                  9.310906,40.565898,0
                  9.310906,40.565914,0
                  9.310902,40.56593,0
                  9.310895,40.565945,0
                  9.310884,40.565959,0
                  9.310871,40.565972,0
                  9.310855,40.565981,0
                  9.310838,40.565988,0
                  9.310818,40.565992,0
                  9.310797,40.565994,0
                  9.310751,40.565994,0
                  9.3107,40.565989,0
                  9.310658,40.565976,0
                  9.310625,40.565954,0
                  9.3106,40.565924,0
                  9.310583,40.565885,0
                  9.310544,40.565744,0
                  9.310555,40.565742,0
                  9.310574,40.56574,0
                  9.3106,40.565739,0
                  9.310635,40.565738,0
                  9.310678,40.565738,0
                  9.310701,40.565738,0
                  9.310727,40.565739,0
                  9.310753,40.565743,0
                  9.310778,40.565749,0
                  9.310802,40.565757,0
                  9.310824,40.565768,0
                  9.310845,40.565781,0
                  9.310862,40.565795,0
                  9.310876,40.565812,0
                  9.310887,40.56583,0
                  9.310894,40.56585,0
                  9.310903,40.565881,0
                  9.310906,40.565898,0
                </coordinates>
              </LinearRing>
            </innerBoundaryIs>
          </Polygon>
          <Polygon>
            <outerBoundaryIs>
              <LinearRing>
                <tessellate>1</tessellate>
                <coordinates>
                  9.314434,40.565854,0
                  9.314448,40.565926,0
                  9.314448,40.565993,0
                  9.314434,40.566053,0
                  9.314406,40.566106,0
                  9.314364,40.566153,0
                  9.31434,40.566172,0
                  9.314285,40.566205,0
                  9.314221,40.56623,0
                  9.314147,40.566246,0
                  9.314064,40.566255,0
                  9.313893,40.566256,0
                  9.313848,40.566254,0
                  9.313761,40.566245,0
                  9.313677,40.566227,0
                  9.313596,40.5662,0
                  9.313518,40.566163,0
                  9.313443,40.566118,0
                  9.313379,40.566068,0
                  9.313327,40.566013,0
                  9.313285,40.565955,0
                  9.313255,40.565892,0
                  9.313127,40.565441,0
                  9.313119,40.565406,0
                  9.313111,40.565341,0
                  9.313115,40.565282,0
                  9.313131,40.565228,0
                  9.313159,40.56518,0
                  9.313177,40.565158,0
                  9.313226,40.565117,0
                  9.313286,40.565084,0
                  9.313357,40.565061,0
                  9.31344,40.565048,0
                  9.313534,40.565043,0
                  9.313695,40.565043,0
                  9.313797,40.565046,0
                  9.313891,40.565054,0
                  9.31398,40.565068,0
                  9.314062,40.565087,0
                  9.314138,40.565111,0
                  9.314094,40.565349,0
                  9.314039,40.56533,0
                  9.313978,40.565316,0
                  9.313912,40.565305,0
                  9.313842,40.565299,0
                  9.313767,40.565297,0
                  9.313684,40.565297,0
                  9.313629,40.565302,0
                  9.313589,40.565317,0
                  9.313564,40.565342,0
                  9.313555,40.565377,0
                  9.313561,40.565422,0
                  9.313582,40.565494,0
                  9.313594,40.565492,0
                  9.313614,40.56549,0
                  9.313641,40.565489,0
                  9.313675,40.565488,0
                  9.313717,40.565488,0
                  9.313788,40.565488,0
                  9.313888,40.565492,0
                  9.313982,40.565505,0
                  9.314069,40.565527,0
                  9.31415,40.565557,0
                  9.314224,40.565596,0
                  9.314256,40.565616,0
                  9.314312,40.565661,0
                  9.314359,40.56571,0
                  9.314396,40.565764,0
                  9.314424,40.565823,0
                  9.314434,40.565854,0
                </coordinates>
              </LinearRing>
            </outerBoundaryIs>
            <innerBoundaryIs>
              <LinearRing>
                <tessellate>1</tessellate>
                <coordinates>
                  9.314014,40.565898,0
                  9.314014,40.565914,0
                  9.31401,40.56593,0
                  9.314003,40.565945,0
                  9.313992,40.565959,0
                  9.313979,40.565972,0
                  9.313963,40.565981,0
                  9.313946,40.565988,0
                  9.313926,40.565992,0
                  9.313905,40.565994,0
                  9.313859,40.565994,0
                  9.313808,40.565989,0
                  9.313766,40.565976,0
                  9.313733,40.565954,0
                  9.313708,40.565924,0
                  9.313692,40.565885,0
                  9.313652,40.565744,0
                  9.313663,40.565742,0
                  9.313682,40.56574,0
                  9.313709,40.565739,0
                  9.313743,40.565738,0
                  9.313786,40.565738,0
                  9.313809,40.565738,0
                  9.313835,40.565739,0
                  9.313861,40.565743,0
                  9.313886,40.565749,0
                  9.31391,40.565757,0
                  9.313932,40.565768,0
                  9.313953,40.565781,0
                  9.31397,40.565795,0
                  9.313984,40.565812,0
                  9.313995,40.56583,0
                  9.314002,40.56585,0
                  9.314011,40.565881,0
                  9.314014,40.565898,0
                </coordinates>
              </LinearRing>
            </innerBoundaryIs>
          </Polygon>
          <Polygon>
            <outerBoundaryIs>
              <LinearRing>
                <tessellate>1</tessellate>
                <coordinates>
                  9.312055,40.565347,0
                  9.312047,40.565347,0
                  9.312039,40.565348,0
                  9.312032,40.565348,0
                  9.312026,40.565349,0
                  9.312019,40.565349,0
                  9.312013,40.56535,0
                  9.312007,40.565351,0
                  9.312002,40.565352,0
                  9.311996,40.565353,0
                  9.311991,40.565354,0
                  9.311981,40.565356,0
                  9.311971,40.56536,0
                  9.311963,40.565363,0
                  9.311955,40.565368,0
                  9.311949,40.565373,0
                  9.311944,40.565379,0
                  9.311939,40.565385,0
                  9.311936,40.565393,0
                  9.311933,40.5654,0
                  9.311932,40.565409,0
                  9.311932,40.565414,0
                  9.311932,40.56542,0
                  9.311932,40.565426,0
                  9.311933,40.565433,0
                  9.311934,40.565441,0
                  9.311936,40.56545,0
                  9.311938,40.565459,0
                  9.311941,40.565469,0
                  9.311943,40.56548,0
                  9.311947,40.565492,0
                  9.312259,40.566605,0
                  9.311819,40.566605,0
                  9.311501,40.565467,0
                  9.31149,40.565426,0
                  9.311483,40.565387,0
                  9.311478,40.565351,0
                  9.311476,40.565317,0
                  9.311477,40.565286,0
                  9.31148,40.565257,0
                  9.311487,40.56523,0
                  9.311496,40.565206,0
                  9.311508,40.565184,0
                  9.311523,40.565165,0
                  9.311545,40.565143,0
                  9.311573,40.565124,0
                  9.311605,40.565107,0
                  9.311643,40.565093,0
                  9.311685,40.565081,0
                  9.311733,40.565071,0
                  9.311785,40.565064,0
                  9.311843,40.565059,0
                  9.311905,40.565056,0
                  9.311973,40.565056,0
                  9.312055,40.565347,0
                </coordinates>
              </LinearRing>
            </outerBoundaryIs>
          </Polygon>
          <Polygon>
            <outerBoundaryIs>
              <LinearRing>
                <tessellate>1</tessellate>
                <coordinates>
                  9.312877,40.565347,0
                  9.312869,40.565347,0
                  9.312862,40.565348,0
                  9.312855,40.565348,0
                  9.312848,40.565349,0
                  9.312841,40.565349,0
                  9.312835,40.56535,0
                  9.312829,40.565351,0
                  9.312824,40.565352,0
                  9.312819,40.565353,0
                  9.312814,40.565354,0
                  9.312803,40.565356,0
                  9.312794,40.56536,0
                  9.312785,40.565363,0
                  9.312778,40.565368,0
                  9.312771,40.565373,0
                  9.312766,40.565379,0
                  9.312762,40.565385,0
                  9.312758,40.565393,0
                  9.312756,40.5654,0
                  9.312755,40.565409,0
                  9.312754,40.565414,0
                  9.312754,40.56542,0
                  9.312755,40.565426,0
                  9.312756,40.565433,0
                  9.312757,40.565441,0
                  9.312759,40.56545,0
                  9.312761,40.565459,0
                  9.312763,40.565469,0
                  9.312766,40.56548,0
                  9.312769,40.565492,0
                  9.313081,40.566605,0
                  9.312641,40.566605,0
                  9.312323,40.565467,0
                  9.312313,40.565426,0
                  9.312305,40.565387,0
                  9.3123,40.565351,0
                  9.312298,40.565317,0
                  9.312299,40.565286,0
                  9.312303,40.565257,0
                  9.312309,40.56523,0
                  9.312318,40.565206,0
                  9.31233,40.565184,0
                  9.312345,40.565165,0
                  9.312368,40.565143,0
                  9.312395,40.565124,0
                  9.312428,40.565107,0
                  9.312465,40.565093,0
                  9.312508,40.565081,0
                  9.312555,40.565071,0
                  9.312608,40.565064,0
                  9.312665,40.565059,0
                  9.312728,40.565056,0
                  9.312795,40.565056,0
                  9.312877,40.565347,0
                </coordinates>
              </LinearRing>
            </outerBoundaryIs>
          </Polygon>
        </MultiGeometry>
      </Placemark>
      <Placemark>
        <name>09/12</name>
        <styleUrl>#poly-F9F9F9-1200-255-nodesc</styleUrl>
        <MultiGeometry>
          <Polygon>
            <outerBoundaryIs>
              <LinearRing>
                <tessellate>1</tessellate>
                <coordinates>
                  9.366785,40.558593,0
                  9.366785,40.559087,0
                  9.366094,40.55913,0
                  9.365425,40.559225,0
                  9.364783,40.559372,0
                  9.36417,40.559565,0
                  9.36359,40.559803,0
                  9.363047,40.560084,0
                  9.362546,40.560403,0
                  9.362089,40.560758,0
                  9.36168,40.561146,0
                  9.361324,40.561565,0
                  9.361023,40.562011,0
                  9.360782,40.562482,0
                  9.360604,40.562975,0
                  9.360493,40.563487,0
                  9.360453,40.564015,0
                  9.359804,40.564015,0
                  9.359848,40.563433,0
                  9.359969,40.562869,0
                  9.360165,40.562326,0
                  9.360431,40.561807,0
                  9.360763,40.561315,0
                  9.361156,40.560854,0
                  9.361606,40.560427,0
                  9.36211,40.560036,0
                  9.362664,40.559685,0
                  9.363262,40.559377,0
                  9.363901,40.559115,0
                  9.364577,40.558903,0
                  9.365286,40.558743,0
                  9.366023,40.558638,0
                  9.366785,40.558593,0
                </coordinates>
              </LinearRing>
            </outerBoundaryIs>
          </Polygon>
          <Polygon>
            <outerBoundaryIs>
              <LinearRing>
                <tessellate>1</tessellate>
                <coordinates>
                  9.374145,40.564015,0
                  9.373496,40.564015,0
                  9.373456,40.563489,0
                  9.373346,40.562978,0
                  9.373169,40.562486,0
                  9.372929,40.562016,0
                  9.37263,40.561571,0
                  9.372275,40.561153,0
                  9.371869,40.560765,0
                  9.371414,40.56041,0
                  9.370915,40.560091,0
                  9.370375,40.559811,0
                  9.369798,40.559572,0
                  9.369188,40.559378,0
                  9.368548,40.55923,0
                  9.367883,40.559133,0
                  9.367195,40.559088,0
                  9.367195,40.558594,0
                  9.367953,40.558642,0
                  9.368688,40.558748,0
                  9.369394,40.558909,0
                  9.370067,40.559122,0
                  9.370703,40.559385,0
                  9.371299,40.559693,0
                  9.37185,40.560044,0
                  9.372351,40.560434,0
                  9.3728,40.560861,0
                  9.373191,40.561322,0
                  9.373521,40.561812,0
                  9.373785,40.56233,0
                  9.37398,40.562872,0
                  9.374102,40.563435,0
                  9.374145,40.564015,0
                </coordinates>
              </LinearRing>
            </outerBoundaryIs>
          </Polygon>
          <Polygon>
            <outerBoundaryIs>
              <LinearRing>
                <tessellate>1</tessellate>
                <coordinates>
                  9.382775,40.569457,0
                  9.382775,40.568963,0
                  9.383453,40.56892,0
                  9.38411,40.568826,0
                  9.384742,40.568684,0
                  9.385345,40.568496,0
                  9.385916,40.568264,0
                  9.386452,40.567992,0
                  9.386949,40.567683,0
                  9.387403,40.567338,0
                  9.38781,40.56696,0
                  9.388168,40.566554,0
                  9.388473,40.56612,0
                  9.388721,40.565661,0
                  9.388908,40.565181,0
                  9.389032,40.564682,0
                  9.389088,40.564167,0
                  9.389738,40.564167,0
                  9.389678,40.564736,0
                  9.389543,40.565287,0
                  9.389338,40.565817,0
                  9.389065,40.566323,0
                  9.38873,40.566803,0
                  9.388335,40.567252,0
                  9.387885,40.567668,0
                  9.387384,40.568049,0
                  9.386836,40.568391,0
                  9.386244,40.56869,0
                  9.385614,40.568945,0
                  9.384947,40.569152,0
                  9.384249,40.569309,0
                  9.383524,40.569411,0
                  9.382775,40.569457,0
                </coordinates>
              </LinearRing>
            </outerBoundaryIs>
          </Polygon>
          <Polygon>
            <outerBoundaryIs>
              <LinearRing>
                <tessellate>1</tessellate>
                <coordinates>
                  9.389738,40.563856,0
                  9.389088,40.563856,0
                  9.389032,40.56334,0
                  9.388908,40.562841,0
                  9.388721,40.562361,0
                  9.388473,40.561903,0
                  9.388168,40.561469,0
                  9.38781,40.561062,0
                  9.387402,40.560685,0
                  9.386949,40.56034,0
                  9.386452,40.56003,0
                  9.385916,40.559758,0
                  9.385345,40.559527,0
                  9.384742,40.559339,0
                  9.38411,40.559196,0
                  9.383453,40.559102,0
                  9.382775,40.55906,0
                  9.382775,40.558566,0
                  9.383524,40.558611,0
                  9.384249,40.558714,0
                  9.384947,40.55887,0
                  9.385613,40.559077,0
                  9.386244,40.559332,0
                  9.386836,40.559632,0
                  9.387384,40.559974,0
                  9.387885,40.560354,0
                  9.388335,40.560771,0
                  9.388729,40.56122,0
                  9.389065,40.561699,0
                  9.389337,40.562205,0
                  9.389543,40.562736,0
                  9.389678,40.563287,0
                  9.389738,40.563856,0
                </coordinates>
              </LinearRing>
            </outerBoundaryIs>
          </Polygon>
          <Polygon>
            <outerBoundaryIs>
              <LinearRing>
                <tessellate>1</tessellate>
                <coordinates>
                  9.382365,40.558566,0
                  9.382365,40.55906,0
                  9.381687,40.559102,0
                  9.38103,40.559196,0
                  9.380398,40.559339,0
                  9.379795,40.559527,0
                  9.379224,40.559759,0
                  9.378688,40.560031,0
                  9.378192,40.56034,0
                  9.377738,40.560685,0
                  9.37733,40.561062,0
                  9.376972,40.561469,0
                  9.376667,40.561903,0
                  9.376419,40.562362,0
                  9.376232,40.562842,0
                  9.376108,40.563341,0
                  9.376052,40.563856,0
                  9.375402,40.563856,0
                  9.375462,40.563287,0
                  9.375597,40.562736,0
                  9.375803,40.562205,0
                  9.376075,40.561699,0
                  9.376411,40.56122,0
                  9.376805,40.560771,0
                  9.377255,40.560354,0
                  9.377756,40.559974,0
                  9.378304,40.559632,0
                  9.378896,40.559332,0
                  9.379527,40.559077,0
                  9.380193,40.55887,0
                  9.380891,40.558714,0
                  9.381616,40.558611,0
                  9.382365,40.558566,0
                </coordinates>
              </LinearRing>
            </outerBoundaryIs>
          </Polygon>
          <Polygon>
            <outerBoundaryIs>
              <LinearRing>
                <tessellate>1</tessellate>
                <coordinates>
                  9.375402,40.564167,0
                  9.376052,40.564167,0
                  9.376108,40.564682,0
                  9.376232,40.565181,0
                  9.376419,40.565661,0
                  9.376667,40.566119,0
                  9.376972,40.566553,0
                  9.37733,40.56696,0
                  9.377738,40.567338,0
                  9.378192,40.567682,0
                  9.378688,40.567992,0
                  9.379224,40.568264,0
                  9.379795,40.568495,0
                  9.380398,40.568684,0
                  9.38103,40.568826,0
                  9.381687,40.56892,0
                  9.382365,40.568963,0
                  9.382365,40.569457,0
                  9.381616,40.569411,0
                  9.380891,40.569309,0
                  9.380193,40.569152,0
                  9.379527,40.568945,0
                  9.378896,40.56869,0
                  9.378304,40.568391,0
                  9.377756,40.568049,0
                  9.377255,40.567668,0
                  9.376805,40.567252,0
                  9.376411,40.566803,0
                  9.376075,40.566323,0
                  9.375802,40.565817,0
                  9.375597,40.565287,0
                  9.375462,40.564736,0
                  9.375402,40.564167,0
                </coordinates>
              </LinearRing>
            </outerBoundaryIs>
          </Polygon>
          <Polygon>
            <outerBoundaryIs>
              <LinearRing>
                <tessellate>1</tessellate>
                <coordinates>
                  9.359814,40.564327,0
                  9.360464,40.564327,0
                  9.360536,40.56483,0
                  9.360673,40.565317,0
                  9.360871,40.565786,0
                  9.361126,40.566232,0
                  9.361436,40.566655,0
                  9.361797,40.567051,0
                  9.362205,40.567418,0
                  9.362658,40.567752,0
                  9.363152,40.568053,0
                  9.363684,40.568317,0
                  9.364249,40.568541,0
                  9.364845,40.568723,0
                  9.365469,40.56886,0
                  9.366117,40.56895,0
                  9.366785,40.568991,0
                  9.366785,40.569485,0
                  9.366046,40.569441,0
                  9.365329,40.569342,0
                  9.36464,40.569191,0
                  9.363981,40.56899,0
                  9.363355,40.568743,0
                  9.362768,40.568451,0
                  9.362223,40.568119,0
                  9.361723,40.567748,0
                  9.361272,40.567342,0
                  9.360875,40.566904,0
                  9.360534,40.566436,0
                  9.360253,40.565942,0
                  9.360037,40.565423,0
                  9.35989,40.564884,0
                  9.359814,40.564327,0
                </coordinates>
              </LinearRing>
            </outerBoundaryIs>
          </Polygon>
          <Polygon>
            <outerBoundaryIs>
              <LinearRing>
                <tessellate>1</tessellate>
                <coordinates>
                  9.367195,40.569484,0
                  9.367194,40.569484,0
                  9.367194,40.56899,0
                  9.36786,40.568947,0
                  9.368504,40.568855,0
                  9.369125,40.568717,0
                  9.369719,40.568534,0
                  9.370281,40.568309,0
                  9.37081,40.568045,0
                  9.371302,40.567744,0
                  9.371752,40.56741,0
                  9.372159,40.567044,0
                  9.372518,40.566649,0
                  9.372826,40.566227,0
                  9.37308,40.565781,0
                  9.373277,40.565314,0
                  9.373412,40.564829,0
                  9.373484,40.564327,0
                  9.374135,40.564327,0
                  9.37406,40.564883,0
                  9.373913,40.56542,0
                  9.373698,40.565938,0
                  9.373419,40.566431,0
                  9.37308,40.566898,0
                  9.372684,40.567336,0
                  9.372235,40.567741,0
                  9.371738,40.568111,0
                  9.371195,40.568444,0
                  9.37061,40.568735,0
                  9.369988,40.568984,0
                  9.369331,40.569185,0
                  9.368644,40.569338,0
                  9.367931,40.569438,0
                  9.367195,40.569484,0
                </coordinates>
              </LinearRing>
            </outerBoundaryIs>
          </Polygon>
          <Polygon>
            <outerBoundaryIs>
              <LinearRing>
                <tessellate>1</tessellate>
                <coordinates>
                  9.3869,40.561188,0
                  9.386899,40.561187,0
                  9.386899,40.561205,0
                  9.386899,40.561224,0
                  9.386898,40.561242,0
                  9.386898,40.56126,0
                  9.386897,40.561278,0
                  9.386897,40.561295,0
                  9.386896,40.561313,0
                  9.386895,40.561329,0
                  9.386894,40.561346,0
                  9.386892,40.561362,0
                  9.386891,40.561378,0
                  9.386889,40.561393,0
                  9.386888,40.561408,0
                  9.386886,40.561423,0
                  9.386884,40.561437,0
                  9.386882,40.561451,0
                  9.38688,40.561465,0
                  9.386878,40.561478,0
                  9.386875,40.561491,0
                  9.386873,40.561503,0
                  9.38687,40.561515,0
                  9.386868,40.561527,0
                  9.386865,40.561538,0
                  9.386862,40.561549,0
                  9.386859,40.56156,0
                  9.386856,40.56157,0
                  9.386852,40.56158,0
                  9.386849,40.561589,0
                  9.386845,40.561598,0
                  9.386841,40.561607,0
                  9.386837,40.561615,0
                  9.386833,40.561624,0
                  9.386829,40.561632,0
                  9.386824,40.561639,0
                  9.38682,40.561647,0
                  9.386815,40.561654,0
                  9.386811,40.56166,0
                  9.386806,40.561667,0
                  9.386801,40.561673,0
                  9.386796,40.561678,0
                  9.386791,40.561684,0
                  9.386786,40.561689,0
                  9.386781,40.561694,0
                  9.386775,40.561698,0
                  9.38677,40.561702,0
                  9.386764,40.561706,0
                  9.386759,40.56171,0
                  9.386753,40.561713,0
                  9.386748,40.561717,0
                  9.386742,40.56172,0
                  9.386736,40.561722,0
                  9.38673,40.561725,0
                  9.386724,40.561727,0
                  9.386718,40.561729,0
                  9.386712,40.56173,0
                  9.386706,40.561732,0
                  9.386699,40.561733,0
                  9.386693,40.561733,0
                  9.386686,40.561734,0
                  9.38668,40.561734,0
                  9.384196,40.561734,0
                  9.384932,40.562533,0
                  9.385005,40.562611,0
                  9.385077,40.562687,0
                  9.385146,40.562762,0
                  9.385213,40.562835,0
                  9.385279,40.562908,0
                  9.385342,40.562979,0
                  9.385404,40.563048,0
                  9.385463,40.563117,0
                  9.385521,40.563184,0
                  9.385576,40.56325,0
                  9.38563,40.563315,0
                  9.385682,40.563378,0
                  9.385732,40.56344,0
                  9.385779,40.563501,0
                  9.385825,40.563561,0
                  9.385869,40.563619,0
                  9.385912,40.563677,0
                  9.385954,40.563735,0
                  9.385994,40.563791,0
                  9.386033,40.563847,0
                  9.38607,40.563903,0
                  9.386107,40.563957,0
                  9.386141,40.564011,0
                  9.386175,40.564064,0
                  9.386207,40.564117,0
                  9.386238,40.564168,0
                  9.386267,40.564219,0
                  9.386295,40.564269,0
                  9.386322,40.564319,0
                  9.386347,40.564368,0
                  9.386371,40.564416,0
                  9.386394,40.564464,0
                  9.386416,40.564512,0
                  9.386437,40.564559,0
                  9.386456,40.564605,0
                  9.386475,40.564652,0
                  9.386492,40.564697,0
                  9.386509,40.564743,0
                  9.386524,40.564788,0
                  9.386538,40.564832,0
                  9.386551,40.564877,0
                  9.386563,40.56492,0
                  9.386574,40.564964,0
                  9.386583,40.565007,0
                  9.386592,40.565049,0
                  9.386599,40.565091,0
                  9.386606,40.565133,0
                  9.386613,40.565176,0
                  9.386618,40.565218,0
                  9.386624,40.56526,0
                  9.386629,40.565303,0
                  9.386633,40.565346,0
                  9.386637,40.565388,0
                  9.38664,40.565431,0
                  9.386643,40.565474,0
                  9.386646,40.565517,0
                  9.386647,40.56556,0
                  9.386649,40.565603,0
                  9.38665,40.565647,0
                  9.38665,40.56569,0
                  9.386649,40.56574,0
                  9.386648,40.565789,0
                  9.386645,40.565837,0
                  9.386641,40.565885,0
                  9.386636,40.565933,0
                  9.386631,40.56598,0
                  9.386624,40.566027,0
                  9.386616,40.566073,0
                  9.386607,40.566119,0
                  9.386596,40.566165,0
                  9.386585,40.56621,0
                  9.386573,40.566254,0
                  9.38656,40.566298,0
                  9.386546,40.566342,0
                  9.38653,40.566385,0
                  9.386514,40.566428,0
                  9.386496,40.56647,0
                  9.386477,40.566511,0
                  9.386458,40.566551,0
                  9.386437,40.566591,0
                  9.386415,40.566629,0
                  9.386392,40.566667,0
                  9.386368,40.566704,0
                  9.386343,40.566741,0
                  9.386316,40.566776,0
                  9.386289,40.566811,0
                  9.38626,40.566845,0
                  9.38623,40.566879,0
                  9.3862,40.566911,0
                  9.386168,40.566943,0
                  9.386134,40.566974,0
                  9.3861,40.567004,0
                  9.386065,40.567033,0
                  9.386028,40.567061,0
                  9.385991,40.567089,0
                  9.385952,40.567115,0
                  9.385912,40.56714,0
                  9.385871,40.567165,0
                  9.385829,40.567188,0
                  9.385786,40.567211,0
                  9.385742,40.567233,0
                  9.385697,40.567253,0
                  9.385651,40.567273,0
                  9.385604,40.567292,0
                  9.385555,40.56731,0
                  9.385506,40.567327,0
                  9.385455,40.567343,0
                  9.385403,40.567358,0
                  9.38535,40.567372,0
                  9.385296,40.567384,0
                  9.385241,40.567395,0
                  9.385184,40.567405,0
                  9.385127,40.567414,0
                  9.385068,40.567422,0
                  9.385009,40.567428,0
                  9.384948,40.567433,0
                  9.384886,40.567438,0
                  9.384823,40.567441,0
                  9.384759,40.567442,0
                  9.384694,40.567443,0
                  9.384653,40.567443,0
                  9.384611,40.567442,0
                  9.38457,40.56744,0
                  9.384529,40.567438,0
                  9.384489,40.567436,0
                  9.384449,40.567433,0
                  9.384408,40.567429,0
                  9.384369,40.567425,0
                  9.384329,40.56742,0
                  9.384289,40.567415,0
                  9.38425,40.56741,0
                  9.384211,40.567403,0
                  9.384172,40.567396,0
                  9.384134,40.567389,0
                  9.384096,40.567381,0
                  9.384057,40.567373,0
                  9.384019,40.567364,0
                  9.383982,40.567355,0
                  9.383945,40.567345,0
                  9.383909,40.567336,0
                  9.383873,40.567326,0
                  9.383837,40.567316,0
                  9.383802,40.567306,0
                  9.383767,40.567295,0
                  9.383733,40.567285,0
                  9.383699,40.567274,0
                  9.383666,40.567263,0
                  9.383633,40.567251,0
                  9.3836,40.56724,0
                  9.383568,40.567228,0
                  9.383537,40.567216,0
                  9.383506,40.567204,0
                  9.383476,40.567192,0
                  9.383446,40.567179,0
                  9.383418,40.567167,0
                  9.38339,40.567155,0
                  9.383362,40.567143,0
                  9.383335,40.56713,0
                  9.383309,40.567118,0
                  9.383284,40.567105,0
                  9.383259,40.567092,0
                  9.383235,40.56708,0
                  9.383211,40.567067,0
                  9.383188,40.567054,0
                  9.383166,40.567041,0
                  9.383145,40.567028,0
                  9.383125,40.567016,0
                  9.383105,40.567004,0
                  9.383087,40.566992,0
                  9.383069,40.566981,0
                  9.383052,40.56697,0
                  9.383037,40.566959,0
                  9.383022,40.566949,0
                  9.383008,40.566938,0
                  9.382994,40.566928,0
                  9.382982,40.566919,0
                  9.382971,40.56691,0
                  9.38296,40.566901,0
                  9.382951,40.566892,0
                  9.382942,40.566884,0
                  9.382934,40.566875,0
                  9.382927,40.566867,0
                  9.382919,40.566859,0
                  9.382912,40.566851,0
                  9.382906,40.566844,0
                  9.3829,40.566836,0
                  9.382894,40.566829,0
                  9.382888,40.566822,0
                  9.382883,40.566815,0
                  9.382878,40.566809,0
                  9.382873,40.566802,0
                  9.382869,40.566796,0
                  9.382864,40.56679,0
                  9.382861,40.566784,0
                  9.382857,40.566778,0
                  9.382854,40.566772,0
                  9.382851,40.566766,0
                  9.382848,40.566759,0
                  9.382845,40.566753,0
                  9.382842,40.566746,0
                  9.382839,40.56674,0
                  9.382836,40.566733,0
                  9.382834,40.566726,0
                  9.382831,40.566719,0
                  9.382829,40.566712,0
                  9.382826,40.566704,0
                  9.382824,40.566697,0
                  9.382822,40.566689,0
                  9.38282,40.566682,0
                  9.382819,40.566674,0
                  9.382817,40.566666,0
                  9.382815,40.566657,0
                  9.382813,40.566649,0
                  9.382811,40.56664,0
                  9.382809,40.566632,0
                  9.382807,40.566623,0
                  9.382806,40.566613,0
                  9.382804,40.566604,0
                  9.382803,40.566595,0
                  9.382801,40.566585,0
                  9.3828,40.566575,0
                  9.382798,40.566565,0
                  9.382797,40.566555,0
                  9.382796,40.566545,0
                  9.382795,40.566535,0
                  9.382794,40.566523,0
                  9.382793,40.566512,0
                  9.382793,40.5665,0
                  9.382792,40.566488,0
                  9.382791,40.566475,0
                  9.382791,40.566463,0
                  9.38279,40.56645,0
                  9.38279,40.566436,0
                  9.38279,40.566422,0
                  9.382789,40.566408,0
                  9.382789,40.566394,0
                  9.382789,40.566379,0
                  9.382789,40.566364,0
                  9.382789,40.566349,0
                  9.382789,40.566333,0
                  9.382789,40.56631,0
                  9.382789,40.566287,0
                  9.382789,40.566265,0
                  9.382789,40.566244,0
                  9.38279,40.566223,0
                  9.38279,40.566202,0
                  9.382791,40.566182,0
                  9.382792,40.566162,0
                  9.382792,40.566143,0
                  9.382793,40.566124,0
                  9.382794,40.566105,0
                  9.382796,40.566088,0
                  9.382797,40.56607,0
                  9.382799,40.566053,0
                  9.3828,40.566037,0
                  9.382802,40.56602,0
                  9.382804,40.566004,0
                  9.382806,40.565989,0
                  9.382808,40.565974,0
                  9.38281,40.56596,0
                  9.382812,40.565946,0
                  9.382814,40.565933,0
                  9.382816,40.56592,0
                  9.382818,40.565907,0
                  9.38282,40.565895,0
                  9.382823,40.565883,0
                  9.382825,40.565872,0
                  9.382827,40.565861,0
                  9.38283,40.565851,0
                  9.382832,40.565841,0
                  9.382835,40.565831,0
                  9.382837,40.565822,0
                  9.38284,40.565814,0
                  9.382843,40.565805,0
                  9.382846,40.565797,0
                  9.38285,40.56579,0
                  9.382853,40.565783,0
                  9.382856,40.565776,0
                  9.38286,40.565769,0
                  9.382864,40.565763,0
                  9.382867,40.565757,0
                  9.382871,40.565752,0
                  9.382875,40.565747,0
                  9.382879,40.565743,0
                  9.382884,40.565739,0
                  9.382888,40.565734,0
                  9.382893,40.565731,0
                  9.382897,40.565727,0
                  9.382902,40.565724,0
                  9.382907,40.565721,0
                  9.382911,40.565718,0
                  9.382916,40.565716,0
                  9.382921,40.565714,0
                  9.382927,40.565712,0
                  9.382932,40.56571,0
                  9.382937,40.565709,0
                  9.382943,40.565708,0
                  9.382948,40.565707,0
                  9.382954,40.565707,0
                  9.38296,40.565707,0
                  9.382969,40.565707,0
                  9.382978,40.565708,0
                  9.382987,40.56571,0
                  9.382997,40.565712,0
                  9.383007,40.565716,0
                  9.383018,40.565719,0
                  9.383029,40.565724,0
                  9.383041,40.56573,0
                  9.383053,40.565736,0
                  9.383065,40.565743,0
                  9.383078,40.56575,0
                  9.383092,40.565758,0
                  9.383106,40.565768,0
                  9.38312,40.565777,0
                  9.383135,40.565788,0
                  9.38315,40.565799,0
                  9.383166,40.565809,0
                  9.383182,40.56582,0
                  9.383199,40.565831,0
                  9.383216,40.565843,0
                  9.383234,40.565854,0
                  9.383252,40.565866,0
                  9.38327,40.565878,0
                  9.38329,40.565889,0
                  9.383309,40.565902,0
                  9.38333,40.565914,0
                  9.38335,40.565926,0
                  9.383372,40.565939,0
                  9.383394,40.565952,0
                  9.383416,40.565965,0
                  9.383438,40.565977,0
                  9.383461,40.56599,0
                  9.383485,40.566002,0
                  9.383509,40.566014,0
                  9.383533,40.566026,0
                  9.383558,40.566038,0
                  9.383584,40.56605,0
                  9.38361,40.566062,0
                  9.383636,40.566073,0
                  9.383663,40.566084,0
                  9.38369,40.566095,0
                  9.383718,40.566106,0
                  9.383747,40.566117,0
                  9.383776,40.566127,0
                  9.383805,40.566138,0
                  9.383835,40.566148,0
                  9.383865,40.566157,0
                  9.383896,40.566166,0
                  9.383928,40.566173,0
                  9.38396,40.566181,0
                  9.383993,40.566187,0
                  9.384026,40.566193,0
                  9.38406,40.566198,0
                  9.384095,40.566203,0
                  9.38413,40.566207,0
                  9.384165,40.56621,0
                  9.384202,40.566212,0
                  9.384238,40.566214,0
                  9.384276,40.566215,0
                  9.384314,40.566215,0
                  9.384341,40.566215,0
                  9.384368,40.566214,0
                  9.384394,40.566213,0
                  9.38442,40.566211,0
                  9.384445,40.566208,0
                  9.38447,40.566205,0
                  9.384494,40.566202,0
                  9.384517,40.566197,0
                  9.384541,40.566193,0
                  9.384563,40.566187,0
                  9.384586,40.566181,0
                  9.384607,40.566175,0
                  9.384628,40.566168,0
                  9.384649,40.56616,0
                  9.384669,40.566152,0
                  9.384689,40.566143,0
                  9.384709,40.566134,0
                  9.384728,40.566124,0
                  9.384746,40.566114,0
                  9.384764,40.566103,0
                  9.384782,40.566092,0
                  9.384799,40.566081,0
                  9.384816,40.566069,0
                  9.384832,40.566057,0
                  9.384848,40.566044,0
                  9.384863,40.566031,0
                  9.384878,40.566017,0
                  9.384893,40.566003,0
                  9.384907,40.565989,0
                  9.38492,40.565974,0
                  9.384933,40.565958,0
                  9.384946,40.565943,0
                  9.384958,40.565927,0
                  9.38497,40.56591,0
                  9.384982,40.565894,0
                  9.384993,40.565877,0
                  9.385003,40.565859,0
                  9.385013,40.565842,0
                  9.385023,40.565824,0
                  9.385032,40.565805,0
                  9.385041,40.565787,0
                  9.385049,40.565768,0
                  9.385057,40.565748,0
                  9.385065,40.565729,0
                  9.385071,40.565709,0
                  9.385078,40.565688,0
                  9.385084,40.565668,0
                  9.38509,40.565647,0
                  9.385096,40.565626,0
                  9.3851,40.565605,0
                  9.385105,40.565584,0
                  9.385109,40.565562,0
                  9.385112,40.565541,0
                  9.385115,40.565519,0
                  9.385118,40.565497,0
                  9.38512,40.565475,0
                  9.385121,40.565453,0
                  9.385122,40.565431,0
                  9.385123,40.565408,0
                  9.385123,40.565386,0
                  9.385123,40.565361,0
                  9.385123,40.565336,0
                  9.385122,40.565311,0
                  9.38512,40.565285,0
                  9.385119,40.565259,0
                  9.385117,40.565233,0
                  9.385114,40.565207,0
                  9.385112,40.565181,0
                  9.385109,40.565154,0
                  9.385105,40.565128,0
                  9.385101,40.565101,0
                  9.385097,40.565074,0
                  9.385092,40.565047,0
                  9.385087,40.565019,0
                  9.385082,40.564992,0
                  9.385076,40.564964,0
                  9.385069,40.564936,0
                  9.385062,40.564908,0
                  9.385055,40.564879,0
                  9.385046,40.56485,0
                  9.385037,40.564821,0
                  9.385028,40.564791,0
                  9.385018,40.564761,0
                  9.385007,40.56473,0
                  9.384995,40.5647,0
                  9.384983,40.564668,0
                  9.384971,40.564637,0
                  9.384957,40.564605,0
                  9.384943,40.564573,0
                  9.384929,40.56454,0
                  9.384913,40.564507,0
                  9.384897,40.564473,0
                  9.38488,40.564439,0
                  9.384863,40.564405,0
                  9.384844,40.56437,0
                  9.384825,40.564334,0
                  9.384805,40.564299,0
                  9.384784,40.564262,0
                  9.384762,40.564226,0
                  9.38474,40.564188,0
                  9.384717,40.564151,0
                  9.384693,40.564113,0
                  9.384668,40.564074,0
                  9.384642,40.564035,0
                  9.384616,40.563996,0
                  9.384589,40.563956,0
                  9.384561,40.563915,0
                  9.384531,40.563874,0
                  9.384501,40.563832,0
                  9.384469,40.56379,0
                  9.384436,40.563747,0
                  9.384402,40.563704,0
                  9.384367,40.56366,0
                  9.384331,40.563615,0
                  9.384293,40.56357,0
                  9.384255,40.563525,0
                  9.384215,40.563478,0
                  9.384174,40.563432,0
                  9.384132,40.563384,0
                  9.384089,40.563336,0
                  9.382997,40.562097,0
                  9.382984,40.562082,0
                  9.382971,40.562068,0
                  9.382959,40.562054,0
                  9.382947,40.56204,0
                  9.382935,40.562027,0
                  9.382924,40.562013,0
                  9.382913,40.562,0
                  9.382902,40.561987,0
                  9.382892,40.561974,0
                  9.382882,40.561961,0
                  9.382872,40.561948,0
                  9.382863,40.561935,0
                  9.382854,40.561922,0
                  9.382845,40.56191,0
                  9.382837,40.561897,0
                  9.382829,40.561885,0
                  9.382822,40.561873,0
                  9.382814,40.561861,0
                  9.382807,40.561849,0
                  9.382799,40.561837,0
                  9.382792,40.561824,0
                  9.382786,40.561812,0
                  9.382779,40.5618,0
                  9.382773,40.561787,0
                  9.382766,40.561775,0
                  9.38276,40.561762,0
                  9.382754,40.56175,0
                  9.382748,40.561737,0
                  9.382743,40.561725,0
                  9.382737,40.561712,0
                  9.382732,40.561699,0
                  9.382727,40.561686,0
                  9.382723,40.561673,0
                  9.382718,40.561659,0
                  9.382714,40.561645,0
                  9.38271,40.561631,0
                  9.382707,40.561617,0
                  9.382703,40.561603,0
                  9.3827,40.561588,0
                  9.382697,40.561573,0
                  9.382694,40.561558,0
                  9.382691,40.561542,0
                  9.382689,40.561527,0
                  9.382687,40.561511,0
                  9.382685,40.561495,0
                  9.382683,40.561478,0
                  9.382681,40.561461,0
                  9.382679,40.561444,0
                  9.382678,40.561426,0
                  9.382676,40.561408,0
                  9.382675,40.56139,0
                  9.382674,40.561371,0
                  9.382673,40.561351,0
                  9.382672,40.561331,0
                  9.382671,40.561311,0
                  9.382671,40.56129,0
                  9.38267,40.561269,0
                  9.38267,40.561247,0
                  9.38267,40.561225,0
                  9.38267,40.561202,0
                  9.38267,40.561178,0
                  9.38267,40.561155,0
                  9.38267,40.561132,0
                  9.382671,40.561111,0
                  9.382672,40.561089,0
                  9.382673,40.561068,0
                  9.382674,40.561048,0
                  9.382676,40.561028,0
                  9.382677,40.561009,0
                  9.382679,40.560991,0
                  9.382681,40.560973,0
                  9.382683,40.560956,0
                  9.382686,40.560939,0
                  9.382689,40.560923,0
                  9.382691,40.560907,0
                  9.382695,40.560892,0
                  9.382698,40.560878,0
                  9.382701,40.560864,0
                  9.382705,40.56085,0
                  9.382709,40.560838,0
                  9.382713,40.560825,0
                  9.382718,40.560813,0
                  9.382723,40.560802,0
                  9.382728,40.560791,0
                  9.382733,40.56078,0
                  9.382738,40.56077,0
                  9.382744,40.56076,0
                  9.38275,40.560751,0
                  9.382756,40.560742,0
                  9.382763,40.560734,0
                  9.382769,40.560726,0
                  9.382776,40.560719,0
                  9.382783,40.560712,0
                  9.382791,40.560706,0
                  9.382798,40.560699,0
                  9.382806,40.560693,0
                  9.382814,40.560688,0
                  9.382823,40.560682,0
                  9.382832,40.560677,0
                  9.382841,40.560673,0
                  9.38285,40.560668,0
                  9.382859,40.560664,0
                  9.382869,40.560661,0
                  9.382879,40.560657,0
                  9.382889,40.560655,0
                  9.3829,40.560652,0
                  9.382911,40.560649,0
                  9.382922,40.560647,0
                  9.382933,40.560645,0
                  9.382944,40.560643,0
                  9.382956,40.560641,0
                  9.382968,40.560639,0
                  9.382981,40.560638,0
                  9.382993,40.560636,0
                  9.383006,40.560635,0
                  9.383019,40.560635,0
                  9.383032,40.560634,0
                  9.383046,40.560633,0
                  9.38306,40.560633,0
                  9.383074,40.560633,0
                  9.3867,40.560633,0
                  9.386707,40.560633,0
                  9.386713,40.560634,0
                  9.386719,40.560634,0
                  9.386725,40.560635,0
                  9.386731,40.560636,0
                  9.386738,40.560638,0
                  9.386743,40.560639,0
                  9.386749,40.560641,0
                  9.386755,40.560643,0
                  9.386761,40.560646,0
                  9.386767,40.560648,0
                  9.386772,40.560651,0
                  9.386778,40.560654,0
                  9.386783,40.560658,0
                  9.386789,40.560662,0
                  9.386793,40.560666,0
                  9.386798,40.56067,0
                  9.386803,40.560675,0
                  9.386808,40.56068,0
                  9.386812,40.560685,0
                  9.386817,40.560691,0
                  9.386821,40.560697,0
                  9.386825,40.560703,0
                  9.386829,40.56071,0
                  9.386833,40.560717,0
                  9.386837,40.560724,0
                  9.386841,40.560732,0
                  9.386845,40.56074,0
                  9.386848,40.560748,0
                  9.386852,40.560757,0
                  9.386855,40.560766,0
                  9.386858,40.560776,0
                  9.386861,40.560786,0
                  9.386863,40.560796,0
                  9.386866,40.560806,0
                  9.386869,40.560817,0
                  9.386872,40.560828,0
                  9.386874,40.56084,0
                  9.386876,40.560852,0
                  9.386879,40.560864,0
                  9.386881,40.560876,0
                  9.386883,40.560889,0
                  9.386885,40.560902,0
                  9.386887,40.560916,0
                  9.386889,40.56093,0
                  9.38689,40.560944,0
                  9.386892,40.560959,0
                  9.386893,40.560974,0
                  9.386894,40.56099,0
                  9.386895,40.561006,0
                  9.386896,40.561022,0
                  9.386897,40.561039,0
                  9.386898,40.561056,0
                  9.386898,40.561074,0
                  9.386899,40.561092,0
                  9.386899,40.56111,0
                  9.3869,40.561129,0
                  9.3869,40.561148,0
                  9.3869,40.561168,0
                  9.3869,40.561188,0
                </coordinates>
              </LinearRing>
            </outerBoundaryIs>
          </Polygon>
          <Polygon>
            <outerBoundaryIs>
              <LinearRing>
                <tessellate>1</tessellate>
                <coordinates>
                  9.36915,40.564345,0
                  9.36915,40.564344,0
                  9.36915,40.564403,0
                  9.36915,40.564462,0
                  9.369149,40.564521,0
                  9.369148,40.564579,0
                  9.369146,40.564637,0
                  9.369145,40.564694,0
                  9.369143,40.564751,0
                  9.36914,40.564808,0
                  9.369137,40.564865,0
                  9.369134,40.564921,0
                  9.369131,40.564977,0
                  9.369127,40.565032,0
                  9.369123,40.565088,0
                  9.369118,40.565142,0
                  9.369114,40.565197,0
                  9.369108,40.565251,0
                  9.369103,40.565305,0
                  9.369097,40.565358,0
                  9.36909,40.56541,0
                  9.369083,40.565463,0
                  9.369075,40.565514,0
                  9.369067,40.565565,0
                  9.369059,40.565616,0
                  9.36905,40.565666,0
                  9.369041,40.565716,0
                  9.369031,40.565765,0
                  9.369021,40.565813,0
                  9.36901,40.565861,0
                  9.368999,40.565909,0
                  9.368987,40.565956,0
                  9.368975,40.566002,0
                  9.368962,40.566049,0
                  9.368948,40.566094,0
                  9.368934,40.566139,0
                  9.36892,40.566183,0
                  9.368904,40.566227,0
                  9.368888,40.56627,0
                  9.368872,40.566313,0
                  9.368854,40.566355,0
                  9.368837,40.566397,0
                  9.368818,40.566437,0
                  9.368799,40.566478,0
                  9.368779,40.566517,0
                  9.368759,40.566556,0
                  9.368738,40.566595,0
                  9.368717,40.566633,0
                  9.368695,40.56667,0
                  9.368672,40.566706,0
                  9.368648,40.566742,0
                  9.368624,40.566777,0
                  9.368599,40.566811,0
                  9.368574,40.566844,0
                  9.368547,40.566877,0
                  9.36852,40.566909,0
                  9.368493,40.56694,0
                  9.368464,40.56697,0
                  9.368435,40.567,0
                  9.368405,40.567029,0
                  9.368375,40.567057,0
                  9.368344,40.567084,0
                  9.368312,40.56711,0
                  9.368279,40.567136,0
                  9.368245,40.567161,0
                  9.368211,40.567185,0
                  9.368176,40.567208,0
                  9.36814,40.56723,0
                  9.368103,40.567252,0
                  9.368065,40.567273,0
                  9.368027,40.567293,0
                  9.367988,40.567312,0
                  9.367947,40.56733,0
                  9.367906,40.567347,0
                  9.367865,40.567364,0
                  9.367822,40.56738,0
                  9.367779,40.567395,0
                  9.367735,40.567409,0
                  9.36769,40.567422,0
                  9.367643,40.567434,0
                  9.367596,40.567445,0
                  9.367548,40.567455,0
                  9.367499,40.567464,0
                  9.367449,40.567472,0
                  9.367398,40.567479,0
                  9.367346,40.567485,0
                  9.367292,40.56749,0
                  9.367238,40.567495,0
                  9.367183,40.567498,0
                  9.367127,40.5675,0
                  9.36707,40.567502,0
                  9.367012,40.567502,0
                  9.366972,40.567502,0
                  9.366972,40.566453,0
                  9.367001,40.566452,0
                  9.367029,40.566451,0
                  9.367057,40.566448,0
                  9.367085,40.566445,0
                  9.367112,40.566441,0
                  9.367138,40.566436,0
                  9.367165,40.566431,0
                  9.36719,40.566425,0
                  9.367215,40.566418,0
                  9.36724,40.566411,0
                  9.367264,40.566402,0
                  9.367288,40.566393,0
                  9.367311,40.566384,0
                  9.367334,40.566373,0
                  9.367356,40.566362,0
                  9.367379,40.566349,0
                  9.367402,40.566335,0
                  9.367424,40.56632,0
                  9.367445,40.566303,0
                  9.367466,40.566286,0
                  9.367487,40.566267,0
                  9.367507,40.566247,0
                  9.367526,40.566226,0
                  9.367545,40.566204,0
                  9.367564,40.56618,0
                  9.367582,40.566156,0
                  9.367599,40.566131,0
                  9.367616,40.566104,0
                  9.367633,40.566076,0
                  9.367649,40.566048,0
                  9.367664,40.566018,0
                  9.367679,40.565986,0
                  9.367693,40.565954,0
                  9.367707,40.565919,0
                  9.36772,40.565884,0
                  9.367733,40.565847,0
                  9.367745,40.565809,0
                  9.367757,40.56577,0
                  9.367768,40.565729,0
                  9.367779,40.565687,0
                  9.367789,40.565643,0
                  9.367799,40.565598,0
                  9.367808,40.565552,0
                  9.367817,40.565505,0
                  9.367825,40.565456,0
                  9.367832,40.565406,0
                  9.367839,40.565355,0
                  9.367845,40.565302,0
                  9.367851,40.565247,0
                  9.367857,40.56519,0
                  9.367862,40.565132,0
                  9.367866,40.565072,0
                  9.36787,40.565011,0
                  9.367873,40.564948,0
                  9.367876,40.564884,0
                  9.367879,40.564817,0
                  9.36788,40.56475,0
                  9.367882,40.56468,0
                  9.367883,40.564609,0
                  9.367883,40.564536,0
                  9.367857,40.564517,0
                  9.36783,40.564498,0
                  9.367803,40.564479,0
                  9.367775,40.564461,0
                  9.367747,40.564444,0
                  9.367718,40.564427,0
                  9.367689,40.564411,0
                  9.367659,40.564395,0
                  9.367628,40.564379,0
                  9.367598,40.564365,0
                  9.367566,40.56435,0
                  9.367534,40.564336,0
                  9.367502,40.564323,0
                  9.367469,40.56431,0
                  9.367436,40.564298,0
                  9.367406,40.564288,0
                  9.367377,40.564278,0
                  9.367347,40.564269,0
                  9.367317,40.564261,0
                  9.367287,40.564253,0
                  9.367256,40.564246,0
                  9.367225,40.56424,0
                  9.367194,40.564234,0
                  9.367163,40.564228,0
                  9.367132,40.564224,0
                  9.3671,40.56422,0
                  9.367068,40.564216,0
                  9.367036,40.564213,0
                  9.367004,40.564211,0
                  9.366971,40.564209,0
                  9.366971,40.56319,0
                  9.367,40.563193,0
                  9.367028,40.563198,0
                  9.367056,40.563202,0
                  9.367084,40.563207,0
                  9.367112,40.563212,0
                  9.367139,40.563217,0
                  9.367166,40.563223,0
                  9.367192,40.563229,0
                  9.367219,40.563236,0
                  9.367245,40.563242,0
                  9.36727,40.56325,0
                  9.367296,40.563257,0
                  9.367321,40.563265,0
                  9.367346,40.563273,0
                  9.367371,40.563281,0
                  9.367413,40.563296,0
                  9.367454,40.563312,0
                  9.367494,40.563327,0
                  9.367533,40.563343,0
                  9.367572,40.56336,0
                  9.36761,40.563377,0
                  9.367647,40.563394,0
                  9.367683,40.563411,0
                  9.367718,40.563429,0
                  9.367753,40.563447,0
                  9.367786,40.563465,0
                  9.367819,40.563484,0
                  9.367851,40.563503,0
                  9.367882,40.563523,0
                  9.367913,40.563543,0
                  9.367911,40.563492,0
                  9.367909,40.563441,0
                  9.367906,40.563391,0
                  9.367902,40.563341,0
                  9.367898,40.563291,0
                  9.367893,40.563242,0
                  9.367887,40.563193,0
                  9.367881,40.563144,0
                  9.367874,40.563095,0
                  9.367866,40.563047,0
                  9.367858,40.563,0
                  9.36785,40.562952,0
                  9.36784,40.562905,0
                  9.36783,40.562858,0
                  9.36782,40.562812,0
                  9.367808,40.562766,0
                  9.367795,40.562721,0
                  9.367782,40.562676,0
                  9.367768,40.562633,0
                  9.367753,40.56259,0
                  9.367738,40.562547,0
                  9.367721,40.562506,0
                  9.367704,40.562465,0
                  9.367686,40.562425,0
                  9.367667,40.562385,0
                  9.367647,40.562347,0
                  9.367627,40.562309,0
                  9.367605,40.562272,0
                  9.367583,40.562235,0
                  9.36756,40.562199,0
                  9.367536,40.562165,0
                  9.367511,40.562131,0
                  9.367485,40.562098,0
                  9.367458,40.562066,0
                  9.36743,40.562035,0
                  9.367401,40.562005,0
                  9.367371,40.561976,0
                  9.367341,40.561948,0
                  9.367309,40.561921,0
                  9.367277,40.561895,0
                  9.367244,40.56187,0
                  9.367209,40.561846,0
                  9.367174,40.561823,0
                  9.367138,40.561801,0
                  9.367101,40.561779,0
                  9.367062,40.561759,0
                  9.367023,40.561741,0
                  9.366982,40.561723,0
                  9.36694,40.561707,0
                  9.366898,40.561693,0
                  9.366854,40.56168,0
                  9.366808,40.561668,0
                  9.366762,40.561658,0
                  9.366715,40.561649,0
                  9.366666,40.561641,0
                  9.366617,40.561635,0
                  9.366566,40.56163,0
                  9.366514,40.561627,0
                  9.366461,40.561625,0
                  9.366407,40.561624,0
                  9.366376,40.561624,0
                  9.366344,40.561625,0
                  9.366313,40.561626,0
                  9.366283,40.561627,0
                  9.366252,40.561628,0
                  9.366223,40.56163,0
                  9.366193,40.561632,0
                  9.366164,40.561635,0
                  9.366135,40.561637,0
                  9.366107,40.561641,0
                  9.366079,40.561644,0
                  9.366052,40.561648,0
                  9.366025,40.561652,0
                  9.365998,40.561656,0
                  9.365972,40.561661,0
                  9.365946,40.561666,0
                  9.365921,40.561671,0
                  9.365895,40.561676,0
                  9.365871,40.561681,0
                  9.365846,40.561686,0
                  9.365822,40.561691,0
                  9.365799,40.561697,0
                  9.365775,40.561702,0
                  9.365753,40.561708,0
                  9.36573,40.561713,0
                  9.365708,40.561719,0
                  9.365686,40.561725,0
                  9.365664,40.561731,0
                  9.365643,40.561737,0
                  9.365623,40.561743,0
                  9.365602,40.561749,0
                  9.365582,40.561755,0
                  9.365562,40.561761,0
                  9.365543,40.561767,0
                  9.365525,40.561773,0
                  9.365506,40.561779,0
                  9.365489,40.561785,0
                  9.365471,40.56179,0
                  9.365454,40.561796,0
                  9.365438,40.561801,0
                  9.365422,40.561806,0
                  9.365406,40.561811,0
                  9.365391,40.561816,0
                  9.365376,40.561821,0
                  9.365361,40.561826,0
                  9.365347,40.56183,0
                  9.365334,40.561835,0
                  9.36532,40.561839,0
                  9.365307,40.561843,0
                  9.365295,40.561846,0
                  9.365283,40.56185,0
                  9.365271,40.561852,0
                  9.36526,40.561855,0
                  9.36525,40.561857,0
                  9.365239,40.561859,0
                  9.36523,40.56186,0
                  9.36522,40.561861,0
                  9.365211,40.561862,0
                  9.365203,40.561863,0
                  9.365195,40.561863,0
                  9.365189,40.561863,0
                  9.365183,40.561862,0
                  9.365178,40.561862,0
                  9.365172,40.561861,0
                  9.365167,40.561861,0
                  9.365161,40.56186,0
                  9.365156,40.561858,0
                  9.365151,40.561857,0
                  9.365146,40.561856,0
                  9.365141,40.561854,0
                  9.365136,40.561853,0
                  9.365132,40.561851,0
                  9.365127,40.561849,0
                  9.365123,40.561847,0
                  9.365118,40.561845,0
                  9.365114,40.561842,0
                  9.36511,40.561839,0
                  9.365107,40.561836,0
                  9.365103,40.561832,0
                  9.365099,40.561828,0
                  9.365095,40.561824,0
                  9.365092,40.561819,0
                  9.365088,40.561814,0
                  9.365084,40.561809,0
                  9.365081,40.561803,0
                  9.365078,40.561797,0
                  9.365074,40.56179,0
                  9.365071,40.561784,0
                  9.365068,40.561776,0
                  9.365065,40.561769,0
                  9.365062,40.561761,0
                  9.365059,40.561753,0
                  9.365057,40.561745,0
                  9.365054,40.561736,0
                  9.365052,40.561726,0
                  9.365049,40.561716,0
                  9.365047,40.561706,0
                  9.365045,40.561695,0
                  9.365043,40.561684,0
                  9.365042,40.561672,0
                  9.36504,40.56166,0
                  9.365039,40.561648,0
                  9.365037,40.561635,0
                  9.365036,40.561622,0
                  9.365035,40.561608,0
                  9.365034,40.561594,0
                  9.365033,40.56158,0
                  9.365033,40.561565,0
                  9.365032,40.561549,0
                  9.365031,40.561532,0
                  9.365031,40.561516,0
                  9.36503,40.561498,0
                  9.36503,40.56148,0
                  9.36503,40.561461,0
                  9.365029,40.561442,0
                  9.365029,40.561421,0
                  9.365029,40.561401,0
                  9.365029,40.561379,0
                  9.365029,40.561357,0
                  9.365029,40.561335,0
                  9.365029,40.56131,0
                  9.365029,40.561287,0
                  9.36503,40.561264,0
                  9.36503,40.561242,0
                  9.365031,40.56122,0
                  9.365033,40.561199,0
                  9.365034,40.561179,0
                  9.365036,40.56116,0
                  9.365038,40.561141,0
                  9.36504,40.561123,0
                  9.365042,40.561106,0
                  9.365044,40.56109,0
                  9.365047,40.561074,0
                  9.36505,40.561059,0
                  9.365053,40.561045,0
                  9.365057,40.561032,0
                  9.36506,40.561019,0
                  9.365064,40.561006,0
                  9.365068,40.560994,0
                  9.365072,40.560982,0
                  9.365077,40.560971,0
                  9.365082,40.56096,0
                  9.365087,40.56095,0
                  9.365093,40.56094,0
                  9.365098,40.56093,0
                  9.365104,40.560921,0
                  9.365111,40.560912,0
                  9.365118,40.560904,0
                  9.365124,40.560896,0
                  9.365132,40.560888,0
                  9.365139,40.560881,0
                  9.365147,40.560874,0
                  9.365156,40.560867,0
                  9.365165,40.56086,0
                  9.365174,40.560853,0
                  9.365185,40.560846,0
                  9.365196,40.560839,0
                  9.365207,40.560832,0
                  9.365219,40.560825,0
                  9.365232,40.560818,0
                  9.365246,40.56081,0
                  9.36526,40.560803,0
                  9.365274,40.560796,0
                  9.365289,40.560789,0
                  9.365305,40.560782,0
                  9.365321,40.560775,0
                  9.365338,40.560769,0
                  9.365355,40.560762,0
                  9.365372,40.560755,0
                  9.36539,40.560749,0
                  9.365409,40.560742,0
                  9.365428,40.560735,0
                  9.365447,40.560729,0
                  9.365467,40.560722,0
                  9.365487,40.560716,0
                  9.365507,40.560709,0
                  9.365528,40.560703,0
                  9.36555,40.560696,0
                  9.365572,40.56069,0
                  9.365594,40.560683,0
                  9.365617,40.560677,0
                  9.365641,40.560671,0
                  9.365664,40.560666,0
                  9.365688,40.56066,0
                  9.365712,40.560655,0
                  9.365737,40.560649,0
                  9.365762,40.560644,0
                  9.365787,40.560639,0
                  9.365812,40.560634,0
                  9.365838,40.560629,0
                  9.365864,40.560624,0
                  9.365891,40.56062,0
                  9.365917,40.560615,0
                  9.365944,40.560611,0
                  9.365972,40.560607,0
                  9.366,40.560603,0
                  9.366028,40.560599,0
                  9.366055,40.560596,0
                  9.366083,40.560592,0
                  9.366111,40.56059,0
                  9.366139,40.560587,0
                  9.366167,40.560584,0
                  9.366194,40.560582,0
                  9.366222,40.56058,0
                  9.36625,40.560579,0
                  9.366278,40.560578,0
                  9.366305,40.560577,0
                  9.366333,40.560576,0
                  9.366361,40.560576,0
                  9.366389,40.560575,0
                  9.366468,40.560576,0
                  9.366545,40.560578,0
                  9.366621,40.560582,0
                  9.366695,40.560587,0
                  9.366768,40.560594,0
                  9.36684,40.560602,0
                  9.36691,40.560611,0
                  9.366979,40.560623,0
                  9.367046,40.560635,0
                  9.367112,40.560649,0
                  9.367176,40.560665,0
                  9.36724,40.560682,0
                  9.367301,40.5607,0
                  9.367361,40.56072,0
                  9.36742,40.560742,0
                  9.367478,40.560764,0
                  9.367534,40.560788,0
                  9.36759,40.560812,0
                  9.367644,40.560838,0
                  9.367697,40.560865,0
                  9.367749,40.560892,0
                  9.367799,40.560921,0
                  9.367849,40.560951,0
                  9.367897,40.560982,0
                  9.367944,40.561014,0
                  9.36799,40.561047,0
                  9.368035,40.561081,0
                  9.368078,40.561115,0
                  9.368121,40.561151,0
                  9.368162,40.561188,0
                  9.368202,40.561226,0
                  9.368241,40.561265,0
                  9.368279,40.561305,0
                  9.368316,40.561345,0
                  9.368353,40.561386,0
                  9.368388,40.561429,0
                  9.368422,40.561472,0
                  9.368455,40.561516,0
                  9.368487,40.561561,0
                  9.368518,40.561606,0
                  9.368548,40.561653,0
                  9.368578,40.5617,0
                  9.368606,40.561748,0
                  9.368633,40.561797,0
                  9.368659,40.561847,0
                  9.368685,40.561897,0
                  9.368709,40.561948,0
                  9.368733,40.562,0
                  9.368757,40.562051,0
                  9.368779,40.562103,0
                  9.368801,40.562155,0
                  9.368822,40.562208,0
                  9.368842,40.562261,0
                  9.368861,40.562315,0
                  9.36888,40.562368,0
                  9.368898,40.562423,0
                  9.368915,40.562477,0
                  9.368931,40.562532,0
                  9.368947,40.562587,0
                  9.368962,40.562643,0
                  9.368976,40.562699,0
                  9.36899,40.562755,0
                  9.369003,40.562811,0
                  9.369015,40.562867,0
                  9.369027,40.562924,0
                  9.369038,40.562981,0
                  9.369049,40.563038,0
                  9.369059,40.563095,0
                  9.369068,40.563152,0
                  9.369077,40.56321,0
                  9.369085,40.563267,0
                  9.369093,40.563325,0
                  9.3691,40.563383,0
                  9.369106,40.563441,0
                  9.369111,40.563499,0
                  9.369116,40.563557,0
                  9.369121,40.563615,0
                  9.369125,40.563673,0
                  9.369129,40.56373,0
                  9.369133,40.563787,0
                  9.369136,40.563844,0
                  9.369139,40.563901,0
                  9.369141,40.563957,0
                  9.369144,40.564013,0
                  9.369146,40.564069,0
                  9.369147,40.564125,0
                  9.369148,40.56418,0
                  9.369149,40.564235,0
                  9.36915,40.56429,0
                  9.36915,40.564345,0
                </coordinates>
              </LinearRing>
            </outerBoundaryIs>
          </Polygon>
          <Polygon>
            <outerBoundaryIs>
              <LinearRing>
                <tessellate>1</tessellate>
                <coordinates>
                  9.382122,40.561151,0
                  9.382122,40.56115,0
                  9.382122,40.56117,0
                  9.382122,40.561189,0
                  9.382122,40.561208,0
                  9.382122,40.561226,0
                  9.382121,40.561244,0
                  9.382121,40.561261,0
                  9.38212,40.561278,0
                  9.382119,40.561295,0
                  9.382119,40.561311,0
                  9.382118,40.561327,0
                  9.382117,40.561343,0
                  9.382115,40.561358,0
                  9.382114,40.561373,0
                  9.382113,40.561387,0
                  9.382111,40.561401,0
                  9.382109,40.561414,0
                  9.382107,40.561427,0
                  9.382105,40.561439,0
                  9.382103,40.561452,0
                  9.382101,40.561463,0
                  9.382099,40.561475,0
                  9.382096,40.561486,0
                  9.382094,40.561497,0
                  9.382091,40.561507,0
                  9.382088,40.561517,0
                  9.382085,40.561527,0
                  9.382082,40.561537,0
                  9.382078,40.561546,0
                  9.382075,40.561555,0
                  9.382071,40.561563,0
                  9.382067,40.561571,0
                  9.382064,40.561579,0
                  9.38206,40.561586,0
                  9.382056,40.561594,0
                  9.382052,40.561601,0
                  9.382048,40.561607,0
                  9.382044,40.561613,0
                  9.38204,40.561619,0
                  9.382036,40.561625,0
                  9.382031,40.561631,0
                  9.382027,40.561636,0
                  9.382022,40.561641,0
                  9.382018,40.561645,0
                  9.382013,40.561649,0
                  9.382008,40.561653,0
                  9.382003,40.561657,0
                  9.381998,40.561661,0
                  9.381993,40.561664,0
                  9.381987,40.561667,0
                  9.381982,40.56167,0
                  9.381977,40.561672,0
                  9.381971,40.561674,0
                  9.381966,40.561676,0
                  9.381961,40.561677,0
                  9.381955,40.561679,0
                  9.381949,40.56168,0
                  9.381944,40.561681,0
                  9.381938,40.561681,0
                  9.381932,40.561682,0
                  9.381926,40.561682,0
                  9.380895,40.561682,0
                  9.380895,40.567209,0
                  9.380895,40.567216,0
                  9.380895,40.567222,0
                  9.380894,40.567228,0
                  9.380894,40.567234,0
                  9.380893,40.567239,0
                  9.380892,40.567245,0
                  9.380891,40.56725,0
                  9.380889,40.567255,0
                  9.380888,40.56726,0
                  9.380886,40.567265,0
                  9.380884,40.56727,0
                  9.380882,40.567274,0
                  9.38088,40.567279,0
                  9.380877,40.567283,0
                  9.380875,40.567287,0
                  9.380872,40.567291,0
                  9.380869,40.567295,0
                  9.380865,40.567299,0
                  9.380861,40.567303,0
                  9.380857,40.567307,0
                  9.380853,40.56731,0
                  9.380848,40.567314,0
                  9.380843,40.567317,0
                  9.380837,40.56732,0
                  9.380831,40.567323,0
                  9.380825,40.567326,0
                  9.380819,40.567329,0
                  9.380812,40.567332,0
                  9.380804,40.567334,0
                  9.380797,40.567337,0
                  9.380789,40.567339,0
                  9.38078,40.567342,0
                  9.380771,40.567344,0
                  9.380762,40.567346,0
                  9.380752,40.567348,0
                  9.380741,40.56735,0
                  9.38073,40.567352,0
                  9.380718,40.567354,0
                  9.380706,40.567355,0
                  9.380694,40.567357,0
                  9.380681,40.567358,0
                  9.380667,40.56736,0
                  9.380653,40.567361,0
                  9.380638,40.567362,0
                  9.380623,40.567363,0
                  9.380608,40.567364,0
                  9.380592,40.567365,0
                  9.380575,40.567366,0
                  9.380557,40.567367,0
                  9.380539,40.567367,0
                  9.38052,40.567368,0
                  9.380501,40.567369,0
                  9.380481,40.567369,0
                  9.380461,40.567369,0
                  9.380439,40.56737,0
                  9.380418,40.56737,0
                  9.380395,40.56737,0
                  9.380372,40.56737,0
                  9.380348,40.56737,0
                  9.380324,40.56737,0
                  9.380304,40.56737,0
                  9.380285,40.56737,0
                  9.380266,40.56737,0
                  9.380247,40.56737,0
                  9.380229,40.56737,0
                  9.380212,40.56737,0
                  9.380195,40.56737,0
                  9.380178,40.56737,0
                  9.380163,40.56737,0
                  9.380147,40.56737,0
                  9.380132,40.56737,0
                  9.380118,40.567369,0
                  9.380104,40.567369,0
                  9.380091,40.567369,0
                  9.380078,40.567369,0
                  9.380065,40.567368,0
                  9.380053,40.567368,0
                  9.380041,40.567367,0
                  9.38003,40.567367,0
                  9.380018,40.567366,0
                  9.380008,40.567366,0
                  9.379997,40.567365,0
                  9.379987,40.567364,0
                  9.379977,40.567364,0
                  9.379967,40.567363,0
                  9.379958,40.567362,0
                  9.379949,40.567361,0
                  9.379941,40.56736,0
                  9.379933,40.567359,0
                  9.379925,40.567358,0
                  9.379917,40.567357,0
                  9.379909,40.567356,0
                  9.379902,40.567355,0
                  9.379894,40.567353,0
                  9.379887,40.567352,0
                  9.379881,40.567351,0
                  9.379874,40.567349,0
                  9.379868,40.567348,0
                  9.379861,40.567346,0
                  9.379855,40.567345,0
                  9.37985,40.567343,0
                  9.379844,40.567342,0
                  9.379839,40.56734,0
                  9.379833,40.567338,0
                  9.379828,40.567337,0
                  9.379824,40.567335,0
                  9.379819,40.567333,0
                  9.379815,40.567331,0
                  9.37981,40.567329,0
                  9.379806,40.567327,0
                  9.379802,40.567325,0
                  9.379798,40.567323,0
                  9.379794,40.567321,0
                  9.37979,40.567318,0
                  9.379786,40.567316,0
                  9.379782,40.567314,0
                  9.379779,40.567311,0
                  9.379775,40.567308,0
                  9.379772,40.567306,0
                  9.379768,40.567303,0
                  9.378415,40.566373,0
                  9.378407,40.566367,0
                  9.3784,40.566362,0
                  9.378393,40.566356,0
                  9.378386,40.566351,0
                  9.378379,40.566345,0
                  9.378372,40.56634,0
                  9.378366,40.566335,0
                  9.37836,40.56633,0
                  9.378354,40.566325,0
                  9.378348,40.56632,0
                  9.378343,40.566315,0
                  9.378337,40.56631,0
                  9.378332,40.566305,0
                  9.378328,40.5663,0
                  9.378323,40.566295,0
                  9.378319,40.56629,0
                  9.378314,40.566285,0
                  9.37831,40.56628,0
                  9.378306,40.566274,0
                  9.378302,40.566269,0
                  9.378298,40.566263,0
                  9.378294,40.566257,0
                  9.378291,40.566251,0
                  9.378287,40.566244,0
                  9.378284,40.566238,0
                  9.378281,40.566231,0
                  9.378278,40.566224,0
                  9.378275,40.566217,0
                  9.378273,40.566209,0
                  9.37827,40.566201,0
                  9.378268,40.566194,0
                  9.378265,40.566186,0
                  9.378263,40.566178,0
                  9.378261,40.56617,0
                  9.378259,40.566161,0
                  9.378257,40.566153,0
                  9.378255,40.566144,0
                  9.378253,40.566135,0
                  9.378252,40.566125,0
                  9.37825,40.566116,0
                  9.378249,40.566106,0
                  9.378248,40.566096,0
                  9.378247,40.566086,0
                  9.378246,40.566076,0
                  9.378245,40.566065,0
                  9.378245,40.566055,0
                  9.378244,40.566044,0
                  9.378244,40.566032,0
                  9.378243,40.56602,0
                  9.378243,40.566007,0
                  9.378242,40.565995,0
                  9.378242,40.565981,0
                  9.378242,40.565968,0
                  9.378241,40.565954,0
                  9.378241,40.565939,0
                  9.378241,40.565924,0
                  9.378241,40.565909,0
                  9.378241,40.565893,0
                  9.378241,40.565877,0
                  9.378241,40.565861,0
                  9.378241,40.565835,0
                  9.378241,40.56581,0
                  9.378241,40.565786,0
                  9.378242,40.565762,0
                  9.378242,40.56574,0
                  9.378243,40.565718,0
                  9.378244,40.565697,0
                  9.378245,40.565676,0
                  9.378246,40.565657,0
                  9.378247,40.565638,0
                  9.378249,40.56562,0
                  9.37825,40.565602,0
                  9.378252,40.565586,0
                  9.378254,40.56557,0
                  9.378255,40.565555,0
                  9.378258,40.565541,0
                  9.37826,40.565528,0
                  9.378262,40.565515,0
                  9.378265,40.565502,0
                  9.378268,40.565491,0
                  9.378271,40.56548,0
                  9.378275,40.565469,0
                  9.378278,40.565459,0
                  9.378282,40.565449,0
                  9.378286,40.56544,0
                  9.378291,40.565432,0
                  9.378295,40.565424,0
                  9.3783,40.565417,0
                  9.378305,40.56541,0
                  9.37831,40.565404,0
                  9.378316,40.565398,0
                  9.378322,40.565393,0
                  9.378328,40.565388,0
                  9.378335,40.565384,0
                  9.378342,40.56538,0
                  9.378349,40.565377,0
                  9.378356,40.565375,0
                  9.378363,40.565373,0
                  9.378371,40.565371,0
                  9.378379,40.56537,0
                  9.378387,40.56537,0
                  9.378396,40.56537,0
                  9.378405,40.56537,0
                  9.378414,40.565371,0
                  9.378424,40.565372,0
                  9.378433,40.565374,0
                  9.378443,40.565376,0
                  9.378453,40.565379,0
                  9.378464,40.565382,0
                  9.378475,40.565386,0
                  9.378486,40.56539,0
                  9.378498,40.565394,0
                  9.37851,40.565399,0
                  9.378523,40.565404,0
                  9.378536,40.56541,0
                  9.378549,40.565416,0
                  9.378562,40.565422,0
                  9.378576,40.565428,0
                  9.37859,40.565435,0
                  9.378605,40.565443,0
                  9.379618,40.566036,0
                  9.379618,40.561682,0
                  9.37844,40.561682,0
                  9.378435,40.561682,0
                  9.378429,40.561682,0
                  9.378424,40.561681,0
                  9.378418,40.56168,0
                  9.378413,40.561679,0
                  9.378407,40.561678,0
                  9.378402,40.561676,0
                  9.378397,40.561674,0
                  9.378392,40.561672,0
                  9.378387,40.56167,0
                  9.378382,40.561667,0
                  9.378377,40.561664,0
                  9.378373,40.561661,0
                  9.378368,40.561658,0
                  9.378364,40.561654,0
                  9.378359,40.56165,0
                  9.378355,40.561645,0
                  9.37835,40.561641,0
                  9.378346,40.561636,0
                  9.378342,40.561631,0
                  9.378337,40.561625,0
                  9.378333,40.56162,0
                  9.378329,40.561614,0
                  9.378325,40.561607,0
                  9.378321,40.561601,0
                  9.378317,40.561594,0
                  9.378313,40.561587,0
                  9.37831,40.561579,0
                  9.378306,40.561572,0
                  9.378302,40.561564,0
                  9.378298,40.561555,0
                  9.378295,40.561546,0
                  9.378292,40.561537,0
                  9.378289,40.561527,0
                  9.378286,40.561518,0
                  9.378283,40.561508,0
                  9.37828,40.561497,0
                  9.378277,40.561486,0
                  9.378275,40.561475,0
                  9.378272,40.561464,0
                  9.37827,40.561452,0
                  9.378268,40.56144,0
                  9.378266,40.561427,0
                  9.378264,40.561414,0
                  9.378262,40.561401,0
                  9.378261,40.561387,0
                  9.378259,40.561373,0
                  9.378258,40.561358,0
                  9.378257,40.561343,0
                  9.378256,40.561328,0
                  9.378255,40.561312,0
                  9.378254,40.561296,0
                  9.378253,40.561279,0
                  9.378253,40.561262,0
                  9.378252,40.561244,0
                  9.378252,40.561226,0
                  9.378251,40.561208,0
                  9.378251,40.561189,0
                  9.378251,40.56117,0
                  9.378251,40.561151,0
                  9.378251,40.561131,0
                  9.378251,40.561113,0
                  9.378251,40.561094,0
                  9.378252,40.561076,0
                  9.378253,40.561059,0
                  9.378253,40.561042,0
                  9.378254,40.561025,0
                  9.378255,40.561009,0
                  9.378256,40.560993,0
                  9.378258,40.560977,0
                  9.378259,40.560962,0
                  9.378261,40.560947,0
                  9.378262,40.560933,0
                  9.378264,40.560919,0
                  9.378266,40.560905,0
                  9.378268,40.560892,0
                  9.37827,40.560879,0
                  9.378272,40.560867,0
                  9.378274,40.560854,0
                  9.378277,40.560842,0
                  9.378279,40.560831,0
                  9.378282,40.56082,0
                  9.378285,40.560809,0
                  9.378288,40.560799,0
                  9.378291,40.560789,0
                  9.378294,40.560779,0
                  9.378297,40.56077,0
                  9.3783,40.560761,0
                  9.378304,40.560753,0
                  9.378307,40.560745,0
                  9.378311,40.560737,0
                  9.378315,40.560729,0
                  9.378318,40.560722,0
                  9.378322,40.560715,0
                  9.378326,40.560708,0
                  9.37833,40.560702,0
                  9.378334,40.560696,0
                  9.378338,40.56069,0
                  9.378342,40.560685,0
                  9.378346,40.56068,0
                  9.37835,40.560675,0
                  9.378354,40.560671,0
                  9.378358,40.560667,0
                  9.378363,40.560663,0
                  9.378367,40.56066,0
                  9.378372,40.560656,0
                  9.378376,40.560653,0
                  9.378381,40.56065,0
                  9.378386,40.560648,0
                  9.378391,40.560645,0
                  9.378395,40.560643,0
                  9.3784,40.560641,0
                  9.378405,40.560639,0
                  9.37841,40.560638,0
                  9.378415,40.560636,0
                  9.37842,40.560635,0
                  9.378425,40.560635,0
                  9.37843,40.560634,0
                  9.378435,40.560634,0
                  9.37844,40.560634,0
                  9.381927,40.560634,0
                  9.381933,40.560634,0
                  9.381939,40.560634,0
                  9.381944,40.560635,0
                  9.38195,40.560635,0
                  9.381955,40.560636,0
                  9.38196,40.560638,0
                  9.381966,40.560639,0
                  9.381971,40.560641,0
                  9.381976,40.560643,0
                  9.381981,40.560645,0
                  9.381986,40.560648,0
                  9.381991,40.56065,0
                  9.381996,40.560653,0
                  9.382001,40.560656,0
                  9.382006,40.56066,0
                  9.38201,40.560663,0
                  9.382014,40.560667,0
                  9.382018,40.560671,0
                  9.382023,40.560675,0
                  9.382027,40.56068,0
                  9.382031,40.560685,0
                  9.382035,40.56069,0
                  9.382039,40.560696,0
                  9.382043,40.560702,0
                  9.382047,40.560708,0
                  9.382051,40.560715,0
                  9.382055,40.560722,0
                  9.382058,40.560729,0
                  9.382062,40.560737,0
                  9.382065,40.560745,0
                  9.382069,40.560753,0
                  9.382072,40.560761,0
                  9.382076,40.56077,0
                  9.382079,40.560779,0
                  9.382082,40.560789,0
                  9.382085,40.560799,0
                  9.382088,40.560809,0
                  9.38209,40.56082,0
                  9.382093,40.560831,0
                  9.382096,40.560842,0
                  9.382098,40.560854,0
                  9.3821,40.560867,0
                  9.382103,40.560879,0
                  9.382105,40.560892,0
                  9.382107,40.560905,0
                  9.382109,40.560919,0
                  9.38211,40.560933,0
                  9.382112,40.560947,0
                  9.382114,40.560962,0
                  9.382115,40.560977,0
                  9.382116,40.560993,0
                  9.382117,40.561009,0
                  9.382118,40.561025,0
                  9.382119,40.561042,0
                  9.38212,40.561059,0
                  9.382121,40.561076,0
                  9.382121,40.561094,0
                  9.382122,40.561113,0
                  9.382122,40.561131,0
                  9.382122,40.561151,0
                </coordinates>
              </LinearRing>
            </outerBoundaryIs>
          </Polygon>
          <Polygon>
            <outerBoundaryIs>
              <LinearRing>
                <tessellate>1</tessellate>
                <coordinates>
                  9.366834,40.563177,0
                  9.366834,40.56421,0
                  9.36681,40.564212,0
                  9.366786,40.564213,0
                  9.366762,40.564216,0
                  9.366739,40.564218,0
                  9.366716,40.564221,0
                  9.366693,40.564225,0
                  9.366671,40.564229,0
                  9.36665,40.564233,0
                  9.366629,40.564238,0
                  9.366608,40.564243,0
                  9.366588,40.564249,0
                  9.366568,40.564255,0
                  9.366549,40.564262,0
                  9.36653,40.564269,0
                  9.366511,40.564276,0
                  9.36649,40.564285,0
                  9.366469,40.564295,0
                  9.366449,40.564305,0
                  9.366429,40.564316,0
                  9.36641,40.564328,0
                  9.366392,40.56434,0
                  9.366374,40.564353,0
                  9.366356,40.564366,0
                  9.366339,40.56438,0
                  9.366323,40.564395,0
                  9.366307,40.564411,0
                  9.366292,40.564427,0
                  9.366278,40.564443,0
                  9.366263,40.564461,0
                  9.36625,40.564479,0
                  9.366237,40.564497,0
                  9.366224,40.564516,0
                  9.366212,40.564536,0
                  9.3662,40.564556,0
                  9.366189,40.564577,0
                  9.366178,40.564599,0
                  9.366168,40.564621,0
                  9.366158,40.564644,0
                  9.366149,40.564668,0
                  9.36614,40.564692,0
                  9.366132,40.564717,0
                  9.366124,40.564742,0
                  9.366117,40.564769,0
                  9.36611,40.564796,0
                  9.366104,40.564823,0
                  9.366097,40.564851,0
                  9.366092,40.564879,0
                  9.366087,40.564908,0
                  9.366082,40.564938,0
                  9.366077,40.564968,0
                  9.366074,40.564999,0
                  9.36607,40.56503,0
                  9.366067,40.565063,0
                  9.366064,40.565095,0
                  9.366062,40.565128,0
                  9.36606,40.565162,0
                  9.366059,40.565197,0
                  9.366058,40.565232,0
                  9.366057,40.565267,0
                  9.366057,40.565303,0
                  9.366057,40.565337,0
                  9.366058,40.56537,0
                  9.366059,40.565402,0
                  9.366061,40.565434,0
                  9.366063,40.565466,0
                  9.366066,40.565498,0
                  9.366069,40.565529,0
                  9.366072,40.56556,0
                  9.366076,40.56559,0
                  9.366081,40.56562,0
                  9.366086,40.56565,0
                  9.366091,40.565679,0
                  9.366097,40.565708,0
                  9.366104,40.565737,0
                  9.36611,40.565766,0
                  9.366118,40.565794,0
                  9.366126,40.565821,0
                  9.366135,40.565848,0
                  9.366144,40.565874,0
                  9.366153,40.5659,0
                  9.366163,40.565925,0
                  9.366174,40.56595,0
                  9.366185,40.565974,0
                  9.366196,40.565998,0
                  9.366208,40.566021,0
                  9.36622,40.566044,0
                  9.366233,40.566067,0
                  9.366247,40.566089,0
                  9.366261,40.56611,0
                  9.366275,40.566131,0
                  9.36629,40.566151,0
                  9.366305,40.566171,0
                  9.366321,40.56619,0
                  9.366338,40.566208,0
                  9.366355,40.566226,0
                  9.366372,40.566243,0
                  9.36639,40.566259,0
                  9.366408,40.566275,0
                  9.366427,40.566291,0
                  9.366446,40.566305,0
                  9.366466,40.566319,0
                  9.366487,40.566333,0
                  9.366508,40.566346,0
                  9.366529,40.566358,0
                  9.366551,40.566369,0
                  9.366568,40.566378,0
                  9.366585,40.566385,0
                  9.366602,40.566393,0
                  9.36662,40.5664,0
                  9.366638,40.566406,0
                  9.366656,40.566413,0
                  9.366675,40.566418,0
                  9.366694,40.566424,0
                  9.366713,40.566429,0
                  9.366732,40.566433,0
                  9.366752,40.566437,0
                  9.366772,40.566441,0
                  9.366793,40.566444,0
                  9.366814,40.566447,0
                  9.366835,40.566449,0
                  9.366835,40.567498,0
                  9.366777,40.567494,0
                  9.36672,40.56749,0
                  9.366664,40.567484,0
                  9.366608,40.567477,0
                  9.366554,40.567469,0
                  9.3665,40.56746,0
                  9.366447,40.56745,0
                  9.366395,40.567439,0
                  9.366344,40.567427,0
                  9.366293,40.567414,0
                  9.366243,40.567399,0
                  9.366194,40.567384,0
                  9.366146,40.567368,0
                  9.366099,40.56735,0
                  9.366052,40.567331,0
                  9.365998,40.567308,0
                  9.365944,40.567284,0
                  9.365892,40.567258,0
                  9.365841,40.567231,0
                  9.365791,40.567203,0
                  9.365743,40.567174,0
                  9.365695,40.567143,0
                  9.365649,40.567112,0
                  9.365604,40.567079,0
                  9.365561,40.567045,0
                  9.365518,40.567009,0
                  9.365477,40.566972,0
                  9.365437,40.566934,0
                  9.365398,40.566895,0
                  9.365361,40.566855,0
                  9.365324,40.566813,0
                  9.365289,40.566771,0
                  9.365255,40.566727,0
                  9.365223,40.566683,0
                  9.365191,40.566637,0
                  9.365161,40.566591,0
                  9.365132,40.566543,0
                  9.365104,40.566495,0
                  9.365077,40.566445,0
                  9.365052,40.566395,0
                  9.365027,40.566343,0
                  9.365004,40.566291,0
                  9.364982,40.566237,0
                  9.364961,40.566183,0
                  9.364942,40.566128,0
                  9.364923,40.566071,0
                  9.364906,40.566014,0
                  9.364891,40.565956,0
                  9.364876,40.565897,0
                  9.364863,40.565838,0
                  9.364851,40.565778,0
                  9.36484,40.565717,0
                  9.364831,40.565656,0
                  9.364823,40.565593,0
                  9.364816,40.56553,0
                  9.36481,40.565467,0
                  9.364806,40.565402,0
                  9.364803,40.565337,0
                  9.364801,40.565271,0
                  9.3648,40.565204,0
                  9.364801,40.565142,0
                  9.364802,40.56508,0
                  9.364804,40.565019,0
                  9.364807,40.564958,0
                  9.364811,40.564899,0
                  9.364816,40.56484,0
                  9.364822,40.564783,0
                  9.364828,40.564726,0
                  9.364836,40.56467,0
                  9.364844,40.564615,0
                  9.364854,40.564561,0
                  9.364864,40.564508,0
                  9.364875,40.564455,0
                  9.364887,40.564404,0
                  9.3649,40.564353,0
                  9.364914,40.564303,0
                  9.364929,40.564254,0
                  9.364945,40.564207,0
                  9.364962,40.56416,0
                  9.36498,40.564114,0
                  9.364999,40.56407,0
                  9.365019,40.564026,0
                  9.36504,40.563983,0
                  9.365063,40.563942,0
                  9.365086,40.563901,0
                  9.365111,40.563861,0
                  9.365136,40.563823,0
                  9.365163,40.563785,0
                  9.36519,40.563748,0
                  9.365219,40.563712,0
                  9.365249,40.563678,0
                  9.36528,40.563645,0
                  9.365312,40.563612,0
                  9.365346,40.563581,0
                  9.36538,40.563551,0
                  9.365416,40.563522,0
                  9.365453,40.563494,0
                  9.365491,40.563467,0
                  9.365531,40.563442,0
                  9.365571,40.563417,0
                  9.365613,40.563393,0
                  9.365656,40.563371,0
                  9.3657,40.563349,0
                  9.365745,40.563329,0
                  9.365791,40.56331,0
                  9.365838,40.563292,0
                  9.365887,40.563275,0
                  9.365937,40.563259,0
                  9.365988,40.563245,0
                  9.366041,40.563232,0
                  9.366095,40.56322,0
                  9.36615,40.56321,0
                  9.366207,40.563201,0
                  9.366266,40.563192,0
                  9.366325,40.563186,0
                  9.366386,40.56318,0
                  9.366449,40.563176,0
                  9.366512,40.563173,0
                  9.366577,40.563171,0
                  9.366644,40.56317,0
                  9.366657,40.56317,0
                  9.36667,40.56317,0
                  9.366683,40.563171,0
                  9.366696,40.563171,0
                  9.366709,40.563171,0
                  9.366721,40.563171,0
                  9.366734,40.563172,0
                  9.366747,40.563172,0
                  9.366759,40.563173,0
                  9.366772,40.563173,0
                  9.366785,40.563174,0
                  9.366797,40.563175,0
                  9.36681,40.563175,0
                  9.366822,40.563176,0
                  9.366834,40.563177,0
                </coordinates>
              </LinearRing>
            </outerBoundaryIs>
          </Polygon>
        </MultiGeometry>
      </Placemark>
    </Folder>
  </Document>
</kml>
