<?xml version="1.0" encoding="UTF-8"?>
<kml xmlns="http://www.opengis.net/kml/2.2">
  <Document>
    <name>RIS26 - SSS1 Ittiri Arena Show</name>
    <description/>
    <Style id="icon-1899-DB4436-nodesc-normal">
      <IconStyle>
        <color>ff3644db</color>
        <scale>1</scale>
        <Icon>
          <href>https://www.gstatic.com/mapspro/images/stock/503-wht-blank_maps.png</href>
        </Icon>
        <hotSpot x="32" xunits="pixels" y="64" yunits="insetPixels"/>
      </IconStyle>
      <LabelStyle>
        <scale>0</scale>
      </LabelStyle>
      <BalloonStyle>
        <text><![CDATA[<h3>$[name]</h3>]]></text>
      </BalloonStyle>
    </Style>
    <Style id="icon-1899-DB4436-nodesc-highlight">
      <IconStyle>
        <color>ff3644db</color>
        <scale>1</scale>
        <Icon>
          <href>https://www.gstatic.com/mapspro/images/stock/503-wht-blank_maps.png</href>
        </Icon>
        <hotSpot x="32" xunits="pixels" y="64" yunits="insetPixels"/>
      </IconStyle>
      <LabelStyle>
        <scale>1</scale>
      </LabelStyle>
      <BalloonStyle>
        <text><![CDATA[<h3>$[name]</h3>]]></text>
      </BalloonStyle>
    </Style>
    <StyleMap id="icon-1899-DB4436-nodesc">
      <Pair>
        <key>normal</key>
        <styleUrl>#icon-1899-DB4436-nodesc-normal</styleUrl>
      </Pair>
      <Pair>
        <key>highlight</key>
        <styleUrl>#icon-1899-DB4436-nodesc-highlight</styleUrl>
      </Pair>
    </StyleMap>
    <Style id="line-000000-3000-nodesc-normal">
      <LineStyle>
        <color>ff000000</color>
        <width>3</width>
      </LineStyle>
      <BalloonStyle>
        <text><![CDATA[<h3>$[name]</h3>]]></text>
      </BalloonStyle>
    </Style>
    <Style id="line-000000-3000-nodesc-highlight">
      <LineStyle>
        <color>ff000000</color>
        <width>4.5</width>
      </LineStyle>
      <BalloonStyle>
        <text><![CDATA[<h3>$[name]</h3>]]></text>
      </BalloonStyle>
    </Style>
    <StyleMap id="line-000000-3000-nodesc">
      <Pair>
        <key>normal</key>
        <styleUrl>#line-000000-3000-nodesc-normal</styleUrl>
      </Pair>
      <Pair>
        <key>highlight</key>
        <styleUrl>#line-000000-3000-nodesc-highlight</styleUrl>
      </Pair>
    </StyleMap>
    <Style id="line-007500-4000-nodesc-normal">
      <LineStyle>
        <color>ff007500</color>
        <width>4</width>
      </LineStyle>
      <BalloonStyle>
        <text><![CDATA[<h3>$[name]</h3>]]></text>
      </BalloonStyle>
    </Style>
    <Style id="line-007500-4000-nodesc-highlight">
      <LineStyle>
        <color>ff007500</color>
        <width>6</width>
      </LineStyle>
      <BalloonStyle>
        <text><![CDATA[<h3>$[name]</h3>]]></text>
      </BalloonStyle>
    </Style>
    <StyleMap id="line-007500-4000-nodesc">
      <Pair>
        <key>normal</key>
        <styleUrl>#line-007500-4000-nodesc-normal</styleUrl>
      </Pair>
      <Pair>
        <key>highlight</key>
        <styleUrl>#line-007500-4000-nodesc-highlight</styleUrl>
      </Pair>
    </StyleMap>
    <Style id="line-00AAFF-4000-nodesc-normal">
      <LineStyle>
        <color>ffffaa00</color>
        <width>4</width>
      </LineStyle>
      <BalloonStyle>
        <text><![CDATA[<h3>$[name]</h3>]]></text>
      </BalloonStyle>
    </Style>
    <Style id="line-00AAFF-4000-nodesc-highlight">
      <LineStyle>
        <color>ffffaa00</color>
        <width>6</width>
      </LineStyle>
      <BalloonStyle>
        <text><![CDATA[<h3>$[name]</h3>]]></text>
      </BalloonStyle>
    </Style>
    <StyleMap id="line-00AAFF-4000-nodesc">
      <Pair>
        <key>normal</key>
        <styleUrl>#line-00AAFF-4000-nodesc-normal</styleUrl>
      </Pair>
      <Pair>
        <key>highlight</key>
        <styleUrl>#line-00AAFF-4000-nodesc-highlight</styleUrl>
      </Pair>
    </StyleMap>
    <Style id="line-1A237E-1581-nodesc-normal">
      <LineStyle>
        <color>ff7e231a</color>
        <width>1.581</width>
      </LineStyle>
      <BalloonStyle>
        <text><![CDATA[<h3>$[name]</h3>]]></text>
      </BalloonStyle>
    </Style>
    <Style id="line-1A237E-1581-nodesc-highlight">
      <LineStyle>
        <color>ff7e231a</color>
        <width>2.3715</width>
      </LineStyle>
      <BalloonStyle>
        <text><![CDATA[<h3>$[name]</h3>]]></text>
      </BalloonStyle>
    </Style>
    <StyleMap id="line-1A237E-1581-nodesc">
      <Pair>
        <key>normal</key>
        <styleUrl>#line-1A237E-1581-nodesc-normal</styleUrl>
      </Pair>
      <Pair>
        <key>highlight</key>
        <styleUrl>#line-1A237E-1581-nodesc-highlight</styleUrl>
      </Pair>
    </StyleMap>
    <Style id="line-757575-10000-nodesc-normal">
      <LineStyle>
        <color>ff757575</color>
        <width>10</width>
      </LineStyle>
      <BalloonStyle>
        <text><![CDATA[<h3>$[name]</h3>]]></text>
      </BalloonStyle>
    </Style>
    <Style id="line-757575-10000-nodesc-highlight">
      <LineStyle>
        <color>ff757575</color>
        <width>15</width>
      </LineStyle>
      <BalloonStyle>
        <text><![CDATA[<h3>$[name]</h3>]]></text>
      </BalloonStyle>
    </Style>
    <StyleMap id="line-757575-10000-nodesc">
      <Pair>
        <key>normal</key>
        <styleUrl>#line-757575-10000-nodesc-normal</styleUrl>
      </Pair>
      <Pair>
        <key>highlight</key>
        <styleUrl>#line-757575-10000-nodesc-highlight</styleUrl>
      </Pair>
    </StyleMap>
    <Style id="line-AA0000-4000-nodesc-normal">
      <LineStyle>
        <color>ff0000aa</color>
        <width>4</width>
      </LineStyle>
      <BalloonStyle>
        <text><![CDATA[<h3>$[name]</h3>]]></text>
      </BalloonStyle>
    </Style>
    <Style id="line-AA0000-4000-nodesc-highlight">
      <LineStyle>
        <color>ff0000aa</color>
        <width>6</width>
      </LineStyle>
      <BalloonStyle>
        <text><![CDATA[<h3>$[name]</h3>]]></text>
      </BalloonStyle>
    </Style>
    <StyleMap id="line-AA0000-4000-nodesc">
      <Pair>
        <key>normal</key>
        <styleUrl>#line-AA0000-4000-nodesc-normal</styleUrl>
      </Pair>
      <Pair>
        <key>highlight</key>
        <styleUrl>#line-AA0000-4000-nodesc-highlight</styleUrl>
      </Pair>
    </StyleMap>
    <Style id="line-ACA83A-8000-nodesc-normal">
      <LineStyle>
        <color>ff3aa8ac</color>
        <width>8</width>
      </LineStyle>
      <BalloonStyle>
        <text><![CDATA[<h3>$[name]</h3>]]></text>
      </BalloonStyle>
    </Style>
    <Style id="line-ACA83A-8000-nodesc-highlight">
      <LineStyle>
        <color>ff3aa8ac</color>
        <width>12</width>
      </LineStyle>
      <BalloonStyle>
        <text><![CDATA[<h3>$[name]</h3>]]></text>
      </BalloonStyle>
    </Style>
    <StyleMap id="line-ACA83A-8000-nodesc">
      <Pair>
        <key>normal</key>
        <styleUrl>#line-ACA83A-8000-nodesc-normal</styleUrl>
      </Pair>
      <Pair>
        <key>highlight</key>
        <styleUrl>#line-ACA83A-8000-nodesc-highlight</styleUrl>
      </Pair>
    </StyleMap>
    <Style id="line-D6D6D6-4000-nodesc-normal">
      <LineStyle>
        <color>ffd6d6d6</color>
        <width>4</width>
      </LineStyle>
      <BalloonStyle>
        <text><![CDATA[<h3>$[name]</h3>]]></text>
      </BalloonStyle>
    </Style>
    <Style id="line-D6D6D6-4000-nodesc-highlight">
      <LineStyle>
        <color>ffd6d6d6</color>
        <width>6</width>
      </LineStyle>
      <BalloonStyle>
        <text><![CDATA[<h3>$[name]</h3>]]></text>
      </BalloonStyle>
    </Style>
    <StyleMap id="line-D6D6D6-4000-nodesc">
      <Pair>
        <key>normal</key>
        <styleUrl>#line-D6D6D6-4000-nodesc-normal</styleUrl>
      </Pair>
      <Pair>
        <key>highlight</key>
        <styleUrl>#line-D6D6D6-4000-nodesc-highlight</styleUrl>
      </Pair>
    </StyleMap>
    <Style id="line-FFAA00-10000-nodesc-normal">
      <LineStyle>
        <color>ff00aaff</color>
        <width>10</width>
      </LineStyle>
      <BalloonStyle>
        <text><![CDATA[<h3>$[name]</h3>]]></text>
      </BalloonStyle>
    </Style>
    <Style id="line-FFAA00-10000-nodesc-highlight">
      <LineStyle>
        <color>ff00aaff</color>
        <width>15</width>
      </LineStyle>
      <BalloonStyle>
        <text><![CDATA[<h3>$[name]</h3>]]></text>
      </BalloonStyle>
    </Style>
    <StyleMap id="line-FFAA00-10000-nodesc">
      <Pair>
        <key>normal</key>
        <styleUrl>#line-FFAA00-10000-nodesc-normal</styleUrl>
      </Pair>
      <Pair>
        <key>highlight</key>
        <styleUrl>#line-FFAA00-10000-nodesc-highlight</styleUrl>
      </Pair>
    </StyleMap>
    <Style id="line-FFDA1E-3000-normal">
      <LineStyle>
        <color>ff1edaff</color>
        <width>3</width>
      </LineStyle>
    </Style>
    <Style id="line-FFDA1E-3000-highlight">
      <LineStyle>
        <color>ff1edaff</color>
        <width>4.5</width>
      </LineStyle>
    </Style>
    <StyleMap id="line-FFDA1E-3000">
      <Pair>
        <key>normal</key>
        <styleUrl>#line-FFDA1E-3000-normal</styleUrl>
      </Pair>
      <Pair>
        <key>highlight</key>
        <styleUrl>#line-FFDA1E-3000-highlight</styleUrl>
      </Pair>
    </StyleMap>
    <Style id="line-FFDA1E-3000-nodesc-normal">
      <LineStyle>
        <color>ff1edaff</color>
        <width>3</width>
      </LineStyle>
      <BalloonStyle>
        <text><![CDATA[<h3>$[name]</h3>]]></text>
      </BalloonStyle>
    </Style>
    <Style id="line-FFDA1E-3000-nodesc-highlight">
      <LineStyle>
        <color>ff1edaff</color>
        <width>4.5</width>
      </LineStyle>
      <BalloonStyle>
        <text><![CDATA[<h3>$[name]</h3>]]></text>
      </BalloonStyle>
    </Style>
    <StyleMap id="line-FFDA1E-3000-nodesc">
      <Pair>
        <key>normal</key>
        <styleUrl>#line-FFDA1E-3000-nodesc-normal</styleUrl>
      </Pair>
      <Pair>
        <key>highlight</key>
        <styleUrl>#line-FFDA1E-3000-nodesc-highlight</styleUrl>
      </Pair>
    </StyleMap>
    <Style id="line-FFFF00-1775-nodesc-normal">
      <LineStyle>
        <color>ff00ffff</color>
        <width>1.775</width>
      </LineStyle>
      <BalloonStyle>
        <text><![CDATA[<h3>$[name]</h3>]]></text>
      </BalloonStyle>
    </Style>
    <Style id="line-FFFF00-1775-nodesc-highlight">
      <LineStyle>
        <color>ff00ffff</color>
        <width>2.6625</width>
      </LineStyle>
      <BalloonStyle>
        <text><![CDATA[<h3>$[name]</h3>]]></text>
      </BalloonStyle>
    </Style>
    <StyleMap id="line-FFFF00-1775-nodesc">
      <Pair>
        <key>normal</key>
        <styleUrl>#line-FFFF00-1775-nodesc-normal</styleUrl>
      </Pair>
      <Pair>
        <key>highlight</key>
        <styleUrl>#line-FFFF00-1775-nodesc-highlight</styleUrl>
      </Pair>
    </StyleMap>
    <Style id="line-FFFF00-3000-nodesc-normal">
      <LineStyle>
        <color>ff00ffff</color>
        <width>3</width>
      </LineStyle>
      <BalloonStyle>
        <text><![CDATA[<h3>$[name]</h3>]]></text>
      </BalloonStyle>
    </Style>
    <Style id="line-FFFF00-3000-nodesc-highlight">
      <LineStyle>
        <color>ff00ffff</color>
        <width>4.5</width>
      </LineStyle>
      <BalloonStyle>
        <text><![CDATA[<h3>$[name]</h3>]]></text>
      </BalloonStyle>
    </Style>
    <StyleMap id="line-FFFF00-3000-nodesc">
      <Pair>
        <key>normal</key>
        <styleUrl>#line-FFFF00-3000-nodesc-normal</styleUrl>
      </Pair>
      <Pair>
        <key>highlight</key>
        <styleUrl>#line-FFFF00-3000-nodesc-highlight</styleUrl>
      </Pair>
    </StyleMap>
    <Style id="poly-000000-1200-128-nodesc-normal">
      <LineStyle>
        <color>ff000000</color>
        <width>1.2</width>
      </LineStyle>
      <PolyStyle>
        <color>80000000</color>
        <fill>1</fill>
        <outline>1</outline>
      </PolyStyle>
      <BalloonStyle>
        <text><![CDATA[<h3>$[name]</h3>]]></text>
      </BalloonStyle>
    </Style>
    <Style id="poly-000000-1200-128-nodesc-highlight">
      <LineStyle>
        <color>ff000000</color>
        <width>1.8</width>
      </LineStyle>
      <PolyStyle>
        <color>80000000</color>
        <fill>1</fill>
        <outline>1</outline>
      </PolyStyle>
      <BalloonStyle>
        <text><![CDATA[<h3>$[name]</h3>]]></text>
      </BalloonStyle>
    </Style>
    <StyleMap id="poly-000000-1200-128-nodesc">
      <Pair>
        <key>normal</key>
        <styleUrl>#poly-000000-1200-128-nodesc-normal</styleUrl>
      </Pair>
      <Pair>
        <key>highlight</key>
        <styleUrl>#poly-000000-1200-128-nodesc-highlight</styleUrl>
      </Pair>
    </StyleMap>
    <Style id="poly-000066-1000-128-nodesc-normal">
      <LineStyle>
        <color>ff660000</color>
        <width>1</width>
      </LineStyle>
      <PolyStyle>
        <color>80660000</color>
        <fill>1</fill>
        <outline>1</outline>
      </PolyStyle>
      <BalloonStyle>
        <text><![CDATA[<h3>$[name]</h3>]]></text>
      </BalloonStyle>
    </Style>
    <Style id="poly-000066-1000-128-nodesc-highlight">
      <LineStyle>
        <color>ff660000</color>
        <width>1.5</width>
      </LineStyle>
      <PolyStyle>
        <color>80660000</color>
        <fill>1</fill>
        <outline>1</outline>
      </PolyStyle>
      <BalloonStyle>
        <text><![CDATA[<h3>$[name]</h3>]]></text>
      </BalloonStyle>
    </Style>
    <StyleMap id="poly-000066-1000-128-nodesc">
      <Pair>
        <key>normal</key>
        <styleUrl>#poly-000066-1000-128-nodesc-normal</styleUrl>
      </Pair>
      <Pair>
        <key>highlight</key>
        <styleUrl>#poly-000066-1000-128-nodesc-highlight</styleUrl>
      </Pair>
    </StyleMap>
    <Style id="poly-0000FF-1200-128-nodesc-normal">
      <LineStyle>
        <color>ffff0000</color>
        <width>1.2</width>
      </LineStyle>
      <PolyStyle>
        <color>80ff0000</color>
        <fill>1</fill>
        <outline>1</outline>
      </PolyStyle>
      <BalloonStyle>
        <text><![CDATA[<h3>$[name]</h3>]]></text>
      </BalloonStyle>
    </Style>
    <Style id="poly-0000FF-1200-128-nodesc-highlight">
      <LineStyle>
        <color>ffff0000</color>
        <width>1.8</width>
      </LineStyle>
      <PolyStyle>
        <color>80ff0000</color>
        <fill>1</fill>
        <outline>1</outline>
      </PolyStyle>
      <BalloonStyle>
        <text><![CDATA[<h3>$[name]</h3>]]></text>
      </BalloonStyle>
    </Style>
    <StyleMap id="poly-0000FF-1200-128-nodesc">
      <Pair>
        <key>normal</key>
        <styleUrl>#poly-0000FF-1200-128-nodesc-normal</styleUrl>
      </Pair>
      <Pair>
        <key>highlight</key>
        <styleUrl>#poly-0000FF-1200-128-nodesc-highlight</styleUrl>
      </Pair>
    </StyleMap>
    <Style id="poly-00AA00-1000-191-nodesc-normal">
      <LineStyle>
        <color>ff00aa00</color>
        <width>1</width>
      </LineStyle>
      <PolyStyle>
        <color>bf00aa00</color>
        <fill>1</fill>
        <outline>1</outline>
      </PolyStyle>
      <BalloonStyle>
        <text><![CDATA[<h3>$[name]</h3>]]></text>
      </BalloonStyle>
    </Style>
    <Style id="poly-00AA00-1000-191-nodesc-highlight">
      <LineStyle>
        <color>ff00aa00</color>
        <width>1.5</width>
      </LineStyle>
      <PolyStyle>
        <color>bf00aa00</color>
        <fill>1</fill>
        <outline>1</outline>
      </PolyStyle>
      <BalloonStyle>
        <text><![CDATA[<h3>$[name]</h3>]]></text>
      </BalloonStyle>
    </Style>
    <StyleMap id="poly-00AA00-1000-191-nodesc">
      <Pair>
        <key>normal</key>
        <styleUrl>#poly-00AA00-1000-191-nodesc-normal</styleUrl>
      </Pair>
      <Pair>
        <key>highlight</key>
        <styleUrl>#poly-00AA00-1000-191-nodesc-highlight</styleUrl>
      </Pair>
    </StyleMap>
    <Style id="poly-F9F9F9-1200-255-nodesc-normal">
      <LineStyle>
        <color>fff9f9f9</color>
        <width>1.2</width>
      </LineStyle>
      <PolyStyle>
        <color>fff9f9f9</color>
        <fill>1</fill>
        <outline>1</outline>
      </PolyStyle>
      <BalloonStyle>
        <text><![CDATA[<h3>$[name]</h3>]]></text>
      </BalloonStyle>
    </Style>
    <Style id="poly-F9F9F9-1200-255-nodesc-highlight">
      <LineStyle>
        <color>fff9f9f9</color>
        <width>1.8</width>
      </LineStyle>
      <PolyStyle>
        <color>fff9f9f9</color>
        <fill>1</fill>
        <outline>1</outline>
      </PolyStyle>
      <BalloonStyle>
        <text><![CDATA[<h3>$[name]</h3>]]></text>
      </BalloonStyle>
    </Style>
    <StyleMap id="poly-F9F9F9-1200-255-nodesc">
      <Pair>
        <key>normal</key>
        <styleUrl>#poly-F9F9F9-1200-255-nodesc-normal</styleUrl>
      </Pair>
      <Pair>
        <key>highlight</key>
        <styleUrl>#poly-F9F9F9-1200-255-nodesc-highlight</styleUrl>
      </Pair>
    </StyleMap>
    <Style id="poly-FFDA1E-1000-191-nodesc-normal">
      <LineStyle>
        <color>ff1edaff</color>
        <width>1</width>
      </LineStyle>
      <PolyStyle>
        <color>bf1edaff</color>
        <fill>1</fill>
        <outline>1</outline>
      </PolyStyle>
      <BalloonStyle>
        <text><![CDATA[<h3>$[name]</h3>]]></text>
      </BalloonStyle>
    </Style>
    <Style id="poly-FFDA1E-1000-191-nodesc-highlight">
      <LineStyle>
        <color>ff1edaff</color>
        <width>1.5</width>
      </LineStyle>
      <PolyStyle>
        <color>bf1edaff</color>
        <fill>1</fill>
        <outline>1</outline>
      </PolyStyle>
      <BalloonStyle>
        <text><![CDATA[<h3>$[name]</h3>]]></text>
      </BalloonStyle>
    </Style>
    <StyleMap id="poly-FFDA1E-1000-191-nodesc">
      <Pair>
        <key>normal</key>
        <styleUrl>#poly-FFDA1E-1000-191-nodesc-normal</styleUrl>
      </Pair>
      <Pair>
        <key>highlight</key>
        <styleUrl>#poly-FFDA1E-1000-191-nodesc-highlight</styleUrl>
      </Pair>
    </StyleMap>
    <Folder>
      <name>Access</name>
      <Placemark>
        <name><![CDATA[Access Local Guest & Media]]></name>
        <styleUrl>#line-ACA83A-8000-nodesc</styleUrl>
        <LineString>
          <tessellate>1</tessellate>
          <coordinates>
            8.569589,40.58817,0
            8.568884,40.58712,0
            8.568355,40.58639,0
            8.568059,40.586044,0
            8.567849,40.585604,0
            8.567633,40.585042,0
            8.567396,40.584095,0
            8.567349,40.583887,0
            8.567294,40.583853,0
            8.567237,40.583857,0
            8.56716,40.583898,0
            8.566969,40.584123,0
            8.566912,40.584215,0
            8.566892,40.584246,0
            8.566835,40.584259,0
            8.566785,40.584255,0
            8.566753,40.58423,0
            8.566733,40.584183,0
            8.56673,40.584042,0
            8.566705,40.583991,0
            8.566641,40.583959,0
            8.566566,40.583953,0
            8.566412,40.583959,0
            8.566191,40.584021,0
          </coordinates>
        </LineString>
      </Placemark>
      <Placemark>
        <name>02</name>
        <styleUrl>#icon-1899-DB4436-nodesc</styleUrl>
        <Point>
          <coordinates>
            8.579345,40.578677,0
          </coordinates>
        </Point>
      </Placemark>
      <Placemark>
        <name>02</name>
        <styleUrl>#icon-1899-DB4436-nodesc</styleUrl>
        <Point>
          <coordinates>
            8.578823,40.57931,0
          </coordinates>
        </Point>
      </Placemark>
      <Placemark>
        <name>02 Access</name>
        <styleUrl>#line-ACA83A-8000-nodesc</styleUrl>
        <MultiGeometry>
          <LineString>
            <tessellate>1</tessellate>
            <coordinates>
              8.578597,40.579438,0
              8.578739,40.579294,0
              8.578811,40.579206,0
              8.578869,40.579078,0
              8.57889,40.578949,0
              8.578903,40.578861,0
              8.578877,40.578732,0
              8.578815,40.578574,0
              8.57873,40.578472,0
              8.578547,40.578338,0
              8.578247,40.578203,0
              8.577902,40.57816,0
              8.577455,40.578186,0
              8.576606,40.578285,0
              8.576226,40.578347,0
              8.575792,40.578507,0
              8.575391,40.57871,0
              8.575075,40.578878,0
            </coordinates>
          </LineString>
          <LineString>
            <tessellate>1</tessellate>
            <coordinates>
              8.579479,40.578528,0
              8.579307,40.578592,0
              8.579212,40.578612,0
              8.579107,40.578616,0
              8.578996,40.5786,0
              8.578888,40.578564,0
              8.578759,40.57851,0
            </coordinates>
          </LineString>
        </MultiGeometry>
      </Placemark>
    </Folder>
    <Folder>
      <name>Areas</name>
      <Placemark>
        <name>Spectator Area</name>
        <styleUrl>#poly-FFDA1E-1000-191-nodesc</styleUrl>
        <Polygon>
          <outerBoundaryIs>
            <LinearRing>
              <tessellate>1</tessellate>
              <coordinates>
                8.564559,40.586164,0
                8.564736,40.586142,0
                8.564789,40.586248,0
                8.564875,40.586327,0
                8.564958,40.586401,0
                8.565139,40.586522,0
                8.565256,40.58658,0
                8.56538,40.586621,0
                8.565465,40.586637,0
                8.565533,40.586636,0
                8.565597,40.586625,0
                8.565841,40.586509,0
                8.565944,40.586455,0
                8.566173,40.586314,0
                8.566262,40.586255,0
                8.566322,40.586209,0
                8.56635,40.586177,0
                8.566405,40.586076,0
                8.566472,40.586138,0
                8.566349,40.586282,0
                8.56625,40.58636,0
                8.566135,40.586443,0
                8.566004,40.586522,0
                8.565886,40.586594,0
                8.565653,40.586674,0
                8.565371,40.586704,0
                8.565122,40.586738,0
                8.565024,40.586761,0
                8.564926,40.586708,0
                8.564776,40.58651,0
                8.564605,40.586309,0
                8.564562,40.58622,0
                8.564559,40.586164,0
              </coordinates>
            </LinearRing>
          </outerBoundaryIs>
        </Polygon>
      </Placemark>
      <Placemark>
        <name>Media Area</name>
        <styleUrl>#poly-00AA00-1000-191-nodesc</styleUrl>
        <Polygon>
          <outerBoundaryIs>
            <LinearRing>
              <tessellate>1</tessellate>
              <coordinates>
                8.566544,40.585518,0
                8.566536,40.585547,0
                8.566415,40.585393,0
                8.566469,40.585371,0
                8.566544,40.585518,0
              </coordinates>
            </LinearRing>
          </outerBoundaryIs>
        </Polygon>
      </Placemark>
      <Placemark>
        <name>Media Area</name>
        <styleUrl>#poly-00AA00-1000-191-nodesc</styleUrl>
        <Polygon>
          <outerBoundaryIs>
            <LinearRing>
              <tessellate>1</tessellate>
              <coordinates>
                8.566021,40.584844,0
                8.56594,40.584897,0
                8.565735,40.584676,0
                8.566021,40.584844,0
              </coordinates>
            </LinearRing>
          </outerBoundaryIs>
        </Polygon>
      </Placemark>
      <Placemark>
        <name>Spectator Area</name>
        <styleUrl>#poly-FFDA1E-1000-191-nodesc</styleUrl>
        <Polygon>
          <outerBoundaryIs>
            <LinearRing>
              <tessellate>1</tessellate>
              <coordinates>
                8.566467,40.585371,0
                8.566417,40.585394,0
                8.566354,40.585367,0
                8.566331,40.585341,0
                8.565975,40.584961,0
                8.565942,40.584895,0
                8.566025,40.584845,0
                8.566141,40.584953,0
                8.566049,40.585008,0
                8.566148,40.585121,0
                8.566202,40.585097,0
                8.566246,40.585139,0
                8.566287,40.585113,0
                8.566467,40.585371,0
              </coordinates>
            </LinearRing>
          </outerBoundaryIs>
        </Polygon>
      </Placemark>
      <Placemark>
        <name>Hopspitality Stand</name>
        <styleUrl>#poly-000000-1200-128-nodesc</styleUrl>
        <Polygon>
          <outerBoundaryIs>
            <LinearRing>
              <tessellate>1</tessellate>
              <coordinates>
                8.566507,40.586031,0
                8.566347,40.585859,0
                8.566496,40.585771,0
                8.566656,40.585946,0
                8.566507,40.586031,0
              </coordinates>
            </LinearRing>
          </outerBoundaryIs>
        </Polygon>
      </Placemark>
      <Placemark>
        <name>03 - Experience</name>
        <styleUrl>#poly-0000FF-1200-128-nodesc</styleUrl>
        <Polygon>
          <outerBoundaryIs>
            <LinearRing>
              <tessellate>1</tessellate>
              <coordinates>
                8.564671,40.585767,0
                8.564676,40.585876,0
                8.564702,40.586033,0
                8.564735,40.58614,0
                8.56454,40.586163,0
                8.564522,40.585993,0
                8.564578,40.585953,0
                8.564589,40.585869,0
                8.564607,40.585753,0
                8.564671,40.585767,0
              </coordinates>
            </LinearRing>
          </outerBoundaryIs>
        </Polygon>
      </Placemark>
    </Folder>
    <Folder>
      <name>NR</name>
      <Placemark>
        <name>B Media Area</name>
        <styleUrl>#icon-1899-DB4436-nodesc</styleUrl>
        <Point>
          <coordinates>
            8.566535,40.585441,0
          </coordinates>
        </Point>
      </Placemark>
      <Placemark>
        <name>B Media Area</name>
        <styleUrl>#icon-1899-DB4436-nodesc</styleUrl>
        <Point>
          <coordinates>
            8.565915,40.584778,0
          </coordinates>
        </Point>
      </Placemark>
      <Placemark>
        <name>03</name>
        <styleUrl>#icon-1899-DB4436-nodesc</styleUrl>
        <Point>
          <coordinates>
            8.564584,40.586,0
          </coordinates>
        </Point>
      </Placemark>
      <Placemark>
        <name>02</name>
        <styleUrl>#icon-1899-DB4436-nodesc</styleUrl>
        <Point>
          <coordinates>
            8.565273,40.586688,0
          </coordinates>
        </Point>
      </Placemark>
    </Folder>
    <Folder>
      <name>Parking</name>
      <Placemark>
        <name>Camper Area</name>
        <styleUrl>#poly-000066-1000-128-nodesc</styleUrl>
        <Polygon>
          <outerBoundaryIs>
            <LinearRing>
              <tessellate>1</tessellate>
              <coordinates>
                8.567609,40.585648,0
                8.567281,40.585592,0
                8.567194,40.585527,0
                8.567059,40.5842,0
                8.56725,40.584017,0
                8.567683,40.585549,0
                8.567609,40.585648,0
              </coordinates>
            </LinearRing>
          </outerBoundaryIs>
        </Polygon>
      </Placemark>
      <Placemark>
        <name>Camper Area</name>
        <styleUrl>#icon-1899-DB4436-nodesc</styleUrl>
        <Point>
          <coordinates>
            8.567338,40.584944,0
          </coordinates>
        </Point>
      </Placemark>
      <Placemark>
        <name>Disable Parking</name>
        <styleUrl>#icon-1899-DB4436-nodesc</styleUrl>
        <Point>
          <coordinates>
            8.563935,40.585563,0
          </coordinates>
        </Point>
      </Placemark>
      <Placemark>
        <name>FIA</name>
        <styleUrl>#icon-1899-DB4436-nodesc</styleUrl>
        <Point>
          <coordinates>
            8.563649,40.585642,0
          </coordinates>
        </Point>
      </Placemark>
      <Placemark>
        <name>ORG</name>
        <styleUrl>#icon-1899-DB4436-nodesc</styleUrl>
        <Point>
          <coordinates>
            8.563792,40.585604,0
          </coordinates>
        </Point>
      </Placemark>
      <Placemark>
        <name>Parking</name>
        <styleUrl>#icon-1899-DB4436-nodesc</styleUrl>
        <Point>
          <coordinates>
            8.566288,40.584725,0
          </coordinates>
        </Point>
      </Placemark>
      <Placemark>
        <name>Parking</name>
        <styleUrl>#poly-000066-1000-128-nodesc</styleUrl>
        <Polygon>
          <outerBoundaryIs>
            <LinearRing>
              <tessellate>1</tessellate>
              <coordinates>
                8.566301,40.58458,0
                8.566056,40.584123,0
                8.566058,40.584123,0
                8.566508,40.583984,0
                8.566633,40.583999,0
                8.566567,40.584306,0
                8.566713,40.584607,0
                8.56662,40.584708,0
                8.566459,40.584557,0
                8.566301,40.58458,0
              </coordinates>
            </LinearRing>
          </outerBoundaryIs>
        </Polygon>
      </Placemark>
      <Placemark>
        <name>Parking</name>
        <styleUrl>#poly-000066-1000-128-nodesc</styleUrl>
        <Polygon>
          <outerBoundaryIs>
            <LinearRing>
              <tessellate>1</tessellate>
              <coordinates>
                8.565752,40.587808,0
                8.565669,40.587744,0
                8.566881,40.586819,0
                8.567468,40.586328,0
                8.56792,40.585849,0
                8.568878,40.584611,0
                8.569947,40.58339,0
                8.574993,40.578909,0
                8.575065,40.578971,0
                8.570042,40.583443,0
                8.568978,40.584659,0
                8.568019,40.585899,0
                8.56756,40.586385,0
                8.566966,40.586881,0
                8.565752,40.587808,0
              </coordinates>
            </LinearRing>
          </outerBoundaryIs>
        </Polygon>
      </Placemark>
      <Placemark>
        <name>Parking Local Guest</name>
        <styleUrl>#poly-000066-1000-128-nodesc</styleUrl>
        <Polygon>
          <outerBoundaryIs>
            <LinearRing>
              <tessellate>1</tessellate>
              <coordinates>
                8.563948,40.585251,0
                8.564171,40.585675,0
                8.563532,40.585878,0
                8.563298,40.585493,0
                8.563948,40.585251,0
              </coordinates>
            </LinearRing>
          </outerBoundaryIs>
        </Polygon>
      </Placemark>
      <Placemark>
        <name>Parking Local Guest</name>
        <styleUrl>#poly-000066-1000-128-nodesc</styleUrl>
        <Polygon>
          <outerBoundaryIs>
            <LinearRing>
              <tessellate>1</tessellate>
              <coordinates>
                8.566448,40.584566,0
                8.56663,40.584724,0
                8.566649,40.584754,0
                8.566724,40.584907,0
                8.566755,40.585128,0
                8.566632,40.585301,0
                8.566507,40.585338,0
                8.566482,40.585251,0
                8.566068,40.584843,0
                8.565526,40.584477,0
                8.56577,40.584284,0
                8.566046,40.584132,0
                8.566299,40.58459,0
                8.566448,40.584566,0
              </coordinates>
            </LinearRing>
          </outerBoundaryIs>
        </Polygon>
      </Placemark>
      <Placemark>
        <name>Parking Media</name>
        <styleUrl>#icon-1899-DB4436-nodesc</styleUrl>
        <Point>
          <coordinates>
            8.566391,40.584293,0
          </coordinates>
        </Point>
      </Placemark>
      <Placemark>
        <name>Parking Spectators</name>
        <styleUrl>#icon-1899-DB4436-nodesc</styleUrl>
        <Point>
          <coordinates>
            8.566995,40.586806,0
          </coordinates>
        </Point>
      </Placemark>
      <Placemark>
        <name>Parking Spectators</name>
        <styleUrl>#icon-1899-DB4436-nodesc</styleUrl>
        <Point>
          <coordinates>
            8.57005,40.583362,0
          </coordinates>
        </Point>
      </Placemark>
    </Folder>
    <Folder>
      <name>Track</name>
      <Placemark>
        <name>1 Route - km 28.40</name>
        <styleUrl>#line-FFDA1E-3000-nodesc</styleUrl>
        <LineString>
          <tessellate>1</tessellate>
          <coordinates>
            8.553922,40.593712,0
            8.554342,40.593472,0
            8.554818,40.593286,0
            8.555195,40.593156,0
            8.555511,40.593028,0
            8.555788,40.592948,0
            8.556004,40.592882,0
            8.556417,40.592722,0
            8.556998,40.59248,0
            8.558002,40.591993,0
            8.558506,40.591718,0
            8.559154,40.591328,0
            8.559828,40.59087,0
            8.560903,40.590145,0
            8.561595,40.589725,0
            8.561956,40.589547,0
            8.562333,40.589361,0
            8.563486,40.588871,0
            8.5641,40.588634,0
            8.56461,40.588433,0
            8.564837,40.588321,0
            8.565282,40.58805,0
            8.565436,40.587877,0
            8.565481,40.587799,0
            8.565501,40.58768,0
            8.5655,40.587675,0
            8.565489,40.587621,0
            8.565434,40.587537,0
            8.565216,40.587359,0
            8.565097,40.587336,0
            8.564918,40.587348,0
            8.564776,40.587394,0
            8.564647,40.58751,0
            8.564299,40.588016,0
            8.564254,40.588146,0
            8.564215,40.588366,0
            8.56416,40.588429,0
            8.564088,40.588398,0
            8.564048,40.58817,0
            8.564088,40.588012,0
            8.564102,40.587956,0
            8.564192,40.58775,0
            8.564331,40.587511,0
            8.564505,40.587335,0
            8.5647,40.587192,0
            8.564758,40.587111,0
            8.564858,40.586784,0
            8.564832,40.586703,0
            8.564696,40.586525,0
            8.564551,40.58634,0
            8.564475,40.586191,0
          </coordinates>
        </LineString>
      </Placemark>
      <Placemark>
        <name>2 Route - km 28.94</name>
        <description>Dist. from Finish.</description>
        <styleUrl>#line-FFDA1E-3000</styleUrl>
        <LineString>
          <tessellate>1</tessellate>
          <coordinates>
            8.564477,40.5862,0
            8.564553,40.586339,0
            8.564663,40.58648,0
            8.56483,40.586703,0
            8.564857,40.586785,0
            8.564758,40.587111,0
            8.5647,40.587192,0
            8.564505,40.587335,0
            8.564331,40.587511,0
            8.564192,40.58775,0
            8.564102,40.587956,0
            8.564048,40.58817,0
            8.564087,40.588398,0
            8.56416,40.588429,0
            8.564199,40.588457,0
            8.564198,40.588503,0
            8.564199,40.588741,0
            8.564157,40.589513,0
            8.564115,40.589957,0
            8.564127,40.590229,0
            8.564242,40.590512,0
            8.564307,40.590614,0
            8.564592,40.591138,0
            8.564423,40.591194,0
            8.564022,40.591329,0
            8.563806,40.591401,0
            8.563436,40.591545,0
            8.56274,40.591929,0
            8.562247,40.592258,0
            8.562225,40.592309,0
            8.562173,40.592769,0
            8.561545,40.592799,0
            8.56126,40.592784,0
            8.561023,40.59275,0
            8.560593,40.592595,0
            8.560344,40.592528,0
            8.560133,40.592504,0
            8.55988,40.592493,0
            8.5594,40.592522,0
            8.559133,40.592554,0
            8.558697,40.592644,0
            8.558474,40.592719,0
            8.55822,40.592833,0
            8.55803,40.592935,0
            8.558324,40.593498,0
            8.558359,40.593646,0
            8.558317,40.593825,0
            8.558226,40.593946,0
            8.558104,40.594031,0
            8.557971,40.594081,0
            8.557824,40.594113,0
            8.557691,40.594119,0
            8.557555,40.594109,0
            8.556943,40.593946,0
            8.556735,40.593874,0
            8.556211,40.593588,0
            8.555686,40.593253,0
            8.555527,40.593183,0
            8.555396,40.593161,0
            8.555287,40.593168,0
            8.554818,40.593286,0
            8.554342,40.593472,0
            8.553914,40.59371,0
          </coordinates>
        </LineString>
      </Placemark>
      <Placemark>
        <name>TC 1</name>
        <styleUrl>#icon-1899-DB4436-nodesc</styleUrl>
        <Point>
          <coordinates>
            8.564449,40.58619,0
          </coordinates>
        </Point>
      </Placemark>
      <Placemark>
        <name>IN [1:MultiGeometry]</name>
        <styleUrl>#line-007500-4000-nodesc</styleUrl>
        <MultiGeometry>
          <LineString>
            <tessellate>1</tessellate>
            <coordinates>
              8.564445,40.586193,0
              8.564417,40.586115,0
              8.56441,40.586077,0
              8.564409,40.586043,0
              8.564425,40.585928,0
              8.564475,40.585819,0
              8.564532,40.585694,0
              8.564581,40.585529,0
              8.564603,40.585451,0
              8.564616,40.585419,0
              8.564618,40.585413,0
              8.564631,40.585396,0
              8.56465,40.585386,0
              8.564671,40.585378,0
              8.56471,40.585377,0
              8.564734,40.585384,0
              8.564753,40.585398,0
              8.564761,40.58542,0
              8.56476,40.585444,0
            </coordinates>
          </LineString>
          <LineString>
            <tessellate>1</tessellate>
            <coordinates>
              8.565589,40.586542,0
              8.565621,40.586531,0
              8.565651,40.5865,0
              8.565662,40.586449,0
              8.56567,40.586411,0
              8.565674,40.586384,0
              8.565669,40.586359,0
              8.565649,40.586336,0
              8.565621,40.586325,0
              8.565592,40.586318,0
              8.565561,40.586307,0
            </coordinates>
          </LineString>
        </MultiGeometry>
      </Placemark>
      <Placemark>
        <name>OUT</name>
        <styleUrl>#line-AA0000-4000-nodesc</styleUrl>
        <MultiGeometry>
          <LineString>
            <tessellate>1</tessellate>
            <coordinates>
              8.564636,40.585439,0
              8.564641,40.585424,0
              8.564649,40.585407,0
              8.564658,40.585395,0
              8.564664,40.585389,0
              8.564682,40.585378,0
              8.564705,40.585377,0
              8.564724,40.585379,0
              8.564744,40.585374,0
              8.564755,40.585365,0
              8.564764,40.585357,0
              8.564769,40.585342,0
              8.564771,40.585326,0
            </coordinates>
          </LineString>
          <LineString>
            <tessellate>1</tessellate>
            <coordinates>
              8.565086,40.584856,0
              8.565082,40.584878,0
              8.565076,40.584898,0
              8.56506,40.584918,0
              8.565039,40.584926,0
              8.565018,40.584926,0
              8.564974,40.584925,0
              8.564924,40.584928,0
              8.56488,40.584935,0
              8.564836,40.584947,0
              8.564792,40.584964,0
              8.564753,40.584989,0
              8.564724,40.585018,0
              8.564709,40.585052,0
              8.5647,40.585087,0
              8.564693,40.585123,0
              8.564688,40.585158,0
              8.564664,40.585337,0
              8.564616,40.585513,0
              8.564579,40.585629,0
              8.564551,40.585746,0
              8.564498,40.585857,0
              8.564464,40.585964,0
              8.564453,40.586061,0
              8.564468,40.586127,0
              8.564491,40.586185,0
            </coordinates>
          </LineString>
        </MultiGeometry>
      </Placemark>
      <Placemark>
        <name>Stop</name>
        <styleUrl>#icon-1899-DB4436-nodesc</styleUrl>
        <Point>
          <coordinates>
            8.564491,40.586185,0
          </coordinates>
        </Point>
      </Placemark>
      <Placemark>
        <name>Start / Finish</name>
        <styleUrl>#icon-1899-DB4436-nodesc</styleUrl>
        <Point>
          <coordinates>
            8.565162,40.585613,0
          </coordinates>
        </Point>
      </Placemark>
      <Placemark>
        <name>Start/ Finish</name>
        <styleUrl>#icon-1899-DB4436-nodesc</styleUrl>
        <Point>
          <coordinates>
            8.565508,40.585615,0
          </coordinates>
        </Point>
      </Placemark>
      <Placemark>
        <name>Jump</name>
        <styleUrl>#line-000000-3000-nodesc</styleUrl>
        <MultiGeometry>
          <LineString>
            <tessellate>1</tessellate>
            <coordinates>
              8.564756,40.586108,402.75
              8.564759,40.586112,402.7
              8.564761,40.586116,402.65
              8.564764,40.586119,402.59
              8.564768,40.586123,402.53
              8.564772,40.586126,402.45
              8.564776,40.586129,402.37
              8.564781,40.586131,402.29
              8.564786,40.586133,402.2
              8.564791,40.586135,402.14
              8.564796,40.586137,402.07
              8.564802,40.586138,402.01
              8.564807,40.586139,401.94
              8.564813,40.58614,401.88
              8.564819,40.58614,401.81
              8.564825,40.586139,401.74
              8.56483,40.586139,401.68
              8.564836,40.586138,401.62
              8.564841,40.586136,401.56
              8.564846,40.586135,401.5
              8.564851,40.586133,401.44
              8.564856,40.58613,401.4
              8.564861,40.586127,401.35
              8.564865,40.586124,401.31
              8.564869,40.586121,401.27
              8.564872,40.586118,401.24
              8.564875,40.586114,401.22
              8.564878,40.58611,401.21
              8.56488,40.586106,401.2
              8.564881,40.586102,401.2
              8.564882,40.586098,401.2
              8.564883,40.586093,401.2
              8.564883,40.586089,401.2
              8.564883,40.586084,401.21
              8.564882,40.58608,401.23
              8.564881,40.586076,401.24
            </coordinates>
          </LineString>
          <LineString>
            <tessellate>1</tessellate>
            <coordinates>
              8.565378,40.586157,398.92
              8.565373,40.586155,398.94
              8.565367,40.586153,398.96
              8.565361,40.586152,398.99
              8.565355,40.586151,399.02
              8.565349,40.58615,399.04
              8.565343,40.58615,399.07
              8.565337,40.58615,399.09
              8.565331,40.586151,399.12
              8.565325,40.586152,399.14
              8.565319,40.586153,399.17
              8.565314,40.586155,399.19
              8.565308,40.586157,399.21
              8.565303,40.586159,399.25
              8.565298,40.586162,399.28
              8.565294,40.586165,399.3
              8.565289,40.586169,399.33
              8.565286,40.586172,399.36
              8.565282,40.586176,399.39
              8.56528,40.58618,399.42
              8.565277,40.586185,399.45
              8.565275,40.586189,399.48
              8.565274,40.586194,399.5
              8.565273,40.586198,399.53
              8.565273,40.586203,399.55
              8.565273,40.586207,399.58
              8.565274,40.586212,399.6
              8.565275,40.586216,399.62
              8.565277,40.586221,399.64
              8.565279,40.586225,399.65
              8.565282,40.586229,399.67
              8.565285,40.586233,399.68
              8.565289,40.586237,399.69
              8.565293,40.58624,399.69
              8.565297,40.586243,399.7
            </coordinates>
          </LineString>
        </MultiGeometry>
      </Placemark>
      <Placemark>
        <name>WaterSplash</name>
        <styleUrl>#line-00AAFF-4000-nodesc</styleUrl>
        <MultiGeometry>
          <LineString>
            <tessellate>1</tessellate>
            <coordinates>
              8.565718,40.584941,0
              8.565841,40.584872,0
            </coordinates>
          </LineString>
          <LineString>
            <tessellate>1</tessellate>
            <coordinates>
              8.56581,40.585026,0
              8.565932,40.584957,0
            </coordinates>
          </LineString>
          <LineString>
            <tessellate>1</tessellate>
            <coordinates>
              8.565793,40.585009,0
              8.565915,40.58494,0
            </coordinates>
          </LineString>
          <LineString>
            <tessellate>1</tessellate>
            <coordinates>
              8.565737,40.584958,0
              8.565859,40.584889,0
            </coordinates>
          </LineString>
          <LineString>
            <tessellate>1</tessellate>
            <coordinates>
              8.565756,40.584974,0
              8.565878,40.584905,0
            </coordinates>
          </LineString>
          <LineString>
            <tessellate>1</tessellate>
            <coordinates>
              8.565776,40.584992,0
              8.565898,40.584923,0
            </coordinates>
          </LineString>
        </MultiGeometry>
      </Placemark>
      <Placemark>
        <name>gravel</name>
        <styleUrl>#line-FFAA00-10000-nodesc</styleUrl>
        <MultiGeometry>
          <LineString>
            <tessellate>1</tessellate>
            <coordinates>
              8.565036,40.58513,0
              8.565104,40.585195,0
              8.565151,40.585269,0
              8.565174,40.58535,0
              8.565174,40.585432,0
              8.56517,40.585515,0
              8.565154,40.585643,0
              8.565098,40.58578,0
              8.565053,40.585864,0
              8.565036,40.585897,0
              8.565023,40.585932,0
              8.565021,40.585968,0
              8.56503,40.586003,0
              8.565051,40.586035,0
              8.565081,40.586062,0
              8.565118,40.586084,0
              8.565157,40.586105,0
              8.565196,40.586125,0
              8.565235,40.586145,0
              8.565274,40.586166,0
              8.565456,40.586261,0
              8.565493,40.586283,0
              8.565535,40.5863,0
              8.565579,40.586313,0
              8.565625,40.586321,0
              8.565672,40.586323,0
              8.56572,40.586321,0
              8.565766,40.586313,0
              8.56581,40.5863,0
              8.565851,40.586283,0
              8.565889,40.586261,0
              8.565924,40.586237,0
              8.565958,40.586212,0
              8.565982,40.586181,0
              8.565996,40.586147,0
              8.565999,40.586112,0
              8.56599,40.586077,0
              8.56597,40.586044,0
              8.56594,40.586017,0
              8.565902,40.585995,0
              8.565859,40.58598,0
              8.565816,40.585965,0
              8.565773,40.58595,0
              8.56573,40.585935,0
              8.565594,40.585883,0
              8.565477,40.585809,0
              8.565407,40.58574,0
              8.565379,40.585701,0
              8.565357,40.585661,0
              8.565345,40.585618,0
              8.565343,40.585574,0
              8.565349,40.58553,0
              8.565356,40.585486,0
              8.565362,40.585442,0
              8.565386,40.585276,0
              8.565393,40.585175,0
              8.565388,40.58514,0
              8.565379,40.585104,0
              8.565363,40.585071,0
              8.565337,40.585041,0
              8.565307,40.585013,0
              8.565273,40.584988,0
              8.565235,40.584966,0
              8.565194,40.584948,0
              8.565152,40.584932,0
              8.565114,40.584911,0
              8.565091,40.58488,0
              8.565086,40.584845,0
              8.5651,40.584811,0
              8.565131,40.584784,0
              8.565171,40.584765,0
              8.565213,40.584749,0
              8.565255,40.584732,0
              8.565299,40.584719,0
              8.565345,40.584711,0
              8.565392,40.584708,0
              8.565439,40.584711,0
              8.565485,40.584719,0
              8.565529,40.584732,0
              8.56557,40.58475,0
              8.565607,40.584772,0
              8.565642,40.584797,0
              8.565677,40.584821,0
              8.565711,40.584846,0
              8.565812,40.584932,0
              8.565948,40.585076,0
              8.566088,40.585221,0
              8.566115,40.58525,0
              8.566143,40.585279,0
              8.566171,40.585308,0
              8.566199,40.585337,0
              8.56624,40.58538,0
            </coordinates>
          </LineString>
          <LineString>
            <tessellate>1</tessellate>
            <coordinates>
              8.565621,40.585742,0
              8.565591,40.585726,0
              8.565551,40.585699,0
              8.565533,40.585682,0
              8.565517,40.585664,0
              8.565509,40.585642,0
              8.565502,40.585623,0
              8.565515,40.585457,0
              8.565519,40.585426,0
              8.565529,40.58536,0
              8.565536,40.585322,0
              8.565557,40.585299,0
              8.565571,40.585285,0
              8.56559,40.585274,0
              8.565623,40.585257,0
              8.565662,40.585246,0
            </coordinates>
          </LineString>
          <LineString>
            <tessellate>1</tessellate>
            <coordinates>
              8.566038,40.586319,0
              8.565844,40.586422,0
              8.565765,40.586463,0
              8.565686,40.586505,0
              8.565644,40.586525,0
              8.5656,40.58654,0
              8.565555,40.586549,0
              8.565508,40.586553,0
              8.56546,40.586553,0
              8.565414,40.586547,0
              8.565369,40.586536,0
              8.565326,40.58652,0
              8.565287,40.5865,0
              8.565249,40.586479,0
              8.565211,40.586457,0
              8.565097,40.586393,0
              8.564957,40.586294,0
              8.564857,40.586177,0
              8.564797,40.586046,0
              8.564774,40.585907,0
              8.56476,40.585764,0
              8.564755,40.585584,0
              8.564755,40.585548,0
              8.564756,40.585512,0
              8.564758,40.585476,0
              8.56476,40.58544,0
              8.564763,40.585404,0
              8.564766,40.585368,0
              8.56477,40.585332,0
              8.564774,40.585296,0
              8.564779,40.585261,0
              8.564782,40.585239,0
            </coordinates>
          </LineString>
        </MultiGeometry>
      </Placemark>
      <Placemark>
        <name>tarmac</name>
        <styleUrl>#line-757575-10000-nodesc</styleUrl>
        <MultiGeometry>
          <LineString>
            <tessellate>1</tessellate>
            <coordinates>
              8.564782,40.585239,0
              8.564789,40.585203,0
              8.564797,40.585168,0
              8.564817,40.585135,0
              8.564853,40.585112,0
              8.564897,40.585099,0
              8.564944,40.585098,0
              8.56499,40.585107,0
              8.56503,40.585126,0
              8.565036,40.58513,0
            </coordinates>
          </LineString>
          <LineString>
            <tessellate>1</tessellate>
            <coordinates>
              8.565658,40.585247,0
              8.565693,40.585239,0
              8.565729,40.585236,0
              8.565776,40.585238,0
              8.565814,40.585247,0
              8.565834,40.585256,0
              8.565852,40.585273,0
              8.565874,40.585305,0
              8.565887,40.58534,0
              8.565888,40.585376,0
              8.565888,40.585412,0
              8.565887,40.585448,0
              8.565887,40.585484,0
              8.565886,40.58552,0
              8.565888,40.585556,0
              8.565898,40.585591,0
              8.565915,40.585624,0
              8.565941,40.585654,0
              8.565973,40.585681,0
              8.566009,40.585704,0
              8.566049,40.585723,0
              8.566094,40.585734,0
              8.566141,40.585737,0
              8.566188,40.585732,0
              8.566233,40.585719,0
              8.566272,40.585699,0
              8.566304,40.585673,0
              8.566327,40.585641,0
              8.56634,40.585607,0
              8.566347,40.585571,0
              8.566346,40.585535,0
              8.566336,40.5855,0
              8.566319,40.585467,0
              8.566294,40.585438,0
              8.566265,40.585407,0
              8.566238,40.585378,0
            </coordinates>
          </LineString>
          <LineString>
            <tessellate>1</tessellate>
            <coordinates>
              8.566038,40.586319,0
              8.566075,40.586296,0
              8.566112,40.586274,0
              8.566149,40.586251,0
              8.566186,40.586229,0
              8.56622,40.586204,0
              8.566246,40.586174,0
              8.566264,40.58614,0
              8.566272,40.586105,0
              8.566274,40.586069,0
              8.566263,40.586034,0
              8.566237,40.586004,0
              8.5662,40.585982,0
              8.566157,40.585966,0
              8.566115,40.58595,0
              8.566073,40.585934,0
              8.56603,40.585918,0
              8.565954,40.585889,0
              8.565911,40.585873,0
              8.565869,40.585857,0
              8.565826,40.585842,0
              8.565784,40.585825,0
              8.565743,40.585807,0
              8.565701,40.585787,0
              8.565622,40.585743,0
            </coordinates>
          </LineString>
        </MultiGeometry>
      </Placemark>
      <Placemark>
        <name>SSS1 Ittiri Arena Show - km. 2.21</name>
        <styleUrl>#line-FFFF00-1775-nodesc</styleUrl>
        <LineString>
          <tessellate>1</tessellate>
          <coordinates>
            8.56624,40.58538,0
            8.566199,40.585337,0
            8.566171,40.585308,0
            8.566143,40.585279,0
            8.566115,40.58525,0
            8.566088,40.585221,0
            8.565948,40.585076,0
            8.565812,40.584932,0
            8.565711,40.584846,0
            8.565677,40.584821,0
            8.565642,40.584797,0
            8.565607,40.584772,0
            8.56557,40.58475,0
            8.565529,40.584732,0
            8.565485,40.584719,0
            8.565439,40.584711,0
            8.565392,40.584708,0
            8.565345,40.584711,0
            8.565299,40.584719,0
            8.565255,40.584732,0
            8.565213,40.584749,0
            8.565171,40.584765,0
            8.565131,40.584784,0
            8.5651,40.584811,0
            8.565086,40.584845,0
            8.565091,40.58488,0
            8.565114,40.584911,0
            8.565152,40.584932,0
            8.565194,40.584948,0
            8.565235,40.584966,0
            8.565273,40.584988,0
            8.565307,40.585013,0
            8.565337,40.585041,0
            8.565363,40.585071,0
            8.565379,40.585104,0
            8.565388,40.58514,0
            8.565393,40.585175,0
            8.565386,40.585276,0
            8.565362,40.585442,0
            8.565356,40.585486,0
            8.565349,40.58553,0
            8.565343,40.585574,0
            8.565345,40.585618,0
            8.565357,40.585661,0
            8.565379,40.585701,0
            8.565407,40.58574,0
            8.565477,40.585809,0
            8.565594,40.585883,0
            8.56573,40.585935,0
            8.565773,40.58595,0
            8.565816,40.585965,0
            8.565859,40.58598,0
            8.565902,40.585995,0
            8.56594,40.586017,0
            8.56597,40.586044,0
            8.56599,40.586077,0
            8.565999,40.586112,0
            8.565996,40.586147,0
            8.565982,40.586181,0
            8.565958,40.586212,0
            8.565924,40.586237,0
            8.565889,40.586261,0
            8.565851,40.586283,0
            8.56581,40.5863,0
            8.565766,40.586313,0
            8.56572,40.586321,0
            8.565672,40.586323,0
            8.565625,40.586321,0
            8.565579,40.586313,0
            8.565535,40.5863,0
            8.565493,40.586283,0
            8.565456,40.586261,0
            8.565274,40.586166,0
            8.565235,40.586145,0
            8.565196,40.586125,0
            8.565157,40.586105,0
            8.565118,40.586084,0
            8.565081,40.586062,0
            8.565051,40.586035,0
            8.56503,40.586003,0
            8.565021,40.585968,0
            8.565023,40.585932,0
            8.565036,40.585897,0
            8.565053,40.585864,0
            8.565098,40.58578,0
            8.565154,40.585643,0
            8.56517,40.585515,0
            8.565174,40.585432,0
            8.565174,40.58535,0
            8.565151,40.585269,0
            8.565104,40.585195,0
            8.565036,40.58513,0
            8.56503,40.585126,0
            8.56499,40.585107,0
            8.564944,40.585098,0
            8.564897,40.585099,0
            8.564853,40.585112,0
            8.564817,40.585135,0
            8.564797,40.585168,0
            8.564789,40.585203,0
            8.564782,40.585239,0
            8.564779,40.585261,0
            8.564774,40.585296,0
            8.56477,40.585332,0
            8.564766,40.585368,0
            8.564763,40.585404,0
            8.56476,40.58544,0
            8.564758,40.585476,0
            8.564756,40.585512,0
            8.564755,40.585548,0
            8.564755,40.585584,0
            8.56476,40.585764,0
            8.564774,40.585907,0
            8.564797,40.586046,0
            8.564857,40.586177,0
            8.564957,40.586294,0
            8.565097,40.586393,0
            8.565211,40.586457,0
            8.565249,40.586479,0
            8.565287,40.5865,0
            8.565326,40.58652,0
            8.565369,40.586536,0
            8.565414,40.586547,0
            8.56546,40.586553,0
            8.565508,40.586553,0
            8.565555,40.586549,0
            8.5656,40.58654,0
            8.565644,40.586525,0
            8.565686,40.586505,0
            8.565765,40.586463,0
            8.565844,40.586422,0
            8.566038,40.586319,0
            8.566075,40.586296,0
            8.566112,40.586274,0
            8.566149,40.586251,0
            8.566186,40.586229,0
            8.56622,40.586204,0
            8.566246,40.586174,0
            8.566264,40.58614,0
            8.566272,40.586105,0
            8.566274,40.586069,0
            8.566263,40.586034,0
            8.566237,40.586004,0
            8.5662,40.585982,0
            8.566157,40.585966,0
            8.566115,40.58595,0
            8.566073,40.585934,0
            8.56603,40.585918,0
            8.565954,40.585889,0
            8.565911,40.585873,0
            8.565869,40.585857,0
            8.565826,40.585842,0
            8.565784,40.585825,0
            8.565743,40.585807,0
            8.565657,40.585762,0
            8.565595,40.585727,0
            8.56555,40.585698,0
            8.565519,40.585666,0
            8.565514,40.585657,0
            8.565504,40.585626,0
            8.565503,40.585612,0
            8.565516,40.585445,0
            8.56552,40.585421,0
            8.565535,40.585324,0
            8.565538,40.585318,0
            8.56557,40.585285,0
            8.565579,40.585279,0
            8.565615,40.58526,0
            8.565636,40.585253,0
            8.565678,40.585242,0
            8.565692,40.585239,0
            8.565718,40.585236,0
            8.565739,40.585236,0
            8.56577,40.585237,0
            8.565815,40.585246,0
            8.565834,40.585256,0
            8.565852,40.585273,0
            8.565874,40.585305,0
            8.565887,40.58534,0
            8.565888,40.585376,0
            8.565888,40.585412,0
            8.565887,40.585448,0
            8.565887,40.585484,0
            8.565886,40.58552,0
            8.565888,40.585556,0
            8.565898,40.585591,0
            8.565915,40.585624,0
            8.565941,40.585654,0
            8.565973,40.585681,0
            8.566009,40.585704,0
            8.566049,40.585723,0
            8.566094,40.585734,0
            8.566141,40.585737,0
            8.566188,40.585732,0
            8.566233,40.585719,0
            8.566272,40.585699,0
            8.566304,40.585673,0
            8.566327,40.585641,0
            8.56634,40.585607,0
            8.566347,40.585571,0
            8.566346,40.585535,0
            8.566336,40.5855,0
            8.566319,40.585467,0
            8.566294,40.585438,0
            8.566265,40.585407,0
            8.56624,40.58538,0
            8.566199,40.585337,0
            8.566171,40.585308,0
            8.566143,40.585279,0
            8.566115,40.58525,0
            8.566088,40.585221,0
            8.565948,40.585076,0
            8.565812,40.584932,0
            8.565711,40.584846,0
            8.565677,40.584821,0
            8.565642,40.584797,0
            8.565607,40.584772,0
            8.56557,40.58475,0
            8.565529,40.584732,0
            8.565485,40.584719,0
            8.565439,40.584711,0
            8.565392,40.584708,0
            8.565345,40.584711,0
            8.565299,40.584719,0
            8.565255,40.584732,0
            8.565213,40.584749,0
            8.565171,40.584765,0
            8.565131,40.584784,0
            8.5651,40.584811,0
            8.565086,40.584845,0
            8.565091,40.58488,0
            8.565114,40.584911,0
            8.565152,40.584932,0
            8.565194,40.584948,0
            8.565235,40.584966,0
            8.565273,40.584988,0
            8.565307,40.585013,0
            8.565337,40.585041,0
            8.565363,40.585071,0
            8.565379,40.585104,0
            8.565388,40.58514,0
            8.565393,40.585175,0
            8.565386,40.585276,0
            8.565362,40.585442,0
            8.565356,40.585486,0
            8.565349,40.58553,0
            8.565343,40.585574,0
            8.565345,40.585618,0
            8.565357,40.585661,0
            8.565379,40.585701,0
            8.565407,40.58574,0
            8.565477,40.585809,0
            8.565594,40.585883,0
            8.56573,40.585935,0
            8.565773,40.58595,0
            8.565816,40.585965,0
            8.565859,40.58598,0
            8.565902,40.585995,0
            8.56594,40.586017,0
            8.56597,40.586044,0
            8.56599,40.586077,0
            8.565999,40.586112,0
            8.565996,40.586147,0
            8.565982,40.586181,0
            8.565958,40.586212,0
            8.565924,40.586237,0
            8.565889,40.586261,0
            8.565851,40.586283,0
            8.56581,40.5863,0
            8.565766,40.586313,0
            8.56572,40.586321,0
            8.565672,40.586323,0
            8.565625,40.586321,0
            8.565579,40.586313,0
            8.565535,40.5863,0
            8.565493,40.586283,0
            8.565456,40.586261,0
            8.565274,40.586166,0
            8.565235,40.586145,0
            8.565196,40.586125,0
            8.565157,40.586105,0
            8.565118,40.586084,0
            8.565081,40.586062,0
            8.565051,40.586035,0
            8.56503,40.586003,0
            8.565021,40.585968,0
            8.565023,40.585932,0
            8.565036,40.585897,0
            8.565053,40.585864,0
            8.565098,40.58578,0
            8.565154,40.585643,0
            8.56517,40.585515,0
            8.565174,40.585432,0
            8.565174,40.58535,0
            8.565151,40.585269,0
            8.565104,40.585195,0
            8.565036,40.58513,0
            8.56503,40.585126,0
            8.56499,40.585107,0
            8.564944,40.585098,0
            8.564897,40.585099,0
            8.564853,40.585112,0
            8.564817,40.585135,0
            8.564797,40.585168,0
            8.564789,40.585203,0
            8.564782,40.585239,0
            8.564779,40.585261,0
            8.564774,40.585296,0
            8.56477,40.585332,0
            8.564766,40.585368,0
            8.564763,40.585404,0
            8.56476,40.58544,0
            8.564758,40.585476,0
            8.564756,40.585512,0
            8.564755,40.585548,0
            8.564755,40.585584,0
            8.56476,40.585764,0
            8.564774,40.585907,0
            8.564797,40.586046,0
            8.564857,40.586177,0
            8.564957,40.586294,0
            8.565097,40.586393,0
            8.565211,40.586457,0
            8.565249,40.586479,0
            8.565287,40.5865,0
            8.565326,40.58652,0
            8.565369,40.586536,0
            8.565414,40.586547,0
            8.56546,40.586553,0
            8.565508,40.586553,0
            8.565555,40.586549,0
            8.5656,40.58654,0
            8.565644,40.586525,0
            8.565686,40.586505,0
            8.565765,40.586463,0
            8.565844,40.586422,0
            8.566038,40.586319,0
            8.566075,40.586296,0
            8.566112,40.586274,0
            8.566149,40.586251,0
            8.566186,40.586229,0
            8.56622,40.586204,0
            8.566246,40.586174,0
            8.566264,40.58614,0
            8.566272,40.586105,0
            8.566274,40.586069,0
            8.566263,40.586034,0
            8.566237,40.586004,0
            8.5662,40.585982,0
            8.566157,40.585966,0
            8.566115,40.58595,0
            8.566073,40.585934,0
            8.56603,40.585918,0
            8.565954,40.585889,0
            8.565911,40.585873,0
            8.565869,40.585857,0
            8.565826,40.585842,0
            8.565784,40.585825,0
            8.565743,40.585807,0
            8.565651,40.585759,0
            8.565591,40.585726,0
            8.565549,40.585696,0
            8.565518,40.585664,0
            8.565503,40.585622,0
            8.565518,40.585428,0
            8.565536,40.58532,0
            8.565573,40.585283,0
            8.565622,40.585257,0
            8.565685,40.58524,0
            8.565725,40.585236,0
            8.56577,40.585237,0
            8.565815,40.585246,0
            8.565834,40.585256,0
            8.565852,40.585273,0
            8.565874,40.585305,0
            8.565887,40.58534,0
            8.565888,40.585376,0
            8.565888,40.585412,0
            8.565887,40.585448,0
            8.565887,40.585484,0
            8.565886,40.58552,0
            8.565888,40.585556,0
            8.565898,40.585591,0
            8.565915,40.585624,0
            8.565941,40.585654,0
            8.565973,40.585681,0
            8.566009,40.585704,0
            8.566049,40.585723,0
            8.566094,40.585734,0
            8.566141,40.585737,0
            8.566188,40.585732,0
            8.566233,40.585719,0
            8.566272,40.585699,0
            8.566304,40.585673,0
            8.566327,40.585641,0
            8.56634,40.585607,0
            8.566347,40.585571,0
            8.566346,40.585535,0
            8.566336,40.5855,0
            8.566319,40.585467,0
            8.566294,40.585438,0
            8.566265,40.585407,0
            8.56624,40.58538,0
            8.566227,40.585367,0
            8.566199,40.585337,0
            8.566171,40.585308,0
            8.566143,40.585279,0
            8.566115,40.58525,0
            8.566088,40.585221,0
            8.566033,40.585164,0
          </coordinates>
        </LineString>
      </Placemark>
      <Placemark>
        <name>arrow</name>
        <styleUrl>#line-D6D6D6-4000-nodesc</styleUrl>
        <MultiGeometry>
          <LineString>
            <tessellate>1</tessellate>
            <coordinates>
              8.565206,40.585614,0
              8.565092,40.585613,0
              8.565108,40.585522,0
              8.565111,40.585499,0
              8.56513,40.585541,0
              8.565079,40.585541,0
              8.565112,40.585499,0
            </coordinates>
          </LineString>
          <LineString>
            <tessellate>1</tessellate>
            <coordinates>
              8.565447,40.585615,0
              8.565569,40.585617,0
              8.565571,40.585505,0
              8.565595,40.585544,0
              8.565548,40.585543,0
              8.565571,40.585505,0
            </coordinates>
          </LineString>
        </MultiGeometry>
      </Placemark>
    </Folder>
    <Folder>
      <name>SSS1 Ittiri Arena Show - km. 2.21</name>
      <Placemark>
        <name>SSS1 Ittiri Arena Show - km. 2.21</name>
        <styleUrl>#line-FFFF00-3000-nodesc</styleUrl>
        <LineString>
          <tessellate>1</tessellate>
          <coordinates>
            8.56624,40.58538,0
            8.566199,40.585337,0
            8.566171,40.585308,0
            8.566143,40.585279,0
            8.566115,40.58525,0
            8.566088,40.585221,0
            8.565948,40.585076,0
            8.565812,40.584932,0
            8.565711,40.584846,0
            8.565677,40.584821,0
            8.565642,40.584797,0
            8.565607,40.584772,0
            8.56557,40.58475,0
            8.565529,40.584732,0
            8.565485,40.584719,0
            8.565439,40.584711,0
            8.565392,40.584708,0
            8.565345,40.584711,0
            8.565299,40.584719,0
            8.565255,40.584732,0
            8.565213,40.584749,0
            8.565171,40.584765,0
            8.565131,40.584784,0
            8.5651,40.584811,0
            8.565086,40.584845,0
            8.565091,40.58488,0
            8.565114,40.584911,0
            8.565152,40.584932,0
            8.565194,40.584948,0
            8.565235,40.584966,0
            8.565273,40.584988,0
            8.565307,40.585013,0
            8.565337,40.585041,0
            8.565363,40.585071,0
            8.565379,40.585104,0
            8.565388,40.58514,0
            8.565393,40.585175,0
            8.565386,40.585276,0
            8.565362,40.585442,0
            8.565356,40.585486,0
            8.565349,40.58553,0
            8.565343,40.585574,0
            8.565345,40.585618,0
            8.565357,40.585661,0
            8.565379,40.585701,0
            8.565407,40.58574,0
            8.565477,40.585809,0
            8.565594,40.585883,0
            8.56573,40.585935,0
            8.565773,40.58595,0
            8.565816,40.585965,0
            8.565859,40.58598,0
            8.565902,40.585995,0
            8.56594,40.586017,0
            8.56597,40.586044,0
            8.56599,40.586077,0
            8.565999,40.586112,0
            8.565996,40.586147,0
            8.565982,40.586181,0
            8.565958,40.586212,0
            8.565924,40.586237,0
            8.565889,40.586261,0
            8.565851,40.586283,0
            8.56581,40.5863,0
            8.565766,40.586313,0
            8.56572,40.586321,0
            8.565672,40.586323,0
            8.565625,40.586321,0
            8.565579,40.586313,0
            8.565535,40.5863,0
            8.565493,40.586283,0
            8.565456,40.586261,0
            8.565274,40.586166,0
            8.565235,40.586145,0
            8.565196,40.586125,0
            8.565157,40.586105,0
            8.565118,40.586084,0
            8.565081,40.586062,0
            8.565051,40.586035,0
            8.56503,40.586003,0
            8.565021,40.585968,0
            8.565023,40.585932,0
            8.565036,40.585897,0
            8.565053,40.585864,0
            8.565098,40.58578,0
            8.565154,40.585643,0
            8.56517,40.585515,0
            8.565174,40.585432,0
            8.565174,40.58535,0
            8.565151,40.585269,0
            8.565104,40.585195,0
            8.565036,40.58513,0
            8.56503,40.585126,0
            8.56499,40.585107,0
            8.564944,40.585098,0
            8.564897,40.585099,0
            8.564853,40.585112,0
            8.564817,40.585135,0
            8.564797,40.585168,0
            8.564789,40.585203,0
            8.564782,40.585239,0
            8.564779,40.585261,0
            8.564774,40.585296,0
            8.56477,40.585332,0
            8.564766,40.585368,0
            8.564763,40.585404,0
            8.56476,40.58544,0
            8.564758,40.585476,0
            8.564756,40.585512,0
            8.564755,40.585548,0
            8.564755,40.585584,0
            8.56476,40.585764,0
            8.564774,40.585907,0
            8.564797,40.586046,0
            8.564857,40.586177,0
            8.564957,40.586294,0
            8.565097,40.586393,0
            8.565211,40.586457,0
            8.565249,40.586479,0
            8.565287,40.5865,0
            8.565326,40.58652,0
            8.565369,40.586536,0
            8.565414,40.586547,0
            8.56546,40.586553,0
            8.565508,40.586553,0
            8.565555,40.586549,0
            8.5656,40.58654,0
            8.565644,40.586525,0
            8.565686,40.586505,0
            8.565765,40.586463,0
            8.565844,40.586422,0
            8.566038,40.586319,0
            8.566075,40.586296,0
            8.566112,40.586274,0
            8.566149,40.586251,0
            8.566186,40.586229,0
            8.56622,40.586204,0
            8.566246,40.586174,0
            8.566264,40.58614,0
            8.566272,40.586105,0
            8.566274,40.586069,0
            8.566263,40.586034,0
            8.566237,40.586004,0
            8.5662,40.585982,0
            8.566157,40.585966,0
            8.566115,40.58595,0
            8.566073,40.585934,0
            8.56603,40.585918,0
            8.565954,40.585889,0
            8.565911,40.585873,0
            8.565869,40.585857,0
            8.565826,40.585842,0
            8.565784,40.585825,0
            8.565743,40.585807,0
            8.565657,40.585762,0
            8.565595,40.585727,0
            8.56555,40.585698,0
            8.565519,40.585666,0
            8.565514,40.585657,0
            8.565504,40.585626,0
            8.565503,40.585612,0
            8.565516,40.585445,0
            8.56552,40.585421,0
            8.565535,40.585324,0
            8.565538,40.585318,0
            8.56557,40.585285,0
            8.565579,40.585279,0
            8.565615,40.58526,0
            8.565636,40.585253,0
            8.565678,40.585242,0
            8.565692,40.585239,0
            8.565718,40.585236,0
            8.565739,40.585236,0
            8.56577,40.585237,0
            8.565815,40.585246,0
            8.565834,40.585256,0
            8.565852,40.585273,0
            8.565874,40.585305,0
            8.565887,40.58534,0
            8.565888,40.585376,0
            8.565888,40.585412,0
            8.565887,40.585448,0
            8.565887,40.585484,0
            8.565886,40.58552,0
            8.565888,40.585556,0
            8.565898,40.585591,0
            8.565915,40.585624,0
            8.565941,40.585654,0
            8.565973,40.585681,0
            8.566009,40.585704,0
            8.566049,40.585723,0
            8.566094,40.585734,0
            8.566141,40.585737,0
            8.566188,40.585732,0
            8.566233,40.585719,0
            8.566272,40.585699,0
            8.566304,40.585673,0
            8.566327,40.585641,0
            8.56634,40.585607,0
            8.566347,40.585571,0
            8.566346,40.585535,0
            8.566336,40.5855,0
            8.566319,40.585467,0
            8.566294,40.585438,0
            8.566265,40.585407,0
            8.56624,40.58538,0
            8.566199,40.585337,0
            8.566171,40.585308,0
            8.566143,40.585279,0
            8.566115,40.58525,0
            8.566088,40.585221,0
            8.565948,40.585076,0
            8.565812,40.584932,0
            8.565711,40.584846,0
            8.565677,40.584821,0
            8.565642,40.584797,0
            8.565607,40.584772,0
            8.56557,40.58475,0
            8.565529,40.584732,0
            8.565485,40.584719,0
            8.565439,40.584711,0
            8.565392,40.584708,0
            8.565345,40.584711,0
            8.565299,40.584719,0
            8.565255,40.584732,0
            8.565213,40.584749,0
            8.565171,40.584765,0
            8.565131,40.584784,0
            8.5651,40.584811,0
            8.565086,40.584845,0
            8.565091,40.58488,0
            8.565114,40.584911,0
            8.565152,40.584932,0
            8.565194,40.584948,0
            8.565235,40.584966,0
            8.565273,40.584988,0
            8.565307,40.585013,0
            8.565337,40.585041,0
            8.565363,40.585071,0
            8.565379,40.585104,0
            8.565388,40.58514,0
            8.565393,40.585175,0
            8.565386,40.585276,0
            8.565362,40.585442,0
            8.565356,40.585486,0
            8.565349,40.58553,0
            8.565343,40.585574,0
            8.565345,40.585618,0
            8.565357,40.585661,0
            8.565379,40.585701,0
            8.565407,40.58574,0
            8.565477,40.585809,0
            8.565594,40.585883,0
            8.56573,40.585935,0
            8.565773,40.58595,0
            8.565816,40.585965,0
            8.565859,40.58598,0
            8.565902,40.585995,0
            8.56594,40.586017,0
            8.56597,40.586044,0
            8.56599,40.586077,0
            8.565999,40.586112,0
            8.565996,40.586147,0
            8.565982,40.586181,0
            8.565958,40.586212,0
            8.565924,40.586237,0
            8.565889,40.586261,0
            8.565851,40.586283,0
            8.56581,40.5863,0
            8.565766,40.586313,0
            8.56572,40.586321,0
            8.565672,40.586323,0
            8.565625,40.586321,0
            8.565579,40.586313,0
            8.565535,40.5863,0
            8.565493,40.586283,0
            8.565456,40.586261,0
            8.565274,40.586166,0
            8.565235,40.586145,0
            8.565196,40.586125,0
            8.565157,40.586105,0
            8.565118,40.586084,0
            8.565081,40.586062,0
            8.565051,40.586035,0
            8.56503,40.586003,0
            8.565021,40.585968,0
            8.565023,40.585932,0
            8.565036,40.585897,0
            8.565053,40.585864,0
            8.565098,40.58578,0
            8.565154,40.585643,0
            8.56517,40.585515,0
            8.565174,40.585432,0
            8.565174,40.58535,0
            8.565151,40.585269,0
            8.565104,40.585195,0
            8.565036,40.58513,0
            8.56503,40.585126,0
            8.56499,40.585107,0
            8.564944,40.585098,0
            8.564897,40.585099,0
            8.564853,40.585112,0
            8.564817,40.585135,0
            8.564797,40.585168,0
            8.564789,40.585203,0
            8.564782,40.585239,0
            8.564779,40.585261,0
            8.564774,40.585296,0
            8.56477,40.585332,0
            8.564766,40.585368,0
            8.564763,40.585404,0
            8.56476,40.58544,0
            8.564758,40.585476,0
            8.564756,40.585512,0
            8.564755,40.585548,0
            8.564755,40.585584,0
            8.56476,40.585764,0
            8.564774,40.585907,0
            8.564797,40.586046,0
            8.564857,40.586177,0
            8.564957,40.586294,0
            8.565097,40.586393,0
            8.565211,40.586457,0
            8.565249,40.586479,0
            8.565287,40.5865,0
            8.565326,40.58652,0
            8.565369,40.586536,0
            8.565414,40.586547,0
            8.56546,40.586553,0
            8.565508,40.586553,0
            8.565555,40.586549,0
            8.5656,40.58654,0
            8.565644,40.586525,0
            8.565686,40.586505,0
            8.565765,40.586463,0
            8.565844,40.586422,0
            8.566038,40.586319,0
            8.566075,40.586296,0
            8.566112,40.586274,0
            8.566149,40.586251,0
            8.566186,40.586229,0
            8.56622,40.586204,0
            8.566246,40.586174,0
            8.566264,40.58614,0
            8.566272,40.586105,0
            8.566274,40.586069,0
            8.566263,40.586034,0
            8.566237,40.586004,0
            8.5662,40.585982,0
            8.566157,40.585966,0
            8.566115,40.58595,0
            8.566073,40.585934,0
            8.56603,40.585918,0
            8.565954,40.585889,0
            8.565911,40.585873,0
            8.565869,40.585857,0
            8.565826,40.585842,0
            8.565784,40.585825,0
            8.565743,40.585807,0
            8.565651,40.585759,0
            8.565591,40.585726,0
            8.565549,40.585696,0
            8.565518,40.585664,0
            8.565503,40.585622,0
            8.565518,40.585428,0
            8.565536,40.58532,0
            8.565573,40.585283,0
            8.565622,40.585257,0
            8.565685,40.58524,0
            8.565725,40.585236,0
            8.56577,40.585237,0
            8.565815,40.585246,0
            8.565834,40.585256,0
            8.565852,40.585273,0
            8.565874,40.585305,0
            8.565887,40.58534,0
            8.565888,40.585376,0
            8.565888,40.585412,0
            8.565887,40.585448,0
            8.565887,40.585484,0
            8.565886,40.58552,0
            8.565888,40.585556,0
            8.565898,40.585591,0
            8.565915,40.585624,0
            8.565941,40.585654,0
            8.565973,40.585681,0
            8.566009,40.585704,0
            8.566049,40.585723,0
            8.566094,40.585734,0
            8.566141,40.585737,0
            8.566188,40.585732,0
            8.566233,40.585719,0
            8.566272,40.585699,0
            8.566304,40.585673,0
            8.566327,40.585641,0
            8.56634,40.585607,0
            8.566347,40.585571,0
            8.566346,40.585535,0
            8.566336,40.5855,0
            8.566319,40.585467,0
            8.566294,40.585438,0
            8.566265,40.585407,0
            8.56624,40.58538,0
            8.566227,40.585367,0
            8.566199,40.585337,0
            8.566171,40.585308,0
            8.566143,40.585279,0
            8.566115,40.58525,0
            8.566088,40.585221,0
            8.566033,40.585164,0
          </coordinates>
        </LineString>
      </Placemark>
      <Placemark>
        <name>Start / Finish</name>
        <styleUrl>#icon-1899-DB4436-nodesc</styleUrl>
        <Point>
          <coordinates>
            8.565162,40.585613,0
          </coordinates>
        </Point>
      </Placemark>
      <Placemark>
        <name>Start/ Finish</name>
        <styleUrl>#icon-1899-DB4436-nodesc</styleUrl>
        <Point>
          <coordinates>
            8.565508,40.585615,0
          </coordinates>
        </Point>
      </Placemark>
      <Placemark>
        <name>Jump</name>
        <styleUrl>#line-000000-3000-nodesc</styleUrl>
        <LineString>
          <tessellate>1</tessellate>
          <coordinates>
            8.564756,40.586108,402.75
            8.564759,40.586112,402.7
            8.564761,40.586116,402.65
            8.564764,40.586119,402.59
            8.564768,40.586123,402.53
            8.564772,40.586126,402.45
            8.564776,40.586129,402.37
            8.564781,40.586131,402.29
            8.564786,40.586133,402.2
            8.564791,40.586135,402.14
            8.564796,40.586137,402.07
            8.564802,40.586138,402.01
            8.564807,40.586139,401.94
            8.564813,40.58614,401.88
            8.564819,40.58614,401.81
            8.564825,40.586139,401.74
            8.56483,40.586139,401.68
            8.564836,40.586138,401.62
            8.564841,40.586136,401.56
            8.564846,40.586135,401.5
            8.564851,40.586133,401.44
            8.564856,40.58613,401.4
            8.564861,40.586127,401.35
            8.564865,40.586124,401.31
            8.564869,40.586121,401.27
            8.564872,40.586118,401.24
            8.564875,40.586114,401.22
            8.564878,40.58611,401.21
            8.56488,40.586106,401.2
            8.564881,40.586102,401.2
            8.564882,40.586098,401.2
            8.564883,40.586093,401.2
            8.564883,40.586089,401.2
            8.564883,40.586084,401.21
            8.564882,40.58608,401.23
            8.564881,40.586076,401.24
          </coordinates>
        </LineString>
      </Placemark>
      <Placemark>
        <name>Jump</name>
        <styleUrl>#line-000000-3000-nodesc</styleUrl>
        <LineString>
          <tessellate>1</tessellate>
          <coordinates>
            8.565378,40.586157,398.92
            8.565373,40.586155,398.94
            8.565367,40.586153,398.96
            8.565361,40.586152,398.99
            8.565355,40.586151,399.02
            8.565349,40.58615,399.04
            8.565343,40.58615,399.07
            8.565337,40.58615,399.09
            8.565331,40.586151,399.12
            8.565325,40.586152,399.14
            8.565319,40.586153,399.17
            8.565314,40.586155,399.19
            8.565308,40.586157,399.21
            8.565303,40.586159,399.25
            8.565298,40.586162,399.28
            8.565294,40.586165,399.3
            8.565289,40.586169,399.33
            8.565286,40.586172,399.36
            8.565282,40.586176,399.39
            8.56528,40.58618,399.42
            8.565277,40.586185,399.45
            8.565275,40.586189,399.48
            8.565274,40.586194,399.5
            8.565273,40.586198,399.53
            8.565273,40.586203,399.55
            8.565273,40.586207,399.58
            8.565274,40.586212,399.6
            8.565275,40.586216,399.62
            8.565277,40.586221,399.64
            8.565279,40.586225,399.65
            8.565282,40.586229,399.67
            8.565285,40.586233,399.68
            8.565289,40.586237,399.69
            8.565293,40.58624,399.69
            8.565297,40.586243,399.7
          </coordinates>
        </LineString>
      </Placemark>
      <Placemark>
        <name>WaterSplash</name>
        <styleUrl>#line-00AAFF-4000-nodesc</styleUrl>
        <MultiGeometry>
          <LineString>
            <tessellate>1</tessellate>
            <coordinates>
              8.565718,40.584941,0
              8.565841,40.584872,0
            </coordinates>
          </LineString>
          <LineString>
            <tessellate>1</tessellate>
            <coordinates>
              8.56581,40.585026,0
              8.565932,40.584957,0
            </coordinates>
          </LineString>
          <LineString>
            <tessellate>1</tessellate>
            <coordinates>
              8.565793,40.585009,0
              8.565915,40.58494,0
            </coordinates>
          </LineString>
          <LineString>
            <tessellate>1</tessellate>
            <coordinates>
              8.565737,40.584958,0
              8.565859,40.584889,0
            </coordinates>
          </LineString>
          <LineString>
            <tessellate>1</tessellate>
            <coordinates>
              8.565756,40.584974,0
              8.565878,40.584905,0
            </coordinates>
          </LineString>
          <LineString>
            <tessellate>1</tessellate>
            <coordinates>
              8.565776,40.584992,0
              8.565898,40.584923,0
            </coordinates>
          </LineString>
        </MultiGeometry>
      </Placemark>
      <Placemark>
        <name>gravel</name>
        <styleUrl>#line-FFAA00-10000-nodesc</styleUrl>
        <MultiGeometry>
          <LineString>
            <tessellate>1</tessellate>
            <coordinates>
              8.565036,40.58513,0
              8.565104,40.585195,0
              8.565151,40.585269,0
              8.565174,40.58535,0
              8.565174,40.585432,0
              8.56517,40.585515,0
              8.565154,40.585643,0
              8.565098,40.58578,0
              8.565053,40.585864,0
              8.565036,40.585897,0
              8.565023,40.585932,0
              8.565021,40.585968,0
              8.56503,40.586003,0
              8.565051,40.586035,0
              8.565081,40.586062,0
              8.565118,40.586084,0
              8.565157,40.586105,0
              8.565196,40.586125,0
              8.565235,40.586145,0
              8.565274,40.586166,0
              8.565456,40.586261,0
              8.565493,40.586283,0
              8.565535,40.5863,0
              8.565579,40.586313,0
              8.565625,40.586321,0
              8.565672,40.586323,0
              8.56572,40.586321,0
              8.565766,40.586313,0
              8.56581,40.5863,0
              8.565851,40.586283,0
              8.565889,40.586261,0
              8.565924,40.586237,0
              8.565958,40.586212,0
              8.565982,40.586181,0
              8.565996,40.586147,0
              8.565999,40.586112,0
              8.56599,40.586077,0
              8.56597,40.586044,0
              8.56594,40.586017,0
              8.565902,40.585995,0
              8.565859,40.58598,0
              8.565816,40.585965,0
              8.565773,40.58595,0
              8.56573,40.585935,0
              8.565594,40.585883,0
              8.565477,40.585809,0
              8.565407,40.58574,0
              8.565379,40.585701,0
              8.565357,40.585661,0
              8.565345,40.585618,0
              8.565343,40.585574,0
              8.565349,40.58553,0
              8.565356,40.585486,0
              8.565362,40.585442,0
              8.565386,40.585276,0
              8.565393,40.585175,0
              8.565388,40.58514,0
              8.565379,40.585104,0
              8.565363,40.585071,0
              8.565337,40.585041,0
              8.565307,40.585013,0
              8.565273,40.584988,0
              8.565235,40.584966,0
              8.565194,40.584948,0
              8.565152,40.584932,0
              8.565114,40.584911,0
              8.565091,40.58488,0
              8.565086,40.584845,0
              8.5651,40.584811,0
              8.565131,40.584784,0
              8.565171,40.584765,0
              8.565213,40.584749,0
              8.565255,40.584732,0
              8.565299,40.584719,0
              8.565345,40.584711,0
              8.565392,40.584708,0
              8.565439,40.584711,0
              8.565485,40.584719,0
              8.565529,40.584732,0
              8.56557,40.58475,0
              8.565607,40.584772,0
              8.565642,40.584797,0
              8.565677,40.584821,0
              8.565711,40.584846,0
              8.565812,40.584932,0
              8.565948,40.585076,0
              8.566088,40.585221,0
              8.566115,40.58525,0
              8.566143,40.585279,0
              8.566171,40.585308,0
              8.566199,40.585337,0
              8.56624,40.58538,0
            </coordinates>
          </LineString>
          <LineString>
            <tessellate>1</tessellate>
            <coordinates>
              8.565621,40.585742,0
              8.565591,40.585726,0
              8.565551,40.585699,0
              8.565533,40.585682,0
              8.565517,40.585664,0
              8.565509,40.585642,0
              8.565502,40.585623,0
              8.565515,40.585457,0
              8.565519,40.585426,0
              8.565529,40.58536,0
              8.565536,40.585322,0
              8.565557,40.585299,0
              8.565571,40.585285,0
              8.56559,40.585274,0
              8.565623,40.585257,0
              8.565662,40.585246,0
            </coordinates>
          </LineString>
          <LineString>
            <tessellate>1</tessellate>
            <coordinates>
              8.566038,40.586319,0
              8.565844,40.586422,0
              8.565765,40.586463,0
              8.565686,40.586505,0
              8.565644,40.586525,0
              8.5656,40.58654,0
              8.565555,40.586549,0
              8.565508,40.586553,0
              8.56546,40.586553,0
              8.565414,40.586547,0
              8.565369,40.586536,0
              8.565326,40.58652,0
              8.565287,40.5865,0
              8.565249,40.586479,0
              8.565211,40.586457,0
              8.565097,40.586393,0
              8.564957,40.586294,0
              8.564857,40.586177,0
              8.564797,40.586046,0
              8.564774,40.585907,0
              8.56476,40.585764,0
              8.564755,40.585584,0
              8.564755,40.585548,0
              8.564756,40.585512,0
              8.564758,40.585476,0
              8.56476,40.58544,0
              8.564763,40.585404,0
              8.564766,40.585368,0
              8.56477,40.585332,0
              8.564774,40.585296,0
              8.564779,40.585261,0
              8.564782,40.585239,0
            </coordinates>
          </LineString>
        </MultiGeometry>
      </Placemark>
      <Placemark>
        <name>tarmac</name>
        <styleUrl>#line-757575-10000-nodesc</styleUrl>
        <MultiGeometry>
          <LineString>
            <tessellate>1</tessellate>
            <coordinates>
              8.564782,40.585239,0
              8.564789,40.585203,0
              8.564797,40.585168,0
              8.564817,40.585135,0
              8.564853,40.585112,0
              8.564897,40.585099,0
              8.564944,40.585098,0
              8.56499,40.585107,0
              8.56503,40.585126,0
              8.565036,40.58513,0
            </coordinates>
          </LineString>
          <LineString>
            <tessellate>1</tessellate>
            <coordinates>
              8.565658,40.585247,0
              8.565693,40.585239,0
              8.565729,40.585236,0
              8.565776,40.585238,0
              8.565814,40.585247,0
              8.565834,40.585256,0
              8.565852,40.585273,0
              8.565874,40.585305,0
              8.565887,40.58534,0
              8.565888,40.585376,0
              8.565888,40.585412,0
              8.565887,40.585448,0
              8.565887,40.585484,0
              8.565886,40.58552,0
              8.565888,40.585556,0
              8.565898,40.585591,0
              8.565915,40.585624,0
              8.565941,40.585654,0
              8.565973,40.585681,0
              8.566009,40.585704,0
              8.566049,40.585723,0
              8.566094,40.585734,0
              8.566141,40.585737,0
              8.566188,40.585732,0
              8.566233,40.585719,0
              8.566272,40.585699,0
              8.566304,40.585673,0
              8.566327,40.585641,0
              8.56634,40.585607,0
              8.566347,40.585571,0
              8.566346,40.585535,0
              8.566336,40.5855,0
              8.566319,40.585467,0
              8.566294,40.585438,0
              8.566265,40.585407,0
              8.566238,40.585378,0
            </coordinates>
          </LineString>
          <LineString>
            <tessellate>1</tessellate>
            <coordinates>
              8.566038,40.586319,0
              8.566075,40.586296,0
              8.566112,40.586274,0
              8.566149,40.586251,0
              8.566186,40.586229,0
              8.56622,40.586204,0
              8.566246,40.586174,0
              8.566264,40.58614,0
              8.566272,40.586105,0
              8.566274,40.586069,0
              8.566263,40.586034,0
              8.566237,40.586004,0
              8.5662,40.585982,0
              8.566157,40.585966,0
              8.566115,40.58595,0
              8.566073,40.585934,0
              8.56603,40.585918,0
              8.565954,40.585889,0
              8.565911,40.585873,0
              8.565869,40.585857,0
              8.565826,40.585842,0
              8.565784,40.585825,0
              8.565743,40.585807,0
              8.565701,40.585787,0
              8.565622,40.585743,0
            </coordinates>
          </LineString>
        </MultiGeometry>
      </Placemark>
      <Placemark>
        <name>arrow</name>
        <styleUrl>#line-1A237E-1581-nodesc</styleUrl>
        <LineString>
          <tessellate>1</tessellate>
          <coordinates>
            8.565206,40.585614,0
            8.565092,40.585613,0
            8.565108,40.585522,0
            8.565111,40.585499,0
            8.56513,40.585541,0
            8.565079,40.585541,0
            8.565112,40.585499,0
          </coordinates>
        </LineString>
      </Placemark>
      <Placemark>
        <name>arrow</name>
        <styleUrl>#line-1A237E-1581-nodesc</styleUrl>
        <LineString>
          <tessellate>1</tessellate>
          <coordinates>
            8.565447,40.585615,0
            8.565569,40.585617,0
            8.565571,40.585505,0
            8.565595,40.585544,0
            8.565548,40.585543,0
            8.565571,40.585505,0
          </coordinates>
        </LineString>
      </Placemark>
    </Folder>
    <Folder>
      <name>TXT</name>
      <Placemark>
        <name>Ittiri Arena</name>
        <styleUrl>#poly-F9F9F9-1200-255-nodesc</styleUrl>
        <MultiGeometry>
          <Polygon>
            <outerBoundaryIs>
              <LinearRing>
                <tessellate>1</tessellate>
                <coordinates>
                  8.559108,40.576688,0
                  8.559108,40.577059,0
                  8.558589,40.577092,0
                  8.558086,40.577164,0
                  8.557603,40.577273,0
                  8.557142,40.577419,0
                  8.556706,40.577598,0
                  8.556298,40.577808,0
                  8.555921,40.578048,0
                  8.555578,40.578315,0
                  8.555271,40.578607,0
                  8.555003,40.578922,0
                  8.554776,40.579257,0
                  8.554595,40.579611,0
                  8.554462,40.579982,0
                  8.554378,40.580367,0
                  8.554348,40.580764,0
                  8.55386,40.580764,0
                  8.553892,40.580326,0
                  8.553984,40.579902,0
                  8.554131,40.579494,0
                  8.554331,40.579104,0
                  8.55458,40.578734,0
                  8.554876,40.578388,0
                  8.555215,40.578066,0
                  8.555594,40.577772,0
                  8.556009,40.577509,0
                  8.556459,40.577277,0
                  8.55694,40.57708,0
                  8.557448,40.576921,0
                  8.557981,40.5768,0
                  8.558535,40.576722,0
                  8.559108,40.576688,0
                </coordinates>
              </LinearRing>
            </outerBoundaryIs>
          </Polygon>
          <Polygon>
            <outerBoundaryIs>
              <LinearRing>
                <tessellate>1</tessellate>
                <coordinates>
                  8.564642,40.580763,0
                  8.564154,40.580763,0
                  8.564124,40.580367,0
                  8.564041,40.579984,0
                  8.563908,40.579614,0
                  8.563728,40.579261,0
                  8.563503,40.578926,0
                  8.563236,40.578612,0
                  8.56293,40.57832,0
                  8.562589,40.578054,0
                  8.562213,40.577814,0
                  8.561808,40.577603,0
                  8.561374,40.577424,0
                  8.560915,40.577277,0
                  8.560434,40.577167,0
                  8.559933,40.577093,0
                  8.559416,40.577059,0
                  8.559416,40.576688,0
                  8.559987,40.576724,0
                  8.560539,40.576804,0
                  8.561069,40.576926,0
                  8.561576,40.577086,0
                  8.562054,40.577283,0
                  8.562502,40.577515,0
                  8.562916,40.577779,0
                  8.563293,40.578072,0
                  8.56363,40.578393,0
                  8.563925,40.578739,0
                  8.564173,40.579108,0
                  8.564372,40.579497,0
                  8.564518,40.579905,0
                  8.564609,40.580328,0
                  8.564642,40.580763,0
                </coordinates>
              </LinearRing>
            </outerBoundaryIs>
          </Polygon>
          <Polygon>
            <outerBoundaryIs>
              <LinearRing>
                <tessellate>1</tessellate>
                <coordinates>
                  8.553867,40.580998,0
                  8.553867,40.580997,0
                  8.554356,40.580997,0
                  8.55441,40.581376,0
                  8.554513,40.581742,0
                  8.554662,40.582094,0
                  8.554854,40.58243,0
                  8.555087,40.582747,0
                  8.555358,40.583045,0
                  8.555665,40.58332,0
                  8.556006,40.583572,0
                  8.556377,40.583798,0
                  8.556777,40.583996,0
                  8.557202,40.584165,0
                  8.55765,40.584302,0
                  8.558119,40.584405,0
                  8.558606,40.584473,0
                  8.559108,40.584503,0
                  8.559108,40.584875,0
                  8.558553,40.584842,0
                  8.558014,40.584768,0
                  8.557495,40.584654,0
                  8.557,40.584503,0
                  8.55653,40.584317,0
                  8.556088,40.584098,0
                  8.555678,40.583848,0
                  8.555302,40.58357,0
                  8.554963,40.583265,0
                  8.554664,40.582935,0
                  8.554408,40.582584,0
                  8.554197,40.582212,0
                  8.554035,40.581822,0
                  8.553924,40.581417,0
                  8.553867,40.580998,0
                </coordinates>
              </LinearRing>
            </outerBoundaryIs>
          </Polygon>
          <Polygon>
            <outerBoundaryIs>
              <LinearRing>
                <tessellate>1</tessellate>
                <coordinates>
                  8.559416,40.584874,0
                  8.559416,40.584503,0
                  8.559917,40.584471,0
                  8.560401,40.584402,0
                  8.560868,40.584298,0
                  8.561314,40.58416,0
                  8.561738,40.583991,0
                  8.562135,40.583793,0
                  8.562505,40.583567,0
                  8.562843,40.583316,0
                  8.563149,40.58304,0
                  8.563419,40.582743,0
                  8.563651,40.582426,0
                  8.563842,40.582091,0
                  8.563989,40.58174,0
                  8.564092,40.581375,0
                  8.564145,40.580998,0
                  8.564635,40.580998,0
                  8.564578,40.581416,0
                  8.564467,40.58182,0
                  8.564306,40.582209,0
                  8.564096,40.582579,0
                  8.563841,40.58293,0
                  8.563543,40.583259,0
                  8.563206,40.583564,0
                  8.562832,40.583842,0
                  8.562424,40.584092,0
                  8.561984,40.584311,0
                  8.561516,40.584498,0
                  8.561023,40.58465,0
                  8.560506,40.584764,0
                  8.55997,40.58484,0
                  8.559416,40.584874,0
                </coordinates>
              </LinearRing>
            </outerBoundaryIs>
          </Polygon>
          <Polygon>
            <outerBoundaryIs>
              <LinearRing>
                <tessellate>1</tessellate>
                <coordinates>
                  8.56071,40.578638,0
                  8.56071,40.578639,0
                  8.56071,40.578654,0
                  8.56071,40.578668,0
                  8.56071,40.578682,0
                  8.56071,40.578696,0
                  8.560709,40.57871,0
                  8.560709,40.578723,0
                  8.560708,40.578736,0
                  8.560708,40.578748,0
                  8.560707,40.578761,0
                  8.560706,40.578773,0
                  8.560705,40.578784,0
                  8.560705,40.578796,0
                  8.560704,40.578807,0
                  8.560702,40.578817,0
                  8.560701,40.578828,0
                  8.5607,40.578838,0
                  8.560698,40.578847,0
                  8.560697,40.578857,0
                  8.560695,40.578866,0
                  8.560694,40.578874,0
                  8.560692,40.578883,0
                  8.56069,40.578891,0
                  8.560688,40.578899,0
                  8.560686,40.578907,0
                  8.560684,40.578915,0
                  8.560681,40.578922,0
                  8.560679,40.57893,0
                  8.560677,40.578936,0
                  8.560674,40.578943,0
                  8.560671,40.57895,0
                  8.560669,40.578956,0
                  8.560666,40.578962,0
                  8.560663,40.578967,0
                  8.56066,40.578973,0
                  8.560657,40.578978,0
                  8.560654,40.578983,0
                  8.560651,40.578988,0
                  8.560648,40.578992,0
                  8.560644,40.578996,0
                  8.560641,40.579001,0
                  8.560638,40.579004,0
                  8.560634,40.579008,0
                  8.560631,40.579011,0
                  8.560627,40.579015,0
                  8.560624,40.579018,0
                  8.56062,40.57902,0
                  8.560616,40.579023,0
                  8.560612,40.579025,0
                  8.560608,40.579028,0
                  8.560604,40.57903,0
                  8.5606,40.579031,0
                  8.560596,40.579033,0
                  8.560592,40.579034,0
                  8.560588,40.579036,0
                  8.560584,40.579037,0
                  8.56058,40.579037,0
                  8.560575,40.579038,0
                  8.560571,40.579039,0
                  8.560567,40.579039,0
                  8.560562,40.579039,0
                  8.559787,40.579039,0
                  8.559787,40.583194,0
                  8.559787,40.583199,0
                  8.559787,40.583203,0
                  8.559787,40.583208,0
                  8.559786,40.583212,0
                  8.559786,40.583216,0
                  8.559785,40.58322,0
                  8.559784,40.583224,0
                  8.559783,40.583228,0
                  8.559782,40.583232,0
                  8.55978,40.583235,0
                  8.559779,40.583239,0
                  8.559777,40.583242,0
                  8.559776,40.583246,0
                  8.559774,40.583249,0
                  8.559772,40.583252,0
                  8.55977,40.583255,0
                  8.559767,40.583258,0
                  8.559765,40.583261,0
                  8.559762,40.583264,0
                  8.559759,40.583267,0
                  8.559756,40.583269,0
                  8.559752,40.583272,0
                  8.559748,40.583274,0
                  8.559744,40.583277,0
                  8.55974,40.583279,0
                  8.559735,40.583281,0
                  8.55973,40.583283,0
                  8.559725,40.583285,0
                  8.559719,40.583287,0
                  8.559713,40.583289,0
                  8.559707,40.583291,0
                  8.559701,40.583293,0
                  8.559694,40.583295,0
                  8.559687,40.583296,0
                  8.55968,40.583298,0
                  8.559672,40.583299,0
                  8.559663,40.583301,0
                  8.559655,40.583302,0
                  8.559646,40.583303,0
                  8.559636,40.583304,0
                  8.559626,40.583305,0
                  8.559616,40.583306,0
                  8.559606,40.583307,0
                  8.559595,40.583308,0
                  8.559583,40.583309,0
                  8.559572,40.58331,0
                  8.559559,40.583311,0
                  8.559547,40.583311,0
                  8.559534,40.583312,0
                  8.55952,40.583312,0
                  8.559506,40.583313,0
                  8.559491,40.583313,0
                  8.559476,40.583314,0
                  8.559461,40.583314,0
                  8.559445,40.583314,0
                  8.559429,40.583314,0
                  8.559412,40.583314,0
                  8.559394,40.583315,0
                  8.559377,40.583315,0
                  8.559358,40.583315,0
                  8.559343,40.583315,0
                  8.559329,40.583315,0
                  8.559314,40.583315,0
                  8.5593,40.583315,0
                  8.559287,40.583315,0
                  8.559274,40.583314,0
                  8.559261,40.583314,0
                  8.559249,40.583314,0
                  8.559237,40.583314,0
                  8.559225,40.583314,0
                  8.559214,40.583314,0
                  8.559203,40.583314,0
                  8.559193,40.583314,0
                  8.559183,40.583313,0
                  8.559173,40.583313,0
                  8.559164,40.583313,0
                  8.559155,40.583313,0
                  8.559146,40.583312,0
                  8.559137,40.583312,0
                  8.559129,40.583311,0
                  8.559121,40.583311,0
                  8.559113,40.58331,0
                  8.559105,40.58331,0
                  8.559098,40.583309,0
                  8.559091,40.583309,0
                  8.559084,40.583308,0
                  8.559077,40.583307,0
                  8.559071,40.583307,0
                  8.559064,40.583306,0
                  8.559059,40.583305,0
                  8.559053,40.583304,0
                  8.559047,40.583303,0
                  8.559041,40.583302,0
                  8.559036,40.583302,0
                  8.559031,40.583301,0
                  8.559026,40.5833,0
                  8.559021,40.583299,0
                  8.559016,40.583298,0
                  8.559011,40.583297,0
                  8.559007,40.583295,0
                  8.559002,40.583294,0
                  8.558998,40.583293,0
                  8.558994,40.583292,0
                  8.55899,40.583291,0
                  8.558986,40.583289,0
                  8.558983,40.583288,0
                  8.558979,40.583286,0
                  8.558976,40.583285,0
                  8.558973,40.583283,0
                  8.558969,40.583282,0
                  8.558966,40.58328,0
                  8.558963,40.583279,0
                  8.55896,40.583277,0
                  8.558957,40.583275,0
                  8.558954,40.583273,0
                  8.558952,40.583272,0
                  8.558949,40.58327,0
                  8.558946,40.583268,0
                  8.558944,40.583266,0
                  8.558941,40.583264,0
                  8.557923,40.582564,0
                  8.557918,40.58256,0
                  8.557912,40.582556,0
                  8.557907,40.582552,0
                  8.557901,40.582548,0
                  8.557896,40.582544,0
                  8.557891,40.58254,0
                  8.557887,40.582536,0
                  8.557882,40.582532,0
                  8.557878,40.582528,0
                  8.557873,40.582525,0
                  8.557869,40.582521,0
                  8.557865,40.582517,0
                  8.557862,40.582513,0
                  8.557858,40.58251,0
                  8.557855,40.582506,0
                  8.557851,40.582502,0
                  8.557848,40.582498,0
                  8.557845,40.582494,0
                  8.557842,40.58249,0
                  8.557839,40.582486,0
                  8.557836,40.582481,0
                  8.557833,40.582477,0
                  8.557831,40.582472,0
                  8.557828,40.582467,0
                  8.557826,40.582462,0
                  8.557823,40.582457,0
                  8.557821,40.582452,0
                  8.557819,40.582447,0
                  8.557817,40.582441,0
                  8.557815,40.582435,0
                  8.557813,40.58243,0
                  8.557811,40.582424,0
                  8.55781,40.582418,0
                  8.557808,40.582412,0
                  8.557806,40.582405,0
                  8.557805,40.582399,0
                  8.557803,40.582392,0
                  8.557802,40.582385,0
                  8.557801,40.582378,0
                  8.5578,40.582371,0
                  8.557799,40.582364,0
                  8.557798,40.582356,0
                  8.557797,40.582349,0
                  8.557797,40.582341,0
                  8.557796,40.582333,0
                  8.557796,40.582325,0
                  8.557795,40.582317,0
                  8.557795,40.582308,0
                  8.557794,40.582299,0
                  8.557794,40.58229,0
                  8.557794,40.58228,0
                  8.557793,40.58227,0
                  8.557793,40.58226,0
                  8.557793,40.582249,0
                  8.557793,40.582238,0
                  8.557793,40.582227,0
                  8.557793,40.582216,0
                  8.557793,40.582204,0
                  8.557792,40.582192,0
                  8.557792,40.58218,0
                  8.557792,40.58216,0
                  8.557793,40.582141,0
                  8.557793,40.582123,0
                  8.557793,40.582105,0
                  8.557794,40.582088,0
                  8.557794,40.582072,0
                  8.557795,40.582056,0
                  8.557796,40.582041,0
                  8.557796,40.582026,0
                  8.557797,40.582012,0
                  8.557798,40.581998,0
                  8.557799,40.581985,0
                  8.557801,40.581973,0
                  8.557802,40.581961,0
                  8.557803,40.58195,0
                  8.557805,40.581939,0
                  8.557807,40.581929,0
                  8.557809,40.581919,0
                  8.557811,40.58191,0
                  8.557813,40.581901,0
                  8.557816,40.581893,0
                  8.557818,40.581885,0
                  8.557821,40.581877,0
                  8.557824,40.58187,0
                  8.557827,40.581863,0
                  8.55783,40.581857,0
                  8.557834,40.581851,0
                  8.557837,40.581846,0
                  8.557841,40.581841,0
                  8.557845,40.581836,0
                  8.557849,40.581832,0
                  8.557854,40.581828,0
                  8.557858,40.581824,0
                  8.557863,40.581821,0
                  8.557868,40.581818,0
                  8.557873,40.581816,0
                  8.557879,40.581814,0
                  8.557884,40.581813,0
                  8.55789,40.581811,0
                  8.557896,40.581811,0
                  8.557903,40.58181,0
                  8.557909,40.58181,0
                  8.557916,40.58181,0
                  8.557923,40.581811,0
                  8.55793,40.581812,0
                  8.557937,40.581813,0
                  8.557944,40.581815,0
                  8.557952,40.581817,0
                  8.55796,40.581819,0
                  8.557968,40.581822,0
                  8.557977,40.581825,0
                  8.557986,40.581828,0
                  8.557995,40.581832,0
                  8.558004,40.581836,0
                  8.558014,40.58184,0
                  8.558024,40.581844,0
                  8.558034,40.581849,0
                  8.558045,40.581854,0
                  8.558055,40.581859,0
                  8.558066,40.581865,0
                  8.558827,40.582311,0
                  8.558827,40.579038,0
                  8.557942,40.579038,0
                  8.557938,40.579038,0
                  8.557934,40.579038,0
                  8.55793,40.579037,0
                  8.557925,40.579037,0
                  8.557921,40.579036,0
                  8.557917,40.579035,0
                  8.557913,40.579034,0
                  8.557909,40.579032,0
                  8.557906,40.579031,0
                  8.557902,40.579029,0
                  8.557898,40.579027,0
                  8.557895,40.579025,0
                  8.557891,40.579022,0
                  8.557888,40.57902,0
                  8.557885,40.579017,0
                  8.557881,40.579014,0
                  8.557878,40.579011,0
                  8.557874,40.579007,0
                  8.557871,40.579003,0
                  8.557868,40.578999,0
                  8.557865,40.578995,0
                  8.557862,40.578991,0
                  8.557859,40.578986,0
                  8.557856,40.578982,0
                  8.557853,40.578977,0
                  8.55785,40.578972,0
                  8.557847,40.578966,0
                  8.557844,40.578961,0
                  8.557841,40.578955,0
                  8.557839,40.578949,0
                  8.557836,40.578943,0
                  8.557833,40.578936,0
                  8.557831,40.578929,0
                  8.557828,40.578922,0
                  8.557826,40.578915,0
                  8.557824,40.578907,0
                  8.557822,40.578899,0
                  8.55782,40.578891,0
                  8.557818,40.578883,0
                  8.557816,40.578874,0
                  8.557815,40.578865,0
                  8.557813,40.578856,0
                  8.557811,40.578847,0
                  8.55781,40.578837,0
                  8.557809,40.578827,0
                  8.557807,40.578816,0
                  8.557806,40.578806,0
                  8.557805,40.578794,0
                  8.557804,40.578783,0
                  8.557804,40.578771,0
                  8.557803,40.578759,0
                  8.557802,40.578747,0
                  8.557802,40.578735,0
                  8.557801,40.578722,0
                  8.557801,40.578709,0
                  8.5578,40.578695,0
                  8.5578,40.578681,0
                  8.5578,40.578667,0
                  8.5578,40.578653,0
                  8.5578,40.578638,0
                  8.5578,40.578624,0
                  8.5578,40.57861,0
                  8.5578,40.578596,0
                  8.5578,40.578583,0
                  8.557801,40.57857,0
                  8.557801,40.578557,0
                  8.557802,40.578544,0
                  8.557803,40.578532,0
                  8.557804,40.57852,0
                  8.557804,40.578508,0
                  8.557806,40.578497,0
                  8.557807,40.578486,0
                  8.557808,40.578475,0
                  8.557809,40.578464,0
                  8.557811,40.578454,0
                  8.557812,40.578444,0
                  8.557814,40.578434,0
                  8.557816,40.578425,0
                  8.557817,40.578415,0
                  8.557819,40.578407,0
                  8.557821,40.578398,0
                  8.557823,40.57839,0
                  8.557825,40.578382,0
                  8.557827,40.578374,0
                  8.55783,40.578366,0
                  8.557832,40.578359,0
                  8.557834,40.578352,0
                  8.557837,40.578346,0
                  8.557839,40.578339,0
                  8.557842,40.578333,0
                  8.557845,40.578327,0
                  8.557848,40.578321,0
                  8.55785,40.578316,0
                  8.557853,40.578311,0
                  8.557856,40.578306,0
                  8.557859,40.578301,0
                  8.557862,40.578296,0
                  8.557865,40.578292,0
                  8.557868,40.578288,0
                  8.557871,40.578284,0
                  8.557874,40.578281,0
                  8.557878,40.578278,0
                  8.557881,40.578275,0
                  8.557884,40.578272,0
                  8.557887,40.578269,0
                  8.557891,40.578267,0
                  8.557894,40.578265,0
                  8.557898,40.578262,0
                  8.557901,40.57826,0
                  8.557905,40.578258,0
                  8.557909,40.578257,0
                  8.557912,40.578255,0
                  8.557916,40.578254,0
                  8.55792,40.578253,0
                  8.557923,40.578252,0
                  8.557927,40.578251,0
                  8.557931,40.57825,0
                  8.557935,40.57825,0
                  8.557939,40.57825,0
                  8.557942,40.578249,0
                  8.560564,40.578249,0
                  8.560568,40.57825,0
                  8.560572,40.57825,0
                  8.560576,40.57825,0
                  8.56058,40.578251,0
                  8.560585,40.578252,0
                  8.560589,40.578253,0
                  8.560593,40.578254,0
                  8.560597,40.578255,0
                  8.560601,40.578257,0
                  8.560604,40.578258,0
                  8.560608,40.57826,0
                  8.560612,40.578262,0
                  8.560616,40.578265,0
                  8.560619,40.578267,0
                  8.560623,40.578269,0
                  8.560626,40.578272,0
                  8.560629,40.578275,0
                  8.560632,40.578278,0
                  8.560636,40.578281,0
                  8.560639,40.578285,0
                  8.560642,40.578288,0
                  8.560645,40.578292,0
                  8.560648,40.578296,0
                  8.560651,40.578301,0
                  8.560654,40.578306,0
                  8.560657,40.578311,0
                  8.56066,40.578316,0
                  8.560663,40.578321,0
                  8.560665,40.578327,0
                  8.560668,40.578333,0
                  8.560671,40.578339,0
                  8.560673,40.578345,0
                  8.560676,40.578352,0
                  8.560678,40.578359,0
                  8.560681,40.578366,0
                  8.560683,40.578373,0
                  8.560685,40.578381,0
                  8.560687,40.578389,0
                  8.560689,40.578398,0
                  8.560691,40.578406,0
                  8.560693,40.578415,0
                  8.560695,40.578425,0
                  8.560696,40.578434,0
                  8.560698,40.578444,0
                  8.560699,40.578454,0
                  8.560701,40.578464,0
                  8.560702,40.578475,0
                  8.560703,40.578486,0
                  8.560704,40.578497,0
                  8.560705,40.578508,0
                  8.560706,40.57852,0
                  8.560707,40.578532,0
                  8.560708,40.578544,0
                  8.560708,40.578557,0
                  8.560709,40.57857,0
                  8.560709,40.578583,0
                  8.56071,40.578596,0
                  8.56071,40.57861,0
                  8.56071,40.578624,0
                  8.56071,40.578638,0
                </coordinates>
              </LinearRing>
            </outerBoundaryIs>
          </Polygon>
          <Polygon>
            <outerBoundaryIs>
              <LinearRing>
                <tessellate>1</tessellate>
                <coordinates>
                  8.574036,40.585997,0
                  8.574005,40.586011,0
                  8.573972,40.586023,0
                  8.573937,40.586034,0
                  8.5739,40.586043,0
                  8.573861,40.586051,0
                  8.573819,40.586058,0
                  8.573776,40.586063,0
                  8.573731,40.586066,0
                  8.573684,40.586068,0
                  8.573635,40.586069,0
                  8.573568,40.586069,0
                  8.573518,40.586068,0
                  8.573469,40.586065,0
                  8.573422,40.586059,0
                  8.573377,40.586051,0
                  8.573333,40.586041,0
                  8.573291,40.586029,0
                  8.573251,40.586014,0
                  8.573212,40.585998,0
                  8.573174,40.585978,0
                  8.573139,40.585957,0
                  8.573106,40.585935,0
                  8.573075,40.585911,0
                  8.573047,40.585886,0
                  8.573022,40.585859,0
                  8.572998,40.585831,0
                  8.572977,40.585801,0
                  8.572959,40.58577,0
                  8.572943,40.585737,0
                  8.572929,40.585703,0
                  8.572917,40.585667,0
                  8.572698,40.584882,0
                  8.573137,40.584882,0
                  8.573364,40.585692,0
                  8.573371,40.585715,0
                  8.573381,40.585735,0
                  8.573393,40.585753,0
                  8.573407,40.585768,0
                  8.573423,40.585782,0
                  8.573442,40.585792,0
                  8.573462,40.585801,0
                  8.573484,40.585807,0
                  8.573508,40.58581,0
                  8.573535,40.585811,0
                  8.573562,40.585811,0
                  8.5736,40.585811,0
                  8.573635,40.585809,0
                  8.573669,40.585807,0
                  8.573701,40.585803,0
                  8.573732,40.585799,0
                  8.573761,40.585793,0
                  8.573788,40.585786,0
                  8.573814,40.585779,0
                  8.573837,40.58577,0
                  8.57386,40.58576,0
                  8.574036,40.585997,0
                </coordinates>
              </LinearRing>
            </outerBoundaryIs>
          </Polygon>
          <Polygon>
            <outerBoundaryIs>
              <LinearRing>
                <tessellate>1</tessellate>
                <coordinates>
                  8.569817,40.586419,0
                  8.569358,40.586419,0
                  8.568928,40.584882,0
                  8.569387,40.584882,0
                  8.569817,40.586419,0
                </coordinates>
              </LinearRing>
            </outerBoundaryIs>
          </Polygon>
          <Polygon>
            <outerBoundaryIs>
              <LinearRing>
                <tessellate>1</tessellate>
                <coordinates>
                  8.571683,40.585136,0
                  8.571641,40.585136,0
                  8.571602,40.585137,0
                  8.571567,40.585139,0
                  8.571534,40.585141,0
                  8.571504,40.585144,0
                  8.571477,40.585147,0
                  8.571453,40.585151,0
                  8.571433,40.585156,0
                  8.571415,40.585162,0
                  8.5714,40.585168,0
                  8.571386,40.585176,0
                  8.571374,40.585185,0
                  8.571363,40.585197,0
                  8.571355,40.585209,0
                  8.57135,40.585223,0
                  8.571346,40.585239,0
                  8.571344,40.585256,0
                  8.571345,40.585274,0
                  8.571348,40.585294,0
                  8.571353,40.585316,0
                  8.571448,40.585653,0
                  8.571798,40.585653,0
                  8.571877,40.585936,0
                  8.571527,40.585936,0
                  8.571615,40.586249,0
                  8.571175,40.586249,0
                  8.570909,40.585302,0
                  8.570893,40.58522,0
                  8.570893,40.585146,0
                  8.570909,40.585081,0
                  8.570942,40.585025,0
                  8.57099,40.584978,0
                  8.571055,40.584939,0
                  8.571136,40.584909,0
                  8.571233,40.584887,0
                  8.571346,40.584874,0
                  8.571475,40.58487,0
                  8.571608,40.58487,0
                  8.571683,40.585136,0
                </coordinates>
              </LinearRing>
            </outerBoundaryIs>
          </Polygon>
          <Polygon>
            <outerBoundaryIs>
              <LinearRing>
                <tessellate>1</tessellate>
                <coordinates>
                  8.570641,40.585136,0
                  8.570599,40.585136,0
                  8.57056,40.585137,0
                  8.570524,40.585139,0
                  8.570491,40.585141,0
                  8.570462,40.585144,0
                  8.570435,40.585147,0
                  8.570411,40.585151,0
                  8.57039,40.585156,0
                  8.570373,40.585162,0
                  8.570358,40.585168,0
                  8.570344,40.585176,0
                  8.570331,40.585185,0
                  8.570321,40.585197,0
                  8.570313,40.585209,0
                  8.570307,40.585223,0
                  8.570304,40.585239,0
                  8.570302,40.585256,0
                  8.570303,40.585274,0
                  8.570306,40.585294,0
                  8.570311,40.585316,0
                  8.570405,40.585653,0
                  8.570755,40.585653,0
                  8.570834,40.585936,0
                  8.570484,40.585936,0
                  8.570573,40.586249,0
                  8.570133,40.586249,0
                  8.569867,40.585302,0
                  8.569851,40.58522,0
                  8.569851,40.585146,0
                  8.569867,40.585081,0
                  8.5699,40.585025,0
                  8.569948,40.584978,0
                  8.570013,40.584939,0
                  8.570094,40.584909,0
                  8.570191,40.584887,0
                  8.570304,40.584874,0
                  8.570433,40.58487,0
                  8.570566,40.58487,0
                  8.570641,40.585136,0
                </coordinates>
              </LinearRing>
            </outerBoundaryIs>
          </Polygon>
          <Polygon>
            <outerBoundaryIs>
              <LinearRing>
                <tessellate>1</tessellate>
                <coordinates>
                  8.572653,40.586024,0
                  8.572213,40.586024,0
                  8.571894,40.584882,0
                  8.572333,40.584882,0
                  8.572653,40.586024,0
                </coordinates>
              </LinearRing>
            </outerBoundaryIs>
          </Polygon>
          <Polygon>
            <outerBoundaryIs>
              <LinearRing>
                <tessellate>1</tessellate>
                <coordinates>
                  8.57465,40.586024,0
                  8.574211,40.586024,0
                  8.573891,40.584882,0
                  8.574331,40.584882,0
                  8.57465,40.586024,0
                </coordinates>
              </LinearRing>
            </outerBoundaryIs>
          </Polygon>
          <Polygon>
            <outerBoundaryIs>
              <LinearRing>
                <tessellate>1</tessellate>
                <coordinates>
                  8.572764,40.586419,0
                  8.572324,40.586419,0
                  8.572249,40.586151,0
                  8.572688,40.586151,0
                  8.572764,40.586419,0
                </coordinates>
              </LinearRing>
            </outerBoundaryIs>
          </Polygon>
          <Polygon>
            <outerBoundaryIs>
              <LinearRing>
                <tessellate>1</tessellate>
                <coordinates>
                  8.574761,40.586419,0
                  8.574322,40.586419,0
                  8.574247,40.586151,0
                  8.574686,40.586151,0
                  8.574761,40.586419,0
                </coordinates>
              </LinearRing>
            </outerBoundaryIs>
          </Polygon>
          <Polygon>
            <outerBoundaryIs>
              <LinearRing>
                <tessellate>1</tessellate>
                <coordinates>
                  8.576804,40.586227,0
                  8.576802,40.586246,0
                  8.576799,40.586265,0
                  8.576795,40.586283,0
                  8.576789,40.5863,0
                  8.576782,40.586317,0
                  8.576773,40.586333,0
                  8.576762,40.586348,0
                  8.57675,40.586363,0
                  8.576737,40.586377,0
                  8.576722,40.586391,0
                  8.576703,40.586407,0
                  8.576682,40.58642,0
                  8.576659,40.586433,0
                  8.576635,40.586443,0
                  8.576609,40.586452,0
                  8.576582,40.58646,0
                  8.576553,40.586466,0
                  8.576522,40.58647,0
                  8.57649,40.586472,0
                  8.576456,40.586473,0
                  8.576424,40.586472,0
                  8.576393,40.58647,0
                  8.576361,40.586466,0
                  8.576331,40.58646,0
                  8.5763,40.586452,0
                  8.57627,40.586443,0
                  8.576241,40.586433,0
                  8.576212,40.58642,0
                  8.576183,40.586407,0
                  8.576155,40.586391,0
                  8.576132,40.586377,0
                  8.576111,40.586363,0
                  8.57609,40.586348,0
                  8.576071,40.586332,0
                  8.576053,40.586316,0
                  8.576035,40.586299,0
                  8.57602,40.586282,0
                  8.576005,40.586264,0
                  8.575991,40.586246,0
                  8.575979,40.586227,0
                  8.575179,40.584909,0
                  8.575624,40.584909,0
                  8.575813,40.585228,0
                  8.576387,40.585228,0
                  8.576394,40.584909,0
                  8.576863,40.584909,0
                  8.576804,40.586227,0
                </coordinates>
              </LinearRing>
            </outerBoundaryIs>
            <innerBoundaryIs>
              <LinearRing>
                <tessellate>1</tessellate>
                <coordinates>
                  8.576379,40.585594,0
                  8.576379,40.585612,0
                  8.576379,40.585632,0
                  8.576378,40.585655,0
                  8.576377,40.58568,0
                  8.576376,40.585708,0
                  8.576375,40.585739,0
                  8.576373,40.585773,0
                  8.576372,40.585809,0
                  8.57637,40.585848,0
                  8.576367,40.585889,0
                  8.576365,40.585919,0
                  8.576364,40.585947,0
                  8.576363,40.585973,0
                  8.576362,40.585998,0
                  8.576362,40.586021,0
                  8.576363,40.586042,0
                  8.576364,40.586062,0
                  8.576365,40.58608,0
                  8.576366,40.586096,0
                  8.576369,40.58611,0
                  8.576369,40.586113,0
                  8.576369,40.586116,0
                  8.576369,40.586119,0
                  8.576368,40.586121,0
                  8.576366,40.586123,0
                  8.576364,40.586124,0
                  8.576361,40.586126,0
                  8.576358,40.586126,0
                  8.576354,40.586127,0
                  8.57635,40.586127,0
                  8.576346,40.586127,0
                  8.576342,40.586126,0
                  8.576338,40.586126,0
                  8.576334,40.586124,0
                  8.576331,40.586123,0
                  8.576328,40.586121,0
                  8.576325,40.586119,0
                  8.576322,40.586116,0
                  8.57632,40.586113,0
                  8.576317,40.58611,0
                  8.57631,40.586094,0
                  8.576298,40.58607,0
                  8.576281,40.586038,0
                  8.576259,40.585998,0
                  8.576232,40.58595,0
                  8.576201,40.585895,0
                  8.576164,40.585831,0
                  8.576123,40.58576,0
                  8.576076,40.585681,0
                  8.576025,40.585594,0
                  8.575979,40.585517,0
                  8.576378,40.585517,0
                  8.576379,40.585594,0
                </coordinates>
              </LinearRing>
            </innerBoundaryIs>
          </Polygon>
          <Polygon>
            <outerBoundaryIs>
              <LinearRing>
                <tessellate>1</tessellate>
                <coordinates>
                  8.581106,40.585694,0
                  8.581114,40.585728,0
                  8.581118,40.58576,0
                  8.581119,40.585791,0
                  8.581116,40.585821,0
                  8.58111,40.58585,0
                  8.581101,40.585878,0
                  8.581088,40.585905,0
                  8.581072,40.585931,0
                  8.581053,40.585956,0
                  8.58103,40.58598,0
                  8.581004,40.586002,0
                  8.580976,40.586022,0
                  8.580946,40.586039,0
                  8.580914,40.586054,0
                  8.580881,40.586067,0
                  8.580845,40.586078,0
                  8.580807,40.586086,0
                  8.580767,40.586092,0
                  8.580725,40.586095,0
                  8.580681,40.586096,0
                  8.580557,40.586096,0
                  8.580513,40.586095,0
                  8.580469,40.586092,0
                  8.580426,40.586086,0
                  8.580384,40.586078,0
                  8.580342,40.586067,0
                  8.580301,40.586054,0
                  8.580261,40.586039,0
                  8.580221,40.586022,0
                  8.580182,40.586002,0
                  8.580144,40.58598,0
                  8.580107,40.585956,0
                  8.580074,40.585931,0
                  8.580043,40.585905,0
                  8.580015,40.585878,0
                  8.57999,40.58585,0
                  8.579968,40.585821,0
                  8.579948,40.585791,0
                  8.579932,40.58576,0
                  8.579918,40.585728,0
                  8.579907,40.585694,0
                  8.579687,40.584909,0
                  8.580127,40.584909,0
                  8.580351,40.585709,0
                  8.580354,40.585718,0
                  8.580357,40.585727,0
                  8.580362,40.585735,0
                  8.580367,40.585743,0
                  8.580373,40.585751,0
                  8.580379,40.585758,0
                  8.580387,40.585766,0
                  8.580395,40.585773,0
                  8.580404,40.58578,0
                  8.580413,40.585786,0
                  8.580423,40.585793,0
                  8.580433,40.585798,0
                  8.580443,40.585803,0
                  8.580454,40.585807,0
                  8.580464,40.585811,0
                  8.580475,40.585814,0
                  8.580486,40.585816,0
                  8.580497,40.585818,0
                  8.580508,40.585819,0
                  8.580519,40.585819,0
                  8.580565,40.585819,0
                  8.580576,40.585819,0
                  8.580587,40.585818,0
                  8.580597,40.585816,0
                  8.580606,40.585814,0
                  8.580615,40.585811,0
                  8.580624,40.585807,0
                  8.580632,40.585803,0
                  8.580639,40.585798,0
                  8.580646,40.585792,0
                  8.580653,40.585786,0
                  8.580658,40.585779,0
                  8.580663,40.585772,0
                  8.580667,40.585765,0
                  8.58067,40.585758,0
                  8.580673,40.58575,0
                  8.580674,40.585742,0
                  8.580675,40.585734,0
                  8.580675,40.585726,0
                  8.580674,40.585718,0
                  8.580672,40.585709,0
                  8.580448,40.584909,0
                  8.580886,40.584909,0
                  8.581106,40.585694,0
                </coordinates>
              </LinearRing>
            </outerBoundaryIs>
          </Polygon>
          <Polygon>
            <outerBoundaryIs>
              <LinearRing>
                <tessellate>1</tessellate>
                <coordinates>
                  8.582606,40.585703,0
                  8.582614,40.585738,0
                  8.582619,40.585771,0
                  8.582622,40.585802,0
                  8.582621,40.585832,0
                  8.582617,40.585861,0
                  8.582611,40.585888,0
                  8.582601,40.585914,0
                  8.582589,40.585939,0
                  8.582573,40.585962,0
                  8.582555,40.585984,0
                  8.582532,40.586006,0
                  8.582506,40.586025,0
                  8.582478,40.586041,0
                  8.582446,40.586056,0
                  8.582412,40.586068,0
                  8.582375,40.586078,0
                  8.582335,40.586086,0
                  8.582292,40.586092,0
                  8.582247,40.586095,0
                  8.582198,40.586096,0
                  8.582036,40.586096,0
                  8.581985,40.586095,0
                  8.581935,40.586093,0
                  8.581887,40.58609,0
                  8.58184,40.586085,0
                  8.581795,40.586079,0
                  8.581752,40.586072,0
                  8.58171,40.586063,0
                  8.58167,40.586053,0
                  8.581631,40.586041,0
                  8.581594,40.586028,0
                  8.581639,40.585791,0
                  8.581668,40.585801,0
                  8.581697,40.58581,0
                  8.581728,40.585817,0
                  8.581759,40.585824,0
                  8.581791,40.58583,0
                  8.581824,40.585834,0
                  8.581858,40.585838,0
                  8.581893,40.58584,0
                  8.581929,40.585842,0
                  8.581965,40.585842,0
                  8.582049,40.585842,0
                  8.582079,40.585841,0
                  8.582104,40.585837,0
                  8.582126,40.585831,0
                  8.582144,40.585822,0
                  8.582158,40.585811,0
                  8.582168,40.585797,0
                  8.582174,40.585781,0
                  8.582177,40.585762,0
                  8.582176,40.585741,0
                  8.58217,40.585717,0
                  8.582151,40.585645,0
                  8.582145,40.585647,0
                  8.582138,40.585648,0
                  8.582128,40.585649,0
                  8.582117,40.585649,0
                  8.582105,40.58565,0
                  8.58209,40.585651,0
                  8.582074,40.585651,0
                  8.582056,40.585651,0
                  8.582036,40.585651,0
                  8.582014,40.585651,0
                  8.581901,40.585651,0
                  8.58185,40.58565,0
                  8.581802,40.585647,0
                  8.581755,40.585642,0
                  8.58171,40.585634,0
                  8.581667,40.585624,0
                  8.581626,40.585613,0
                  8.581587,40.585599,0
                  8.58155,40.585582,0
                  8.581514,40.585564,0
                  8.581481,40.585544,0
                  8.581453,40.585524,0
                  8.581426,40.585503,0
                  8.581402,40.58548,0
                  8.58138,40.585456,0
                  8.58136,40.585431,0
                  8.581342,40.585405,0
                  8.581325,40.585377,0
                  8.581311,40.585348,0
                  8.581299,40.585317,0
                  8.581289,40.585286,0
                  8.581279,40.585247,0
                  8.581274,40.585211,0
                  8.581271,40.585176,0
                  8.581273,40.585144,0
                  8.581277,40.585113,0
                  8.581285,40.585083,0
                  8.581297,40.585056,0
                  8.581312,40.585031,0
                  8.581331,40.585007,0
                  8.581353,40.584985,0
                  8.581377,40.584966,0
                  8.581404,40.584949,0
                  8.581434,40.584933,0
                  8.581466,40.58492,0
                  8.581501,40.584909,0
                  8.581538,40.5849,0
                  8.581578,40.584893,0
                  8.581621,40.584888,0
                  8.581666,40.584885,0
                  8.581714,40.584884,0
                  8.581866,40.584884,0
                  8.581911,40.584885,0
                  8.581955,40.584888,0
                  8.581998,40.584893,0
                  8.582039,40.584901,0
                  8.58208,40.58491,0
                  8.582119,40.584922,0
                  8.582157,40.584935,0
                  8.582194,40.584951,0
                  8.58223,40.584969,0
                  8.582264,40.584989,0
                  8.582297,40.585011,0
                  8.582328,40.585033,0
                  8.582356,40.585058,0
                  8.582381,40.585083,0
                  8.582404,40.58511,0
                  8.582425,40.585138,0
                  8.582443,40.585167,0
                  8.582458,40.585198,0
                  8.582472,40.58523,0
                  8.582482,40.585263,0
                  8.582606,40.585703,0
                </coordinates>
              </LinearRing>
            </outerBoundaryIs>
            <innerBoundaryIs>
              <LinearRing>
                <tessellate>1</tessellate>
                <coordinates>
                  8.582076,40.585395,0
                  8.58207,40.585396,0
                  8.582062,40.585397,0
                  8.582052,40.585398,0
                  8.58204,40.585399,0
                  8.582025,40.5854,0
                  8.582008,40.5854,0
                  8.581989,40.5854,0
                  8.581968,40.585401,0
                  8.581944,40.585401,0
                  8.581898,40.585401,0
                  8.581872,40.5854,0
                  8.581847,40.585396,0
                  8.581825,40.585391,0
                  8.581805,40.585383,0
                  8.581787,40.585373,0
                  8.581772,40.585361,0
                  8.581758,40.585346,0
                  8.581746,40.58533,0
                  8.581737,40.585311,0
                  8.58173,40.58529,0
                  8.58172,40.585259,0
                  8.581718,40.58525,0
                  8.581717,40.585241,0
                  8.581717,40.585233,0
                  8.581718,40.585225,0
                  8.581719,40.585217,0
                  8.581722,40.585209,0
                  8.581725,40.585201,0
                  8.581729,40.585194,0
                  8.581734,40.585187,0
                  8.581739,40.58518,0
                  8.581746,40.585174,0
                  8.581753,40.585168,0
                  8.58176,40.585163,0
                  8.581768,40.585159,0
                  8.581777,40.585155,0
                  8.581786,40.585152,0
                  8.581795,40.58515,0
                  8.581805,40.585148,0
                  8.581816,40.585147,0
                  8.581827,40.585147,0
                  8.581873,40.585147,0
                  8.5819,40.585148,0
                  8.581924,40.585151,0
                  8.581946,40.585157,0
                  8.581966,40.585164,0
                  8.581984,40.585174,0
                  8.582,40.585186,0
                  8.582014,40.5852,0
                  8.582025,40.585216,0
                  8.582034,40.585234,0
                  8.582041,40.585255,0
                  8.58208,40.585394,0
                  8.582076,40.585395,0
                </coordinates>
              </LinearRing>
            </innerBoundaryIs>
          </Polygon>
          <Polygon>
            <outerBoundaryIs>
              <LinearRing>
                <tessellate>1</tessellate>
                <coordinates>
                  8.579624,40.585694,0
                  8.579638,40.585767,0
                  8.579638,40.585833,0
                  8.579624,40.585893,0
                  8.579596,40.585946,0
                  8.579554,40.585993,0
                  8.57953,40.586013,0
                  8.579475,40.586046,0
                  8.579411,40.58607,0
                  8.579337,40.586087,0
                  8.579255,40.586095,0
                  8.579083,40.586096,0
                  8.579039,40.586095,0
                  8.578952,40.586086,0
                  8.578868,40.586068,0
                  8.578786,40.58604,0
                  8.578708,40.586003,0
                  8.578634,40.585958,0
                  8.57857,40.585908,0
                  8.578517,40.585854,0
                  8.578476,40.585795,0
                  8.578445,40.585732,0
                  8.578317,40.585282,0
                  8.578309,40.585247,0
                  8.578302,40.585182,0
                  8.578306,40.585123,0
                  8.578322,40.585069,0
                  8.578349,40.585021,0
                  8.578367,40.584999,0
                  8.578416,40.584958,0
                  8.578476,40.584925,0
                  8.578548,40.584902,0
                  8.57863,40.584889,0
                  8.578724,40.584884,0
                  8.578886,40.584884,0
                  8.578987,40.584887,0
                  8.579082,40.584895,0
                  8.57917,40.584908,0
                  8.579252,40.584927,0
                  8.579328,40.584952,0
                  8.579285,40.58519,0
                  8.579229,40.585171,0
                  8.579168,40.585157,0
                  8.579103,40.585146,0
                  8.579032,40.58514,0
                  8.578957,40.585138,0
                  8.578874,40.585138,0
                  8.578819,40.585143,0
                  8.578779,40.585158,0
                  8.578755,40.585183,0
                  8.578746,40.585218,0
                  8.578752,40.585263,0
                  8.578773,40.585335,0
                  8.578785,40.585333,0
                  8.578804,40.585331,0
                  8.578831,40.58533,0
                  8.578865,40.585329,0
                  8.578907,40.585329,0
                  8.578978,40.585329,0
                  8.579078,40.585333,0
                  8.579172,40.585346,0
                  8.57926,40.585368,0
                  8.579341,40.585398,0
                  8.579415,40.585437,0
                  8.579447,40.585457,0
                  8.579503,40.585502,0
                  8.579549,40.585551,0
                  8.579587,40.585605,0
                  8.579614,40.585663,0
                  8.579624,40.585694,0
                </coordinates>
              </LinearRing>
            </outerBoundaryIs>
            <innerBoundaryIs>
              <LinearRing>
                <tessellate>1</tessellate>
                <coordinates>
                  8.579205,40.585739,0
                  8.579204,40.585755,0
                  8.579201,40.585771,0
                  8.579193,40.585786,0
                  8.579183,40.5858,0
                  8.579169,40.585812,0
                  8.579154,40.585822,0
                  8.579136,40.585829,0
                  8.579117,40.585833,0
                  8.579095,40.585834,0
                  8.579049,40.585834,0
                  8.578999,40.58583,0
                  8.578957,40.585817,0
                  8.578923,40.585795,0
                  8.578898,40.585765,0
                  8.578882,40.585725,0
                  8.578843,40.585585,0
                  8.578853,40.585582,0
                  8.578872,40.585581,0
                  8.578899,40.585579,0
                  8.578934,40.585579,0
                  8.578977,40.585579,0
                  8.578999,40.585579,0
                  8.579026,40.58558,0
                  8.579052,40.585583,0
                  8.579076,40.585589,0
                  8.5791,40.585598,0
                  8.579123,40.585608,0
                  8.579143,40.585621,0
                  8.57916,40.585636,0
                  8.579174,40.585652,0
                  8.579185,40.585671,0
                  8.579193,40.58569,0
                  8.579202,40.585721,0
                  8.579205,40.585739,0
                </coordinates>
              </LinearRing>
            </innerBoundaryIs>
          </Polygon>
          <Polygon>
            <outerBoundaryIs>
              <LinearRing>
                <tessellate>1</tessellate>
                <coordinates>
                  8.578423,40.586024,0
                  8.578392,40.586038,0
                  8.578359,40.58605,0
                  8.578324,40.586061,0
                  8.578287,40.58607,0
                  8.578247,40.586078,0
                  8.578206,40.586085,0
                  8.578163,40.58609,0
                  8.578118,40.586093,0
                  8.578071,40.586095,0
                  8.578021,40.586096,0
                  8.577954,40.586096,0
                  8.577904,40.586095,0
                  8.577856,40.586092,0
                  8.577809,40.586086,0
                  8.577764,40.586078,0
                  8.57772,40.586068,0
                  8.577678,40.586056,0
                  8.577637,40.586041,0
                  8.577598,40.586025,0
                  8.577561,40.586006,0
                  8.577525,40.585984,0
                  8.577493,40.585962,0
                  8.577462,40.585938,0
                  8.577434,40.585913,0
                  8.577408,40.585886,0
                  8.577385,40.585858,0
                  8.577364,40.585828,0
                  8.577346,40.585797,0
                  8.57733,40.585764,0
                  8.577316,40.58573,0
                  8.577304,40.585694,0
                  8.577084,40.584909,0
                  8.577524,40.584909,0
                  8.57775,40.585719,0
                  8.577758,40.585742,0
                  8.577768,40.585762,0
                  8.57778,40.58578,0
                  8.577794,40.585796,0
                  8.57781,40.585809,0
                  8.577828,40.585819,0
                  8.577849,40.585828,0
                  8.577871,40.585834,0
                  8.577895,40.585837,0
                  8.577921,40.585838,0
                  8.577949,40.585838,0
                  8.577986,40.585838,0
                  8.578022,40.585836,0
                  8.578056,40.585834,0
                  8.578088,40.58583,0
                  8.578119,40.585826,0
                  8.578148,40.58582,0
                  8.578175,40.585813,0
                  8.5782,40.585806,0
                  8.578224,40.585797,0
                  8.578246,40.585787,0
                  8.578423,40.586024,0
                </coordinates>
              </LinearRing>
            </outerBoundaryIs>
          </Polygon>
        </MultiGeometry>
      </Placemark>
    </Folder>
  </Document>
</kml>
